 
****************************************
Report : timing
        -path full
        -delay max
        -max_paths 100
Design : Vortex_axi
Version: K-2015.06
Date   : Mon Jun  1 19:41:42 2026
****************************************

 # A fanout number of 1000 was used for high fanout net computations.

Operating Conditions: slow   Library: NangateOpenCellLibrary_ss0p95v125c
Wire Load Model Mode: top

  Startpoint: vortex/g_clusters[0].cluster/g_sockets[0].socket/g_cores[0].core/execute/alu_unit/g_blocks[0].muldiv_unit/g_multiplier[1].multiplier/g_imul_3stage.a_high_s1_reg[1]
              (rising edge-triggered flip-flop clocked by CLK)
  Endpoint: vortex/g_clusters[0].cluster/g_sockets[0].socket/g_cores[0].core/execute/alu_unit/g_blocks[0].muldiv_unit/g_multiplier[1].multiplier/g_imul_3stage.p10_s2_reg[24]
            (rising edge-triggered flip-flop clocked by CLK)
  Path Group: CLK
  Path Type: max

  Des/Clust/Port     Wire Load Model       Library
  ------------------------------------------------
  Vortex_axi         5K_hvratio_1_1        NangateOpenCellLibrary_ss0p95v125c

  Point                                                   Incr       Path
  --------------------------------------------------------------------------
  clock CLK (rise edge)                                   0.00       0.00
  clock network delay (ideal)                             0.00       0.00
  vortex/g_clusters[0].cluster/g_sockets[0].socket/g_cores[0].core/execute/alu_unit/g_blocks[0].muldiv_unit/g_multiplier[1].multiplier/g_imul_3stage.a_high_s1_reg[1]/CK (DFF_X1)
                                                          0.00 #     0.00 r
  vortex/g_clusters[0].cluster/g_sockets[0].socket/g_cores[0].core/execute/alu_unit/g_blocks[0].muldiv_unit/g_multiplier[1].multiplier/g_imul_3stage.a_high_s1_reg[1]/Q (DFF_X1)
                                                          0.38       0.38 r
  U170481/ZN (XNOR2_X1)                                   0.16       0.54 r
  U162601/Z (BUF_X1)                                      0.43       0.97 r
  U180589/ZN (OAI22_X1)                                   0.17       1.14 f
  U180639/CO (FA_X1)                                      0.35       1.49 f
  U180636/S (FA_X1)                                       0.44       1.93 f
  U180638/S (FA_X1)                                       0.45       2.38 r
  U180730/ZN (NAND2_X1)                                   0.08       2.45 f
  U170128/ZN (OAI21_X1)                                   0.14       2.60 r
  U169912/ZN (INV_X1)                                     0.04       2.64 f
  U162808/ZN (AND2_X1)                                    0.11       2.75 f
  U170121/ZN (OAI21_X2)                                   0.13       2.88 r
  U170102/ZN (NAND3_X1)                                   0.09       2.97 f
  U170015/ZN (NAND3_X1)                                   0.10       3.06 r
  U162776/ZN (NAND2_X1)                                   0.08       3.14 f
  U168975/ZN (NAND2_X1)                                   0.14       3.28 r
  U182166/ZN (AOI21_X1)                                   0.09       3.37 f
  U182167/ZN (XNOR2_X1)                                   0.14       3.51 f
  U182169/ZN (NAND2_X1)                                   0.07       3.58 r
  U182171/ZN (NAND2_X1)                                   0.06       3.63 f
  vortex/g_clusters[0].cluster/g_sockets[0].socket/g_cores[0].core/execute/alu_unit/g_blocks[0].muldiv_unit/g_multiplier[1].multiplier/g_imul_3stage.p10_s2_reg[24]/D (DFF_X1)
                                                          0.01       3.64 f
  data arrival time                                                  3.64

  clock CLK (rise edge)                                   4.00       4.00
  clock network delay (ideal)                             0.00       4.00
  clock uncertainty                                      -0.25       3.75
  vortex/g_clusters[0].cluster/g_sockets[0].socket/g_cores[0].core/execute/alu_unit/g_blocks[0].muldiv_unit/g_multiplier[1].multiplier/g_imul_3stage.p10_s2_reg[24]/CK (DFF_X1)
                                                          0.00       3.75 r
  library setup time                                     -0.11       3.64
  data required time                                                 3.64
  --------------------------------------------------------------------------
  data required time                                                 3.64
  data arrival time                                                 -3.64
  --------------------------------------------------------------------------
  slack (MET)                                                        0.00


  Startpoint: vortex/g_clusters[0].cluster/g_sockets[0].socket/g_cores[0].core/execute/alu_unit/g_blocks[0].muldiv_unit/g_multiplier[1].multiplier/g_imul_3stage.a_high_s1_reg[1]
              (rising edge-triggered flip-flop clocked by CLK)
  Endpoint: vortex/g_clusters[0].cluster/g_sockets[0].socket/g_cores[0].core/execute/alu_unit/g_blocks[0].muldiv_unit/g_multiplier[1].multiplier/g_imul_3stage.p10_s2_reg[25]
            (rising edge-triggered flip-flop clocked by CLK)
  Path Group: CLK
  Path Type: max

  Des/Clust/Port     Wire Load Model       Library
  ------------------------------------------------
  Vortex_axi         5K_hvratio_1_1        NangateOpenCellLibrary_ss0p95v125c

  Point                                                   Incr       Path
  --------------------------------------------------------------------------
  clock CLK (rise edge)                                   0.00       0.00
  clock network delay (ideal)                             0.00       0.00
  vortex/g_clusters[0].cluster/g_sockets[0].socket/g_cores[0].core/execute/alu_unit/g_blocks[0].muldiv_unit/g_multiplier[1].multiplier/g_imul_3stage.a_high_s1_reg[1]/CK (DFF_X1)
                                                          0.00 #     0.00 r
  vortex/g_clusters[0].cluster/g_sockets[0].socket/g_cores[0].core/execute/alu_unit/g_blocks[0].muldiv_unit/g_multiplier[1].multiplier/g_imul_3stage.a_high_s1_reg[1]/Q (DFF_X1)
                                                          0.38       0.38 r
  U170481/ZN (XNOR2_X1)                                   0.16       0.54 r
  U162601/Z (BUF_X1)                                      0.43       0.97 r
  U180589/ZN (OAI22_X1)                                   0.17       1.14 f
  U180639/CO (FA_X1)                                      0.35       1.49 f
  U180636/S (FA_X1)                                       0.44       1.93 f
  U180638/S (FA_X1)                                       0.45       2.38 r
  U180730/ZN (NAND2_X1)                                   0.08       2.45 f
  U170128/ZN (OAI21_X1)                                   0.14       2.60 r
  U169912/ZN (INV_X1)                                     0.04       2.64 f
  U162808/ZN (AND2_X1)                                    0.11       2.75 f
  U170121/ZN (OAI21_X2)                                   0.13       2.88 r
  U170102/ZN (NAND3_X1)                                   0.09       2.97 f
  U170015/ZN (NAND3_X1)                                   0.10       3.06 r
  U162776/ZN (NAND2_X1)                                   0.08       3.14 f
  U168975/ZN (NAND2_X1)                                   0.14       3.28 r
  U169047/ZN (AOI21_X1)                                   0.09       3.37 f
  U181278/ZN (XNOR2_X1)                                   0.14       3.51 f
  U181279/ZN (NAND2_X1)                                   0.07       3.58 r
  U181281/ZN (NAND2_X1)                                   0.06       3.63 f
  vortex/g_clusters[0].cluster/g_sockets[0].socket/g_cores[0].core/execute/alu_unit/g_blocks[0].muldiv_unit/g_multiplier[1].multiplier/g_imul_3stage.p10_s2_reg[25]/D (DFF_X1)
                                                          0.01       3.64 f
  data arrival time                                                  3.64

  clock CLK (rise edge)                                   4.00       4.00
  clock network delay (ideal)                             0.00       4.00
  clock uncertainty                                      -0.25       3.75
  vortex/g_clusters[0].cluster/g_sockets[0].socket/g_cores[0].core/execute/alu_unit/g_blocks[0].muldiv_unit/g_multiplier[1].multiplier/g_imul_3stage.p10_s2_reg[25]/CK (DFF_X1)
                                                          0.00       3.75 r
  library setup time                                     -0.11       3.64
  data required time                                                 3.64
  --------------------------------------------------------------------------
  data required time                                                 3.64
  data arrival time                                                 -3.64
  --------------------------------------------------------------------------
  slack (MET)                                                        0.00


  Startpoint: vortex/g_clusters[0].cluster/g_sockets[0].socket/g_cores[0].core/execute/fpu_unit/g_blocks[0].fpu_dsp/fpu_fma/g_fmas[2].fma_unit/a_mant_s1_reg[15]
              (rising edge-triggered flip-flop clocked by CLK)
  Endpoint: vortex/g_clusters[0].cluster/g_sockets[0].socket/g_cores[0].core/execute/fpu_unit/g_blocks[0].fpu_dsp/fpu_fma/g_fmas[2].fma_unit/pp2_reg[22]
            (rising edge-triggered flip-flop clocked by CLK)
  Path Group: CLK
  Path Type: max

  Des/Clust/Port     Wire Load Model       Library
  ------------------------------------------------
  Vortex_axi         5K_hvratio_1_1        NangateOpenCellLibrary_ss0p95v125c

  Point                                                   Incr       Path
  --------------------------------------------------------------------------
  clock CLK (rise edge)                                   0.00       0.00
  clock network delay (ideal)                             0.00       0.00
  vortex/g_clusters[0].cluster/g_sockets[0].socket/g_cores[0].core/execute/fpu_unit/g_blocks[0].fpu_dsp/fpu_fma/g_fmas[2].fma_unit/a_mant_s1_reg[15]/CK (DFF_X1)
                                                          0.00 #     0.00 r
  vortex/g_clusters[0].cluster/g_sockets[0].socket/g_cores[0].core/execute/fpu_unit/g_blocks[0].fpu_dsp/fpu_fma/g_fmas[2].fma_unit/a_mant_s1_reg[15]/Q (DFF_X1)
                                                          0.37       0.37 r
  U170976/ZN (INV_X1)                                     0.05       0.41 f
  U163835/ZN (XNOR2_X1)                                   0.23       0.64 r
  U170975/ZN (INV_X4)                                     0.15       0.80 f
  U170974/ZN (NAND2_X4)                                   0.25       1.05 r
  U170942/ZN (OR2_X1)                                     0.13       1.18 r
  U165669/ZN (NAND2_X1)                                   0.06       1.24 f
  U219244/CO (FA_X1)                                      0.32       1.56 f
  U219265/CO (FA_X1)                                      0.30       1.85 f
  U219405/S (FA_X1)                                       0.44       2.29 r
  U219406/S (FA_X1)                                       0.34       2.63 f
  U162882/ZN (NOR2_X1)                                    0.20       2.83 r
  U219394/ZN (OAI21_X1)                                   0.08       2.91 f
  U219395/ZN (AOI21_X1)                                   0.21       3.12 r
  U169822/ZN (NAND2_X2)                                   0.12       3.24 f
  U219485/ZN (AOI21_X1)                                   0.14       3.38 r
  U169968/ZN (XNOR2_X1)                                   0.16       3.54 r
  U169820/ZN (AOI21_X1)                                   0.07       3.61 f
  U219487/ZN (INV_X1)                                     0.08       3.69 r
  vortex/g_clusters[0].cluster/g_sockets[0].socket/g_cores[0].core/execute/fpu_unit/g_blocks[0].fpu_dsp/fpu_fma/g_fmas[2].fma_unit/pp2_reg[22]/D (DFF_X1)
                                                          0.01       3.70 r
  data arrival time                                                  3.70

  clock CLK (rise edge)                                   4.00       4.00
  clock network delay (ideal)                             0.00       4.00
  clock uncertainty                                      -0.25       3.75
  vortex/g_clusters[0].cluster/g_sockets[0].socket/g_cores[0].core/execute/fpu_unit/g_blocks[0].fpu_dsp/fpu_fma/g_fmas[2].fma_unit/pp2_reg[22]/CK (DFF_X1)
                                                          0.00       3.75 r
  library setup time                                     -0.05       3.70
  data required time                                                 3.70
  --------------------------------------------------------------------------
  data required time                                                 3.70
  data arrival time                                                 -3.70
  --------------------------------------------------------------------------
  slack (MET)                                                        0.00


  Startpoint: vortex/g_clusters[0].cluster/g_sockets[0].socket/g_cores[0].core/execute/fpu_unit/g_blocks[0].fpu_dsp/fpu_fma/g_fmas[2].fma_unit/a_mant_s1_reg[15]
              (rising edge-triggered flip-flop clocked by CLK)
  Endpoint: vortex/g_clusters[0].cluster/g_sockets[0].socket/g_cores[0].core/execute/fpu_unit/g_blocks[0].fpu_dsp/fpu_fma/g_fmas[2].fma_unit/pp2_reg[18]
            (rising edge-triggered flip-flop clocked by CLK)
  Path Group: CLK
  Path Type: max

  Des/Clust/Port     Wire Load Model       Library
  ------------------------------------------------
  Vortex_axi         5K_hvratio_1_1        NangateOpenCellLibrary_ss0p95v125c

  Point                                                   Incr       Path
  --------------------------------------------------------------------------
  clock CLK (rise edge)                                   0.00       0.00
  clock network delay (ideal)                             0.00       0.00
  vortex/g_clusters[0].cluster/g_sockets[0].socket/g_cores[0].core/execute/fpu_unit/g_blocks[0].fpu_dsp/fpu_fma/g_fmas[2].fma_unit/a_mant_s1_reg[15]/CK (DFF_X1)
                                                          0.00 #     0.00 r
  vortex/g_clusters[0].cluster/g_sockets[0].socket/g_cores[0].core/execute/fpu_unit/g_blocks[0].fpu_dsp/fpu_fma/g_fmas[2].fma_unit/a_mant_s1_reg[15]/Q (DFF_X1)
                                                          0.37       0.37 r
  U170976/ZN (INV_X1)                                     0.05       0.41 f
  U163835/ZN (XNOR2_X1)                                   0.23       0.64 r
  U170975/ZN (INV_X4)                                     0.15       0.80 f
  U170974/ZN (NAND2_X4)                                   0.25       1.05 r
  U170942/ZN (OR2_X1)                                     0.13       1.18 r
  U165669/ZN (NAND2_X1)                                   0.06       1.24 f
  U219244/CO (FA_X1)                                      0.32       1.56 f
  U219265/CO (FA_X1)                                      0.30       1.85 f
  U219405/S (FA_X1)                                       0.44       2.29 r
  U219406/S (FA_X1)                                       0.34       2.63 f
  U162882/ZN (NOR2_X1)                                    0.20       2.83 r
  U219394/ZN (OAI21_X1)                                   0.08       2.91 f
  U219395/ZN (AOI21_X1)                                   0.21       3.12 r
  U169822/ZN (NAND2_X2)                                   0.12       3.24 f
  U219500/ZN (AOI21_X1)                                   0.14       3.38 r
  U169969/ZN (XNOR2_X1)                                   0.16       3.54 r
  U169821/ZN (AOI21_X1)                                   0.07       3.61 f
  U219501/ZN (INV_X1)                                     0.08       3.69 r
  vortex/g_clusters[0].cluster/g_sockets[0].socket/g_cores[0].core/execute/fpu_unit/g_blocks[0].fpu_dsp/fpu_fma/g_fmas[2].fma_unit/pp2_reg[18]/D (DFF_X1)
                                                          0.01       3.70 r
  data arrival time                                                  3.70

  clock CLK (rise edge)                                   4.00       4.00
  clock network delay (ideal)                             0.00       4.00
  clock uncertainty                                      -0.25       3.75
  vortex/g_clusters[0].cluster/g_sockets[0].socket/g_cores[0].core/execute/fpu_unit/g_blocks[0].fpu_dsp/fpu_fma/g_fmas[2].fma_unit/pp2_reg[18]/CK (DFF_X1)
                                                          0.00       3.75 r
  library setup time                                     -0.05       3.70
  data required time                                                 3.70
  --------------------------------------------------------------------------
  data required time                                                 3.70
  data arrival time                                                 -3.70
  --------------------------------------------------------------------------
  slack (MET)                                                        0.00


  Startpoint: vortex/g_clusters[0].cluster/g_sockets[0].socket/g_cores[0].core/execute/fpu_unit/g_blocks[0].fpu_dsp/fpu_div/g_fdivs[0].fdiv_unit/sign_s26_r_reg
              (rising edge-triggered flip-flop clocked by CLK)
  Endpoint: vortex/g_clusters[0].cluster/g_sockets[0].socket/g_cores[0].core/execute/fpu_unit/g_blocks[0].fpu_dsp/fpu_div/g_fdivs[0].fdiv_unit/result_r_reg[13]
            (rising edge-triggered flip-flop clocked by CLK)
  Path Group: CLK
  Path Type: max

  Des/Clust/Port     Wire Load Model       Library
  ------------------------------------------------
  Vortex_axi         5K_hvratio_1_1        NangateOpenCellLibrary_ss0p95v125c

  Point                                                   Incr       Path
  --------------------------------------------------------------------------
  clock CLK (rise edge)                                   0.00       0.00
  clock network delay (ideal)                             0.00       0.00
  vortex/g_clusters[0].cluster/g_sockets[0].socket/g_cores[0].core/execute/fpu_unit/g_blocks[0].fpu_dsp/fpu_div/g_fdivs[0].fdiv_unit/sign_s26_r_reg/CK (DFF_X1)
                                                          0.00 #     0.00 r
  vortex/g_clusters[0].cluster/g_sockets[0].socket/g_cores[0].core/execute/fpu_unit/g_blocks[0].fpu_dsp/fpu_div/g_fdivs[0].fdiv_unit/sign_s26_r_reg/Q (DFF_X1)
                                                          0.37       0.37 r
  U232311/ZN (XNOR2_X1)                                   0.15       0.52 r
  U232313/ZN (NAND4_X1)                                   0.10       0.61 f
  U232316/ZN (NAND2_X1)                                   0.08       0.70 r
  U172548/ZN (NAND2_X1)                                   0.10       0.80 f
  U172441/ZN (NOR2_X1)                                    0.15       0.95 r
  U232330/ZN (AND2_X1)                                    0.14       1.09 r
  U232381/CO (HA_X1)                                      0.14       1.23 r
  U232419/CO (HA_X1)                                      0.14       1.37 r
  U232421/CO (HA_X1)                                      0.14       1.51 r
  U232368/CO (HA_X1)                                      0.14       1.65 r
  U232367/CO (HA_X1)                                      0.14       1.79 r
  U232365/CO (HA_X1)                                      0.14       1.93 r
  U232363/CO (HA_X1)                                      0.12       2.05 r
  U162582/Z (BUF_X2)                                      0.25       2.30 r
  U232345/ZN (NAND2_X1)                                   0.10       2.39 f
  U232346/ZN (OAI21_X1)                                   0.12       2.52 r
  U171567/ZN (AND4_X1)                                    0.22       2.74 r
  U232432/ZN (NAND3_X1)                                   0.07       2.80 f
  U232437/ZN (NAND3_X1)                                   0.07       2.88 r
  U167334/ZN (NAND2_X1)                                   0.08       2.95 f
  U232438/ZN (NAND3_X2)                                   0.18       3.13 r
  U232439/ZN (INV_X1)                                     0.13       3.26 f
  U162768/Z (BUF_X2)                                      0.16       3.42 f
  U232481/ZN (AOI22_X1)                                   0.17       3.59 r
  U232482/ZN (INV_X1)                                     0.05       3.63 f
  vortex/g_clusters[0].cluster/g_sockets[0].socket/g_cores[0].core/execute/fpu_unit/g_blocks[0].fpu_dsp/fpu_div/g_fdivs[0].fdiv_unit/result_r_reg[13]/D (DFF_X1)
                                                          0.01       3.64 f
  data arrival time                                                  3.64

  clock CLK (rise edge)                                   4.00       4.00
  clock network delay (ideal)                             0.00       4.00
  clock uncertainty                                      -0.25       3.75
  vortex/g_clusters[0].cluster/g_sockets[0].socket/g_cores[0].core/execute/fpu_unit/g_blocks[0].fpu_dsp/fpu_div/g_fdivs[0].fdiv_unit/result_r_reg[13]/CK (DFF_X1)
                                                          0.00       3.75 r
  library setup time                                     -0.11       3.64
  data required time                                                 3.64
  --------------------------------------------------------------------------
  data required time                                                 3.64
  data arrival time                                                 -3.64
  --------------------------------------------------------------------------
  slack (MET)                                                        0.00


  Startpoint: vortex/g_clusters[0].cluster/g_sockets[0].socket/g_cores[0].core/execute/fpu_unit/g_blocks[0].fpu_dsp/fpu_div/g_fdivs[0].fdiv_unit/sign_s26_r_reg
              (rising edge-triggered flip-flop clocked by CLK)
  Endpoint: vortex/g_clusters[0].cluster/g_sockets[0].socket/g_cores[0].core/execute/fpu_unit/g_blocks[0].fpu_dsp/fpu_div/g_fdivs[0].fdiv_unit/result_r_reg[14]
            (rising edge-triggered flip-flop clocked by CLK)
  Path Group: CLK
  Path Type: max

  Des/Clust/Port     Wire Load Model       Library
  ------------------------------------------------
  Vortex_axi         5K_hvratio_1_1        NangateOpenCellLibrary_ss0p95v125c

  Point                                                   Incr       Path
  --------------------------------------------------------------------------
  clock CLK (rise edge)                                   0.00       0.00
  clock network delay (ideal)                             0.00       0.00
  vortex/g_clusters[0].cluster/g_sockets[0].socket/g_cores[0].core/execute/fpu_unit/g_blocks[0].fpu_dsp/fpu_div/g_fdivs[0].fdiv_unit/sign_s26_r_reg/CK (DFF_X1)
                                                          0.00 #     0.00 r
  vortex/g_clusters[0].cluster/g_sockets[0].socket/g_cores[0].core/execute/fpu_unit/g_blocks[0].fpu_dsp/fpu_div/g_fdivs[0].fdiv_unit/sign_s26_r_reg/Q (DFF_X1)
                                                          0.37       0.37 r
  U232311/ZN (XNOR2_X1)                                   0.15       0.52 r
  U232313/ZN (NAND4_X1)                                   0.10       0.61 f
  U232316/ZN (NAND2_X1)                                   0.08       0.70 r
  U172548/ZN (NAND2_X1)                                   0.10       0.80 f
  U172441/ZN (NOR2_X1)                                    0.15       0.95 r
  U232330/ZN (AND2_X1)                                    0.14       1.09 r
  U232381/CO (HA_X1)                                      0.14       1.23 r
  U232419/CO (HA_X1)                                      0.14       1.37 r
  U232421/CO (HA_X1)                                      0.14       1.51 r
  U232368/CO (HA_X1)                                      0.14       1.65 r
  U232367/CO (HA_X1)                                      0.14       1.79 r
  U232365/CO (HA_X1)                                      0.14       1.93 r
  U232363/CO (HA_X1)                                      0.12       2.05 r
  U162582/Z (BUF_X2)                                      0.25       2.30 r
  U232345/ZN (NAND2_X1)                                   0.10       2.39 f
  U232346/ZN (OAI21_X1)                                   0.12       2.52 r
  U171567/ZN (AND4_X1)                                    0.22       2.74 r
  U232432/ZN (NAND3_X1)                                   0.07       2.80 f
  U232437/ZN (NAND3_X1)                                   0.07       2.88 r
  U167334/ZN (NAND2_X1)                                   0.08       2.95 f
  U232438/ZN (NAND3_X2)                                   0.18       3.13 r
  U232439/ZN (INV_X1)                                     0.13       3.26 f
  U162768/Z (BUF_X2)                                      0.16       3.42 f
  U232484/ZN (AOI22_X1)                                   0.17       3.59 r
  U232485/ZN (INV_X1)                                     0.05       3.63 f
  vortex/g_clusters[0].cluster/g_sockets[0].socket/g_cores[0].core/execute/fpu_unit/g_blocks[0].fpu_dsp/fpu_div/g_fdivs[0].fdiv_unit/result_r_reg[14]/D (DFF_X1)
                                                          0.01       3.64 f
  data arrival time                                                  3.64

  clock CLK (rise edge)                                   4.00       4.00
  clock network delay (ideal)                             0.00       4.00
  clock uncertainty                                      -0.25       3.75
  vortex/g_clusters[0].cluster/g_sockets[0].socket/g_cores[0].core/execute/fpu_unit/g_blocks[0].fpu_dsp/fpu_div/g_fdivs[0].fdiv_unit/result_r_reg[14]/CK (DFF_X1)
                                                          0.00       3.75 r
  library setup time                                     -0.11       3.64
  data required time                                                 3.64
  --------------------------------------------------------------------------
  data required time                                                 3.64
  data arrival time                                                 -3.64
  --------------------------------------------------------------------------
  slack (MET)                                                        0.00


  Startpoint: vortex/g_clusters[0].cluster/g_sockets[0].socket/g_cores[0].core/execute/fpu_unit/g_blocks[0].fpu_dsp/fpu_div/g_fdivs[0].fdiv_unit/sign_s26_r_reg
              (rising edge-triggered flip-flop clocked by CLK)
  Endpoint: vortex/g_clusters[0].cluster/g_sockets[0].socket/g_cores[0].core/execute/fpu_unit/g_blocks[0].fpu_dsp/fpu_div/g_fdivs[0].fdiv_unit/result_r_reg[2]
            (rising edge-triggered flip-flop clocked by CLK)
  Path Group: CLK
  Path Type: max

  Des/Clust/Port     Wire Load Model       Library
  ------------------------------------------------
  Vortex_axi         5K_hvratio_1_1        NangateOpenCellLibrary_ss0p95v125c

  Point                                                   Incr       Path
  --------------------------------------------------------------------------
  clock CLK (rise edge)                                   0.00       0.00
  clock network delay (ideal)                             0.00       0.00
  vortex/g_clusters[0].cluster/g_sockets[0].socket/g_cores[0].core/execute/fpu_unit/g_blocks[0].fpu_dsp/fpu_div/g_fdivs[0].fdiv_unit/sign_s26_r_reg/CK (DFF_X1)
                                                          0.00 #     0.00 r
  vortex/g_clusters[0].cluster/g_sockets[0].socket/g_cores[0].core/execute/fpu_unit/g_blocks[0].fpu_dsp/fpu_div/g_fdivs[0].fdiv_unit/sign_s26_r_reg/Q (DFF_X1)
                                                          0.37       0.37 r
  U232311/ZN (XNOR2_X1)                                   0.15       0.52 r
  U232313/ZN (NAND4_X1)                                   0.10       0.61 f
  U232316/ZN (NAND2_X1)                                   0.08       0.70 r
  U172548/ZN (NAND2_X1)                                   0.10       0.80 f
  U172441/ZN (NOR2_X1)                                    0.15       0.95 r
  U232330/ZN (AND2_X1)                                    0.14       1.09 r
  U232381/CO (HA_X1)                                      0.14       1.23 r
  U232419/CO (HA_X1)                                      0.14       1.37 r
  U232421/CO (HA_X1)                                      0.14       1.51 r
  U232368/CO (HA_X1)                                      0.14       1.65 r
  U232367/CO (HA_X1)                                      0.14       1.79 r
  U232365/CO (HA_X1)                                      0.14       1.93 r
  U232363/CO (HA_X1)                                      0.12       2.05 r
  U162582/Z (BUF_X2)                                      0.25       2.30 r
  U232345/ZN (NAND2_X1)                                   0.10       2.39 f
  U232346/ZN (OAI21_X1)                                   0.12       2.52 r
  U171567/ZN (AND4_X1)                                    0.22       2.74 r
  U232432/ZN (NAND3_X1)                                   0.07       2.80 f
  U232437/ZN (NAND3_X1)                                   0.07       2.88 r
  U167334/ZN (NAND2_X1)                                   0.08       2.95 f
  U232438/ZN (NAND3_X2)                                   0.18       3.13 r
  U232439/ZN (INV_X1)                                     0.13       3.26 f
  U162768/Z (BUF_X2)                                      0.16       3.42 f
  U232448/ZN (AOI22_X1)                                   0.17       3.59 r
  U232449/ZN (INV_X1)                                     0.05       3.63 f
  vortex/g_clusters[0].cluster/g_sockets[0].socket/g_cores[0].core/execute/fpu_unit/g_blocks[0].fpu_dsp/fpu_div/g_fdivs[0].fdiv_unit/result_r_reg[2]/D (DFF_X1)
                                                          0.01       3.64 f
  data arrival time                                                  3.64

  clock CLK (rise edge)                                   4.00       4.00
  clock network delay (ideal)                             0.00       4.00
  clock uncertainty                                      -0.25       3.75
  vortex/g_clusters[0].cluster/g_sockets[0].socket/g_cores[0].core/execute/fpu_unit/g_blocks[0].fpu_dsp/fpu_div/g_fdivs[0].fdiv_unit/result_r_reg[2]/CK (DFF_X1)
                                                          0.00       3.75 r
  library setup time                                     -0.11       3.64
  data required time                                                 3.64
  --------------------------------------------------------------------------
  data required time                                                 3.64
  data arrival time                                                 -3.64
  --------------------------------------------------------------------------
  slack (MET)                                                        0.00


  Startpoint: vortex/g_clusters[0].cluster/g_sockets[0].socket/g_cores[0].core/execute/fpu_unit/g_blocks[0].fpu_dsp/fpu_div/g_fdivs[0].fdiv_unit/sign_s26_r_reg
              (rising edge-triggered flip-flop clocked by CLK)
  Endpoint: vortex/g_clusters[0].cluster/g_sockets[0].socket/g_cores[0].core/execute/fpu_unit/g_blocks[0].fpu_dsp/fpu_div/g_fdivs[0].fdiv_unit/result_r_reg[3]
            (rising edge-triggered flip-flop clocked by CLK)
  Path Group: CLK
  Path Type: max

  Des/Clust/Port     Wire Load Model       Library
  ------------------------------------------------
  Vortex_axi         5K_hvratio_1_1        NangateOpenCellLibrary_ss0p95v125c

  Point                                                   Incr       Path
  --------------------------------------------------------------------------
  clock CLK (rise edge)                                   0.00       0.00
  clock network delay (ideal)                             0.00       0.00
  vortex/g_clusters[0].cluster/g_sockets[0].socket/g_cores[0].core/execute/fpu_unit/g_blocks[0].fpu_dsp/fpu_div/g_fdivs[0].fdiv_unit/sign_s26_r_reg/CK (DFF_X1)
                                                          0.00 #     0.00 r
  vortex/g_clusters[0].cluster/g_sockets[0].socket/g_cores[0].core/execute/fpu_unit/g_blocks[0].fpu_dsp/fpu_div/g_fdivs[0].fdiv_unit/sign_s26_r_reg/Q (DFF_X1)
                                                          0.37       0.37 r
  U232311/ZN (XNOR2_X1)                                   0.15       0.52 r
  U232313/ZN (NAND4_X1)                                   0.10       0.61 f
  U232316/ZN (NAND2_X1)                                   0.08       0.70 r
  U172548/ZN (NAND2_X1)                                   0.10       0.80 f
  U172441/ZN (NOR2_X1)                                    0.15       0.95 r
  U232330/ZN (AND2_X1)                                    0.14       1.09 r
  U232381/CO (HA_X1)                                      0.14       1.23 r
  U232419/CO (HA_X1)                                      0.14       1.37 r
  U232421/CO (HA_X1)                                      0.14       1.51 r
  U232368/CO (HA_X1)                                      0.14       1.65 r
  U232367/CO (HA_X1)                                      0.14       1.79 r
  U232365/CO (HA_X1)                                      0.14       1.93 r
  U232363/CO (HA_X1)                                      0.12       2.05 r
  U162582/Z (BUF_X2)                                      0.25       2.30 r
  U232345/ZN (NAND2_X1)                                   0.10       2.39 f
  U232346/ZN (OAI21_X1)                                   0.12       2.52 r
  U171567/ZN (AND4_X1)                                    0.22       2.74 r
  U232432/ZN (NAND3_X1)                                   0.07       2.80 f
  U232437/ZN (NAND3_X1)                                   0.07       2.88 r
  U167334/ZN (NAND2_X1)                                   0.08       2.95 f
  U232438/ZN (NAND3_X2)                                   0.18       3.13 r
  U232439/ZN (INV_X1)                                     0.13       3.26 f
  U162768/Z (BUF_X2)                                      0.16       3.42 f
  U232451/ZN (AOI22_X1)                                   0.17       3.59 r
  U232452/ZN (INV_X1)                                     0.05       3.63 f
  vortex/g_clusters[0].cluster/g_sockets[0].socket/g_cores[0].core/execute/fpu_unit/g_blocks[0].fpu_dsp/fpu_div/g_fdivs[0].fdiv_unit/result_r_reg[3]/D (DFF_X1)
                                                          0.01       3.64 f
  data arrival time                                                  3.64

  clock CLK (rise edge)                                   4.00       4.00
  clock network delay (ideal)                             0.00       4.00
  clock uncertainty                                      -0.25       3.75
  vortex/g_clusters[0].cluster/g_sockets[0].socket/g_cores[0].core/execute/fpu_unit/g_blocks[0].fpu_dsp/fpu_div/g_fdivs[0].fdiv_unit/result_r_reg[3]/CK (DFF_X1)
                                                          0.00       3.75 r
  library setup time                                     -0.11       3.64
  data required time                                                 3.64
  --------------------------------------------------------------------------
  data required time                                                 3.64
  data arrival time                                                 -3.64
  --------------------------------------------------------------------------
  slack (MET)                                                        0.00


  Startpoint: vortex/g_clusters[0].cluster/g_sockets[0].socket/g_cores[0].core/execute/fpu_unit/g_blocks[0].fpu_dsp/fpu_div/g_fdivs[0].fdiv_unit/sign_s26_r_reg
              (rising edge-triggered flip-flop clocked by CLK)
  Endpoint: vortex/g_clusters[0].cluster/g_sockets[0].socket/g_cores[0].core/execute/fpu_unit/g_blocks[0].fpu_dsp/fpu_div/g_fdivs[0].fdiv_unit/result_r_reg[16]
            (rising edge-triggered flip-flop clocked by CLK)
  Path Group: CLK
  Path Type: max

  Des/Clust/Port     Wire Load Model       Library
  ------------------------------------------------
  Vortex_axi         5K_hvratio_1_1        NangateOpenCellLibrary_ss0p95v125c

  Point                                                   Incr       Path
  --------------------------------------------------------------------------
  clock CLK (rise edge)                                   0.00       0.00
  clock network delay (ideal)                             0.00       0.00
  vortex/g_clusters[0].cluster/g_sockets[0].socket/g_cores[0].core/execute/fpu_unit/g_blocks[0].fpu_dsp/fpu_div/g_fdivs[0].fdiv_unit/sign_s26_r_reg/CK (DFF_X1)
                                                          0.00 #     0.00 r
  vortex/g_clusters[0].cluster/g_sockets[0].socket/g_cores[0].core/execute/fpu_unit/g_blocks[0].fpu_dsp/fpu_div/g_fdivs[0].fdiv_unit/sign_s26_r_reg/Q (DFF_X1)
                                                          0.37       0.37 r
  U232311/ZN (XNOR2_X1)                                   0.15       0.52 r
  U232313/ZN (NAND4_X1)                                   0.10       0.61 f
  U232316/ZN (NAND2_X1)                                   0.08       0.70 r
  U172548/ZN (NAND2_X1)                                   0.10       0.80 f
  U172441/ZN (NOR2_X1)                                    0.15       0.95 r
  U232330/ZN (AND2_X1)                                    0.14       1.09 r
  U232381/CO (HA_X1)                                      0.14       1.23 r
  U232419/CO (HA_X1)                                      0.14       1.37 r
  U232421/CO (HA_X1)                                      0.14       1.51 r
  U232368/CO (HA_X1)                                      0.14       1.65 r
  U232367/CO (HA_X1)                                      0.14       1.79 r
  U232365/CO (HA_X1)                                      0.14       1.93 r
  U232363/CO (HA_X1)                                      0.12       2.05 r
  U162582/Z (BUF_X2)                                      0.25       2.30 r
  U232345/ZN (NAND2_X1)                                   0.10       2.39 f
  U232346/ZN (OAI21_X1)                                   0.12       2.52 r
  U171567/ZN (AND4_X1)                                    0.22       2.74 r
  U232432/ZN (NAND3_X1)                                   0.07       2.80 f
  U232437/ZN (NAND3_X1)                                   0.07       2.88 r
  U167334/ZN (NAND2_X1)                                   0.08       2.95 f
  U232438/ZN (NAND3_X2)                                   0.18       3.13 r
  U232439/ZN (INV_X1)                                     0.13       3.26 f
  U162768/Z (BUF_X2)                                      0.16       3.42 f
  U232490/ZN (AOI22_X1)                                   0.17       3.59 r
  U232491/ZN (INV_X1)                                     0.05       3.63 f
  vortex/g_clusters[0].cluster/g_sockets[0].socket/g_cores[0].core/execute/fpu_unit/g_blocks[0].fpu_dsp/fpu_div/g_fdivs[0].fdiv_unit/result_r_reg[16]/D (DFF_X1)
                                                          0.01       3.64 f
  data arrival time                                                  3.64

  clock CLK (rise edge)                                   4.00       4.00
  clock network delay (ideal)                             0.00       4.00
  clock uncertainty                                      -0.25       3.75
  vortex/g_clusters[0].cluster/g_sockets[0].socket/g_cores[0].core/execute/fpu_unit/g_blocks[0].fpu_dsp/fpu_div/g_fdivs[0].fdiv_unit/result_r_reg[16]/CK (DFF_X1)
                                                          0.00       3.75 r
  library setup time                                     -0.11       3.64
  data required time                                                 3.64
  --------------------------------------------------------------------------
  data required time                                                 3.64
  data arrival time                                                 -3.64
  --------------------------------------------------------------------------
  slack (MET)                                                        0.00


  Startpoint: vortex/g_clusters[0].cluster/g_sockets[0].socket/g_cores[0].core/execute/fpu_unit/g_blocks[0].fpu_dsp/fpu_div/g_fdivs[0].fdiv_unit/sign_s26_r_reg
              (rising edge-triggered flip-flop clocked by CLK)
  Endpoint: vortex/g_clusters[0].cluster/g_sockets[0].socket/g_cores[0].core/execute/fpu_unit/g_blocks[0].fpu_dsp/fpu_div/g_fdivs[0].fdiv_unit/result_r_reg[18]
            (rising edge-triggered flip-flop clocked by CLK)
  Path Group: CLK
  Path Type: max

  Des/Clust/Port     Wire Load Model       Library
  ------------------------------------------------
  Vortex_axi         5K_hvratio_1_1        NangateOpenCellLibrary_ss0p95v125c

  Point                                                   Incr       Path
  --------------------------------------------------------------------------
  clock CLK (rise edge)                                   0.00       0.00
  clock network delay (ideal)                             0.00       0.00
  vortex/g_clusters[0].cluster/g_sockets[0].socket/g_cores[0].core/execute/fpu_unit/g_blocks[0].fpu_dsp/fpu_div/g_fdivs[0].fdiv_unit/sign_s26_r_reg/CK (DFF_X1)
                                                          0.00 #     0.00 r
  vortex/g_clusters[0].cluster/g_sockets[0].socket/g_cores[0].core/execute/fpu_unit/g_blocks[0].fpu_dsp/fpu_div/g_fdivs[0].fdiv_unit/sign_s26_r_reg/Q (DFF_X1)
                                                          0.37       0.37 r
  U232311/ZN (XNOR2_X1)                                   0.15       0.52 r
  U232313/ZN (NAND4_X1)                                   0.10       0.61 f
  U232316/ZN (NAND2_X1)                                   0.08       0.70 r
  U172548/ZN (NAND2_X1)                                   0.10       0.80 f
  U172441/ZN (NOR2_X1)                                    0.15       0.95 r
  U232330/ZN (AND2_X1)                                    0.14       1.09 r
  U232381/CO (HA_X1)                                      0.14       1.23 r
  U232419/CO (HA_X1)                                      0.14       1.37 r
  U232421/CO (HA_X1)                                      0.14       1.51 r
  U232368/CO (HA_X1)                                      0.14       1.65 r
  U232367/CO (HA_X1)                                      0.14       1.79 r
  U232365/CO (HA_X1)                                      0.14       1.93 r
  U232363/CO (HA_X1)                                      0.12       2.05 r
  U162582/Z (BUF_X2)                                      0.25       2.30 r
  U232345/ZN (NAND2_X1)                                   0.10       2.39 f
  U232346/ZN (OAI21_X1)                                   0.12       2.52 r
  U171567/ZN (AND4_X1)                                    0.22       2.74 r
  U232432/ZN (NAND3_X1)                                   0.07       2.80 f
  U232437/ZN (NAND3_X1)                                   0.07       2.88 r
  U167334/ZN (NAND2_X1)                                   0.08       2.95 f
  U232438/ZN (NAND3_X2)                                   0.18       3.13 r
  U232439/ZN (INV_X1)                                     0.13       3.26 f
  U162768/Z (BUF_X2)                                      0.16       3.42 f
  U232496/ZN (AOI22_X1)                                   0.17       3.59 r
  U232497/ZN (INV_X1)                                     0.05       3.63 f
  vortex/g_clusters[0].cluster/g_sockets[0].socket/g_cores[0].core/execute/fpu_unit/g_blocks[0].fpu_dsp/fpu_div/g_fdivs[0].fdiv_unit/result_r_reg[18]/D (DFF_X1)
                                                          0.01       3.64 f
  data arrival time                                                  3.64

  clock CLK (rise edge)                                   4.00       4.00
  clock network delay (ideal)                             0.00       4.00
  clock uncertainty                                      -0.25       3.75
  vortex/g_clusters[0].cluster/g_sockets[0].socket/g_cores[0].core/execute/fpu_unit/g_blocks[0].fpu_dsp/fpu_div/g_fdivs[0].fdiv_unit/result_r_reg[18]/CK (DFF_X1)
                                                          0.00       3.75 r
  library setup time                                     -0.11       3.64
  data required time                                                 3.64
  --------------------------------------------------------------------------
  data required time                                                 3.64
  data arrival time                                                 -3.64
  --------------------------------------------------------------------------
  slack (MET)                                                        0.00


  Startpoint: vortex/g_clusters[0].cluster/g_sockets[0].socket/g_cores[0].core/execute/fpu_unit/g_blocks[0].fpu_dsp/fpu_div/g_fdivs[0].fdiv_unit/sign_s26_r_reg
              (rising edge-triggered flip-flop clocked by CLK)
  Endpoint: vortex/g_clusters[0].cluster/g_sockets[0].socket/g_cores[0].core/execute/fpu_unit/g_blocks[0].fpu_dsp/fpu_div/g_fdivs[0].fdiv_unit/result_r_reg[19]
            (rising edge-triggered flip-flop clocked by CLK)
  Path Group: CLK
  Path Type: max

  Des/Clust/Port     Wire Load Model       Library
  ------------------------------------------------
  Vortex_axi         5K_hvratio_1_1        NangateOpenCellLibrary_ss0p95v125c

  Point                                                   Incr       Path
  --------------------------------------------------------------------------
  clock CLK (rise edge)                                   0.00       0.00
  clock network delay (ideal)                             0.00       0.00
  vortex/g_clusters[0].cluster/g_sockets[0].socket/g_cores[0].core/execute/fpu_unit/g_blocks[0].fpu_dsp/fpu_div/g_fdivs[0].fdiv_unit/sign_s26_r_reg/CK (DFF_X1)
                                                          0.00 #     0.00 r
  vortex/g_clusters[0].cluster/g_sockets[0].socket/g_cores[0].core/execute/fpu_unit/g_blocks[0].fpu_dsp/fpu_div/g_fdivs[0].fdiv_unit/sign_s26_r_reg/Q (DFF_X1)
                                                          0.37       0.37 r
  U232311/ZN (XNOR2_X1)                                   0.15       0.52 r
  U232313/ZN (NAND4_X1)                                   0.10       0.61 f
  U232316/ZN (NAND2_X1)                                   0.08       0.70 r
  U172548/ZN (NAND2_X1)                                   0.10       0.80 f
  U172441/ZN (NOR2_X1)                                    0.15       0.95 r
  U232330/ZN (AND2_X1)                                    0.14       1.09 r
  U232381/CO (HA_X1)                                      0.14       1.23 r
  U232419/CO (HA_X1)                                      0.14       1.37 r
  U232421/CO (HA_X1)                                      0.14       1.51 r
  U232368/CO (HA_X1)                                      0.14       1.65 r
  U232367/CO (HA_X1)                                      0.14       1.79 r
  U232365/CO (HA_X1)                                      0.14       1.93 r
  U232363/CO (HA_X1)                                      0.12       2.05 r
  U162582/Z (BUF_X2)                                      0.25       2.30 r
  U232345/ZN (NAND2_X1)                                   0.10       2.39 f
  U232346/ZN (OAI21_X1)                                   0.12       2.52 r
  U171567/ZN (AND4_X1)                                    0.22       2.74 r
  U232432/ZN (NAND3_X1)                                   0.07       2.80 f
  U232437/ZN (NAND3_X1)                                   0.07       2.88 r
  U167334/ZN (NAND2_X1)                                   0.08       2.95 f
  U232438/ZN (NAND3_X2)                                   0.18       3.13 r
  U232439/ZN (INV_X1)                                     0.13       3.26 f
  U162768/Z (BUF_X2)                                      0.16       3.42 f
  U232499/ZN (AOI22_X1)                                   0.17       3.59 r
  U232500/ZN (INV_X1)                                     0.05       3.63 f
  vortex/g_clusters[0].cluster/g_sockets[0].socket/g_cores[0].core/execute/fpu_unit/g_blocks[0].fpu_dsp/fpu_div/g_fdivs[0].fdiv_unit/result_r_reg[19]/D (DFF_X1)
                                                          0.01       3.64 f
  data arrival time                                                  3.64

  clock CLK (rise edge)                                   4.00       4.00
  clock network delay (ideal)                             0.00       4.00
  clock uncertainty                                      -0.25       3.75
  vortex/g_clusters[0].cluster/g_sockets[0].socket/g_cores[0].core/execute/fpu_unit/g_blocks[0].fpu_dsp/fpu_div/g_fdivs[0].fdiv_unit/result_r_reg[19]/CK (DFF_X1)
                                                          0.00       3.75 r
  library setup time                                     -0.11       3.64
  data required time                                                 3.64
  --------------------------------------------------------------------------
  data required time                                                 3.64
  data arrival time                                                 -3.64
  --------------------------------------------------------------------------
  slack (MET)                                                        0.00


  Startpoint: vortex/g_clusters[0].cluster/g_sockets[0].socket/g_cores[0].core/execute/fpu_unit/g_blocks[0].fpu_dsp/fpu_div/g_fdivs[0].fdiv_unit/sign_s26_r_reg
              (rising edge-triggered flip-flop clocked by CLK)
  Endpoint: vortex/g_clusters[0].cluster/g_sockets[0].socket/g_cores[0].core/execute/fpu_unit/g_blocks[0].fpu_dsp/fpu_div/g_fdivs[0].fdiv_unit/result_r_reg[20]
            (rising edge-triggered flip-flop clocked by CLK)
  Path Group: CLK
  Path Type: max

  Des/Clust/Port     Wire Load Model       Library
  ------------------------------------------------
  Vortex_axi         5K_hvratio_1_1        NangateOpenCellLibrary_ss0p95v125c

  Point                                                   Incr       Path
  --------------------------------------------------------------------------
  clock CLK (rise edge)                                   0.00       0.00
  clock network delay (ideal)                             0.00       0.00
  vortex/g_clusters[0].cluster/g_sockets[0].socket/g_cores[0].core/execute/fpu_unit/g_blocks[0].fpu_dsp/fpu_div/g_fdivs[0].fdiv_unit/sign_s26_r_reg/CK (DFF_X1)
                                                          0.00 #     0.00 r
  vortex/g_clusters[0].cluster/g_sockets[0].socket/g_cores[0].core/execute/fpu_unit/g_blocks[0].fpu_dsp/fpu_div/g_fdivs[0].fdiv_unit/sign_s26_r_reg/Q (DFF_X1)
                                                          0.37       0.37 r
  U232311/ZN (XNOR2_X1)                                   0.15       0.52 r
  U232313/ZN (NAND4_X1)                                   0.10       0.61 f
  U232316/ZN (NAND2_X1)                                   0.08       0.70 r
  U172548/ZN (NAND2_X1)                                   0.10       0.80 f
  U172441/ZN (NOR2_X1)                                    0.15       0.95 r
  U232330/ZN (AND2_X1)                                    0.14       1.09 r
  U232381/CO (HA_X1)                                      0.14       1.23 r
  U232419/CO (HA_X1)                                      0.14       1.37 r
  U232421/CO (HA_X1)                                      0.14       1.51 r
  U232368/CO (HA_X1)                                      0.14       1.65 r
  U232367/CO (HA_X1)                                      0.14       1.79 r
  U232365/CO (HA_X1)                                      0.14       1.93 r
  U232363/CO (HA_X1)                                      0.12       2.05 r
  U162582/Z (BUF_X2)                                      0.25       2.30 r
  U232345/ZN (NAND2_X1)                                   0.10       2.39 f
  U232346/ZN (OAI21_X1)                                   0.12       2.52 r
  U171567/ZN (AND4_X1)                                    0.22       2.74 r
  U232432/ZN (NAND3_X1)                                   0.07       2.80 f
  U232437/ZN (NAND3_X1)                                   0.07       2.88 r
  U167334/ZN (NAND2_X1)                                   0.08       2.95 f
  U232438/ZN (NAND3_X2)                                   0.18       3.13 r
  U232439/ZN (INV_X1)                                     0.13       3.26 f
  U162768/Z (BUF_X2)                                      0.16       3.42 f
  U232502/ZN (AOI22_X1)                                   0.17       3.59 r
  U232503/ZN (INV_X1)                                     0.05       3.63 f
  vortex/g_clusters[0].cluster/g_sockets[0].socket/g_cores[0].core/execute/fpu_unit/g_blocks[0].fpu_dsp/fpu_div/g_fdivs[0].fdiv_unit/result_r_reg[20]/D (DFF_X1)
                                                          0.01       3.64 f
  data arrival time                                                  3.64

  clock CLK (rise edge)                                   4.00       4.00
  clock network delay (ideal)                             0.00       4.00
  clock uncertainty                                      -0.25       3.75
  vortex/g_clusters[0].cluster/g_sockets[0].socket/g_cores[0].core/execute/fpu_unit/g_blocks[0].fpu_dsp/fpu_div/g_fdivs[0].fdiv_unit/result_r_reg[20]/CK (DFF_X1)
                                                          0.00       3.75 r
  library setup time                                     -0.11       3.64
  data required time                                                 3.64
  --------------------------------------------------------------------------
  data required time                                                 3.64
  data arrival time                                                 -3.64
  --------------------------------------------------------------------------
  slack (MET)                                                        0.00


  Startpoint: vortex/g_clusters[0].cluster/g_sockets[0].socket/g_cores[0].core/execute/fpu_unit/g_blocks[0].fpu_dsp/fpu_div/g_fdivs[0].fdiv_unit/sign_s26_r_reg
              (rising edge-triggered flip-flop clocked by CLK)
  Endpoint: vortex/g_clusters[0].cluster/g_sockets[0].socket/g_cores[0].core/execute/fpu_unit/g_blocks[0].fpu_dsp/fpu_div/g_fdivs[0].fdiv_unit/result_r_reg[21]
            (rising edge-triggered flip-flop clocked by CLK)
  Path Group: CLK
  Path Type: max

  Des/Clust/Port     Wire Load Model       Library
  ------------------------------------------------
  Vortex_axi         5K_hvratio_1_1        NangateOpenCellLibrary_ss0p95v125c

  Point                                                   Incr       Path
  --------------------------------------------------------------------------
  clock CLK (rise edge)                                   0.00       0.00
  clock network delay (ideal)                             0.00       0.00
  vortex/g_clusters[0].cluster/g_sockets[0].socket/g_cores[0].core/execute/fpu_unit/g_blocks[0].fpu_dsp/fpu_div/g_fdivs[0].fdiv_unit/sign_s26_r_reg/CK (DFF_X1)
                                                          0.00 #     0.00 r
  vortex/g_clusters[0].cluster/g_sockets[0].socket/g_cores[0].core/execute/fpu_unit/g_blocks[0].fpu_dsp/fpu_div/g_fdivs[0].fdiv_unit/sign_s26_r_reg/Q (DFF_X1)
                                                          0.37       0.37 r
  U232311/ZN (XNOR2_X1)                                   0.15       0.52 r
  U232313/ZN (NAND4_X1)                                   0.10       0.61 f
  U232316/ZN (NAND2_X1)                                   0.08       0.70 r
  U172548/ZN (NAND2_X1)                                   0.10       0.80 f
  U172441/ZN (NOR2_X1)                                    0.15       0.95 r
  U232330/ZN (AND2_X1)                                    0.14       1.09 r
  U232381/CO (HA_X1)                                      0.14       1.23 r
  U232419/CO (HA_X1)                                      0.14       1.37 r
  U232421/CO (HA_X1)                                      0.14       1.51 r
  U232368/CO (HA_X1)                                      0.14       1.65 r
  U232367/CO (HA_X1)                                      0.14       1.79 r
  U232365/CO (HA_X1)                                      0.14       1.93 r
  U232363/CO (HA_X1)                                      0.12       2.05 r
  U162582/Z (BUF_X2)                                      0.25       2.30 r
  U232345/ZN (NAND2_X1)                                   0.10       2.39 f
  U232346/ZN (OAI21_X1)                                   0.12       2.52 r
  U171567/ZN (AND4_X1)                                    0.22       2.74 r
  U232432/ZN (NAND3_X1)                                   0.07       2.80 f
  U232437/ZN (NAND3_X1)                                   0.07       2.88 r
  U167334/ZN (NAND2_X1)                                   0.08       2.95 f
  U232438/ZN (NAND3_X2)                                   0.18       3.13 r
  U232439/ZN (INV_X1)                                     0.13       3.26 f
  U162768/Z (BUF_X2)                                      0.16       3.42 f
  U232505/ZN (AOI22_X1)                                   0.17       3.59 r
  U232506/ZN (INV_X1)                                     0.05       3.63 f
  vortex/g_clusters[0].cluster/g_sockets[0].socket/g_cores[0].core/execute/fpu_unit/g_blocks[0].fpu_dsp/fpu_div/g_fdivs[0].fdiv_unit/result_r_reg[21]/D (DFF_X1)
                                                          0.01       3.64 f
  data arrival time                                                  3.64

  clock CLK (rise edge)                                   4.00       4.00
  clock network delay (ideal)                             0.00       4.00
  clock uncertainty                                      -0.25       3.75
  vortex/g_clusters[0].cluster/g_sockets[0].socket/g_cores[0].core/execute/fpu_unit/g_blocks[0].fpu_dsp/fpu_div/g_fdivs[0].fdiv_unit/result_r_reg[21]/CK (DFF_X1)
                                                          0.00       3.75 r
  library setup time                                     -0.11       3.64
  data required time                                                 3.64
  --------------------------------------------------------------------------
  data required time                                                 3.64
  data arrival time                                                 -3.64
  --------------------------------------------------------------------------
  slack (MET)                                                        0.00


  Startpoint: vortex/g_clusters[0].cluster/g_sockets[0].socket/g_cores[0].core/execute/fpu_unit/g_blocks[0].fpu_dsp/fpu_div/g_fdivs[0].fdiv_unit/sign_s26_r_reg
              (rising edge-triggered flip-flop clocked by CLK)
  Endpoint: vortex/g_clusters[0].cluster/g_sockets[0].socket/g_cores[0].core/execute/fpu_unit/g_blocks[0].fpu_dsp/fpu_div/g_fdivs[0].fdiv_unit/result_r_reg[4]
            (rising edge-triggered flip-flop clocked by CLK)
  Path Group: CLK
  Path Type: max

  Des/Clust/Port     Wire Load Model       Library
  ------------------------------------------------
  Vortex_axi         5K_hvratio_1_1        NangateOpenCellLibrary_ss0p95v125c

  Point                                                   Incr       Path
  --------------------------------------------------------------------------
  clock CLK (rise edge)                                   0.00       0.00
  clock network delay (ideal)                             0.00       0.00
  vortex/g_clusters[0].cluster/g_sockets[0].socket/g_cores[0].core/execute/fpu_unit/g_blocks[0].fpu_dsp/fpu_div/g_fdivs[0].fdiv_unit/sign_s26_r_reg/CK (DFF_X1)
                                                          0.00 #     0.00 r
  vortex/g_clusters[0].cluster/g_sockets[0].socket/g_cores[0].core/execute/fpu_unit/g_blocks[0].fpu_dsp/fpu_div/g_fdivs[0].fdiv_unit/sign_s26_r_reg/Q (DFF_X1)
                                                          0.37       0.37 r
  U232311/ZN (XNOR2_X1)                                   0.15       0.52 r
  U232313/ZN (NAND4_X1)                                   0.10       0.61 f
  U232316/ZN (NAND2_X1)                                   0.08       0.70 r
  U172548/ZN (NAND2_X1)                                   0.10       0.80 f
  U172441/ZN (NOR2_X1)                                    0.15       0.95 r
  U232330/ZN (AND2_X1)                                    0.14       1.09 r
  U232381/CO (HA_X1)                                      0.14       1.23 r
  U232419/CO (HA_X1)                                      0.14       1.37 r
  U232421/CO (HA_X1)                                      0.14       1.51 r
  U232368/CO (HA_X1)                                      0.14       1.65 r
  U232367/CO (HA_X1)                                      0.14       1.79 r
  U232365/CO (HA_X1)                                      0.14       1.93 r
  U232363/CO (HA_X1)                                      0.12       2.05 r
  U162582/Z (BUF_X2)                                      0.25       2.30 r
  U232345/ZN (NAND2_X1)                                   0.10       2.39 f
  U232346/ZN (OAI21_X1)                                   0.12       2.52 r
  U171567/ZN (AND4_X1)                                    0.22       2.74 r
  U232432/ZN (NAND3_X1)                                   0.07       2.80 f
  U232437/ZN (NAND3_X1)                                   0.07       2.88 r
  U167334/ZN (NAND2_X1)                                   0.08       2.95 f
  U232438/ZN (NAND3_X2)                                   0.18       3.13 r
  U232439/ZN (INV_X1)                                     0.13       3.26 f
  U162768/Z (BUF_X2)                                      0.16       3.42 f
  U232454/ZN (AOI22_X1)                                   0.17       3.59 r
  U232455/ZN (INV_X1)                                     0.05       3.63 f
  vortex/g_clusters[0].cluster/g_sockets[0].socket/g_cores[0].core/execute/fpu_unit/g_blocks[0].fpu_dsp/fpu_div/g_fdivs[0].fdiv_unit/result_r_reg[4]/D (DFF_X1)
                                                          0.01       3.64 f
  data arrival time                                                  3.64

  clock CLK (rise edge)                                   4.00       4.00
  clock network delay (ideal)                             0.00       4.00
  clock uncertainty                                      -0.25       3.75
  vortex/g_clusters[0].cluster/g_sockets[0].socket/g_cores[0].core/execute/fpu_unit/g_blocks[0].fpu_dsp/fpu_div/g_fdivs[0].fdiv_unit/result_r_reg[4]/CK (DFF_X1)
                                                          0.00       3.75 r
  library setup time                                     -0.11       3.64
  data required time                                                 3.64
  --------------------------------------------------------------------------
  data required time                                                 3.64
  data arrival time                                                 -3.64
  --------------------------------------------------------------------------
  slack (MET)                                                        0.00


  Startpoint: vortex/g_clusters[0].cluster/g_sockets[0].socket/g_cores[0].core/execute/fpu_unit/g_blocks[0].fpu_dsp/fpu_div/g_fdivs[0].fdiv_unit/sign_s26_r_reg
              (rising edge-triggered flip-flop clocked by CLK)
  Endpoint: vortex/g_clusters[0].cluster/g_sockets[0].socket/g_cores[0].core/execute/fpu_unit/g_blocks[0].fpu_dsp/fpu_div/g_fdivs[0].fdiv_unit/result_r_reg[5]
            (rising edge-triggered flip-flop clocked by CLK)
  Path Group: CLK
  Path Type: max

  Des/Clust/Port     Wire Load Model       Library
  ------------------------------------------------
  Vortex_axi         5K_hvratio_1_1        NangateOpenCellLibrary_ss0p95v125c

  Point                                                   Incr       Path
  --------------------------------------------------------------------------
  clock CLK (rise edge)                                   0.00       0.00
  clock network delay (ideal)                             0.00       0.00
  vortex/g_clusters[0].cluster/g_sockets[0].socket/g_cores[0].core/execute/fpu_unit/g_blocks[0].fpu_dsp/fpu_div/g_fdivs[0].fdiv_unit/sign_s26_r_reg/CK (DFF_X1)
                                                          0.00 #     0.00 r
  vortex/g_clusters[0].cluster/g_sockets[0].socket/g_cores[0].core/execute/fpu_unit/g_blocks[0].fpu_dsp/fpu_div/g_fdivs[0].fdiv_unit/sign_s26_r_reg/Q (DFF_X1)
                                                          0.37       0.37 r
  U232311/ZN (XNOR2_X1)                                   0.15       0.52 r
  U232313/ZN (NAND4_X1)                                   0.10       0.61 f
  U232316/ZN (NAND2_X1)                                   0.08       0.70 r
  U172548/ZN (NAND2_X1)                                   0.10       0.80 f
  U172441/ZN (NOR2_X1)                                    0.15       0.95 r
  U232330/ZN (AND2_X1)                                    0.14       1.09 r
  U232381/CO (HA_X1)                                      0.14       1.23 r
  U232419/CO (HA_X1)                                      0.14       1.37 r
  U232421/CO (HA_X1)                                      0.14       1.51 r
  U232368/CO (HA_X1)                                      0.14       1.65 r
  U232367/CO (HA_X1)                                      0.14       1.79 r
  U232365/CO (HA_X1)                                      0.14       1.93 r
  U232363/CO (HA_X1)                                      0.12       2.05 r
  U162582/Z (BUF_X2)                                      0.25       2.30 r
  U232345/ZN (NAND2_X1)                                   0.10       2.39 f
  U232346/ZN (OAI21_X1)                                   0.12       2.52 r
  U171567/ZN (AND4_X1)                                    0.22       2.74 r
  U232432/ZN (NAND3_X1)                                   0.07       2.80 f
  U232437/ZN (NAND3_X1)                                   0.07       2.88 r
  U167334/ZN (NAND2_X1)                                   0.08       2.95 f
  U232438/ZN (NAND3_X2)                                   0.18       3.13 r
  U232439/ZN (INV_X1)                                     0.13       3.26 f
  U162768/Z (BUF_X2)                                      0.16       3.42 f
  U232457/ZN (AOI22_X1)                                   0.17       3.59 r
  U232458/ZN (INV_X1)                                     0.05       3.63 f
  vortex/g_clusters[0].cluster/g_sockets[0].socket/g_cores[0].core/execute/fpu_unit/g_blocks[0].fpu_dsp/fpu_div/g_fdivs[0].fdiv_unit/result_r_reg[5]/D (DFF_X1)
                                                          0.01       3.64 f
  data arrival time                                                  3.64

  clock CLK (rise edge)                                   4.00       4.00
  clock network delay (ideal)                             0.00       4.00
  clock uncertainty                                      -0.25       3.75
  vortex/g_clusters[0].cluster/g_sockets[0].socket/g_cores[0].core/execute/fpu_unit/g_blocks[0].fpu_dsp/fpu_div/g_fdivs[0].fdiv_unit/result_r_reg[5]/CK (DFF_X1)
                                                          0.00       3.75 r
  library setup time                                     -0.11       3.64
  data required time                                                 3.64
  --------------------------------------------------------------------------
  data required time                                                 3.64
  data arrival time                                                 -3.64
  --------------------------------------------------------------------------
  slack (MET)                                                        0.00


  Startpoint: vortex/g_clusters[0].cluster/g_sockets[0].socket/g_cores[0].core/execute/fpu_unit/g_blocks[0].fpu_dsp/fpu_div/g_fdivs[0].fdiv_unit/sign_s26_r_reg
              (rising edge-triggered flip-flop clocked by CLK)
  Endpoint: vortex/g_clusters[0].cluster/g_sockets[0].socket/g_cores[0].core/execute/fpu_unit/g_blocks[0].fpu_dsp/fpu_div/g_fdivs[0].fdiv_unit/result_r_reg[8]
            (rising edge-triggered flip-flop clocked by CLK)
  Path Group: CLK
  Path Type: max

  Des/Clust/Port     Wire Load Model       Library
  ------------------------------------------------
  Vortex_axi         5K_hvratio_1_1        NangateOpenCellLibrary_ss0p95v125c

  Point                                                   Incr       Path
  --------------------------------------------------------------------------
  clock CLK (rise edge)                                   0.00       0.00
  clock network delay (ideal)                             0.00       0.00
  vortex/g_clusters[0].cluster/g_sockets[0].socket/g_cores[0].core/execute/fpu_unit/g_blocks[0].fpu_dsp/fpu_div/g_fdivs[0].fdiv_unit/sign_s26_r_reg/CK (DFF_X1)
                                                          0.00 #     0.00 r
  vortex/g_clusters[0].cluster/g_sockets[0].socket/g_cores[0].core/execute/fpu_unit/g_blocks[0].fpu_dsp/fpu_div/g_fdivs[0].fdiv_unit/sign_s26_r_reg/Q (DFF_X1)
                                                          0.37       0.37 r
  U232311/ZN (XNOR2_X1)                                   0.15       0.52 r
  U232313/ZN (NAND4_X1)                                   0.10       0.61 f
  U232316/ZN (NAND2_X1)                                   0.08       0.70 r
  U172548/ZN (NAND2_X1)                                   0.10       0.80 f
  U172441/ZN (NOR2_X1)                                    0.15       0.95 r
  U232330/ZN (AND2_X1)                                    0.14       1.09 r
  U232381/CO (HA_X1)                                      0.14       1.23 r
  U232419/CO (HA_X1)                                      0.14       1.37 r
  U232421/CO (HA_X1)                                      0.14       1.51 r
  U232368/CO (HA_X1)                                      0.14       1.65 r
  U232367/CO (HA_X1)                                      0.14       1.79 r
  U232365/CO (HA_X1)                                      0.14       1.93 r
  U232363/CO (HA_X1)                                      0.12       2.05 r
  U162582/Z (BUF_X2)                                      0.25       2.30 r
  U232345/ZN (NAND2_X1)                                   0.10       2.39 f
  U232346/ZN (OAI21_X1)                                   0.12       2.52 r
  U171567/ZN (AND4_X1)                                    0.22       2.74 r
  U232432/ZN (NAND3_X1)                                   0.07       2.80 f
  U232437/ZN (NAND3_X1)                                   0.07       2.88 r
  U167334/ZN (NAND2_X1)                                   0.08       2.95 f
  U232438/ZN (NAND3_X2)                                   0.18       3.13 r
  U232439/ZN (INV_X1)                                     0.13       3.26 f
  U162768/Z (BUF_X2)                                      0.16       3.42 f
  U232466/ZN (AOI22_X1)                                   0.17       3.59 r
  U232467/ZN (INV_X1)                                     0.05       3.63 f
  vortex/g_clusters[0].cluster/g_sockets[0].socket/g_cores[0].core/execute/fpu_unit/g_blocks[0].fpu_dsp/fpu_div/g_fdivs[0].fdiv_unit/result_r_reg[8]/D (DFF_X1)
                                                          0.01       3.64 f
  data arrival time                                                  3.64

  clock CLK (rise edge)                                   4.00       4.00
  clock network delay (ideal)                             0.00       4.00
  clock uncertainty                                      -0.25       3.75
  vortex/g_clusters[0].cluster/g_sockets[0].socket/g_cores[0].core/execute/fpu_unit/g_blocks[0].fpu_dsp/fpu_div/g_fdivs[0].fdiv_unit/result_r_reg[8]/CK (DFF_X1)
                                                          0.00       3.75 r
  library setup time                                     -0.11       3.64
  data required time                                                 3.64
  --------------------------------------------------------------------------
  data required time                                                 3.64
  data arrival time                                                 -3.64
  --------------------------------------------------------------------------
  slack (MET)                                                        0.00


  Startpoint: vortex/g_clusters[0].cluster/g_sockets[0].socket/g_cores[0].core/execute/fpu_unit/g_blocks[0].fpu_dsp/fpu_div/g_fdivs[0].fdiv_unit/sign_s26_r_reg
              (rising edge-triggered flip-flop clocked by CLK)
  Endpoint: vortex/g_clusters[0].cluster/g_sockets[0].socket/g_cores[0].core/execute/fpu_unit/g_blocks[0].fpu_dsp/fpu_div/g_fdivs[0].fdiv_unit/result_r_reg[10]
            (rising edge-triggered flip-flop clocked by CLK)
  Path Group: CLK
  Path Type: max

  Des/Clust/Port     Wire Load Model       Library
  ------------------------------------------------
  Vortex_axi         5K_hvratio_1_1        NangateOpenCellLibrary_ss0p95v125c

  Point                                                   Incr       Path
  --------------------------------------------------------------------------
  clock CLK (rise edge)                                   0.00       0.00
  clock network delay (ideal)                             0.00       0.00
  vortex/g_clusters[0].cluster/g_sockets[0].socket/g_cores[0].core/execute/fpu_unit/g_blocks[0].fpu_dsp/fpu_div/g_fdivs[0].fdiv_unit/sign_s26_r_reg/CK (DFF_X1)
                                                          0.00 #     0.00 r
  vortex/g_clusters[0].cluster/g_sockets[0].socket/g_cores[0].core/execute/fpu_unit/g_blocks[0].fpu_dsp/fpu_div/g_fdivs[0].fdiv_unit/sign_s26_r_reg/Q (DFF_X1)
                                                          0.37       0.37 r
  U232311/ZN (XNOR2_X1)                                   0.15       0.52 r
  U232313/ZN (NAND4_X1)                                   0.10       0.61 f
  U232316/ZN (NAND2_X1)                                   0.08       0.70 r
  U172548/ZN (NAND2_X1)                                   0.10       0.80 f
  U172441/ZN (NOR2_X1)                                    0.15       0.95 r
  U232330/ZN (AND2_X1)                                    0.14       1.09 r
  U232381/CO (HA_X1)                                      0.14       1.23 r
  U232419/CO (HA_X1)                                      0.14       1.37 r
  U232421/CO (HA_X1)                                      0.14       1.51 r
  U232368/CO (HA_X1)                                      0.14       1.65 r
  U232367/CO (HA_X1)                                      0.14       1.79 r
  U232365/CO (HA_X1)                                      0.14       1.93 r
  U232363/CO (HA_X1)                                      0.12       2.05 r
  U162582/Z (BUF_X2)                                      0.25       2.30 r
  U232345/ZN (NAND2_X1)                                   0.10       2.39 f
  U232346/ZN (OAI21_X1)                                   0.12       2.52 r
  U171567/ZN (AND4_X1)                                    0.22       2.74 r
  U232432/ZN (NAND3_X1)                                   0.07       2.80 f
  U232437/ZN (NAND3_X1)                                   0.07       2.88 r
  U167334/ZN (NAND2_X1)                                   0.08       2.95 f
  U232438/ZN (NAND3_X2)                                   0.18       3.13 r
  U232439/ZN (INV_X1)                                     0.13       3.26 f
  U162768/Z (BUF_X2)                                      0.16       3.42 f
  U232472/ZN (AOI22_X1)                                   0.17       3.59 r
  U232473/ZN (INV_X1)                                     0.05       3.63 f
  vortex/g_clusters[0].cluster/g_sockets[0].socket/g_cores[0].core/execute/fpu_unit/g_blocks[0].fpu_dsp/fpu_div/g_fdivs[0].fdiv_unit/result_r_reg[10]/D (DFF_X1)
                                                          0.01       3.64 f
  data arrival time                                                  3.64

  clock CLK (rise edge)                                   4.00       4.00
  clock network delay (ideal)                             0.00       4.00
  clock uncertainty                                      -0.25       3.75
  vortex/g_clusters[0].cluster/g_sockets[0].socket/g_cores[0].core/execute/fpu_unit/g_blocks[0].fpu_dsp/fpu_div/g_fdivs[0].fdiv_unit/result_r_reg[10]/CK (DFF_X1)
                                                          0.00       3.75 r
  library setup time                                     -0.11       3.64
  data required time                                                 3.64
  --------------------------------------------------------------------------
  data required time                                                 3.64
  data arrival time                                                 -3.64
  --------------------------------------------------------------------------
  slack (MET)                                                        0.00


  Startpoint: vortex/g_clusters[0].cluster/g_sockets[0].socket/g_cores[0].core/execute/fpu_unit/g_blocks[0].fpu_dsp/fpu_div/g_fdivs[0].fdiv_unit/sign_s26_r_reg
              (rising edge-triggered flip-flop clocked by CLK)
  Endpoint: vortex/g_clusters[0].cluster/g_sockets[0].socket/g_cores[0].core/execute/fpu_unit/g_blocks[0].fpu_dsp/fpu_div/g_fdivs[0].fdiv_unit/result_r_reg[12]
            (rising edge-triggered flip-flop clocked by CLK)
  Path Group: CLK
  Path Type: max

  Des/Clust/Port     Wire Load Model       Library
  ------------------------------------------------
  Vortex_axi         5K_hvratio_1_1        NangateOpenCellLibrary_ss0p95v125c

  Point                                                   Incr       Path
  --------------------------------------------------------------------------
  clock CLK (rise edge)                                   0.00       0.00
  clock network delay (ideal)                             0.00       0.00
  vortex/g_clusters[0].cluster/g_sockets[0].socket/g_cores[0].core/execute/fpu_unit/g_blocks[0].fpu_dsp/fpu_div/g_fdivs[0].fdiv_unit/sign_s26_r_reg/CK (DFF_X1)
                                                          0.00 #     0.00 r
  vortex/g_clusters[0].cluster/g_sockets[0].socket/g_cores[0].core/execute/fpu_unit/g_blocks[0].fpu_dsp/fpu_div/g_fdivs[0].fdiv_unit/sign_s26_r_reg/Q (DFF_X1)
                                                          0.37       0.37 r
  U232311/ZN (XNOR2_X1)                                   0.15       0.52 r
  U232313/ZN (NAND4_X1)                                   0.10       0.61 f
  U232316/ZN (NAND2_X1)                                   0.08       0.70 r
  U172548/ZN (NAND2_X1)                                   0.10       0.80 f
  U172441/ZN (NOR2_X1)                                    0.15       0.95 r
  U232330/ZN (AND2_X1)                                    0.14       1.09 r
  U232381/CO (HA_X1)                                      0.14       1.23 r
  U232419/CO (HA_X1)                                      0.14       1.37 r
  U232421/CO (HA_X1)                                      0.14       1.51 r
  U232368/CO (HA_X1)                                      0.14       1.65 r
  U232367/CO (HA_X1)                                      0.14       1.79 r
  U232365/CO (HA_X1)                                      0.14       1.93 r
  U232363/CO (HA_X1)                                      0.12       2.05 r
  U162582/Z (BUF_X2)                                      0.25       2.30 r
  U232345/ZN (NAND2_X1)                                   0.10       2.39 f
  U232346/ZN (OAI21_X1)                                   0.12       2.52 r
  U171567/ZN (AND4_X1)                                    0.22       2.74 r
  U232432/ZN (NAND3_X1)                                   0.07       2.80 f
  U232437/ZN (NAND3_X1)                                   0.07       2.88 r
  U167334/ZN (NAND2_X1)                                   0.08       2.95 f
  U232438/ZN (NAND3_X2)                                   0.18       3.13 r
  U232439/ZN (INV_X1)                                     0.13       3.26 f
  U162768/Z (BUF_X2)                                      0.16       3.42 f
  U232478/ZN (AOI22_X1)                                   0.17       3.59 r
  U232479/ZN (INV_X1)                                     0.05       3.63 f
  vortex/g_clusters[0].cluster/g_sockets[0].socket/g_cores[0].core/execute/fpu_unit/g_blocks[0].fpu_dsp/fpu_div/g_fdivs[0].fdiv_unit/result_r_reg[12]/D (DFF_X1)
                                                          0.01       3.64 f
  data arrival time                                                  3.64

  clock CLK (rise edge)                                   4.00       4.00
  clock network delay (ideal)                             0.00       4.00
  clock uncertainty                                      -0.25       3.75
  vortex/g_clusters[0].cluster/g_sockets[0].socket/g_cores[0].core/execute/fpu_unit/g_blocks[0].fpu_dsp/fpu_div/g_fdivs[0].fdiv_unit/result_r_reg[12]/CK (DFF_X1)
                                                          0.00       3.75 r
  library setup time                                     -0.11       3.64
  data required time                                                 3.64
  --------------------------------------------------------------------------
  data required time                                                 3.64
  data arrival time                                                 -3.64
  --------------------------------------------------------------------------
  slack (MET)                                                        0.00


  Startpoint: vortex/g_clusters[0].cluster/g_sockets[0].socket/g_cores[0].core/execute/alu_unit/g_blocks[0].muldiv_unit/g_multiplier[3].multiplier/g_imul_3stage.a_low_s1_reg[7]
              (rising edge-triggered flip-flop clocked by CLK)
  Endpoint: vortex/g_clusters[0].cluster/g_sockets[0].socket/g_cores[0].core/execute/alu_unit/g_blocks[0].muldiv_unit/g_multiplier[3].multiplier/g_imul_3stage.p01_s2_reg[31]
            (rising edge-triggered flip-flop clocked by CLK)
  Path Group: CLK
  Path Type: max

  Des/Clust/Port     Wire Load Model       Library
  ------------------------------------------------
  Vortex_axi         5K_hvratio_1_1        NangateOpenCellLibrary_ss0p95v125c

  Point                                                   Incr       Path
  --------------------------------------------------------------------------
  clock CLK (rise edge)                                   0.00       0.00
  clock network delay (ideal)                             0.00       0.00
  vortex/g_clusters[0].cluster/g_sockets[0].socket/g_cores[0].core/execute/alu_unit/g_blocks[0].muldiv_unit/g_multiplier[3].multiplier/g_imul_3stage.a_low_s1_reg[7]/CK (DFF_X1)
                                                          0.00 #     0.00 r
  vortex/g_clusters[0].cluster/g_sockets[0].socket/g_cores[0].core/execute/alu_unit/g_blocks[0].muldiv_unit/g_multiplier[3].multiplier/g_imul_3stage.a_low_s1_reg[7]/Q (DFF_X1)
                                                          0.31       0.31 f
  U162689/ZN (XNOR2_X1)                                   0.31       0.62 r
  U163493/Z (BUF_X2)                                      0.30       0.92 r
  U175066/ZN (OAI22_X1)                                   0.14       1.06 f
  U175098/CO (FA_X1)                                      0.34       1.40 f
  U175118/S (FA_X1)                                       0.39       1.79 f
  U175112/S (FA_X1)                                       0.48       2.27 r
  U175120/S (FA_X1)                                       0.34       2.61 f
  U170469/ZN (OR2_X2)                                     0.20       2.81 f
  U170467/ZN (NAND3_X1)                                   0.09       2.90 r
  U170466/ZN (NAND3_X1)                                   0.08       2.98 f
  U169717/ZN (NAND2_X1)                                   0.07       3.05 r
  U168547/ZN (AND2_X1)                                    0.12       3.17 r
  U170201/ZN (NAND2_X2)                                   0.08       3.25 f
  U170195/ZN (NAND2_X1)                                   0.07       3.32 r
  U170194/ZN (NAND2_X1)                                   0.05       3.37 f
  U180365/ZN (XNOR2_X1)                                   0.14       3.51 f
  U180366/ZN (NAND2_X1)                                   0.06       3.57 r
  U180368/ZN (NAND2_X1)                                   0.06       3.63 f
  vortex/g_clusters[0].cluster/g_sockets[0].socket/g_cores[0].core/execute/alu_unit/g_blocks[0].muldiv_unit/g_multiplier[3].multiplier/g_imul_3stage.p01_s2_reg[31]/D (DFF_X1)
                                                          0.01       3.64 f
  data arrival time                                                  3.64

  clock CLK (rise edge)                                   4.00       4.00
  clock network delay (ideal)                             0.00       4.00
  clock uncertainty                                      -0.25       3.75
  vortex/g_clusters[0].cluster/g_sockets[0].socket/g_cores[0].core/execute/alu_unit/g_blocks[0].muldiv_unit/g_multiplier[3].multiplier/g_imul_3stage.p01_s2_reg[31]/CK (DFF_X1)
                                                          0.00       3.75 r
  library setup time                                     -0.11       3.64
  data required time                                                 3.64
  --------------------------------------------------------------------------
  data required time                                                 3.64
  data arrival time                                                 -3.64
  --------------------------------------------------------------------------
  slack (MET)                                                        0.00


  Startpoint: vortex/g_clusters[0].cluster/g_sockets[0].socket/g_cores[0].core/execute/fpu_unit/g_blocks[0].fpu_dsp/fpu_fma/g_fmas[0].fma_unit/a_mant_s1_reg[22]
              (rising edge-triggered flip-flop clocked by CLK)
  Endpoint: vortex/g_clusters[0].cluster/g_sockets[0].socket/g_cores[0].core/execute/fpu_unit/g_blocks[0].fpu_dsp/fpu_fma/g_fmas[0].fma_unit/pp2_reg[21]
            (rising edge-triggered flip-flop clocked by CLK)
  Path Group: CLK
  Path Type: max

  Des/Clust/Port     Wire Load Model       Library
  ------------------------------------------------
  Vortex_axi         5K_hvratio_1_1        NangateOpenCellLibrary_ss0p95v125c

  Point                                                   Incr       Path
  --------------------------------------------------------------------------
  clock CLK (rise edge)                                   0.00       0.00
  clock network delay (ideal)                             0.00       0.00
  vortex/g_clusters[0].cluster/g_sockets[0].socket/g_cores[0].core/execute/fpu_unit/g_blocks[0].fpu_dsp/fpu_fma/g_fmas[0].fma_unit/a_mant_s1_reg[22]/CK (DFF_X1)
                                                          0.00 #     0.00 r
  vortex/g_clusters[0].cluster/g_sockets[0].socket/g_cores[0].core/execute/fpu_unit/g_blocks[0].fpu_dsp/fpu_fma/g_fmas[0].fma_unit/a_mant_s1_reg[22]/Q (DFF_X1)
                                                          0.31       0.31 f
  U170497/ZN (XNOR2_X2)                                   0.45       0.76 r
  U216599/Z (CLKBUF_X2)                                   0.31       1.07 r
  U216600/ZN (OAI22_X1)                                   0.13       1.19 f
  U216625/CO (FA_X1)                                      0.31       1.50 f
  U216679/CO (FA_X1)                                      0.30       1.79 f
  U216680/S (FA_X1)                                       0.38       2.17 f
  U216693/S (FA_X1)                                       0.45       2.62 r
  U167456/ZN (INV_X1)                                     0.04       2.67 f
  U162862/ZN (NAND2_X1)                                   0.09       2.76 r
  U170316/ZN (AND2_X2)                                    0.13       2.89 r
  U170805/ZN (NAND3_X1)                                   0.07       2.96 f
  U169696/ZN (NAND2_X1)                                   0.08       3.04 r
  U165230/ZN (INV_X1)                                     0.04       3.08 f
  U169800/ZN (NAND2_X1)                                   0.14       3.22 r
  U216912/ZN (AOI21_X1)                                   0.09       3.31 f
  U216913/ZN (XNOR2_X1)                                   0.14       3.45 f
  U216914/ZN (AOI22_X1)                                   0.14       3.59 r
  U216915/ZN (INV_X1)                                     0.05       3.63 f
  vortex/g_clusters[0].cluster/g_sockets[0].socket/g_cores[0].core/execute/fpu_unit/g_blocks[0].fpu_dsp/fpu_fma/g_fmas[0].fma_unit/pp2_reg[21]/D (DFF_X1)
                                                          0.01       3.64 f
  data arrival time                                                  3.64

  clock CLK (rise edge)                                   4.00       4.00
  clock network delay (ideal)                             0.00       4.00
  clock uncertainty                                      -0.25       3.75
  vortex/g_clusters[0].cluster/g_sockets[0].socket/g_cores[0].core/execute/fpu_unit/g_blocks[0].fpu_dsp/fpu_fma/g_fmas[0].fma_unit/pp2_reg[21]/CK (DFF_X1)
                                                          0.00       3.75 r
  library setup time                                     -0.11       3.64
  data required time                                                 3.64
  --------------------------------------------------------------------------
  data required time                                                 3.64
  data arrival time                                                 -3.64
  --------------------------------------------------------------------------
  slack (MET)                                                        0.00


  Startpoint: vortex/g_clusters[0].cluster/g_sockets[0].socket/g_cores[0].core/execute/fpu_unit/g_blocks[0].fpu_dsp/fpu_fma/g_fmas[0].fma_unit/a_mant_s1_reg[22]
              (rising edge-triggered flip-flop clocked by CLK)
  Endpoint: vortex/g_clusters[0].cluster/g_sockets[0].socket/g_cores[0].core/execute/fpu_unit/g_blocks[0].fpu_dsp/fpu_fma/g_fmas[0].fma_unit/pp2_reg[22]
            (rising edge-triggered flip-flop clocked by CLK)
  Path Group: CLK
  Path Type: max

  Des/Clust/Port     Wire Load Model       Library
  ------------------------------------------------
  Vortex_axi         5K_hvratio_1_1        NangateOpenCellLibrary_ss0p95v125c

  Point                                                   Incr       Path
  --------------------------------------------------------------------------
  clock CLK (rise edge)                                   0.00       0.00
  clock network delay (ideal)                             0.00       0.00
  vortex/g_clusters[0].cluster/g_sockets[0].socket/g_cores[0].core/execute/fpu_unit/g_blocks[0].fpu_dsp/fpu_fma/g_fmas[0].fma_unit/a_mant_s1_reg[22]/CK (DFF_X1)
                                                          0.00 #     0.00 r
  vortex/g_clusters[0].cluster/g_sockets[0].socket/g_cores[0].core/execute/fpu_unit/g_blocks[0].fpu_dsp/fpu_fma/g_fmas[0].fma_unit/a_mant_s1_reg[22]/Q (DFF_X1)
                                                          0.31       0.31 f
  U170497/ZN (XNOR2_X2)                                   0.45       0.76 r
  U216599/Z (CLKBUF_X2)                                   0.31       1.07 r
  U216600/ZN (OAI22_X1)                                   0.13       1.19 f
  U216625/CO (FA_X1)                                      0.31       1.50 f
  U216679/CO (FA_X1)                                      0.30       1.79 f
  U216680/S (FA_X1)                                       0.38       2.17 f
  U216693/S (FA_X1)                                       0.45       2.62 r
  U167456/ZN (INV_X1)                                     0.04       2.67 f
  U162862/ZN (NAND2_X1)                                   0.09       2.76 r
  U170316/ZN (AND2_X2)                                    0.13       2.89 r
  U170805/ZN (NAND3_X1)                                   0.07       2.96 f
  U169696/ZN (NAND2_X1)                                   0.08       3.04 r
  U165230/ZN (INV_X1)                                     0.04       3.08 f
  U169800/ZN (NAND2_X1)                                   0.14       3.22 r
  U216905/ZN (AOI21_X1)                                   0.09       3.31 f
  U216907/ZN (XNOR2_X1)                                   0.14       3.45 f
  U216908/ZN (AOI22_X1)                                   0.14       3.59 r
  U216909/ZN (INV_X1)                                     0.05       3.63 f
  vortex/g_clusters[0].cluster/g_sockets[0].socket/g_cores[0].core/execute/fpu_unit/g_blocks[0].fpu_dsp/fpu_fma/g_fmas[0].fma_unit/pp2_reg[22]/D (DFF_X1)
                                                          0.01       3.64 f
  data arrival time                                                  3.64

  clock CLK (rise edge)                                   4.00       4.00
  clock network delay (ideal)                             0.00       4.00
  clock uncertainty                                      -0.25       3.75
  vortex/g_clusters[0].cluster/g_sockets[0].socket/g_cores[0].core/execute/fpu_unit/g_blocks[0].fpu_dsp/fpu_fma/g_fmas[0].fma_unit/pp2_reg[22]/CK (DFF_X1)
                                                          0.00       3.75 r
  library setup time                                     -0.11       3.64
  data required time                                                 3.64
  --------------------------------------------------------------------------
  data required time                                                 3.64
  data arrival time                                                 -3.64
  --------------------------------------------------------------------------
  slack (MET)                                                        0.00


  Startpoint: vortex/g_clusters[0].cluster/g_sockets[0].socket/g_cores[0].core/execute/alu_unit/g_blocks[0].muldiv_unit/g_multiplier[0].multiplier/g_imul_3stage.b_low_s1_reg[15]
              (rising edge-triggered flip-flop clocked by CLK)
  Endpoint: vortex/g_clusters[0].cluster/g_sockets[0].socket/g_cores[0].core/execute/alu_unit/g_blocks[0].muldiv_unit/g_multiplier[0].multiplier/g_imul_3stage.p10_s2_reg[29]
            (rising edge-triggered flip-flop clocked by CLK)
  Path Group: CLK
  Path Type: max

  Des/Clust/Port     Wire Load Model       Library
  ------------------------------------------------
  Vortex_axi         5K_hvratio_1_1        NangateOpenCellLibrary_ss0p95v125c

  Point                                                   Incr       Path
  --------------------------------------------------------------------------
  clock CLK (rise edge)                                   0.00       0.00
  clock network delay (ideal)                             0.00       0.00
  vortex/g_clusters[0].cluster/g_sockets[0].socket/g_cores[0].core/execute/alu_unit/g_blocks[0].muldiv_unit/g_multiplier[0].multiplier/g_imul_3stage.b_low_s1_reg[15]/CK (DFF_X1)
                                                          0.00 #     0.00 r
  vortex/g_clusters[0].cluster/g_sockets[0].socket/g_cores[0].core/execute/alu_unit/g_blocks[0].muldiv_unit/g_multiplier[0].multiplier/g_imul_3stage.b_low_s1_reg[15]/Q (DFF_X1)
                                                          0.54       0.54 r
  U169061/Z (BUF_X4)                                      0.20       0.74 r
  U173583/ZN (XNOR2_X1)                                   0.09       0.83 f
  U179112/ZN (OAI22_X1)                                   0.23       1.06 r
  U179113/ZN (INV_X1)                                     0.08       1.14 f
  U179124/S (FA_X1)                                       0.43       1.57 f
  U179127/CO (FA_X1)                                      0.31       1.88 f
  U164503/ZN (AOI22_X1)                                   0.15       2.03 r
  U172217/ZN (INV_X1)                                     0.06       2.09 f
  U179182/S (FA_X1)                                       0.43       2.52 f
  U162581/ZN (NOR2_X1)                                    0.16       2.68 r
  U169890/ZN (INV_X1)                                     0.08       2.76 f
  U163745/ZN (NAND2_X1)                                   0.10       2.86 r
  U162801/ZN (NOR2_X1)                                    0.05       2.91 f
  U169676/ZN (NAND2_X1)                                   0.07       2.99 r
  U169675/ZN (AND2_X2)                                    0.14       3.13 r
  U179297/ZN (OAI21_X1)                                   0.07       3.20 f
  U169026/ZN (AOI21_X1)                                   0.18       3.38 r
  U179299/ZN (XNOR2_X1)                                   0.16       3.54 r
  U179300/ZN (NAND2_X1)                                   0.06       3.60 f
  U179302/ZN (NAND2_X1)                                   0.08       3.68 r
  vortex/g_clusters[0].cluster/g_sockets[0].socket/g_cores[0].core/execute/alu_unit/g_blocks[0].muldiv_unit/g_multiplier[0].multiplier/g_imul_3stage.p10_s2_reg[29]/D (DFF_X1)
                                                          0.01       3.69 r
  data arrival time                                                  3.69

  clock CLK (rise edge)                                   4.00       4.00
  clock network delay (ideal)                             0.00       4.00
  clock uncertainty                                      -0.25       3.75
  vortex/g_clusters[0].cluster/g_sockets[0].socket/g_cores[0].core/execute/alu_unit/g_blocks[0].muldiv_unit/g_multiplier[0].multiplier/g_imul_3stage.p10_s2_reg[29]/CK (DFF_X1)
                                                          0.00       3.75 r
  library setup time                                     -0.06       3.69
  data required time                                                 3.69
  --------------------------------------------------------------------------
  data required time                                                 3.69
  data arrival time                                                 -3.69
  --------------------------------------------------------------------------
  slack (MET)                                                        0.00


  Startpoint: vortex/g_clusters[0].cluster/g_sockets[0].socket/g_cores[0].core/execute/fpu_unit/g_blocks[0].fpu_dsp/fpu_fma/g_fmas[2].fma_unit/a_mant_s1_reg[15]
              (rising edge-triggered flip-flop clocked by CLK)
  Endpoint: vortex/g_clusters[0].cluster/g_sockets[0].socket/g_cores[0].core/execute/fpu_unit/g_blocks[0].fpu_dsp/fpu_fma/g_fmas[2].fma_unit/pp2_reg[20]
            (rising edge-triggered flip-flop clocked by CLK)
  Path Group: CLK
  Path Type: max

  Des/Clust/Port     Wire Load Model       Library
  ------------------------------------------------
  Vortex_axi         5K_hvratio_1_1        NangateOpenCellLibrary_ss0p95v125c

  Point                                                   Incr       Path
  --------------------------------------------------------------------------
  clock CLK (rise edge)                                   0.00       0.00
  clock network delay (ideal)                             0.00       0.00
  vortex/g_clusters[0].cluster/g_sockets[0].socket/g_cores[0].core/execute/fpu_unit/g_blocks[0].fpu_dsp/fpu_fma/g_fmas[2].fma_unit/a_mant_s1_reg[15]/CK (DFF_X1)
                                                          0.00 #     0.00 r
  vortex/g_clusters[0].cluster/g_sockets[0].socket/g_cores[0].core/execute/fpu_unit/g_blocks[0].fpu_dsp/fpu_fma/g_fmas[2].fma_unit/a_mant_s1_reg[15]/Q (DFF_X1)
                                                          0.37       0.37 r
  U170976/ZN (INV_X1)                                     0.05       0.41 f
  U163835/ZN (XNOR2_X1)                                   0.23       0.64 r
  U170975/ZN (INV_X4)                                     0.15       0.80 f
  U170974/ZN (NAND2_X4)                                   0.25       1.05 r
  U170942/ZN (OR2_X1)                                     0.13       1.18 r
  U165669/ZN (NAND2_X1)                                   0.06       1.24 f
  U219244/CO (FA_X1)                                      0.32       1.56 f
  U219265/CO (FA_X1)                                      0.30       1.85 f
  U219405/S (FA_X1)                                       0.44       2.29 r
  U219406/S (FA_X1)                                       0.34       2.63 f
  U162882/ZN (NOR2_X1)                                    0.20       2.83 r
  U219394/ZN (OAI21_X1)                                   0.08       2.91 f
  U219395/ZN (AOI21_X1)                                   0.21       3.12 r
  U169822/ZN (NAND2_X2)                                   0.12       3.24 f
  U219492/ZN (AOI21_X1)                                   0.14       3.38 r
  U169971/ZN (XNOR2_X1)                                   0.16       3.54 r
  U168714/ZN (AOI21_X1)                                   0.07       3.61 f
  U219493/ZN (INV_X1)                                     0.08       3.69 r
  vortex/g_clusters[0].cluster/g_sockets[0].socket/g_cores[0].core/execute/fpu_unit/g_blocks[0].fpu_dsp/fpu_fma/g_fmas[2].fma_unit/pp2_reg[20]/D (DFF_X1)
                                                          0.01       3.70 r
  data arrival time                                                  3.70

  clock CLK (rise edge)                                   4.00       4.00
  clock network delay (ideal)                             0.00       4.00
  clock uncertainty                                      -0.25       3.75
  vortex/g_clusters[0].cluster/g_sockets[0].socket/g_cores[0].core/execute/fpu_unit/g_blocks[0].fpu_dsp/fpu_fma/g_fmas[2].fma_unit/pp2_reg[20]/CK (DFF_X1)
                                                          0.00       3.75 r
  library setup time                                     -0.05       3.70
  data required time                                                 3.70
  --------------------------------------------------------------------------
  data required time                                                 3.70
  data arrival time                                                 -3.70
  --------------------------------------------------------------------------
  slack (MET)                                                        0.00


  Startpoint: vortex/g_clusters[0].cluster/g_sockets[0].socket/g_cores[0].core/execute/fpu_unit/g_blocks[0].fpu_dsp/fpu_fma/g_fmas[2].fma_unit/a_mant_s1_reg[15]
              (rising edge-triggered flip-flop clocked by CLK)
  Endpoint: vortex/g_clusters[0].cluster/g_sockets[0].socket/g_cores[0].core/execute/fpu_unit/g_blocks[0].fpu_dsp/fpu_fma/g_fmas[2].fma_unit/pp2_reg[21]
            (rising edge-triggered flip-flop clocked by CLK)
  Path Group: CLK
  Path Type: max

  Des/Clust/Port     Wire Load Model       Library
  ------------------------------------------------
  Vortex_axi         5K_hvratio_1_1        NangateOpenCellLibrary_ss0p95v125c

  Point                                                   Incr       Path
  --------------------------------------------------------------------------
  clock CLK (rise edge)                                   0.00       0.00
  clock network delay (ideal)                             0.00       0.00
  vortex/g_clusters[0].cluster/g_sockets[0].socket/g_cores[0].core/execute/fpu_unit/g_blocks[0].fpu_dsp/fpu_fma/g_fmas[2].fma_unit/a_mant_s1_reg[15]/CK (DFF_X1)
                                                          0.00 #     0.00 r
  vortex/g_clusters[0].cluster/g_sockets[0].socket/g_cores[0].core/execute/fpu_unit/g_blocks[0].fpu_dsp/fpu_fma/g_fmas[2].fma_unit/a_mant_s1_reg[15]/Q (DFF_X1)
                                                          0.37       0.37 r
  U170976/ZN (INV_X1)                                     0.05       0.41 f
  U163835/ZN (XNOR2_X1)                                   0.23       0.64 r
  U170975/ZN (INV_X4)                                     0.15       0.80 f
  U170974/ZN (NAND2_X4)                                   0.25       1.05 r
  U170942/ZN (OR2_X1)                                     0.13       1.18 r
  U165669/ZN (NAND2_X1)                                   0.06       1.24 f
  U219244/CO (FA_X1)                                      0.32       1.56 f
  U219265/CO (FA_X1)                                      0.30       1.85 f
  U219405/S (FA_X1)                                       0.44       2.29 r
  U219406/S (FA_X1)                                       0.34       2.63 f
  U162882/ZN (NOR2_X1)                                    0.20       2.83 r
  U219394/ZN (OAI21_X1)                                   0.08       2.91 f
  U219395/ZN (AOI21_X1)                                   0.21       3.12 r
  U169822/ZN (NAND2_X2)                                   0.12       3.24 f
  U219490/ZN (AOI21_X1)                                   0.14       3.38 r
  U169970/ZN (XNOR2_X1)                                   0.16       3.54 r
  U168712/ZN (AOI21_X1)                                   0.07       3.61 f
  U219491/ZN (INV_X1)                                     0.08       3.69 r
  vortex/g_clusters[0].cluster/g_sockets[0].socket/g_cores[0].core/execute/fpu_unit/g_blocks[0].fpu_dsp/fpu_fma/g_fmas[2].fma_unit/pp2_reg[21]/D (DFF_X1)
                                                          0.01       3.70 r
  data arrival time                                                  3.70

  clock CLK (rise edge)                                   4.00       4.00
  clock network delay (ideal)                             0.00       4.00
  clock uncertainty                                      -0.25       3.75
  vortex/g_clusters[0].cluster/g_sockets[0].socket/g_cores[0].core/execute/fpu_unit/g_blocks[0].fpu_dsp/fpu_fma/g_fmas[2].fma_unit/pp2_reg[21]/CK (DFF_X1)
                                                          0.00       3.75 r
  library setup time                                     -0.05       3.70
  data required time                                                 3.70
  --------------------------------------------------------------------------
  data required time                                                 3.70
  data arrival time                                                 -3.70
  --------------------------------------------------------------------------
  slack (MET)                                                        0.00


  Startpoint: vortex/g_clusters[0].cluster/g_sockets[0].socket/g_cores[0].core/execute/fpu_unit/g_blocks[0].fpu_dsp/fpu_fma/g_fmas[3].fma_unit/prod_sign_s5_reg
              (rising edge-triggered flip-flop clocked by CLK)
  Endpoint: vortex/g_clusters[0].cluster/g_sockets[0].socket/g_cores[0].core/execute/fpu_unit/g_blocks[0].fpu_dsp/fpu_fma/g_fmas[3].fma_unit/carry_borrow_s6_reg
            (rising edge-triggered flip-flop clocked by CLK)
  Path Group: CLK
  Path Type: max

  Des/Clust/Port     Wire Load Model       Library
  ------------------------------------------------
  Vortex_axi         5K_hvratio_1_1        NangateOpenCellLibrary_ss0p95v125c

  Point                                                   Incr       Path
  --------------------------------------------------------------------------
  clock CLK (rise edge)                                   0.00       0.00
  clock network delay (ideal)                             0.00       0.00
  vortex/g_clusters[0].cluster/g_sockets[0].socket/g_cores[0].core/execute/fpu_unit/g_blocks[0].fpu_dsp/fpu_fma/g_fmas[3].fma_unit/prod_sign_s5_reg/CK (DFF_X1)
                                                          0.00 #     0.00 r
  vortex/g_clusters[0].cluster/g_sockets[0].socket/g_cores[0].core/execute/fpu_unit/g_blocks[0].fpu_dsp/fpu_fma/g_fmas[3].fma_unit/prod_sign_s5_reg/Q (DFF_X1)
                                                          0.35       0.35 r
  U214875/Z (XOR2_X1)                                     0.25       0.61 r
  U170146/Z (CLKBUF_X3)                                   0.31       0.92 r
  U214879/Z (XOR2_X1)                                     0.13       1.05 f
  U214880/ZN (NOR2_X1)                                    0.20       1.25 r
  U214889/ZN (OAI21_X1)                                   0.08       1.33 f
  U166668/ZN (AOI21_X1)                                   0.21       1.54 r
  U214908/ZN (OAI21_X1)                                   0.10       1.64 f
  U164989/ZN (AOI21_X1)                                   0.16       1.80 r
  U215017/ZN (OAI21_X1)                                   0.10       1.90 f
  U167379/ZN (AOI21_X1)                                   0.18       2.08 r
  U215025/ZN (OAI21_X1)                                   0.10       2.18 f
  U167378/ZN (AOI21_X1)                                   0.18       2.35 r
  U215033/ZN (OAI21_X1)                                   0.10       2.46 f
  U215038/ZN (AOI21_X1)                                   0.12       2.58 r
  U215039/ZN (INV_X1)                                     0.06       2.64 f
  U215145/CO (FA_X1)                                      0.28       2.92 f
  U215251/CO (FA_X1)                                      0.29       3.21 f
  U215146/Z (XOR2_X1)                                     0.23       3.44 f
  U215147/ZN (AOI22_X1)                                   0.14       3.59 r
  U215148/ZN (INV_X1)                                     0.05       3.63 f
  vortex/g_clusters[0].cluster/g_sockets[0].socket/g_cores[0].core/execute/fpu_unit/g_blocks[0].fpu_dsp/fpu_fma/g_fmas[3].fma_unit/carry_borrow_s6_reg/D (DFF_X1)
                                                          0.01       3.64 f
  data arrival time                                                  3.64

  clock CLK (rise edge)                                   4.00       4.00
  clock network delay (ideal)                             0.00       4.00
  clock uncertainty                                      -0.25       3.75
  vortex/g_clusters[0].cluster/g_sockets[0].socket/g_cores[0].core/execute/fpu_unit/g_blocks[0].fpu_dsp/fpu_fma/g_fmas[3].fma_unit/carry_borrow_s6_reg/CK (DFF_X1)
                                                          0.00       3.75 r
  library setup time                                     -0.11       3.64
  data required time                                                 3.64
  --------------------------------------------------------------------------
  data required time                                                 3.64
  data arrival time                                                 -3.64
  --------------------------------------------------------------------------
  slack (MET)                                                        0.00


  Startpoint: vortex/g_clusters[0].cluster/g_sockets[0].socket/g_cores[0].core/execute/fpu_unit/g_blocks[0].fpu_dsp/fpu_fma/g_fmas[2].fma_unit/a_mant_s1_reg[15]
              (rising edge-triggered flip-flop clocked by CLK)
  Endpoint: vortex/g_clusters[0].cluster/g_sockets[0].socket/g_cores[0].core/execute/fpu_unit/g_blocks[0].fpu_dsp/fpu_fma/g_fmas[2].fma_unit/pp2_reg[19]
            (rising edge-triggered flip-flop clocked by CLK)
  Path Group: CLK
  Path Type: max

  Des/Clust/Port     Wire Load Model       Library
  ------------------------------------------------
  Vortex_axi         5K_hvratio_1_1        NangateOpenCellLibrary_ss0p95v125c

  Point                                                   Incr       Path
  --------------------------------------------------------------------------
  clock CLK (rise edge)                                   0.00       0.00
  clock network delay (ideal)                             0.00       0.00
  vortex/g_clusters[0].cluster/g_sockets[0].socket/g_cores[0].core/execute/fpu_unit/g_blocks[0].fpu_dsp/fpu_fma/g_fmas[2].fma_unit/a_mant_s1_reg[15]/CK (DFF_X1)
                                                          0.00 #     0.00 r
  vortex/g_clusters[0].cluster/g_sockets[0].socket/g_cores[0].core/execute/fpu_unit/g_blocks[0].fpu_dsp/fpu_fma/g_fmas[2].fma_unit/a_mant_s1_reg[15]/Q (DFF_X1)
                                                          0.37       0.37 r
  U170976/ZN (INV_X1)                                     0.05       0.41 f
  U163835/ZN (XNOR2_X1)                                   0.23       0.64 r
  U170975/ZN (INV_X4)                                     0.15       0.80 f
  U170974/ZN (NAND2_X4)                                   0.25       1.05 r
  U170942/ZN (OR2_X1)                                     0.13       1.18 r
  U165669/ZN (NAND2_X1)                                   0.06       1.24 f
  U219244/CO (FA_X1)                                      0.32       1.56 f
  U219265/CO (FA_X1)                                      0.30       1.85 f
  U219405/S (FA_X1)                                       0.44       2.29 r
  U219406/S (FA_X1)                                       0.34       2.63 f
  U162882/ZN (NOR2_X1)                                    0.20       2.83 r
  U219394/ZN (OAI21_X1)                                   0.08       2.91 f
  U219395/ZN (AOI21_X1)                                   0.21       3.12 r
  U169822/ZN (NAND2_X2)                                   0.12       3.24 f
  U219496/ZN (AOI21_X1)                                   0.14       3.38 r
  U169973/ZN (XNOR2_X1)                                   0.16       3.54 r
  U169608/ZN (AOI21_X1)                                   0.07       3.61 f
  U219497/ZN (INV_X1)                                     0.08       3.69 r
  vortex/g_clusters[0].cluster/g_sockets[0].socket/g_cores[0].core/execute/fpu_unit/g_blocks[0].fpu_dsp/fpu_fma/g_fmas[2].fma_unit/pp2_reg[19]/D (DFF_X1)
                                                          0.01       3.70 r
  data arrival time                                                  3.70

  clock CLK (rise edge)                                   4.00       4.00
  clock network delay (ideal)                             0.00       4.00
  clock uncertainty                                      -0.25       3.75
  vortex/g_clusters[0].cluster/g_sockets[0].socket/g_cores[0].core/execute/fpu_unit/g_blocks[0].fpu_dsp/fpu_fma/g_fmas[2].fma_unit/pp2_reg[19]/CK (DFF_X1)
                                                          0.00       3.75 r
  library setup time                                     -0.05       3.70
  data required time                                                 3.70
  --------------------------------------------------------------------------
  data required time                                                 3.70
  data arrival time                                                 -3.70
  --------------------------------------------------------------------------
  slack (MET)                                                        0.00


  Startpoint: vortex/g_clusters[0].cluster/g_sockets[0].socket/g_cores[0].core/execute/fpu_unit/g_blocks[0].fpu_dsp/fpu_fma/g_fmas[2].fma_unit/a_mant_s1_reg[15]
              (rising edge-triggered flip-flop clocked by CLK)
  Endpoint: vortex/g_clusters[0].cluster/g_sockets[0].socket/g_cores[0].core/execute/fpu_unit/g_blocks[0].fpu_dsp/fpu_fma/g_fmas[2].fma_unit/pp2_reg[23]
            (rising edge-triggered flip-flop clocked by CLK)
  Path Group: CLK
  Path Type: max

  Des/Clust/Port     Wire Load Model       Library
  ------------------------------------------------
  Vortex_axi         5K_hvratio_1_1        NangateOpenCellLibrary_ss0p95v125c

  Point                                                   Incr       Path
  --------------------------------------------------------------------------
  clock CLK (rise edge)                                   0.00       0.00
  clock network delay (ideal)                             0.00       0.00
  vortex/g_clusters[0].cluster/g_sockets[0].socket/g_cores[0].core/execute/fpu_unit/g_blocks[0].fpu_dsp/fpu_fma/g_fmas[2].fma_unit/a_mant_s1_reg[15]/CK (DFF_X1)
                                                          0.00 #     0.00 r
  vortex/g_clusters[0].cluster/g_sockets[0].socket/g_cores[0].core/execute/fpu_unit/g_blocks[0].fpu_dsp/fpu_fma/g_fmas[2].fma_unit/a_mant_s1_reg[15]/Q (DFF_X1)
                                                          0.37       0.37 r
  U170976/ZN (INV_X1)                                     0.05       0.41 f
  U163835/ZN (XNOR2_X1)                                   0.23       0.64 r
  U170975/ZN (INV_X4)                                     0.15       0.80 f
  U170974/ZN (NAND2_X4)                                   0.25       1.05 r
  U170942/ZN (OR2_X1)                                     0.13       1.18 r
  U165669/ZN (NAND2_X1)                                   0.06       1.24 f
  U219244/CO (FA_X1)                                      0.32       1.56 f
  U219265/CO (FA_X1)                                      0.30       1.85 f
  U219405/S (FA_X1)                                       0.44       2.29 r
  U219406/S (FA_X1)                                       0.34       2.63 f
  U162882/ZN (NOR2_X1)                                    0.20       2.83 r
  U219394/ZN (OAI21_X1)                                   0.08       2.91 f
  U219395/ZN (AOI21_X1)                                   0.21       3.12 r
  U169822/ZN (NAND2_X2)                                   0.12       3.24 f
  U219473/ZN (AOI21_X1)                                   0.14       3.38 r
  U169972/ZN (XNOR2_X1)                                   0.16       3.54 r
  U169609/ZN (AOI21_X1)                                   0.07       3.61 f
  U219480/ZN (INV_X1)                                     0.08       3.69 r
  vortex/g_clusters[0].cluster/g_sockets[0].socket/g_cores[0].core/execute/fpu_unit/g_blocks[0].fpu_dsp/fpu_fma/g_fmas[2].fma_unit/pp2_reg[23]/D (DFF_X1)
                                                          0.01       3.70 r
  data arrival time                                                  3.70

  clock CLK (rise edge)                                   4.00       4.00
  clock network delay (ideal)                             0.00       4.00
  clock uncertainty                                      -0.25       3.75
  vortex/g_clusters[0].cluster/g_sockets[0].socket/g_cores[0].core/execute/fpu_unit/g_blocks[0].fpu_dsp/fpu_fma/g_fmas[2].fma_unit/pp2_reg[23]/CK (DFF_X1)
                                                          0.00       3.75 r
  library setup time                                     -0.05       3.70
  data required time                                                 3.70
  --------------------------------------------------------------------------
  data required time                                                 3.70
  data arrival time                                                 -3.70
  --------------------------------------------------------------------------
  slack (MET)                                                        0.00


  Startpoint: vortex/g_clusters[0].cluster/g_sockets[0].socket/g_cores[0].core/execute/alu_unit/g_blocks[0].muldiv_unit/g_multiplier[1].multiplier/g_imul_3stage.a_high_s1_reg[1]
              (rising edge-triggered flip-flop clocked by CLK)
  Endpoint: vortex/g_clusters[0].cluster/g_sockets[0].socket/g_cores[0].core/execute/alu_unit/g_blocks[0].muldiv_unit/g_multiplier[1].multiplier/g_imul_3stage.p11_s2_reg[29]
            (rising edge-triggered flip-flop clocked by CLK)
  Path Group: CLK
  Path Type: max

  Des/Clust/Port     Wire Load Model       Library
  ------------------------------------------------
  Vortex_axi         5K_hvratio_1_1        NangateOpenCellLibrary_ss0p95v125c

  Point                                                   Incr       Path
  --------------------------------------------------------------------------
  clock CLK (rise edge)                                   0.00       0.00
  clock network delay (ideal)                             0.00       0.00
  vortex/g_clusters[0].cluster/g_sockets[0].socket/g_cores[0].core/execute/alu_unit/g_blocks[0].muldiv_unit/g_multiplier[1].multiplier/g_imul_3stage.a_high_s1_reg[1]/CK (DFF_X1)
                                                          0.00 #     0.00 r
  vortex/g_clusters[0].cluster/g_sockets[0].socket/g_cores[0].core/execute/alu_unit/g_blocks[0].muldiv_unit/g_multiplier[1].multiplier/g_imul_3stage.a_high_s1_reg[1]/QN (DFF_X1)
                                                          0.32       0.32 f
  U175245/ZN (INV_X2)                                     0.41       0.73 r
  U175476/ZN (XNOR2_X1)                                   0.26       0.99 r
  U175477/ZN (OAI22_X1)                                   0.11       1.10 f
  U175495/S (HA_X1)                                       0.26       1.36 f
  U175519/CO (FA_X1)                                      0.29       1.66 f
  U175635/CO (FA_X1)                                      0.30       1.96 f
  U175632/S (FA_X1)                                       0.44       2.40 f
  U162872/ZN (OR2_X1)                                     0.22       2.61 f
  U175642/ZN (AOI21_X1)                                   0.15       2.76 r
  U170205/ZN (OAI21_X2)                                   0.10       2.86 f
  U170203/ZN (NAND2_X1)                                   0.07       2.93 r
  U164052/ZN (NAND2_X1)                                   0.07       3.00 f
  U170144/ZN (NAND3_X2)                                   0.09       3.09 r
  U170448/ZN (NAND3_X4)                                   0.13       3.22 f
  U170506/ZN (AOI21_X1)                                   0.16       3.38 r
  U181329/ZN (XNOR2_X1)                                   0.16       3.54 r
  U181330/ZN (NAND2_X1)                                   0.06       3.60 f
  U181332/ZN (NAND2_X1)                                   0.08       3.68 r
  vortex/g_clusters[0].cluster/g_sockets[0].socket/g_cores[0].core/execute/alu_unit/g_blocks[0].muldiv_unit/g_multiplier[1].multiplier/g_imul_3stage.p11_s2_reg[29]/D (DFF_X1)
                                                          0.01       3.69 r
  data arrival time                                                  3.69

  clock CLK (rise edge)                                   4.00       4.00
  clock network delay (ideal)                             0.00       4.00
  clock uncertainty                                      -0.25       3.75
  vortex/g_clusters[0].cluster/g_sockets[0].socket/g_cores[0].core/execute/alu_unit/g_blocks[0].muldiv_unit/g_multiplier[1].multiplier/g_imul_3stage.p11_s2_reg[29]/CK (DFF_X1)
                                                          0.00       3.75 r
  library setup time                                     -0.06       3.69
  data required time                                                 3.69
  --------------------------------------------------------------------------
  data required time                                                 3.69
  data arrival time                                                 -3.69
  --------------------------------------------------------------------------
  slack (MET)                                                        0.00


  Startpoint: vortex/g_clusters[0].cluster/g_sockets[0].socket/g_cores[0].core/execute/fpu_unit/g_blocks[0].fpu_dsp/fpu_cvt/g_fcvt_units[0].fcvt_unit/pipe_reg2/g_shift_register/g_shift.pipe_reg[0][23]
              (rising edge-triggered flip-flop clocked by CLK)
  Endpoint: vortex/g_clusters[0].cluster/g_sockets[0].socket/g_cores[0].core/execute/fpu_unit/g_blocks[0].fpu_dsp/fpu_cvt/g_fcvt_units[0].fcvt_unit/pipe_reg3/g_shift_register/g_shift.pipe_reg[0][35]
            (rising edge-triggered flip-flop clocked by CLK)
  Path Group: CLK
  Path Type: max

  Des/Clust/Port     Wire Load Model       Library
  ------------------------------------------------
  Vortex_axi         5K_hvratio_1_1        NangateOpenCellLibrary_ss0p95v125c

  Point                                                   Incr       Path
  --------------------------------------------------------------------------
  clock CLK (rise edge)                                   0.00       0.00
  clock network delay (ideal)                             0.00       0.00
  vortex/g_clusters[0].cluster/g_sockets[0].socket/g_cores[0].core/execute/fpu_unit/g_blocks[0].fpu_dsp/fpu_cvt/g_fcvt_units[0].fcvt_unit/pipe_reg2/g_shift_register/g_shift.pipe_reg[0][23]/CK (DFF_X1)
                                                          0.00 #     0.00 r
  vortex/g_clusters[0].cluster/g_sockets[0].socket/g_cores[0].core/execute/fpu_unit/g_blocks[0].fpu_dsp/fpu_cvt/g_fcvt_units[0].fcvt_unit/pipe_reg2/g_shift_register/g_shift.pipe_reg[0][23]/QN (DFF_X1)
                                                          0.25       0.25 r
  U222579/ZN (NAND4_X1)                                   0.10       0.35 f
  U162602/ZN (OR4_X1)                                     0.48       0.84 f
  U222590/ZN (OR3_X2)                                     0.27       1.11 f
  U162692/ZN (NOR2_X2)                                    0.12       1.23 r
  U222593/ZN (NAND2_X1)                                   0.07       1.31 f
  U222594/ZN (OAI21_X1)                                   0.11       1.42 r
  U222604/ZN (AOI211_X1)                                  0.08       1.50 f
  U222605/ZN (OAI21_X1)                                   0.12       1.62 r
  U222606/ZN (NAND2_X1)                                   0.08       1.70 f
  U222608/ZN (NAND2_X2)                                   0.12       1.82 r
  U172557/ZN (NOR2_X1)                                    0.06       1.88 f
  U162857/ZN (AND2_X1)                                    0.11       1.99 f
  U222679/CO (HA_X1)                                      0.13       2.12 f
  U222677/CO (HA_X1)                                      0.13       2.26 f
  U222675/CO (HA_X1)                                      0.13       2.39 f
  U222673/CO (HA_X1)                                      0.13       2.52 f
  U222671/CO (HA_X1)                                      0.13       2.66 f
  U222669/CO (HA_X1)                                      0.13       2.79 f
  U222667/CO (HA_X1)                                      0.13       2.92 f
  U222665/CO (HA_X1)                                      0.13       3.06 f
  U222663/CO (HA_X1)                                      0.13       3.19 f
  U222661/Z (XOR2_X1)                                     0.21       3.40 f
  U222662/Z (MUX2_X1)                                     0.23       3.63 f
  vortex/g_clusters[0].cluster/g_sockets[0].socket/g_cores[0].core/execute/fpu_unit/g_blocks[0].fpu_dsp/fpu_cvt/g_fcvt_units[0].fcvt_unit/pipe_reg3/g_shift_register/g_shift.pipe_reg[0][35]/D (DFF_X1)
                                                          0.01       3.64 f
  data arrival time                                                  3.64

  clock CLK (rise edge)                                   4.00       4.00
  clock network delay (ideal)                             0.00       4.00
  clock uncertainty                                      -0.25       3.75
  vortex/g_clusters[0].cluster/g_sockets[0].socket/g_cores[0].core/execute/fpu_unit/g_blocks[0].fpu_dsp/fpu_cvt/g_fcvt_units[0].fcvt_unit/pipe_reg3/g_shift_register/g_shift.pipe_reg[0][35]/CK (DFF_X1)
                                                          0.00       3.75 r
  library setup time                                     -0.11       3.64
  data required time                                                 3.64
  --------------------------------------------------------------------------
  data required time                                                 3.64
  data arrival time                                                 -3.64
  --------------------------------------------------------------------------
  slack (MET)                                                        0.00


  Startpoint: vortex/g_clusters[0].cluster/g_sockets[0].socket/g_cores[0].core/execute/alu_unit/g_blocks[0].muldiv_unit/g_multiplier[2].multiplier/g_imul_3stage.a_low_s1_reg[3]
              (rising edge-triggered flip-flop clocked by CLK)
  Endpoint: vortex/g_clusters[0].cluster/g_sockets[0].socket/g_cores[0].core/execute/alu_unit/g_blocks[0].muldiv_unit/g_multiplier[2].multiplier/g_imul_3stage.p01_s2_reg[32]
            (rising edge-triggered flip-flop clocked by CLK)
  Path Group: CLK
  Path Type: max

  Des/Clust/Port     Wire Load Model       Library
  ------------------------------------------------
  Vortex_axi         5K_hvratio_1_1        NangateOpenCellLibrary_ss0p95v125c

  Point                                                   Incr       Path
  --------------------------------------------------------------------------
  clock CLK (rise edge)                                   0.00       0.00
  clock network delay (ideal)                             0.00       0.00
  vortex/g_clusters[0].cluster/g_sockets[0].socket/g_cores[0].core/execute/alu_unit/g_blocks[0].muldiv_unit/g_multiplier[2].multiplier/g_imul_3stage.a_low_s1_reg[3]/CK (DFF_X1)
                                                          0.00 #     0.00 r
  vortex/g_clusters[0].cluster/g_sockets[0].socket/g_cores[0].core/execute/alu_unit/g_blocks[0].muldiv_unit/g_multiplier[2].multiplier/g_imul_3stage.a_low_s1_reg[3]/Q (DFF_X1)
                                                          0.40       0.40 r
  U163507/ZN (INV_X1)                                     0.11       0.50 f
  U177541/ZN (INV_X2)                                     0.26       0.77 r
  U177543/ZN (XNOR2_X1)                                   0.13       0.90 f
  U177544/ZN (OAI22_X1)                                   0.23       1.13 r
  U177557/S (HA_X1)                                       0.24       1.37 r
  U177559/S (FA_X1)                                       0.36       1.74 f
  U162971/ZN (AND2_X1)                                    0.13       1.87 f
  U177592/ZN (AOI21_X1)                                   0.22       2.09 r
  U177594/ZN (OAI21_X1)                                   0.12       2.21 f
  U169983/ZN (AOI21_X2)                                   0.16       2.36 r
  U169982/ZN (OAI21_X2)                                   0.09       2.45 f
  U170310/ZN (NAND2_X1)                                   0.07       2.52 r
  U170308/ZN (AND2_X1)                                    0.14       2.66 r
  U170307/ZN (OAI21_X1)                                   0.07       2.72 f
  U168948/ZN (AOI21_X1)                                   0.11       2.83 r
  U169988/ZN (INV_X1)                                     0.05       2.89 f
  U169888/ZN (NAND2_X1)                                   0.08       2.97 r
  U169911/ZN (NAND2_X2)                                   0.09       3.06 f
  U181192/ZN (AOI21_X2)                                   0.20       3.27 r
  U181260/ZN (OAI21_X1)                                   0.09       3.36 f
  U181266/ZN (XNOR2_X1)                                   0.15       3.51 f
  U181267/ZN (NAND2_X1)                                   0.06       3.57 r
  U181268/ZN (NAND2_X1)                                   0.06       3.63 f
  vortex/g_clusters[0].cluster/g_sockets[0].socket/g_cores[0].core/execute/alu_unit/g_blocks[0].muldiv_unit/g_multiplier[2].multiplier/g_imul_3stage.p01_s2_reg[32]/D (DFF_X1)
                                                          0.01       3.64 f
  data arrival time                                                  3.64

  clock CLK (rise edge)                                   4.00       4.00
  clock network delay (ideal)                             0.00       4.00
  clock uncertainty                                      -0.25       3.75
  vortex/g_clusters[0].cluster/g_sockets[0].socket/g_cores[0].core/execute/alu_unit/g_blocks[0].muldiv_unit/g_multiplier[2].multiplier/g_imul_3stage.p01_s2_reg[32]/CK (DFF_X1)
                                                          0.00       3.75 r
  library setup time                                     -0.11       3.64
  data required time                                                 3.64
  --------------------------------------------------------------------------
  data required time                                                 3.64
  data arrival time                                                 -3.64
  --------------------------------------------------------------------------
  slack (MET)                                                        0.00


  Startpoint: vortex/g_clusters[0].cluster/g_sockets[0].socket/g_cores[0].core/execute/alu_unit/g_blocks[0].muldiv_unit/serial_div/denom_r_reg[0][11]
              (rising edge-triggered flip-flop clocked by CLK)
  Endpoint: vortex/g_clusters[0].cluster/g_sockets[0].socket/g_cores[0].core/execute/alu_unit/g_blocks[0].muldiv_unit/serial_div/working_reg[0][61]
            (rising edge-triggered flip-flop clocked by CLK)
  Path Group: CLK
  Path Type: max

  Des/Clust/Port     Wire Load Model       Library
  ------------------------------------------------
  Vortex_axi         5K_hvratio_1_1        NangateOpenCellLibrary_ss0p95v125c

  Point                                                   Incr       Path
  --------------------------------------------------------------------------
  clock CLK (rise edge)                                   0.00       0.00
  clock network delay (ideal)                             0.00       0.00
  vortex/g_clusters[0].cluster/g_sockets[0].socket/g_cores[0].core/execute/alu_unit/g_blocks[0].muldiv_unit/serial_div/denom_r_reg[0][11]/CK (DFF_X1)
                                                          0.00 #     0.00 r
  vortex/g_clusters[0].cluster/g_sockets[0].socket/g_cores[0].core/execute/alu_unit/g_blocks[0].muldiv_unit/serial_div/denom_r_reg[0][11]/QN (DFF_X1)
                                                          0.29       0.29 f
  U202251/ZN (NOR2_X1)                                    0.21       0.50 r
  U202267/ZN (OAI21_X1)                                   0.08       0.58 f
  U202268/ZN (AOI21_X1)                                   0.21       0.79 r
  U202276/ZN (OAI21_X1)                                   0.08       0.87 f
  U172480/ZN (AOI21_X1)                                   0.21       1.08 r
  U167478/ZN (OAI21_X1)                                   0.11       1.19 f
  U202309/ZN (AOI21_X2)                                   0.14       1.34 r
  U167477/ZN (OAI21_X1)                                   0.09       1.43 f
  U167476/ZN (AOI21_X1)                                   0.17       1.60 r
  U165237/ZN (OAI21_X1)                                   0.10       1.70 f
  U167475/ZN (AOI21_X1)                                   0.18       1.88 r
  U172598/ZN (OAI21_X1)                                   0.09       1.97 f
  U202495/CO (FA_X1)                                      0.29       2.26 f
  U202498/CO (FA_X1)                                      0.30       2.56 f
  U202501/CO (FA_X1)                                      0.29       2.85 f
  U166826/ZN (XNOR2_X1)                                   0.16       3.01 f
  U171108/ZN (OR2_X1)                                     0.22       3.23 f
  U202323/ZN (INV_X2)                                     0.22       3.45 r
  U202493/ZN (AOI22_X1)                                   0.10       3.54 f
  U202494/ZN (OAI21_X1)                                   0.13       3.67 r
  vortex/g_clusters[0].cluster/g_sockets[0].socket/g_cores[0].core/execute/alu_unit/g_blocks[0].muldiv_unit/serial_div/working_reg[0][61]/D (DFF_X1)
                                                          0.01       3.68 r
  data arrival time                                                  3.68

  clock CLK (rise edge)                                   4.00       4.00
  clock network delay (ideal)                             0.00       4.00
  clock uncertainty                                      -0.25       3.75
  vortex/g_clusters[0].cluster/g_sockets[0].socket/g_cores[0].core/execute/alu_unit/g_blocks[0].muldiv_unit/serial_div/working_reg[0][61]/CK (DFF_X1)
                                                          0.00       3.75 r
  library setup time                                     -0.07       3.68
  data required time                                                 3.68
  --------------------------------------------------------------------------
  data required time                                                 3.68
  data arrival time                                                 -3.68
  --------------------------------------------------------------------------
  slack (MET)                                                        0.00


  Startpoint: vortex/g_clusters[0].cluster/g_sockets[0].socket/g_cores[0].core/execute/alu_unit/g_blocks[0].muldiv_unit/serial_div/denom_r_reg[0][11]
              (rising edge-triggered flip-flop clocked by CLK)
  Endpoint: vortex/g_clusters[0].cluster/g_sockets[0].socket/g_cores[0].core/execute/alu_unit/g_blocks[0].muldiv_unit/serial_div/working_reg[0][62]
            (rising edge-triggered flip-flop clocked by CLK)
  Path Group: CLK
  Path Type: max

  Des/Clust/Port     Wire Load Model       Library
  ------------------------------------------------
  Vortex_axi         5K_hvratio_1_1        NangateOpenCellLibrary_ss0p95v125c

  Point                                                   Incr       Path
  --------------------------------------------------------------------------
  clock CLK (rise edge)                                   0.00       0.00
  clock network delay (ideal)                             0.00       0.00
  vortex/g_clusters[0].cluster/g_sockets[0].socket/g_cores[0].core/execute/alu_unit/g_blocks[0].muldiv_unit/serial_div/denom_r_reg[0][11]/CK (DFF_X1)
                                                          0.00 #     0.00 r
  vortex/g_clusters[0].cluster/g_sockets[0].socket/g_cores[0].core/execute/alu_unit/g_blocks[0].muldiv_unit/serial_div/denom_r_reg[0][11]/QN (DFF_X1)
                                                          0.29       0.29 f
  U202251/ZN (NOR2_X1)                                    0.21       0.50 r
  U202267/ZN (OAI21_X1)                                   0.08       0.58 f
  U202268/ZN (AOI21_X1)                                   0.21       0.79 r
  U202276/ZN (OAI21_X1)                                   0.08       0.87 f
  U172480/ZN (AOI21_X1)                                   0.21       1.08 r
  U167478/ZN (OAI21_X1)                                   0.11       1.19 f
  U202309/ZN (AOI21_X2)                                   0.14       1.34 r
  U167477/ZN (OAI21_X1)                                   0.09       1.43 f
  U167476/ZN (AOI21_X1)                                   0.17       1.60 r
  U165237/ZN (OAI21_X1)                                   0.10       1.70 f
  U167475/ZN (AOI21_X1)                                   0.18       1.88 r
  U172598/ZN (OAI21_X1)                                   0.09       1.97 f
  U202495/CO (FA_X1)                                      0.29       2.26 f
  U202498/CO (FA_X1)                                      0.30       2.56 f
  U202501/CO (FA_X1)                                      0.29       2.85 f
  U166826/ZN (XNOR2_X1)                                   0.16       3.01 f
  U171108/ZN (OR2_X1)                                     0.22       3.23 f
  U202396/ZN (INV_X2)                                     0.22       3.45 r
  U202496/ZN (AOI22_X1)                                   0.10       3.54 f
  U202497/ZN (OAI21_X1)                                   0.13       3.67 r
  vortex/g_clusters[0].cluster/g_sockets[0].socket/g_cores[0].core/execute/alu_unit/g_blocks[0].muldiv_unit/serial_div/working_reg[0][62]/D (DFF_X1)
                                                          0.01       3.68 r
  data arrival time                                                  3.68

  clock CLK (rise edge)                                   4.00       4.00
  clock network delay (ideal)                             0.00       4.00
  clock uncertainty                                      -0.25       3.75
  vortex/g_clusters[0].cluster/g_sockets[0].socket/g_cores[0].core/execute/alu_unit/g_blocks[0].muldiv_unit/serial_div/working_reg[0][62]/CK (DFF_X1)
                                                          0.00       3.75 r
  library setup time                                     -0.07       3.68
  data required time                                                 3.68
  --------------------------------------------------------------------------
  data required time                                                 3.68
  data arrival time                                                 -3.68
  --------------------------------------------------------------------------
  slack (MET)                                                        0.00


  Startpoint: vortex/g_clusters[0].cluster/g_sockets[0].socket/g_cores[0].core/execute/alu_unit/g_blocks[0].muldiv_unit/serial_div/denom_r_reg[0][11]
              (rising edge-triggered flip-flop clocked by CLK)
  Endpoint: vortex/g_clusters[0].cluster/g_sockets[0].socket/g_cores[0].core/execute/alu_unit/g_blocks[0].muldiv_unit/serial_div/working_reg[0][63]
            (rising edge-triggered flip-flop clocked by CLK)
  Path Group: CLK
  Path Type: max

  Des/Clust/Port     Wire Load Model       Library
  ------------------------------------------------
  Vortex_axi         5K_hvratio_1_1        NangateOpenCellLibrary_ss0p95v125c

  Point                                                   Incr       Path
  --------------------------------------------------------------------------
  clock CLK (rise edge)                                   0.00       0.00
  clock network delay (ideal)                             0.00       0.00
  vortex/g_clusters[0].cluster/g_sockets[0].socket/g_cores[0].core/execute/alu_unit/g_blocks[0].muldiv_unit/serial_div/denom_r_reg[0][11]/CK (DFF_X1)
                                                          0.00 #     0.00 r
  vortex/g_clusters[0].cluster/g_sockets[0].socket/g_cores[0].core/execute/alu_unit/g_blocks[0].muldiv_unit/serial_div/denom_r_reg[0][11]/QN (DFF_X1)
                                                          0.29       0.29 f
  U202251/ZN (NOR2_X1)                                    0.21       0.50 r
  U202267/ZN (OAI21_X1)                                   0.08       0.58 f
  U202268/ZN (AOI21_X1)                                   0.21       0.79 r
  U202276/ZN (OAI21_X1)                                   0.08       0.87 f
  U172480/ZN (AOI21_X1)                                   0.21       1.08 r
  U167478/ZN (OAI21_X1)                                   0.11       1.19 f
  U202309/ZN (AOI21_X2)                                   0.14       1.34 r
  U167477/ZN (OAI21_X1)                                   0.09       1.43 f
  U167476/ZN (AOI21_X1)                                   0.17       1.60 r
  U165237/ZN (OAI21_X1)                                   0.10       1.70 f
  U167475/ZN (AOI21_X1)                                   0.18       1.88 r
  U172598/ZN (OAI21_X1)                                   0.09       1.97 f
  U202495/CO (FA_X1)                                      0.29       2.26 f
  U202498/CO (FA_X1)                                      0.30       2.56 f
  U202501/CO (FA_X1)                                      0.29       2.85 f
  U166826/ZN (XNOR2_X1)                                   0.16       3.01 f
  U171108/ZN (OR2_X1)                                     0.22       3.23 f
  U202323/ZN (INV_X2)                                     0.22       3.45 r
  U202499/ZN (AOI22_X1)                                   0.10       3.54 f
  U202500/ZN (OAI21_X1)                                   0.13       3.67 r
  vortex/g_clusters[0].cluster/g_sockets[0].socket/g_cores[0].core/execute/alu_unit/g_blocks[0].muldiv_unit/serial_div/working_reg[0][63]/D (DFF_X1)
                                                          0.01       3.68 r
  data arrival time                                                  3.68

  clock CLK (rise edge)                                   4.00       4.00
  clock network delay (ideal)                             0.00       4.00
  clock uncertainty                                      -0.25       3.75
  vortex/g_clusters[0].cluster/g_sockets[0].socket/g_cores[0].core/execute/alu_unit/g_blocks[0].muldiv_unit/serial_div/working_reg[0][63]/CK (DFF_X1)
                                                          0.00       3.75 r
  library setup time                                     -0.07       3.68
  data required time                                                 3.68
  --------------------------------------------------------------------------
  data required time                                                 3.68
  data arrival time                                                 -3.68
  --------------------------------------------------------------------------
  slack (MET)                                                        0.00


  Startpoint: vortex/g_clusters[0].cluster/g_sockets[0].socket/g_cores[0].core/execute/alu_unit/g_blocks[0].muldiv_unit/serial_div/denom_r_reg[0][11]
              (rising edge-triggered flip-flop clocked by CLK)
  Endpoint: vortex/g_clusters[0].cluster/g_sockets[0].socket/g_cores[0].core/execute/alu_unit/g_blocks[0].muldiv_unit/serial_div/working_reg[0][64]
            (rising edge-triggered flip-flop clocked by CLK)
  Path Group: CLK
  Path Type: max

  Des/Clust/Port     Wire Load Model       Library
  ------------------------------------------------
  Vortex_axi         5K_hvratio_1_1        NangateOpenCellLibrary_ss0p95v125c

  Point                                                   Incr       Path
  --------------------------------------------------------------------------
  clock CLK (rise edge)                                   0.00       0.00
  clock network delay (ideal)                             0.00       0.00
  vortex/g_clusters[0].cluster/g_sockets[0].socket/g_cores[0].core/execute/alu_unit/g_blocks[0].muldiv_unit/serial_div/denom_r_reg[0][11]/CK (DFF_X1)
                                                          0.00 #     0.00 r
  vortex/g_clusters[0].cluster/g_sockets[0].socket/g_cores[0].core/execute/alu_unit/g_blocks[0].muldiv_unit/serial_div/denom_r_reg[0][11]/QN (DFF_X1)
                                                          0.29       0.29 f
  U202251/ZN (NOR2_X1)                                    0.21       0.50 r
  U202267/ZN (OAI21_X1)                                   0.08       0.58 f
  U202268/ZN (AOI21_X1)                                   0.21       0.79 r
  U202276/ZN (OAI21_X1)                                   0.08       0.87 f
  U172480/ZN (AOI21_X1)                                   0.21       1.08 r
  U167478/ZN (OAI21_X1)                                   0.11       1.19 f
  U202309/ZN (AOI21_X2)                                   0.14       1.34 r
  U167477/ZN (OAI21_X1)                                   0.09       1.43 f
  U167476/ZN (AOI21_X1)                                   0.17       1.60 r
  U165237/ZN (OAI21_X1)                                   0.10       1.70 f
  U167475/ZN (AOI21_X1)                                   0.18       1.88 r
  U172598/ZN (OAI21_X1)                                   0.09       1.97 f
  U202495/CO (FA_X1)                                      0.29       2.26 f
  U202498/CO (FA_X1)                                      0.30       2.56 f
  U202501/CO (FA_X1)                                      0.29       2.85 f
  U166826/ZN (XNOR2_X1)                                   0.16       3.01 f
  U171108/ZN (OR2_X1)                                     0.22       3.23 f
  U202396/ZN (INV_X2)                                     0.22       3.45 r
  U202502/ZN (AOI22_X1)                                   0.10       3.54 f
  U202503/ZN (OAI21_X1)                                   0.13       3.67 r
  vortex/g_clusters[0].cluster/g_sockets[0].socket/g_cores[0].core/execute/alu_unit/g_blocks[0].muldiv_unit/serial_div/working_reg[0][64]/D (DFF_X1)
                                                          0.01       3.68 r
  data arrival time                                                  3.68

  clock CLK (rise edge)                                   4.00       4.00
  clock network delay (ideal)                             0.00       4.00
  clock uncertainty                                      -0.25       3.75
  vortex/g_clusters[0].cluster/g_sockets[0].socket/g_cores[0].core/execute/alu_unit/g_blocks[0].muldiv_unit/serial_div/working_reg[0][64]/CK (DFF_X1)
                                                          0.00       3.75 r
  library setup time                                     -0.07       3.68
  data required time                                                 3.68
  --------------------------------------------------------------------------
  data required time                                                 3.68
  data arrival time                                                 -3.68
  --------------------------------------------------------------------------
  slack (MET)                                                        0.00


  Startpoint: vortex/g_clusters[0].cluster/g_sockets[0].socket/g_cores[0].core/execute/alu_unit/g_blocks[0].muldiv_unit/serial_div/denom_r_reg[0][11]
              (rising edge-triggered flip-flop clocked by CLK)
  Endpoint: vortex/g_clusters[0].cluster/g_sockets[0].socket/g_cores[0].core/execute/alu_unit/g_blocks[0].muldiv_unit/serial_div/working_reg[0][36]
            (rising edge-triggered flip-flop clocked by CLK)
  Path Group: CLK
  Path Type: max

  Des/Clust/Port     Wire Load Model       Library
  ------------------------------------------------
  Vortex_axi         5K_hvratio_1_1        NangateOpenCellLibrary_ss0p95v125c

  Point                                                   Incr       Path
  --------------------------------------------------------------------------
  clock CLK (rise edge)                                   0.00       0.00
  clock network delay (ideal)                             0.00       0.00
  vortex/g_clusters[0].cluster/g_sockets[0].socket/g_cores[0].core/execute/alu_unit/g_blocks[0].muldiv_unit/serial_div/denom_r_reg[0][11]/CK (DFF_X1)
                                                          0.00 #     0.00 r
  vortex/g_clusters[0].cluster/g_sockets[0].socket/g_cores[0].core/execute/alu_unit/g_blocks[0].muldiv_unit/serial_div/denom_r_reg[0][11]/QN (DFF_X1)
                                                          0.29       0.29 f
  U202251/ZN (NOR2_X1)                                    0.21       0.50 r
  U202267/ZN (OAI21_X1)                                   0.08       0.58 f
  U202268/ZN (AOI21_X1)                                   0.21       0.79 r
  U202276/ZN (OAI21_X1)                                   0.08       0.87 f
  U172480/ZN (AOI21_X1)                                   0.21       1.08 r
  U167478/ZN (OAI21_X1)                                   0.11       1.19 f
  U202309/ZN (AOI21_X2)                                   0.14       1.34 r
  U167477/ZN (OAI21_X1)                                   0.09       1.43 f
  U167476/ZN (AOI21_X1)                                   0.17       1.60 r
  U165237/ZN (OAI21_X1)                                   0.10       1.70 f
  U167475/ZN (AOI21_X1)                                   0.18       1.88 r
  U172598/ZN (OAI21_X1)                                   0.09       1.97 f
  U202495/CO (FA_X1)                                      0.29       2.26 f
  U202498/CO (FA_X1)                                      0.30       2.56 f
  U202501/CO (FA_X1)                                      0.29       2.85 f
  U166826/ZN (XNOR2_X1)                                   0.16       3.01 f
  U171108/ZN (OR2_X1)                                     0.22       3.23 f
  U202323/ZN (INV_X2)                                     0.22       3.45 r
  U202342/ZN (AOI22_X1)                                   0.10       3.54 f
  U202343/ZN (OAI21_X1)                                   0.13       3.67 r
  vortex/g_clusters[0].cluster/g_sockets[0].socket/g_cores[0].core/execute/alu_unit/g_blocks[0].muldiv_unit/serial_div/working_reg[0][36]/D (DFF_X1)
                                                          0.01       3.68 r
  data arrival time                                                  3.68

  clock CLK (rise edge)                                   4.00       4.00
  clock network delay (ideal)                             0.00       4.00
  clock uncertainty                                      -0.25       3.75
  vortex/g_clusters[0].cluster/g_sockets[0].socket/g_cores[0].core/execute/alu_unit/g_blocks[0].muldiv_unit/serial_div/working_reg[0][36]/CK (DFF_X1)
                                                          0.00       3.75 r
  library setup time                                     -0.07       3.68
  data required time                                                 3.68
  --------------------------------------------------------------------------
  data required time                                                 3.68
  data arrival time                                                 -3.68
  --------------------------------------------------------------------------
  slack (MET)                                                        0.00


  Startpoint: vortex/g_clusters[0].cluster/g_sockets[0].socket/g_cores[0].core/execute/alu_unit/g_blocks[0].muldiv_unit/serial_div/denom_r_reg[0][11]
              (rising edge-triggered flip-flop clocked by CLK)
  Endpoint: vortex/g_clusters[0].cluster/g_sockets[0].socket/g_cores[0].core/execute/alu_unit/g_blocks[0].muldiv_unit/serial_div/working_reg[0][56]
            (rising edge-triggered flip-flop clocked by CLK)
  Path Group: CLK
  Path Type: max

  Des/Clust/Port     Wire Load Model       Library
  ------------------------------------------------
  Vortex_axi         5K_hvratio_1_1        NangateOpenCellLibrary_ss0p95v125c

  Point                                                   Incr       Path
  --------------------------------------------------------------------------
  clock CLK (rise edge)                                   0.00       0.00
  clock network delay (ideal)                             0.00       0.00
  vortex/g_clusters[0].cluster/g_sockets[0].socket/g_cores[0].core/execute/alu_unit/g_blocks[0].muldiv_unit/serial_div/denom_r_reg[0][11]/CK (DFF_X1)
                                                          0.00 #     0.00 r
  vortex/g_clusters[0].cluster/g_sockets[0].socket/g_cores[0].core/execute/alu_unit/g_blocks[0].muldiv_unit/serial_div/denom_r_reg[0][11]/QN (DFF_X1)
                                                          0.29       0.29 f
  U202251/ZN (NOR2_X1)                                    0.21       0.50 r
  U202267/ZN (OAI21_X1)                                   0.08       0.58 f
  U202268/ZN (AOI21_X1)                                   0.21       0.79 r
  U202276/ZN (OAI21_X1)                                   0.08       0.87 f
  U172480/ZN (AOI21_X1)                                   0.21       1.08 r
  U167478/ZN (OAI21_X1)                                   0.11       1.19 f
  U202309/ZN (AOI21_X2)                                   0.14       1.34 r
  U167477/ZN (OAI21_X1)                                   0.09       1.43 f
  U167476/ZN (AOI21_X1)                                   0.17       1.60 r
  U165237/ZN (OAI21_X1)                                   0.10       1.70 f
  U167475/ZN (AOI21_X1)                                   0.18       1.88 r
  U172598/ZN (OAI21_X1)                                   0.09       1.97 f
  U202495/CO (FA_X1)                                      0.29       2.26 f
  U202498/CO (FA_X1)                                      0.30       2.56 f
  U202501/CO (FA_X1)                                      0.29       2.85 f
  U166826/ZN (XNOR2_X1)                                   0.16       3.01 f
  U171108/ZN (OR2_X1)                                     0.22       3.23 f
  U202396/ZN (INV_X2)                                     0.22       3.45 r
  U202470/ZN (AOI22_X1)                                   0.10       3.54 f
  U202471/ZN (OAI21_X1)                                   0.13       3.67 r
  vortex/g_clusters[0].cluster/g_sockets[0].socket/g_cores[0].core/execute/alu_unit/g_blocks[0].muldiv_unit/serial_div/working_reg[0][56]/D (DFF_X1)
                                                          0.01       3.68 r
  data arrival time                                                  3.68

  clock CLK (rise edge)                                   4.00       4.00
  clock network delay (ideal)                             0.00       4.00
  clock uncertainty                                      -0.25       3.75
  vortex/g_clusters[0].cluster/g_sockets[0].socket/g_cores[0].core/execute/alu_unit/g_blocks[0].muldiv_unit/serial_div/working_reg[0][56]/CK (DFF_X1)
                                                          0.00       3.75 r
  library setup time                                     -0.07       3.68
  data required time                                                 3.68
  --------------------------------------------------------------------------
  data required time                                                 3.68
  data arrival time                                                 -3.68
  --------------------------------------------------------------------------
  slack (MET)                                                        0.00


  Startpoint: vortex/g_clusters[0].cluster/g_sockets[0].socket/g_cores[0].core/execute/fpu_unit/g_blocks[0].fpu_dsp/fpu_fma/g_fmas[0].fma_unit/a_mant_s1_reg[22]
              (rising edge-triggered flip-flop clocked by CLK)
  Endpoint: vortex/g_clusters[0].cluster/g_sockets[0].socket/g_cores[0].core/execute/fpu_unit/g_blocks[0].fpu_dsp/fpu_fma/g_fmas[0].fma_unit/pp2_reg[18]
            (rising edge-triggered flip-flop clocked by CLK)
  Path Group: CLK
  Path Type: max

  Des/Clust/Port     Wire Load Model       Library
  ------------------------------------------------
  Vortex_axi         5K_hvratio_1_1        NangateOpenCellLibrary_ss0p95v125c

  Point                                                   Incr       Path
  --------------------------------------------------------------------------
  clock CLK (rise edge)                                   0.00       0.00
  clock network delay (ideal)                             0.00       0.00
  vortex/g_clusters[0].cluster/g_sockets[0].socket/g_cores[0].core/execute/fpu_unit/g_blocks[0].fpu_dsp/fpu_fma/g_fmas[0].fma_unit/a_mant_s1_reg[22]/CK (DFF_X1)
                                                          0.00 #     0.00 r
  vortex/g_clusters[0].cluster/g_sockets[0].socket/g_cores[0].core/execute/fpu_unit/g_blocks[0].fpu_dsp/fpu_fma/g_fmas[0].fma_unit/a_mant_s1_reg[22]/Q (DFF_X1)
                                                          0.31       0.31 f
  U170497/ZN (XNOR2_X2)                                   0.45       0.76 r
  U216599/Z (CLKBUF_X2)                                   0.31       1.07 r
  U216600/ZN (OAI22_X1)                                   0.13       1.19 f
  U216625/CO (FA_X1)                                      0.31       1.50 f
  U216679/CO (FA_X1)                                      0.30       1.79 f
  U216680/S (FA_X1)                                       0.38       2.17 f
  U216693/S (FA_X1)                                       0.45       2.62 r
  U167456/ZN (INV_X1)                                     0.04       2.67 f
  U162862/ZN (NAND2_X1)                                   0.09       2.76 r
  U170316/ZN (AND2_X2)                                    0.13       2.89 r
  U170805/ZN (NAND3_X1)                                   0.07       2.96 f
  U169696/ZN (NAND2_X1)                                   0.08       3.04 r
  U165230/ZN (INV_X1)                                     0.04       3.08 f
  U169800/ZN (NAND2_X1)                                   0.14       3.22 r
  U216924/ZN (AOI21_X1)                                   0.09       3.31 f
  U216925/ZN (XNOR2_X1)                                   0.14       3.45 f
  U216926/ZN (AOI22_X1)                                   0.14       3.59 r
  U216927/ZN (INV_X1)                                     0.05       3.63 f
  vortex/g_clusters[0].cluster/g_sockets[0].socket/g_cores[0].core/execute/fpu_unit/g_blocks[0].fpu_dsp/fpu_fma/g_fmas[0].fma_unit/pp2_reg[18]/D (DFF_X1)
                                                          0.01       3.64 f
  data arrival time                                                  3.64

  clock CLK (rise edge)                                   4.00       4.00
  clock network delay (ideal)                             0.00       4.00
  clock uncertainty                                      -0.25       3.75
  vortex/g_clusters[0].cluster/g_sockets[0].socket/g_cores[0].core/execute/fpu_unit/g_blocks[0].fpu_dsp/fpu_fma/g_fmas[0].fma_unit/pp2_reg[18]/CK (DFF_X1)
                                                          0.00       3.75 r
  library setup time                                     -0.11       3.64
  data required time                                                 3.64
  --------------------------------------------------------------------------
  data required time                                                 3.64
  data arrival time                                                 -3.64
  --------------------------------------------------------------------------
  slack (MET)                                                        0.00


  Startpoint: vortex/g_clusters[0].cluster/g_sockets[0].socket/g_cores[0].core/execute/alu_unit/g_blocks[0].muldiv_unit/g_multiplier[0].multiplier/g_imul_3stage.b_high_s1_reg[0]
              (rising edge-triggered flip-flop clocked by CLK)
  Endpoint: vortex/g_clusters[0].cluster/g_sockets[0].socket/g_cores[0].core/execute/alu_unit/g_blocks[0].muldiv_unit/g_multiplier[0].multiplier/g_imul_3stage.p11_s2_reg[24]
            (rising edge-triggered flip-flop clocked by CLK)
  Path Group: CLK
  Path Type: max

  Des/Clust/Port     Wire Load Model       Library
  ------------------------------------------------
  Vortex_axi         5K_hvratio_1_1        NangateOpenCellLibrary_ss0p95v125c

  Point                                                   Incr       Path
  --------------------------------------------------------------------------
  clock CLK (rise edge)                                   0.00       0.00
  clock network delay (ideal)                             0.00       0.00
  vortex/g_clusters[0].cluster/g_sockets[0].socket/g_cores[0].core/execute/alu_unit/g_blocks[0].muldiv_unit/g_multiplier[0].multiplier/g_imul_3stage.b_high_s1_reg[0]/CK (DFF_X1)
                                                          0.00 #     0.00 r
  vortex/g_clusters[0].cluster/g_sockets[0].socket/g_cores[0].core/execute/alu_unit/g_blocks[0].muldiv_unit/g_multiplier[0].multiplier/g_imul_3stage.b_high_s1_reg[0]/Q (DFF_X1)
                                                          0.50       0.50 r
  U170003/Z (CLKBUF_X2)                                   0.33       0.82 r
  U180064/ZN (XNOR2_X1)                                   0.21       1.03 r
  U180066/ZN (OAI22_X1)                                   0.09       1.12 f
  U163005/ZN (AND2_X1)                                    0.14       1.26 f
  U180106/CO (FA_X1)                                      0.29       1.55 f
  U180158/CO (FA_X1)                                      0.35       1.90 f
  U169415/ZN (OR2_X1)                                     0.19       2.09 f
  U167063/ZN (NAND2_X1)                                   0.07       2.17 r
  U167061/ZN (NAND2_X1)                                   0.06       2.23 f
  U180218/S (FA_X1)                                       0.47       2.70 r
  U168509/ZN (NAND2_X1)                                   0.08       2.77 f
  U162822/ZN (OAI21_X1)                                   0.25       3.02 r
  U180271/ZN (AOI21_X2)                                   0.12       3.14 f
  U162557/ZN (NAND2_X1)                                   0.15       3.29 r
  U180970/ZN (AOI21_X1)                                   0.08       3.37 f
  U180988/ZN (XNOR2_X1)                                   0.14       3.51 f
  U180989/ZN (NAND2_X1)                                   0.07       3.58 r
  U180990/ZN (NAND2_X1)                                   0.06       3.63 f
  vortex/g_clusters[0].cluster/g_sockets[0].socket/g_cores[0].core/execute/alu_unit/g_blocks[0].muldiv_unit/g_multiplier[0].multiplier/g_imul_3stage.p11_s2_reg[24]/D (DFF_X1)
                                                          0.01       3.64 f
  data arrival time                                                  3.64

  clock CLK (rise edge)                                   4.00       4.00
  clock network delay (ideal)                             0.00       4.00
  clock uncertainty                                      -0.25       3.75
  vortex/g_clusters[0].cluster/g_sockets[0].socket/g_cores[0].core/execute/alu_unit/g_blocks[0].muldiv_unit/g_multiplier[0].multiplier/g_imul_3stage.p11_s2_reg[24]/CK (DFF_X1)
                                                          0.00       3.75 r
  library setup time                                     -0.11       3.64
  data required time                                                 3.64
  --------------------------------------------------------------------------
  data required time                                                 3.64
  data arrival time                                                 -3.64
  --------------------------------------------------------------------------
  slack (MET)                                                        0.00


  Startpoint: vortex/g_clusters[0].cluster/g_sockets[0].socket/g_cores[0].core/execute/alu_unit/g_blocks[0].muldiv_unit/g_multiplier[2].multiplier/g_imul_3stage.a_low_s1_reg[3]
              (rising edge-triggered flip-flop clocked by CLK)
  Endpoint: vortex/g_clusters[0].cluster/g_sockets[0].socket/g_cores[0].core/execute/alu_unit/g_blocks[0].muldiv_unit/g_multiplier[2].multiplier/g_imul_3stage.p01_s2_reg[29]
            (rising edge-triggered flip-flop clocked by CLK)
  Path Group: CLK
  Path Type: max

  Des/Clust/Port     Wire Load Model       Library
  ------------------------------------------------
  Vortex_axi         5K_hvratio_1_1        NangateOpenCellLibrary_ss0p95v125c

  Point                                                   Incr       Path
  --------------------------------------------------------------------------
  clock CLK (rise edge)                                   0.00       0.00
  clock network delay (ideal)                             0.00       0.00
  vortex/g_clusters[0].cluster/g_sockets[0].socket/g_cores[0].core/execute/alu_unit/g_blocks[0].muldiv_unit/g_multiplier[2].multiplier/g_imul_3stage.a_low_s1_reg[3]/CK (DFF_X1)
                                                          0.00 #     0.00 r
  vortex/g_clusters[0].cluster/g_sockets[0].socket/g_cores[0].core/execute/alu_unit/g_blocks[0].muldiv_unit/g_multiplier[2].multiplier/g_imul_3stage.a_low_s1_reg[3]/Q (DFF_X1)
                                                          0.40       0.40 r
  U163507/ZN (INV_X1)                                     0.11       0.50 f
  U177541/ZN (INV_X2)                                     0.26       0.77 r
  U177543/ZN (XNOR2_X1)                                   0.13       0.90 f
  U177544/ZN (OAI22_X1)                                   0.23       1.13 r
  U177557/S (HA_X1)                                       0.24       1.37 r
  U177559/S (FA_X1)                                       0.36       1.74 f
  U162971/ZN (AND2_X1)                                    0.13       1.87 f
  U177592/ZN (AOI21_X1)                                   0.22       2.09 r
  U177594/ZN (OAI21_X1)                                   0.12       2.21 f
  U169983/ZN (AOI21_X2)                                   0.16       2.36 r
  U169982/ZN (OAI21_X2)                                   0.09       2.45 f
  U170310/ZN (NAND2_X1)                                   0.07       2.52 r
  U170308/ZN (AND2_X1)                                    0.14       2.66 r
  U170307/ZN (OAI21_X1)                                   0.07       2.72 f
  U168948/ZN (AOI21_X1)                                   0.11       2.83 r
  U169988/ZN (INV_X1)                                     0.05       2.89 f
  U169888/ZN (NAND2_X1)                                   0.08       2.97 r
  U169911/ZN (NAND2_X2)                                   0.09       3.06 f
  U181192/ZN (AOI21_X2)                                   0.20       3.27 r
  U181251/ZN (OAI21_X1)                                   0.09       3.36 f
  U181253/ZN (XNOR2_X1)                                   0.15       3.51 f
  U181254/ZN (NAND2_X1)                                   0.06       3.57 r
  U181256/ZN (NAND2_X1)                                   0.06       3.63 f
  vortex/g_clusters[0].cluster/g_sockets[0].socket/g_cores[0].core/execute/alu_unit/g_blocks[0].muldiv_unit/g_multiplier[2].multiplier/g_imul_3stage.p01_s2_reg[29]/D (DFF_X1)
                                                          0.01       3.64 f
  data arrival time                                                  3.64

  clock CLK (rise edge)                                   4.00       4.00
  clock network delay (ideal)                             0.00       4.00
  clock uncertainty                                      -0.25       3.75
  vortex/g_clusters[0].cluster/g_sockets[0].socket/g_cores[0].core/execute/alu_unit/g_blocks[0].muldiv_unit/g_multiplier[2].multiplier/g_imul_3stage.p01_s2_reg[29]/CK (DFF_X1)
                                                          0.00       3.75 r
  library setup time                                     -0.11       3.64
  data required time                                                 3.64
  --------------------------------------------------------------------------
  data required time                                                 3.64
  data arrival time                                                 -3.64
  --------------------------------------------------------------------------
  slack (MET)                                                        0.00


  Startpoint: vortex/g_clusters[0].cluster/g_sockets[0].socket/g_cores[0].core/execute/alu_unit/g_blocks[0].muldiv_unit/g_multiplier[3].multiplier/g_imul_3stage.a_low_s1_reg[11]
              (rising edge-triggered flip-flop clocked by CLK)
  Endpoint: vortex/g_clusters[0].cluster/g_sockets[0].socket/g_cores[0].core/execute/alu_unit/g_blocks[0].muldiv_unit/g_multiplier[3].multiplier/g_imul_3stage.p00_s2_reg[29]
            (rising edge-triggered flip-flop clocked by CLK)
  Path Group: CLK
  Path Type: max

  Des/Clust/Port     Wire Load Model       Library
  ------------------------------------------------
  Vortex_axi         5K_hvratio_1_1        NangateOpenCellLibrary_ss0p95v125c

  Point                                                   Incr       Path
  --------------------------------------------------------------------------
  clock CLK (rise edge)                                   0.00       0.00
  clock network delay (ideal)                             0.00       0.00
  vortex/g_clusters[0].cluster/g_sockets[0].socket/g_cores[0].core/execute/alu_unit/g_blocks[0].muldiv_unit/g_multiplier[3].multiplier/g_imul_3stage.a_low_s1_reg[11]/CK (DFF_X1)
                                                          0.00 #     0.00 r
  vortex/g_clusters[0].cluster/g_sockets[0].socket/g_cores[0].core/execute/alu_unit/g_blocks[0].muldiv_unit/g_multiplier[3].multiplier/g_imul_3stage.a_low_s1_reg[11]/Q (DFF_X1)
                                                          0.40       0.40 r
  U169805/ZN (XNOR2_X2)                                   0.20       0.60 r
  U162627/Z (CLKBUF_X2)                                   0.29       0.89 r
  U182581/ZN (OAI22_X1)                                   0.13       1.03 f
  U182609/CO (FA_X1)                                      0.31       1.33 f
  U182636/S (FA_X1)                                       0.46       1.79 f
  U182614/ZN (XNOR2_X1)                                   0.17       1.96 f
  U182616/ZN (XNOR2_X1)                                   0.15       2.11 f
  U182638/S (FA_X1)                                       0.43       2.55 f
  U162844/ZN (NOR2_X1)                                    0.16       2.71 r
  U170009/ZN (NOR2_X1)                                    0.07       2.78 f
  U182726/ZN (NAND2_X1)                                   0.07       2.85 r
  U182727/ZN (AND2_X2)                                    0.12       2.97 r
  U162784/ZN (OAI21_X1)                                   0.06       3.03 f
  U182738/ZN (AOI21_X2)                                   0.24       3.27 r
  U184355/ZN (OAI21_X1)                                   0.09       3.36 f
  U184357/ZN (XNOR2_X1)                                   0.15       3.51 f
  U184358/ZN (NAND2_X1)                                   0.06       3.58 r
  U184360/ZN (NAND2_X1)                                   0.06       3.63 f
  vortex/g_clusters[0].cluster/g_sockets[0].socket/g_cores[0].core/execute/alu_unit/g_blocks[0].muldiv_unit/g_multiplier[3].multiplier/g_imul_3stage.p00_s2_reg[29]/D (DFF_X1)
                                                          0.01       3.64 f
  data arrival time                                                  3.64

  clock CLK (rise edge)                                   4.00       4.00
  clock network delay (ideal)                             0.00       4.00
  clock uncertainty                                      -0.25       3.75
  vortex/g_clusters[0].cluster/g_sockets[0].socket/g_cores[0].core/execute/alu_unit/g_blocks[0].muldiv_unit/g_multiplier[3].multiplier/g_imul_3stage.p00_s2_reg[29]/CK (DFF_X1)
                                                          0.00       3.75 r
  library setup time                                     -0.11       3.64
  data required time                                                 3.64
  --------------------------------------------------------------------------
  data required time                                                 3.64
  data arrival time                                                 -3.64
  --------------------------------------------------------------------------
  slack (MET)                                                        0.00


  Startpoint: vortex/g_clusters[0].cluster/g_sockets[0].socket/g_cores[0].core/execute/alu_unit/g_blocks[0].muldiv_unit/g_multiplier[3].multiplier/g_imul_3stage.a_low_s1_reg[11]
              (rising edge-triggered flip-flop clocked by CLK)
  Endpoint: vortex/g_clusters[0].cluster/g_sockets[0].socket/g_cores[0].core/execute/alu_unit/g_blocks[0].muldiv_unit/g_multiplier[3].multiplier/g_imul_3stage.p00_s2_reg[30]
            (rising edge-triggered flip-flop clocked by CLK)
  Path Group: CLK
  Path Type: max

  Des/Clust/Port     Wire Load Model       Library
  ------------------------------------------------
  Vortex_axi         5K_hvratio_1_1        NangateOpenCellLibrary_ss0p95v125c

  Point                                                   Incr       Path
  --------------------------------------------------------------------------
  clock CLK (rise edge)                                   0.00       0.00
  clock network delay (ideal)                             0.00       0.00
  vortex/g_clusters[0].cluster/g_sockets[0].socket/g_cores[0].core/execute/alu_unit/g_blocks[0].muldiv_unit/g_multiplier[3].multiplier/g_imul_3stage.a_low_s1_reg[11]/CK (DFF_X1)
                                                          0.00 #     0.00 r
  vortex/g_clusters[0].cluster/g_sockets[0].socket/g_cores[0].core/execute/alu_unit/g_blocks[0].muldiv_unit/g_multiplier[3].multiplier/g_imul_3stage.a_low_s1_reg[11]/Q (DFF_X1)
                                                          0.40       0.40 r
  U169805/ZN (XNOR2_X2)                                   0.20       0.60 r
  U162627/Z (CLKBUF_X2)                                   0.29       0.89 r
  U182581/ZN (OAI22_X1)                                   0.13       1.03 f
  U182609/CO (FA_X1)                                      0.31       1.33 f
  U182636/S (FA_X1)                                       0.46       1.79 f
  U182614/ZN (XNOR2_X1)                                   0.17       1.96 f
  U182616/ZN (XNOR2_X1)                                   0.15       2.11 f
  U182638/S (FA_X1)                                       0.43       2.55 f
  U162844/ZN (NOR2_X1)                                    0.16       2.71 r
  U170009/ZN (NOR2_X1)                                    0.07       2.78 f
  U182726/ZN (NAND2_X1)                                   0.07       2.85 r
  U182727/ZN (AND2_X2)                                    0.12       2.97 r
  U162784/ZN (OAI21_X1)                                   0.06       3.03 f
  U182738/ZN (AOI21_X2)                                   0.24       3.27 r
  U184077/ZN (OAI21_X1)                                   0.09       3.36 f
  U184087/ZN (XNOR2_X1)                                   0.15       3.51 f
  U184088/ZN (NAND2_X1)                                   0.06       3.58 r
  U184090/ZN (NAND2_X1)                                   0.06       3.63 f
  vortex/g_clusters[0].cluster/g_sockets[0].socket/g_cores[0].core/execute/alu_unit/g_blocks[0].muldiv_unit/g_multiplier[3].multiplier/g_imul_3stage.p00_s2_reg[30]/D (DFF_X1)
                                                          0.01       3.64 f
  data arrival time                                                  3.64

  clock CLK (rise edge)                                   4.00       4.00
  clock network delay (ideal)                             0.00       4.00
  clock uncertainty                                      -0.25       3.75
  vortex/g_clusters[0].cluster/g_sockets[0].socket/g_cores[0].core/execute/alu_unit/g_blocks[0].muldiv_unit/g_multiplier[3].multiplier/g_imul_3stage.p00_s2_reg[30]/CK (DFF_X1)
                                                          0.00       3.75 r
  library setup time                                     -0.11       3.64
  data required time                                                 3.64
  --------------------------------------------------------------------------
  data required time                                                 3.64
  data arrival time                                                 -3.64
  --------------------------------------------------------------------------
  slack (MET)                                                        0.00


  Startpoint: vortex/g_clusters[0].cluster/g_sockets[0].socket/g_cores[0].core/execute/alu_unit/g_blocks[0].muldiv_unit/g_multiplier[2].multiplier/g_imul_3stage.a_high_s1_reg[16]
              (rising edge-triggered flip-flop clocked by CLK)
  Endpoint: vortex/g_clusters[0].cluster/g_sockets[0].socket/g_cores[0].core/execute/alu_unit/g_blocks[0].muldiv_unit/g_multiplier[2].multiplier/g_imul_3stage.p10_s2_reg[29]
            (rising edge-triggered flip-flop clocked by CLK)
  Path Group: CLK
  Path Type: max

  Des/Clust/Port     Wire Load Model       Library
  ------------------------------------------------
  Vortex_axi         5K_hvratio_1_1        NangateOpenCellLibrary_ss0p95v125c

  Point                                                   Incr       Path
  --------------------------------------------------------------------------
  clock CLK (rise edge)                                   0.00       0.00
  clock network delay (ideal)                             0.00       0.00
  vortex/g_clusters[0].cluster/g_sockets[0].socket/g_cores[0].core/execute/alu_unit/g_blocks[0].muldiv_unit/g_multiplier[2].multiplier/g_imul_3stage.a_high_s1_reg[16]/CK (DFF_X1)
                                                          0.00 #     0.00 r
  vortex/g_clusters[0].cluster/g_sockets[0].socket/g_cores[0].core/execute/alu_unit/g_blocks[0].muldiv_unit/g_multiplier[2].multiplier/g_imul_3stage.a_high_s1_reg[16]/Q (DFF_X1)
                                                          0.36       0.36 r
  U169050/ZN (INV_X2)                                     0.05       0.41 f
  U169051/ZN (INV_X4)                                     0.15       0.56 r
  U169198/ZN (XNOR2_X2)                                   0.28       0.84 r
  U166933/Z (BUF_X4)                                      0.25       1.09 r
  U181719/ZN (NOR2_X1)                                    0.09       1.18 f
  U181928/S (FA_X1)                                       0.38       1.55 f
  U181923/CO (FA_X1)                                      0.30       1.85 f
  U181944/CO (FA_X1)                                      0.30       2.16 f
  U181988/S (FA_X1)                                       0.44       2.60 f
  U162837/ZN (NOR2_X1)                                    0.20       2.80 r
  U166255/ZN (OAI21_X1)                                   0.10       2.90 f
  U169672/ZN (NAND2_X1)                                   0.08       2.99 r
  U169965/ZN (AND2_X2)                                    0.15       3.13 r
  U182202/ZN (OAI21_X1)                                   0.07       3.20 f
  U182203/ZN (AOI21_X1)                                   0.18       3.38 r
  U182205/ZN (XNOR2_X1)                                   0.16       3.54 r
  U182206/ZN (NAND2_X1)                                   0.06       3.60 f
  U182208/ZN (NAND2_X1)                                   0.08       3.68 r
  vortex/g_clusters[0].cluster/g_sockets[0].socket/g_cores[0].core/execute/alu_unit/g_blocks[0].muldiv_unit/g_multiplier[2].multiplier/g_imul_3stage.p10_s2_reg[29]/D (DFF_X1)
                                                          0.01       3.69 r
  data arrival time                                                  3.69

  clock CLK (rise edge)                                   4.00       4.00
  clock network delay (ideal)                             0.00       4.00
  clock uncertainty                                      -0.25       3.75
  vortex/g_clusters[0].cluster/g_sockets[0].socket/g_cores[0].core/execute/alu_unit/g_blocks[0].muldiv_unit/g_multiplier[2].multiplier/g_imul_3stage.p10_s2_reg[29]/CK (DFF_X1)
                                                          0.00       3.75 r
  library setup time                                     -0.06       3.69
  data required time                                                 3.69
  --------------------------------------------------------------------------
  data required time                                                 3.69
  data arrival time                                                 -3.69
  --------------------------------------------------------------------------
  slack (MET)                                                        0.00


  Startpoint: vortex/g_clusters[0].cluster/g_sockets[0].socket/g_cores[0].core/execute/alu_unit/g_blocks[0].muldiv_unit/g_multiplier[2].multiplier/g_imul_3stage.a_high_s1_reg[16]
              (rising edge-triggered flip-flop clocked by CLK)
  Endpoint: vortex/g_clusters[0].cluster/g_sockets[0].socket/g_cores[0].core/execute/alu_unit/g_blocks[0].muldiv_unit/g_multiplier[2].multiplier/g_imul_3stage.p10_s2_reg[31]
            (rising edge-triggered flip-flop clocked by CLK)
  Path Group: CLK
  Path Type: max

  Des/Clust/Port     Wire Load Model       Library
  ------------------------------------------------
  Vortex_axi         5K_hvratio_1_1        NangateOpenCellLibrary_ss0p95v125c

  Point                                                   Incr       Path
  --------------------------------------------------------------------------
  clock CLK (rise edge)                                   0.00       0.00
  clock network delay (ideal)                             0.00       0.00
  vortex/g_clusters[0].cluster/g_sockets[0].socket/g_cores[0].core/execute/alu_unit/g_blocks[0].muldiv_unit/g_multiplier[2].multiplier/g_imul_3stage.a_high_s1_reg[16]/CK (DFF_X1)
                                                          0.00 #     0.00 r
  vortex/g_clusters[0].cluster/g_sockets[0].socket/g_cores[0].core/execute/alu_unit/g_blocks[0].muldiv_unit/g_multiplier[2].multiplier/g_imul_3stage.a_high_s1_reg[16]/Q (DFF_X1)
                                                          0.36       0.36 r
  U169050/ZN (INV_X2)                                     0.05       0.41 f
  U169051/ZN (INV_X4)                                     0.15       0.56 r
  U169198/ZN (XNOR2_X2)                                   0.28       0.84 r
  U166933/Z (BUF_X4)                                      0.25       1.09 r
  U181719/ZN (NOR2_X1)                                    0.09       1.18 f
  U181928/S (FA_X1)                                       0.38       1.55 f
  U181923/CO (FA_X1)                                      0.30       1.85 f
  U181944/CO (FA_X1)                                      0.30       2.16 f
  U181988/S (FA_X1)                                       0.44       2.60 f
  U162837/ZN (NOR2_X1)                                    0.20       2.80 r
  U166255/ZN (OAI21_X1)                                   0.10       2.90 f
  U169672/ZN (NAND2_X1)                                   0.08       2.99 r
  U169965/ZN (AND2_X2)                                    0.15       3.13 r
  U169092/ZN (OAI21_X1)                                   0.07       3.20 f
  U182108/ZN (AOI21_X1)                                   0.18       3.38 r
  U172968/ZN (XNOR2_X1)                                   0.16       3.54 r
  U182117/ZN (NAND2_X1)                                   0.06       3.60 f
  U182119/ZN (NAND2_X1)                                   0.08       3.68 r
  vortex/g_clusters[0].cluster/g_sockets[0].socket/g_cores[0].core/execute/alu_unit/g_blocks[0].muldiv_unit/g_multiplier[2].multiplier/g_imul_3stage.p10_s2_reg[31]/D (DFF_X1)
                                                          0.01       3.69 r
  data arrival time                                                  3.69

  clock CLK (rise edge)                                   4.00       4.00
  clock network delay (ideal)                             0.00       4.00
  clock uncertainty                                      -0.25       3.75
  vortex/g_clusters[0].cluster/g_sockets[0].socket/g_cores[0].core/execute/alu_unit/g_blocks[0].muldiv_unit/g_multiplier[2].multiplier/g_imul_3stage.p10_s2_reg[31]/CK (DFF_X1)
                                                          0.00       3.75 r
  library setup time                                     -0.06       3.69
  data required time                                                 3.69
  --------------------------------------------------------------------------
  data required time                                                 3.69
  data arrival time                                                 -3.69
  --------------------------------------------------------------------------
  slack (MET)                                                        0.00


  Startpoint: vortex/g_clusters[0].cluster/g_sockets[0].socket/g_cores[0].core/execute/alu_unit/g_blocks[0].muldiv_unit/g_multiplier[3].multiplier/g_imul_3stage.a_low_s1_reg[11]
              (rising edge-triggered flip-flop clocked by CLK)
  Endpoint: vortex/g_clusters[0].cluster/g_sockets[0].socket/g_cores[0].core/execute/alu_unit/g_blocks[0].muldiv_unit/g_multiplier[3].multiplier/g_imul_3stage.p00_s2_reg[28]
            (rising edge-triggered flip-flop clocked by CLK)
  Path Group: CLK
  Path Type: max

  Des/Clust/Port     Wire Load Model       Library
  ------------------------------------------------
  Vortex_axi         5K_hvratio_1_1        NangateOpenCellLibrary_ss0p95v125c

  Point                                                   Incr       Path
  --------------------------------------------------------------------------
  clock CLK (rise edge)                                   0.00       0.00
  clock network delay (ideal)                             0.00       0.00
  vortex/g_clusters[0].cluster/g_sockets[0].socket/g_cores[0].core/execute/alu_unit/g_blocks[0].muldiv_unit/g_multiplier[3].multiplier/g_imul_3stage.a_low_s1_reg[11]/CK (DFF_X1)
                                                          0.00 #     0.00 r
  vortex/g_clusters[0].cluster/g_sockets[0].socket/g_cores[0].core/execute/alu_unit/g_blocks[0].muldiv_unit/g_multiplier[3].multiplier/g_imul_3stage.a_low_s1_reg[11]/Q (DFF_X1)
                                                          0.40       0.40 r
  U169805/ZN (XNOR2_X2)                                   0.20       0.60 r
  U162627/Z (CLKBUF_X2)                                   0.29       0.89 r
  U182581/ZN (OAI22_X1)                                   0.13       1.03 f
  U182609/CO (FA_X1)                                      0.31       1.33 f
  U182636/S (FA_X1)                                       0.46       1.79 f
  U182614/ZN (XNOR2_X1)                                   0.17       1.96 f
  U182616/ZN (XNOR2_X1)                                   0.15       2.11 f
  U182638/S (FA_X1)                                       0.43       2.55 f
  U162844/ZN (NOR2_X1)                                    0.16       2.71 r
  U170009/ZN (NOR2_X1)                                    0.07       2.78 f
  U182726/ZN (NAND2_X1)                                   0.07       2.85 r
  U182727/ZN (AND2_X2)                                    0.12       2.97 r
  U162784/ZN (OAI21_X1)                                   0.06       3.03 f
  U182738/ZN (AOI21_X2)                                   0.24       3.27 r
  U184097/ZN (OAI21_X1)                                   0.09       3.36 f
  U184100/ZN (XNOR2_X1)                                   0.15       3.51 f
  U184101/ZN (NAND2_X1)                                   0.06       3.58 r
  U184103/ZN (NAND2_X1)                                   0.06       3.63 f
  vortex/g_clusters[0].cluster/g_sockets[0].socket/g_cores[0].core/execute/alu_unit/g_blocks[0].muldiv_unit/g_multiplier[3].multiplier/g_imul_3stage.p00_s2_reg[28]/D (DFF_X1)
                                                          0.01       3.64 f
  data arrival time                                                  3.64

  clock CLK (rise edge)                                   4.00       4.00
  clock network delay (ideal)                             0.00       4.00
  clock uncertainty                                      -0.25       3.75
  vortex/g_clusters[0].cluster/g_sockets[0].socket/g_cores[0].core/execute/alu_unit/g_blocks[0].muldiv_unit/g_multiplier[3].multiplier/g_imul_3stage.p00_s2_reg[28]/CK (DFF_X1)
                                                          0.00       3.75 r
  library setup time                                     -0.11       3.64
  data required time                                                 3.64
  --------------------------------------------------------------------------
  data required time                                                 3.64
  data arrival time                                                 -3.64
  --------------------------------------------------------------------------
  slack (MET)                                                        0.00


  Startpoint: vortex/g_clusters[0].cluster/g_sockets[0].socket/g_cores[0].core/execute/alu_unit/g_blocks[0].muldiv_unit/g_multiplier[3].multiplier/g_imul_3stage.a_low_s1_reg[11]
              (rising edge-triggered flip-flop clocked by CLK)
  Endpoint: vortex/g_clusters[0].cluster/g_sockets[0].socket/g_cores[0].core/execute/alu_unit/g_blocks[0].muldiv_unit/g_multiplier[3].multiplier/g_imul_3stage.p00_s2_reg[31]
            (rising edge-triggered flip-flop clocked by CLK)
  Path Group: CLK
  Path Type: max

  Des/Clust/Port     Wire Load Model       Library
  ------------------------------------------------
  Vortex_axi         5K_hvratio_1_1        NangateOpenCellLibrary_ss0p95v125c

  Point                                                   Incr       Path
  --------------------------------------------------------------------------
  clock CLK (rise edge)                                   0.00       0.00
  clock network delay (ideal)                             0.00       0.00
  vortex/g_clusters[0].cluster/g_sockets[0].socket/g_cores[0].core/execute/alu_unit/g_blocks[0].muldiv_unit/g_multiplier[3].multiplier/g_imul_3stage.a_low_s1_reg[11]/CK (DFF_X1)
                                                          0.00 #     0.00 r
  vortex/g_clusters[0].cluster/g_sockets[0].socket/g_cores[0].core/execute/alu_unit/g_blocks[0].muldiv_unit/g_multiplier[3].multiplier/g_imul_3stage.a_low_s1_reg[11]/Q (DFF_X1)
                                                          0.40       0.40 r
  U169805/ZN (XNOR2_X2)                                   0.20       0.60 r
  U162627/Z (CLKBUF_X2)                                   0.29       0.89 r
  U182581/ZN (OAI22_X1)                                   0.13       1.03 f
  U182609/CO (FA_X1)                                      0.31       1.33 f
  U182636/S (FA_X1)                                       0.46       1.79 f
  U182614/ZN (XNOR2_X1)                                   0.17       1.96 f
  U182616/ZN (XNOR2_X1)                                   0.15       2.11 f
  U182638/S (FA_X1)                                       0.43       2.55 f
  U162844/ZN (NOR2_X1)                                    0.16       2.71 r
  U170009/ZN (NOR2_X1)                                    0.07       2.78 f
  U182726/ZN (NAND2_X1)                                   0.07       2.85 r
  U182727/ZN (AND2_X2)                                    0.12       2.97 r
  U162784/ZN (OAI21_X1)                                   0.06       3.03 f
  U182738/ZN (AOI21_X2)                                   0.24       3.27 r
  U184340/ZN (OAI21_X1)                                   0.09       3.36 f
  U184350/ZN (XNOR2_X1)                                   0.15       3.51 f
  U184351/ZN (NAND2_X1)                                   0.06       3.58 r
  U173196/ZN (NAND2_X1)                                   0.06       3.63 f
  vortex/g_clusters[0].cluster/g_sockets[0].socket/g_cores[0].core/execute/alu_unit/g_blocks[0].muldiv_unit/g_multiplier[3].multiplier/g_imul_3stage.p00_s2_reg[31]/D (DFF_X1)
                                                          0.01       3.64 f
  data arrival time                                                  3.64

  clock CLK (rise edge)                                   4.00       4.00
  clock network delay (ideal)                             0.00       4.00
  clock uncertainty                                      -0.25       3.75
  vortex/g_clusters[0].cluster/g_sockets[0].socket/g_cores[0].core/execute/alu_unit/g_blocks[0].muldiv_unit/g_multiplier[3].multiplier/g_imul_3stage.p00_s2_reg[31]/CK (DFF_X1)
                                                          0.00       3.75 r
  library setup time                                     -0.11       3.64
  data required time                                                 3.64
  --------------------------------------------------------------------------
  data required time                                                 3.64
  data arrival time                                                 -3.64
  --------------------------------------------------------------------------
  slack (MET)                                                        0.00


  Startpoint: vortex/g_clusters[0].cluster/g_sockets[0].socket/dcache/g_cache_wrap[0].cache_wrap/g_bypass.cache_bypass/core_bus_nc_switch/rsp_arb/g_passthru.g_out_buf[0].out_buf/g_eb2.stream_buffer/g_buffer.valid_in_r_reg
              (rising edge-triggered flip-flop clocked by CLK)
  Endpoint: vortex/g_clusters[0].cluster/g_sockets[0].socket/g_cores[0].core/execute/lsu_unit/g_blocks[0].lsu_slice/rsp_buf/g_eb2.stream_buffer/g_buffer.data_out_r_reg[33]
            (rising edge-triggered flip-flop clocked by CLK)
  Path Group: CLK
  Path Type: max

  Des/Clust/Port     Wire Load Model       Library
  ------------------------------------------------
  Vortex_axi         5K_hvratio_1_1        NangateOpenCellLibrary_ss0p95v125c

  Point                                                   Incr       Path
  --------------------------------------------------------------------------
  clock CLK (rise edge)                                   0.00       0.00
  clock network delay (ideal)                             0.00       0.00
  vortex/g_clusters[0].cluster/g_sockets[0].socket/dcache/g_cache_wrap[0].cache_wrap/g_bypass.cache_bypass/core_bus_nc_switch/rsp_arb/g_passthru.g_out_buf[0].out_buf/g_eb2.stream_buffer/g_buffer.valid_in_r_reg/CK (DFF_X1)
                                                          0.00 #     0.00 r
  vortex/g_clusters[0].cluster/g_sockets[0].socket/dcache/g_cache_wrap[0].cache_wrap/g_bypass.cache_bypass/core_bus_nc_switch/rsp_arb/g_passthru.g_out_buf[0].out_buf/g_eb2.stream_buffer/g_buffer.valid_in_r_reg/Q (DFF_X1)
                                                          0.37       0.37 r
  U171686/ZN (INV_X1)                                     0.07       0.44 f
  U163189/ZN (AOI22_X2)                                   0.24       0.69 r
  U164704/ZN (INV_X1)                                     0.10       0.78 f
  U238743/ZN (NOR2_X4)                                    0.28       1.06 r
  U166909/ZN (AOI22_X1)                                   0.09       1.15 f
  U171618/ZN (AND2_X1)                                    0.16       1.30 f
  U169234/Z (CLKBUF_X2)                                   0.15       1.45 f
  U238752/ZN (INV_X2)                                     0.21       1.66 r
  U171527/ZN (OAI21_X1)                                   0.11       1.77 f
  U162548/ZN (OR2_X2)                                     0.33       2.10 f
  U355978/ZN (INV_X4)                                     0.33       2.43 r
  U165017/ZN (NAND2_X1)                                   0.17       2.60 f
  U172658/ZN (OAI21_X2)                                   0.56       3.15 r
  U356239/ZN (OAI21_X4)                                   0.28       3.43 f
  U356272/ZN (OAI22_X1)                                   0.23       3.66 r
  vortex/g_clusters[0].cluster/g_sockets[0].socket/g_cores[0].core/execute/lsu_unit/g_blocks[0].lsu_slice/rsp_buf/g_eb2.stream_buffer/g_buffer.data_out_r_reg[33]/D (DFF_X1)
                                                          0.01       3.67 r
  data arrival time                                                  3.67

  clock CLK (rise edge)                                   4.00       4.00
  clock network delay (ideal)                             0.00       4.00
  clock uncertainty                                      -0.25       3.75
  vortex/g_clusters[0].cluster/g_sockets[0].socket/g_cores[0].core/execute/lsu_unit/g_blocks[0].lsu_slice/rsp_buf/g_eb2.stream_buffer/g_buffer.data_out_r_reg[33]/CK (DFF_X1)
                                                          0.00       3.75 r
  library setup time                                     -0.08       3.67
  data required time                                                 3.67
  --------------------------------------------------------------------------
  data required time                                                 3.67
  data arrival time                                                 -3.67
  --------------------------------------------------------------------------
  slack (MET)                                                        0.00


  Startpoint: vortex/g_clusters[0].cluster/g_sockets[0].socket/dcache/g_cache_wrap[0].cache_wrap/g_bypass.cache_bypass/core_bus_nc_switch/rsp_arb/g_passthru.g_out_buf[0].out_buf/g_eb2.stream_buffer/g_buffer.valid_in_r_reg
              (rising edge-triggered flip-flop clocked by CLK)
  Endpoint: vortex/g_clusters[0].cluster/g_sockets[0].socket/g_cores[0].core/execute/lsu_unit/g_blocks[0].lsu_slice/rsp_buf/g_eb2.stream_buffer/g_buffer.data_out_r_reg[29]
            (rising edge-triggered flip-flop clocked by CLK)
  Path Group: CLK
  Path Type: max

  Des/Clust/Port     Wire Load Model       Library
  ------------------------------------------------
  Vortex_axi         5K_hvratio_1_1        NangateOpenCellLibrary_ss0p95v125c

  Point                                                   Incr       Path
  --------------------------------------------------------------------------
  clock CLK (rise edge)                                   0.00       0.00
  clock network delay (ideal)                             0.00       0.00
  vortex/g_clusters[0].cluster/g_sockets[0].socket/dcache/g_cache_wrap[0].cache_wrap/g_bypass.cache_bypass/core_bus_nc_switch/rsp_arb/g_passthru.g_out_buf[0].out_buf/g_eb2.stream_buffer/g_buffer.valid_in_r_reg/CK (DFF_X1)
                                                          0.00 #     0.00 r
  vortex/g_clusters[0].cluster/g_sockets[0].socket/dcache/g_cache_wrap[0].cache_wrap/g_bypass.cache_bypass/core_bus_nc_switch/rsp_arb/g_passthru.g_out_buf[0].out_buf/g_eb2.stream_buffer/g_buffer.valid_in_r_reg/Q (DFF_X1)
                                                          0.37       0.37 r
  U171686/ZN (INV_X1)                                     0.07       0.44 f
  U163189/ZN (AOI22_X2)                                   0.24       0.69 r
  U164704/ZN (INV_X1)                                     0.10       0.78 f
  U238743/ZN (NOR2_X4)                                    0.28       1.06 r
  U166909/ZN (AOI22_X1)                                   0.09       1.15 f
  U171618/ZN (AND2_X1)                                    0.16       1.30 f
  U169234/Z (CLKBUF_X2)                                   0.15       1.45 f
  U238752/ZN (INV_X2)                                     0.21       1.66 r
  U171527/ZN (OAI21_X1)                                   0.11       1.77 f
  U162548/ZN (OR2_X2)                                     0.33       2.10 f
  U355978/ZN (INV_X4)                                     0.33       2.43 r
  U165017/ZN (NAND2_X1)                                   0.17       2.60 f
  U172658/ZN (OAI21_X2)                                   0.56       3.15 r
  U356239/ZN (OAI21_X4)                                   0.28       3.43 f
  U356262/ZN (OAI22_X1)                                   0.23       3.66 r
  vortex/g_clusters[0].cluster/g_sockets[0].socket/g_cores[0].core/execute/lsu_unit/g_blocks[0].lsu_slice/rsp_buf/g_eb2.stream_buffer/g_buffer.data_out_r_reg[29]/D (DFF_X1)
                                                          0.01       3.67 r
  data arrival time                                                  3.67

  clock CLK (rise edge)                                   4.00       4.00
  clock network delay (ideal)                             0.00       4.00
  clock uncertainty                                      -0.25       3.75
  vortex/g_clusters[0].cluster/g_sockets[0].socket/g_cores[0].core/execute/lsu_unit/g_blocks[0].lsu_slice/rsp_buf/g_eb2.stream_buffer/g_buffer.data_out_r_reg[29]/CK (DFF_X1)
                                                          0.00       3.75 r
  library setup time                                     -0.08       3.67
  data required time                                                 3.67
  --------------------------------------------------------------------------
  data required time                                                 3.67
  data arrival time                                                 -3.67
  --------------------------------------------------------------------------
  slack (MET)                                                        0.00


  Startpoint: vortex/g_clusters[0].cluster/g_sockets[0].socket/dcache/g_cache_wrap[0].cache_wrap/g_bypass.cache_bypass/core_bus_nc_switch/rsp_arb/g_passthru.g_out_buf[0].out_buf/g_eb2.stream_buffer/g_buffer.valid_in_r_reg
              (rising edge-triggered flip-flop clocked by CLK)
  Endpoint: vortex/g_clusters[0].cluster/g_sockets[0].socket/g_cores[0].core/execute/lsu_unit/g_blocks[0].lsu_slice/rsp_buf/g_eb2.stream_buffer/g_buffer.data_out_r_reg[21]
            (rising edge-triggered flip-flop clocked by CLK)
  Path Group: CLK
  Path Type: max

  Des/Clust/Port     Wire Load Model       Library
  ------------------------------------------------
  Vortex_axi         5K_hvratio_1_1        NangateOpenCellLibrary_ss0p95v125c

  Point                                                   Incr       Path
  --------------------------------------------------------------------------
  clock CLK (rise edge)                                   0.00       0.00
  clock network delay (ideal)                             0.00       0.00
  vortex/g_clusters[0].cluster/g_sockets[0].socket/dcache/g_cache_wrap[0].cache_wrap/g_bypass.cache_bypass/core_bus_nc_switch/rsp_arb/g_passthru.g_out_buf[0].out_buf/g_eb2.stream_buffer/g_buffer.valid_in_r_reg/CK (DFF_X1)
                                                          0.00 #     0.00 r
  vortex/g_clusters[0].cluster/g_sockets[0].socket/dcache/g_cache_wrap[0].cache_wrap/g_bypass.cache_bypass/core_bus_nc_switch/rsp_arb/g_passthru.g_out_buf[0].out_buf/g_eb2.stream_buffer/g_buffer.valid_in_r_reg/Q (DFF_X1)
                                                          0.37       0.37 r
  U171686/ZN (INV_X1)                                     0.07       0.44 f
  U163189/ZN (AOI22_X2)                                   0.24       0.69 r
  U164704/ZN (INV_X1)                                     0.10       0.78 f
  U238743/ZN (NOR2_X4)                                    0.28       1.06 r
  U166909/ZN (AOI22_X1)                                   0.09       1.15 f
  U171618/ZN (AND2_X1)                                    0.16       1.30 f
  U169234/Z (CLKBUF_X2)                                   0.15       1.45 f
  U238752/ZN (INV_X2)                                     0.21       1.66 r
  U171527/ZN (OAI21_X1)                                   0.11       1.77 f
  U162548/ZN (OR2_X2)                                     0.33       2.10 f
  U355978/ZN (INV_X4)                                     0.33       2.43 r
  U165017/ZN (NAND2_X1)                                   0.17       2.60 f
  U172658/ZN (OAI21_X2)                                   0.56       3.15 r
  U356239/ZN (OAI21_X4)                                   0.28       3.43 f
  U356245/ZN (OAI22_X1)                                   0.23       3.66 r
  vortex/g_clusters[0].cluster/g_sockets[0].socket/g_cores[0].core/execute/lsu_unit/g_blocks[0].lsu_slice/rsp_buf/g_eb2.stream_buffer/g_buffer.data_out_r_reg[21]/D (DFF_X1)
                                                          0.01       3.67 r
  data arrival time                                                  3.67

  clock CLK (rise edge)                                   4.00       4.00
  clock network delay (ideal)                             0.00       4.00
  clock uncertainty                                      -0.25       3.75
  vortex/g_clusters[0].cluster/g_sockets[0].socket/g_cores[0].core/execute/lsu_unit/g_blocks[0].lsu_slice/rsp_buf/g_eb2.stream_buffer/g_buffer.data_out_r_reg[21]/CK (DFF_X1)
                                                          0.00       3.75 r
  library setup time                                     -0.08       3.67
  data required time                                                 3.67
  --------------------------------------------------------------------------
  data required time                                                 3.67
  data arrival time                                                 -3.67
  --------------------------------------------------------------------------
  slack (MET)                                                        0.00


  Startpoint: vortex/g_clusters[0].cluster/g_sockets[0].socket/dcache/g_cache_wrap[0].cache_wrap/g_bypass.cache_bypass/core_bus_nc_switch/rsp_arb/g_passthru.g_out_buf[0].out_buf/g_eb2.stream_buffer/g_buffer.valid_in_r_reg
              (rising edge-triggered flip-flop clocked by CLK)
  Endpoint: vortex/g_clusters[0].cluster/g_sockets[0].socket/g_cores[0].core/execute/lsu_unit/g_blocks[0].lsu_slice/rsp_buf/g_eb2.stream_buffer/g_buffer.data_out_r_reg[20]
            (rising edge-triggered flip-flop clocked by CLK)
  Path Group: CLK
  Path Type: max

  Des/Clust/Port     Wire Load Model       Library
  ------------------------------------------------
  Vortex_axi         5K_hvratio_1_1        NangateOpenCellLibrary_ss0p95v125c

  Point                                                   Incr       Path
  --------------------------------------------------------------------------
  clock CLK (rise edge)                                   0.00       0.00
  clock network delay (ideal)                             0.00       0.00
  vortex/g_clusters[0].cluster/g_sockets[0].socket/dcache/g_cache_wrap[0].cache_wrap/g_bypass.cache_bypass/core_bus_nc_switch/rsp_arb/g_passthru.g_out_buf[0].out_buf/g_eb2.stream_buffer/g_buffer.valid_in_r_reg/CK (DFF_X1)
                                                          0.00 #     0.00 r
  vortex/g_clusters[0].cluster/g_sockets[0].socket/dcache/g_cache_wrap[0].cache_wrap/g_bypass.cache_bypass/core_bus_nc_switch/rsp_arb/g_passthru.g_out_buf[0].out_buf/g_eb2.stream_buffer/g_buffer.valid_in_r_reg/Q (DFF_X1)
                                                          0.37       0.37 r
  U171686/ZN (INV_X1)                                     0.07       0.44 f
  U163189/ZN (AOI22_X2)                                   0.24       0.69 r
  U164704/ZN (INV_X1)                                     0.10       0.78 f
  U238743/ZN (NOR2_X4)                                    0.28       1.06 r
  U166909/ZN (AOI22_X1)                                   0.09       1.15 f
  U171618/ZN (AND2_X1)                                    0.16       1.30 f
  U169234/Z (CLKBUF_X2)                                   0.15       1.45 f
  U238752/ZN (INV_X2)                                     0.21       1.66 r
  U171527/ZN (OAI21_X1)                                   0.11       1.77 f
  U162548/ZN (OR2_X2)                                     0.33       2.10 f
  U355978/ZN (INV_X4)                                     0.33       2.43 r
  U165017/ZN (NAND2_X1)                                   0.17       2.60 f
  U172658/ZN (OAI21_X2)                                   0.56       3.15 r
  U356239/ZN (OAI21_X4)                                   0.28       3.43 f
  U356243/ZN (OAI22_X1)                                   0.23       3.66 r
  vortex/g_clusters[0].cluster/g_sockets[0].socket/g_cores[0].core/execute/lsu_unit/g_blocks[0].lsu_slice/rsp_buf/g_eb2.stream_buffer/g_buffer.data_out_r_reg[20]/D (DFF_X1)
                                                          0.01       3.67 r
  data arrival time                                                  3.67

  clock CLK (rise edge)                                   4.00       4.00
  clock network delay (ideal)                             0.00       4.00
  clock uncertainty                                      -0.25       3.75
  vortex/g_clusters[0].cluster/g_sockets[0].socket/g_cores[0].core/execute/lsu_unit/g_blocks[0].lsu_slice/rsp_buf/g_eb2.stream_buffer/g_buffer.data_out_r_reg[20]/CK (DFF_X1)
                                                          0.00       3.75 r
  library setup time                                     -0.08       3.67
  data required time                                                 3.67
  --------------------------------------------------------------------------
  data required time                                                 3.67
  data arrival time                                                 -3.67
  --------------------------------------------------------------------------
  slack (MET)                                                        0.00


  Startpoint: vortex/g_clusters[0].cluster/g_sockets[0].socket/dcache/g_cache_wrap[0].cache_wrap/g_bypass.cache_bypass/core_bus_nc_switch/rsp_arb/g_passthru.g_out_buf[0].out_buf/g_eb2.stream_buffer/g_buffer.valid_in_r_reg
              (rising edge-triggered flip-flop clocked by CLK)
  Endpoint: vortex/g_clusters[0].cluster/g_sockets[0].socket/g_cores[0].core/execute/lsu_unit/g_blocks[0].lsu_slice/rsp_buf/g_eb2.stream_buffer/g_buffer.data_out_r_reg[23]
            (rising edge-triggered flip-flop clocked by CLK)
  Path Group: CLK
  Path Type: max

  Des/Clust/Port     Wire Load Model       Library
  ------------------------------------------------
  Vortex_axi         5K_hvratio_1_1        NangateOpenCellLibrary_ss0p95v125c

  Point                                                   Incr       Path
  --------------------------------------------------------------------------
  clock CLK (rise edge)                                   0.00       0.00
  clock network delay (ideal)                             0.00       0.00
  vortex/g_clusters[0].cluster/g_sockets[0].socket/dcache/g_cache_wrap[0].cache_wrap/g_bypass.cache_bypass/core_bus_nc_switch/rsp_arb/g_passthru.g_out_buf[0].out_buf/g_eb2.stream_buffer/g_buffer.valid_in_r_reg/CK (DFF_X1)
                                                          0.00 #     0.00 r
  vortex/g_clusters[0].cluster/g_sockets[0].socket/dcache/g_cache_wrap[0].cache_wrap/g_bypass.cache_bypass/core_bus_nc_switch/rsp_arb/g_passthru.g_out_buf[0].out_buf/g_eb2.stream_buffer/g_buffer.valid_in_r_reg/Q (DFF_X1)
                                                          0.37       0.37 r
  U171686/ZN (INV_X1)                                     0.07       0.44 f
  U163189/ZN (AOI22_X2)                                   0.24       0.69 r
  U164704/ZN (INV_X1)                                     0.10       0.78 f
  U238743/ZN (NOR2_X4)                                    0.28       1.06 r
  U166909/ZN (AOI22_X1)                                   0.09       1.15 f
  U171618/ZN (AND2_X1)                                    0.16       1.30 f
  U169234/Z (CLKBUF_X2)                                   0.15       1.45 f
  U238752/ZN (INV_X2)                                     0.21       1.66 r
  U171527/ZN (OAI21_X1)                                   0.11       1.77 f
  U162548/ZN (OR2_X2)                                     0.33       2.10 f
  U355978/ZN (INV_X4)                                     0.33       2.43 r
  U165017/ZN (NAND2_X1)                                   0.17       2.60 f
  U172658/ZN (OAI21_X2)                                   0.56       3.15 r
  U356239/ZN (OAI21_X4)                                   0.28       3.43 f
  U356250/ZN (OAI22_X1)                                   0.23       3.66 r
  vortex/g_clusters[0].cluster/g_sockets[0].socket/g_cores[0].core/execute/lsu_unit/g_blocks[0].lsu_slice/rsp_buf/g_eb2.stream_buffer/g_buffer.data_out_r_reg[23]/D (DFF_X1)
                                                          0.01       3.67 r
  data arrival time                                                  3.67

  clock CLK (rise edge)                                   4.00       4.00
  clock network delay (ideal)                             0.00       4.00
  clock uncertainty                                      -0.25       3.75
  vortex/g_clusters[0].cluster/g_sockets[0].socket/g_cores[0].core/execute/lsu_unit/g_blocks[0].lsu_slice/rsp_buf/g_eb2.stream_buffer/g_buffer.data_out_r_reg[23]/CK (DFF_X1)
                                                          0.00       3.75 r
  library setup time                                     -0.08       3.67
  data required time                                                 3.67
  --------------------------------------------------------------------------
  data required time                                                 3.67
  data arrival time                                                 -3.67
  --------------------------------------------------------------------------
  slack (MET)                                                        0.00


  Startpoint: vortex/g_clusters[0].cluster/g_sockets[0].socket/dcache/g_cache_wrap[0].cache_wrap/g_bypass.cache_bypass/core_bus_nc_switch/rsp_arb/g_passthru.g_out_buf[0].out_buf/g_eb2.stream_buffer/g_buffer.valid_in_r_reg
              (rising edge-triggered flip-flop clocked by CLK)
  Endpoint: vortex/g_clusters[0].cluster/g_sockets[0].socket/g_cores[0].core/execute/lsu_unit/g_blocks[0].lsu_slice/rsp_buf/g_eb2.stream_buffer/g_buffer.data_out_r_reg[31]
            (rising edge-triggered flip-flop clocked by CLK)
  Path Group: CLK
  Path Type: max

  Des/Clust/Port     Wire Load Model       Library
  ------------------------------------------------
  Vortex_axi         5K_hvratio_1_1        NangateOpenCellLibrary_ss0p95v125c

  Point                                                   Incr       Path
  --------------------------------------------------------------------------
  clock CLK (rise edge)                                   0.00       0.00
  clock network delay (ideal)                             0.00       0.00
  vortex/g_clusters[0].cluster/g_sockets[0].socket/dcache/g_cache_wrap[0].cache_wrap/g_bypass.cache_bypass/core_bus_nc_switch/rsp_arb/g_passthru.g_out_buf[0].out_buf/g_eb2.stream_buffer/g_buffer.valid_in_r_reg/CK (DFF_X1)
                                                          0.00 #     0.00 r
  vortex/g_clusters[0].cluster/g_sockets[0].socket/dcache/g_cache_wrap[0].cache_wrap/g_bypass.cache_bypass/core_bus_nc_switch/rsp_arb/g_passthru.g_out_buf[0].out_buf/g_eb2.stream_buffer/g_buffer.valid_in_r_reg/Q (DFF_X1)
                                                          0.37       0.37 r
  U171686/ZN (INV_X1)                                     0.07       0.44 f
  U163189/ZN (AOI22_X2)                                   0.24       0.69 r
  U164704/ZN (INV_X1)                                     0.10       0.78 f
  U238743/ZN (NOR2_X4)                                    0.28       1.06 r
  U166909/ZN (AOI22_X1)                                   0.09       1.15 f
  U171618/ZN (AND2_X1)                                    0.16       1.30 f
  U169234/Z (CLKBUF_X2)                                   0.15       1.45 f
  U238752/ZN (INV_X2)                                     0.21       1.66 r
  U171527/ZN (OAI21_X1)                                   0.11       1.77 f
  U162548/ZN (OR2_X2)                                     0.33       2.10 f
  U355978/ZN (INV_X4)                                     0.33       2.43 r
  U165017/ZN (NAND2_X1)                                   0.17       2.60 f
  U172658/ZN (OAI21_X2)                                   0.56       3.15 r
  U356239/ZN (OAI21_X4)                                   0.28       3.43 f
  U356266/ZN (OAI22_X1)                                   0.23       3.66 r
  vortex/g_clusters[0].cluster/g_sockets[0].socket/g_cores[0].core/execute/lsu_unit/g_blocks[0].lsu_slice/rsp_buf/g_eb2.stream_buffer/g_buffer.data_out_r_reg[31]/D (DFF_X1)
                                                          0.01       3.67 r
  data arrival time                                                  3.67

  clock CLK (rise edge)                                   4.00       4.00
  clock network delay (ideal)                             0.00       4.00
  clock uncertainty                                      -0.25       3.75
  vortex/g_clusters[0].cluster/g_sockets[0].socket/g_cores[0].core/execute/lsu_unit/g_blocks[0].lsu_slice/rsp_buf/g_eb2.stream_buffer/g_buffer.data_out_r_reg[31]/CK (DFF_X1)
                                                          0.00       3.75 r
  library setup time                                     -0.08       3.67
  data required time                                                 3.67
  --------------------------------------------------------------------------
  data required time                                                 3.67
  data arrival time                                                 -3.67
  --------------------------------------------------------------------------
  slack (MET)                                                        0.00


  Startpoint: vortex/g_clusters[0].cluster/g_sockets[0].socket/dcache/g_cache_wrap[0].cache_wrap/g_bypass.cache_bypass/core_bus_nc_switch/rsp_arb/g_passthru.g_out_buf[0].out_buf/g_eb2.stream_buffer/g_buffer.valid_in_r_reg
              (rising edge-triggered flip-flop clocked by CLK)
  Endpoint: vortex/g_clusters[0].cluster/g_sockets[0].socket/g_cores[0].core/execute/lsu_unit/g_blocks[0].lsu_slice/rsp_buf/g_eb2.stream_buffer/g_buffer.data_out_r_reg[30]
            (rising edge-triggered flip-flop clocked by CLK)
  Path Group: CLK
  Path Type: max

  Des/Clust/Port     Wire Load Model       Library
  ------------------------------------------------
  Vortex_axi         5K_hvratio_1_1        NangateOpenCellLibrary_ss0p95v125c

  Point                                                   Incr       Path
  --------------------------------------------------------------------------
  clock CLK (rise edge)                                   0.00       0.00
  clock network delay (ideal)                             0.00       0.00
  vortex/g_clusters[0].cluster/g_sockets[0].socket/dcache/g_cache_wrap[0].cache_wrap/g_bypass.cache_bypass/core_bus_nc_switch/rsp_arb/g_passthru.g_out_buf[0].out_buf/g_eb2.stream_buffer/g_buffer.valid_in_r_reg/CK (DFF_X1)
                                                          0.00 #     0.00 r
  vortex/g_clusters[0].cluster/g_sockets[0].socket/dcache/g_cache_wrap[0].cache_wrap/g_bypass.cache_bypass/core_bus_nc_switch/rsp_arb/g_passthru.g_out_buf[0].out_buf/g_eb2.stream_buffer/g_buffer.valid_in_r_reg/Q (DFF_X1)
                                                          0.37       0.37 r
  U171686/ZN (INV_X1)                                     0.07       0.44 f
  U163189/ZN (AOI22_X2)                                   0.24       0.69 r
  U164704/ZN (INV_X1)                                     0.10       0.78 f
  U238743/ZN (NOR2_X4)                                    0.28       1.06 r
  U166909/ZN (AOI22_X1)                                   0.09       1.15 f
  U171618/ZN (AND2_X1)                                    0.16       1.30 f
  U169234/Z (CLKBUF_X2)                                   0.15       1.45 f
  U238752/ZN (INV_X2)                                     0.21       1.66 r
  U171527/ZN (OAI21_X1)                                   0.11       1.77 f
  U162548/ZN (OR2_X2)                                     0.33       2.10 f
  U355978/ZN (INV_X4)                                     0.33       2.43 r
  U165017/ZN (NAND2_X1)                                   0.17       2.60 f
  U172658/ZN (OAI21_X2)                                   0.56       3.15 r
  U356239/ZN (OAI21_X4)                                   0.28       3.43 f
  U356264/ZN (OAI22_X1)                                   0.23       3.66 r
  vortex/g_clusters[0].cluster/g_sockets[0].socket/g_cores[0].core/execute/lsu_unit/g_blocks[0].lsu_slice/rsp_buf/g_eb2.stream_buffer/g_buffer.data_out_r_reg[30]/D (DFF_X1)
                                                          0.01       3.67 r
  data arrival time                                                  3.67

  clock CLK (rise edge)                                   4.00       4.00
  clock network delay (ideal)                             0.00       4.00
  clock uncertainty                                      -0.25       3.75
  vortex/g_clusters[0].cluster/g_sockets[0].socket/g_cores[0].core/execute/lsu_unit/g_blocks[0].lsu_slice/rsp_buf/g_eb2.stream_buffer/g_buffer.data_out_r_reg[30]/CK (DFF_X1)
                                                          0.00       3.75 r
  library setup time                                     -0.08       3.67
  data required time                                                 3.67
  --------------------------------------------------------------------------
  data required time                                                 3.67
  data arrival time                                                 -3.67
  --------------------------------------------------------------------------
  slack (MET)                                                        0.00


  Startpoint: vortex/g_clusters[0].cluster/g_sockets[0].socket/dcache/g_cache_wrap[0].cache_wrap/g_bypass.cache_bypass/core_bus_nc_switch/rsp_arb/g_passthru.g_out_buf[0].out_buf/g_eb2.stream_buffer/g_buffer.valid_in_r_reg
              (rising edge-triggered flip-flop clocked by CLK)
  Endpoint: vortex/g_clusters[0].cluster/g_sockets[0].socket/g_cores[0].core/execute/lsu_unit/g_blocks[0].lsu_slice/rsp_buf/g_eb2.stream_buffer/g_buffer.data_out_r_reg[28]
            (rising edge-triggered flip-flop clocked by CLK)
  Path Group: CLK
  Path Type: max

  Des/Clust/Port     Wire Load Model       Library
  ------------------------------------------------
  Vortex_axi         5K_hvratio_1_1        NangateOpenCellLibrary_ss0p95v125c

  Point                                                   Incr       Path
  --------------------------------------------------------------------------
  clock CLK (rise edge)                                   0.00       0.00
  clock network delay (ideal)                             0.00       0.00
  vortex/g_clusters[0].cluster/g_sockets[0].socket/dcache/g_cache_wrap[0].cache_wrap/g_bypass.cache_bypass/core_bus_nc_switch/rsp_arb/g_passthru.g_out_buf[0].out_buf/g_eb2.stream_buffer/g_buffer.valid_in_r_reg/CK (DFF_X1)
                                                          0.00 #     0.00 r
  vortex/g_clusters[0].cluster/g_sockets[0].socket/dcache/g_cache_wrap[0].cache_wrap/g_bypass.cache_bypass/core_bus_nc_switch/rsp_arb/g_passthru.g_out_buf[0].out_buf/g_eb2.stream_buffer/g_buffer.valid_in_r_reg/Q (DFF_X1)
                                                          0.37       0.37 r
  U171686/ZN (INV_X1)                                     0.07       0.44 f
  U163189/ZN (AOI22_X2)                                   0.24       0.69 r
  U164704/ZN (INV_X1)                                     0.10       0.78 f
  U238743/ZN (NOR2_X4)                                    0.28       1.06 r
  U166909/ZN (AOI22_X1)                                   0.09       1.15 f
  U171618/ZN (AND2_X1)                                    0.16       1.30 f
  U169234/Z (CLKBUF_X2)                                   0.15       1.45 f
  U238752/ZN (INV_X2)                                     0.21       1.66 r
  U171527/ZN (OAI21_X1)                                   0.11       1.77 f
  U162548/ZN (OR2_X2)                                     0.33       2.10 f
  U355978/ZN (INV_X4)                                     0.33       2.43 r
  U165017/ZN (NAND2_X1)                                   0.17       2.60 f
  U172658/ZN (OAI21_X2)                                   0.56       3.15 r
  U356239/ZN (OAI21_X4)                                   0.28       3.43 f
  U356260/ZN (OAI22_X1)                                   0.23       3.66 r
  vortex/g_clusters[0].cluster/g_sockets[0].socket/g_cores[0].core/execute/lsu_unit/g_blocks[0].lsu_slice/rsp_buf/g_eb2.stream_buffer/g_buffer.data_out_r_reg[28]/D (DFF_X1)
                                                          0.01       3.67 r
  data arrival time                                                  3.67

  clock CLK (rise edge)                                   4.00       4.00
  clock network delay (ideal)                             0.00       4.00
  clock uncertainty                                      -0.25       3.75
  vortex/g_clusters[0].cluster/g_sockets[0].socket/g_cores[0].core/execute/lsu_unit/g_blocks[0].lsu_slice/rsp_buf/g_eb2.stream_buffer/g_buffer.data_out_r_reg[28]/CK (DFF_X1)
                                                          0.00       3.75 r
  library setup time                                     -0.08       3.67
  data required time                                                 3.67
  --------------------------------------------------------------------------
  data required time                                                 3.67
  data arrival time                                                 -3.67
  --------------------------------------------------------------------------
  slack (MET)                                                        0.00


  Startpoint: vortex/g_clusters[0].cluster/g_sockets[0].socket/dcache/g_cache_wrap[0].cache_wrap/g_bypass.cache_bypass/core_bus_nc_switch/rsp_arb/g_passthru.g_out_buf[0].out_buf/g_eb2.stream_buffer/g_buffer.valid_in_r_reg
              (rising edge-triggered flip-flop clocked by CLK)
  Endpoint: vortex/g_clusters[0].cluster/g_sockets[0].socket/g_cores[0].core/execute/lsu_unit/g_blocks[0].lsu_slice/rsp_buf/g_eb2.stream_buffer/g_buffer.data_out_r_reg[27]
            (rising edge-triggered flip-flop clocked by CLK)
  Path Group: CLK
  Path Type: max

  Des/Clust/Port     Wire Load Model       Library
  ------------------------------------------------
  Vortex_axi         5K_hvratio_1_1        NangateOpenCellLibrary_ss0p95v125c

  Point                                                   Incr       Path
  --------------------------------------------------------------------------
  clock CLK (rise edge)                                   0.00       0.00
  clock network delay (ideal)                             0.00       0.00
  vortex/g_clusters[0].cluster/g_sockets[0].socket/dcache/g_cache_wrap[0].cache_wrap/g_bypass.cache_bypass/core_bus_nc_switch/rsp_arb/g_passthru.g_out_buf[0].out_buf/g_eb2.stream_buffer/g_buffer.valid_in_r_reg/CK (DFF_X1)
                                                          0.00 #     0.00 r
  vortex/g_clusters[0].cluster/g_sockets[0].socket/dcache/g_cache_wrap[0].cache_wrap/g_bypass.cache_bypass/core_bus_nc_switch/rsp_arb/g_passthru.g_out_buf[0].out_buf/g_eb2.stream_buffer/g_buffer.valid_in_r_reg/Q (DFF_X1)
                                                          0.37       0.37 r
  U171686/ZN (INV_X1)                                     0.07       0.44 f
  U163189/ZN (AOI22_X2)                                   0.24       0.69 r
  U164704/ZN (INV_X1)                                     0.10       0.78 f
  U238743/ZN (NOR2_X4)                                    0.28       1.06 r
  U166909/ZN (AOI22_X1)                                   0.09       1.15 f
  U171618/ZN (AND2_X1)                                    0.16       1.30 f
  U169234/Z (CLKBUF_X2)                                   0.15       1.45 f
  U238752/ZN (INV_X2)                                     0.21       1.66 r
  U171527/ZN (OAI21_X1)                                   0.11       1.77 f
  U162548/ZN (OR2_X2)                                     0.33       2.10 f
  U355978/ZN (INV_X4)                                     0.33       2.43 r
  U165017/ZN (NAND2_X1)                                   0.17       2.60 f
  U172658/ZN (OAI21_X2)                                   0.56       3.15 r
  U356239/ZN (OAI21_X4)                                   0.28       3.43 f
  U356258/ZN (OAI22_X1)                                   0.23       3.66 r
  vortex/g_clusters[0].cluster/g_sockets[0].socket/g_cores[0].core/execute/lsu_unit/g_blocks[0].lsu_slice/rsp_buf/g_eb2.stream_buffer/g_buffer.data_out_r_reg[27]/D (DFF_X1)
                                                          0.01       3.67 r
  data arrival time                                                  3.67

  clock CLK (rise edge)                                   4.00       4.00
  clock network delay (ideal)                             0.00       4.00
  clock uncertainty                                      -0.25       3.75
  vortex/g_clusters[0].cluster/g_sockets[0].socket/g_cores[0].core/execute/lsu_unit/g_blocks[0].lsu_slice/rsp_buf/g_eb2.stream_buffer/g_buffer.data_out_r_reg[27]/CK (DFF_X1)
                                                          0.00       3.75 r
  library setup time                                     -0.08       3.67
  data required time                                                 3.67
  --------------------------------------------------------------------------
  data required time                                                 3.67
  data arrival time                                                 -3.67
  --------------------------------------------------------------------------
  slack (MET)                                                        0.00


  Startpoint: vortex/g_clusters[0].cluster/g_sockets[0].socket/dcache/g_cache_wrap[0].cache_wrap/g_bypass.cache_bypass/core_bus_nc_switch/rsp_arb/g_passthru.g_out_buf[0].out_buf/g_eb2.stream_buffer/g_buffer.valid_in_r_reg
              (rising edge-triggered flip-flop clocked by CLK)
  Endpoint: vortex/g_clusters[0].cluster/g_sockets[0].socket/g_cores[0].core/execute/lsu_unit/g_blocks[0].lsu_slice/rsp_buf/g_eb2.stream_buffer/g_buffer.data_out_r_reg[25]
            (rising edge-triggered flip-flop clocked by CLK)
  Path Group: CLK
  Path Type: max

  Des/Clust/Port     Wire Load Model       Library
  ------------------------------------------------
  Vortex_axi         5K_hvratio_1_1        NangateOpenCellLibrary_ss0p95v125c

  Point                                                   Incr       Path
  --------------------------------------------------------------------------
  clock CLK (rise edge)                                   0.00       0.00
  clock network delay (ideal)                             0.00       0.00
  vortex/g_clusters[0].cluster/g_sockets[0].socket/dcache/g_cache_wrap[0].cache_wrap/g_bypass.cache_bypass/core_bus_nc_switch/rsp_arb/g_passthru.g_out_buf[0].out_buf/g_eb2.stream_buffer/g_buffer.valid_in_r_reg/CK (DFF_X1)
                                                          0.00 #     0.00 r
  vortex/g_clusters[0].cluster/g_sockets[0].socket/dcache/g_cache_wrap[0].cache_wrap/g_bypass.cache_bypass/core_bus_nc_switch/rsp_arb/g_passthru.g_out_buf[0].out_buf/g_eb2.stream_buffer/g_buffer.valid_in_r_reg/Q (DFF_X1)
                                                          0.37       0.37 r
  U171686/ZN (INV_X1)                                     0.07       0.44 f
  U163189/ZN (AOI22_X2)                                   0.24       0.69 r
  U164704/ZN (INV_X1)                                     0.10       0.78 f
  U238743/ZN (NOR2_X4)                                    0.28       1.06 r
  U166909/ZN (AOI22_X1)                                   0.09       1.15 f
  U171618/ZN (AND2_X1)                                    0.16       1.30 f
  U169234/Z (CLKBUF_X2)                                   0.15       1.45 f
  U238752/ZN (INV_X2)                                     0.21       1.66 r
  U171527/ZN (OAI21_X1)                                   0.11       1.77 f
  U162548/ZN (OR2_X2)                                     0.33       2.10 f
  U355978/ZN (INV_X4)                                     0.33       2.43 r
  U165017/ZN (NAND2_X1)                                   0.17       2.60 f
  U172658/ZN (OAI21_X2)                                   0.56       3.15 r
  U356239/ZN (OAI21_X4)                                   0.28       3.43 f
  U356254/ZN (OAI22_X1)                                   0.23       3.66 r
  vortex/g_clusters[0].cluster/g_sockets[0].socket/g_cores[0].core/execute/lsu_unit/g_blocks[0].lsu_slice/rsp_buf/g_eb2.stream_buffer/g_buffer.data_out_r_reg[25]/D (DFF_X1)
                                                          0.01       3.67 r
  data arrival time                                                  3.67

  clock CLK (rise edge)                                   4.00       4.00
  clock network delay (ideal)                             0.00       4.00
  clock uncertainty                                      -0.25       3.75
  vortex/g_clusters[0].cluster/g_sockets[0].socket/g_cores[0].core/execute/lsu_unit/g_blocks[0].lsu_slice/rsp_buf/g_eb2.stream_buffer/g_buffer.data_out_r_reg[25]/CK (DFF_X1)
                                                          0.00       3.75 r
  library setup time                                     -0.08       3.67
  data required time                                                 3.67
  --------------------------------------------------------------------------
  data required time                                                 3.67
  data arrival time                                                 -3.67
  --------------------------------------------------------------------------
  slack (MET)                                                        0.00


  Startpoint: vortex/g_clusters[0].cluster/g_sockets[0].socket/dcache/g_cache_wrap[0].cache_wrap/g_bypass.cache_bypass/core_bus_nc_switch/rsp_arb/g_passthru.g_out_buf[0].out_buf/g_eb2.stream_buffer/g_buffer.valid_in_r_reg
              (rising edge-triggered flip-flop clocked by CLK)
  Endpoint: vortex/g_clusters[0].cluster/g_sockets[0].socket/g_cores[0].core/execute/lsu_unit/g_blocks[0].lsu_slice/rsp_buf/g_eb2.stream_buffer/g_buffer.data_out_r_reg[24]
            (rising edge-triggered flip-flop clocked by CLK)
  Path Group: CLK
  Path Type: max

  Des/Clust/Port     Wire Load Model       Library
  ------------------------------------------------
  Vortex_axi         5K_hvratio_1_1        NangateOpenCellLibrary_ss0p95v125c

  Point                                                   Incr       Path
  --------------------------------------------------------------------------
  clock CLK (rise edge)                                   0.00       0.00
  clock network delay (ideal)                             0.00       0.00
  vortex/g_clusters[0].cluster/g_sockets[0].socket/dcache/g_cache_wrap[0].cache_wrap/g_bypass.cache_bypass/core_bus_nc_switch/rsp_arb/g_passthru.g_out_buf[0].out_buf/g_eb2.stream_buffer/g_buffer.valid_in_r_reg/CK (DFF_X1)
                                                          0.00 #     0.00 r
  vortex/g_clusters[0].cluster/g_sockets[0].socket/dcache/g_cache_wrap[0].cache_wrap/g_bypass.cache_bypass/core_bus_nc_switch/rsp_arb/g_passthru.g_out_buf[0].out_buf/g_eb2.stream_buffer/g_buffer.valid_in_r_reg/Q (DFF_X1)
                                                          0.37       0.37 r
  U171686/ZN (INV_X1)                                     0.07       0.44 f
  U163189/ZN (AOI22_X2)                                   0.24       0.69 r
  U164704/ZN (INV_X1)                                     0.10       0.78 f
  U238743/ZN (NOR2_X4)                                    0.28       1.06 r
  U166909/ZN (AOI22_X1)                                   0.09       1.15 f
  U171618/ZN (AND2_X1)                                    0.16       1.30 f
  U169234/Z (CLKBUF_X2)                                   0.15       1.45 f
  U238752/ZN (INV_X2)                                     0.21       1.66 r
  U171527/ZN (OAI21_X1)                                   0.11       1.77 f
  U162548/ZN (OR2_X2)                                     0.33       2.10 f
  U355978/ZN (INV_X4)                                     0.33       2.43 r
  U165017/ZN (NAND2_X1)                                   0.17       2.60 f
  U172658/ZN (OAI21_X2)                                   0.56       3.15 r
  U356239/ZN (OAI21_X4)                                   0.28       3.43 f
  U356252/ZN (OAI22_X1)                                   0.23       3.66 r
  vortex/g_clusters[0].cluster/g_sockets[0].socket/g_cores[0].core/execute/lsu_unit/g_blocks[0].lsu_slice/rsp_buf/g_eb2.stream_buffer/g_buffer.data_out_r_reg[24]/D (DFF_X1)
                                                          0.01       3.67 r
  data arrival time                                                  3.67

  clock CLK (rise edge)                                   4.00       4.00
  clock network delay (ideal)                             0.00       4.00
  clock uncertainty                                      -0.25       3.75
  vortex/g_clusters[0].cluster/g_sockets[0].socket/g_cores[0].core/execute/lsu_unit/g_blocks[0].lsu_slice/rsp_buf/g_eb2.stream_buffer/g_buffer.data_out_r_reg[24]/CK (DFF_X1)
                                                          0.00       3.75 r
  library setup time                                     -0.08       3.67
  data required time                                                 3.67
  --------------------------------------------------------------------------
  data required time                                                 3.67
  data arrival time                                                 -3.67
  --------------------------------------------------------------------------
  slack (MET)                                                        0.00


  Startpoint: vortex/g_clusters[0].cluster/g_sockets[0].socket/dcache/g_cache_wrap[0].cache_wrap/g_bypass.cache_bypass/core_bus_nc_switch/rsp_arb/g_passthru.g_out_buf[0].out_buf/g_eb2.stream_buffer/g_buffer.valid_in_r_reg
              (rising edge-triggered flip-flop clocked by CLK)
  Endpoint: vortex/g_clusters[0].cluster/g_sockets[0].socket/g_cores[0].core/execute/lsu_unit/g_blocks[0].lsu_slice/rsp_buf/g_eb2.stream_buffer/g_buffer.data_out_r_reg[22]
            (rising edge-triggered flip-flop clocked by CLK)
  Path Group: CLK
  Path Type: max

  Des/Clust/Port     Wire Load Model       Library
  ------------------------------------------------
  Vortex_axi         5K_hvratio_1_1        NangateOpenCellLibrary_ss0p95v125c

  Point                                                   Incr       Path
  --------------------------------------------------------------------------
  clock CLK (rise edge)                                   0.00       0.00
  clock network delay (ideal)                             0.00       0.00
  vortex/g_clusters[0].cluster/g_sockets[0].socket/dcache/g_cache_wrap[0].cache_wrap/g_bypass.cache_bypass/core_bus_nc_switch/rsp_arb/g_passthru.g_out_buf[0].out_buf/g_eb2.stream_buffer/g_buffer.valid_in_r_reg/CK (DFF_X1)
                                                          0.00 #     0.00 r
  vortex/g_clusters[0].cluster/g_sockets[0].socket/dcache/g_cache_wrap[0].cache_wrap/g_bypass.cache_bypass/core_bus_nc_switch/rsp_arb/g_passthru.g_out_buf[0].out_buf/g_eb2.stream_buffer/g_buffer.valid_in_r_reg/Q (DFF_X1)
                                                          0.37       0.37 r
  U171686/ZN (INV_X1)                                     0.07       0.44 f
  U163189/ZN (AOI22_X2)                                   0.24       0.69 r
  U164704/ZN (INV_X1)                                     0.10       0.78 f
  U238743/ZN (NOR2_X4)                                    0.28       1.06 r
  U166909/ZN (AOI22_X1)                                   0.09       1.15 f
  U171618/ZN (AND2_X1)                                    0.16       1.30 f
  U169234/Z (CLKBUF_X2)                                   0.15       1.45 f
  U238752/ZN (INV_X2)                                     0.21       1.66 r
  U171527/ZN (OAI21_X1)                                   0.11       1.77 f
  U162548/ZN (OR2_X2)                                     0.33       2.10 f
  U355978/ZN (INV_X4)                                     0.33       2.43 r
  U165017/ZN (NAND2_X1)                                   0.17       2.60 f
  U172658/ZN (OAI21_X2)                                   0.56       3.15 r
  U356239/ZN (OAI21_X4)                                   0.28       3.43 f
  U356248/ZN (OAI22_X1)                                   0.23       3.66 r
  vortex/g_clusters[0].cluster/g_sockets[0].socket/g_cores[0].core/execute/lsu_unit/g_blocks[0].lsu_slice/rsp_buf/g_eb2.stream_buffer/g_buffer.data_out_r_reg[22]/D (DFF_X1)
                                                          0.01       3.67 r
  data arrival time                                                  3.67

  clock CLK (rise edge)                                   4.00       4.00
  clock network delay (ideal)                             0.00       4.00
  clock uncertainty                                      -0.25       3.75
  vortex/g_clusters[0].cluster/g_sockets[0].socket/g_cores[0].core/execute/lsu_unit/g_blocks[0].lsu_slice/rsp_buf/g_eb2.stream_buffer/g_buffer.data_out_r_reg[22]/CK (DFF_X1)
                                                          0.00       3.75 r
  library setup time                                     -0.08       3.67
  data required time                                                 3.67
  --------------------------------------------------------------------------
  data required time                                                 3.67
  data arrival time                                                 -3.67
  --------------------------------------------------------------------------
  slack (MET)                                                        0.00


  Startpoint: vortex/g_clusters[0].cluster/g_sockets[0].socket/dcache/g_cache_wrap[0].cache_wrap/g_bypass.cache_bypass/core_bus_nc_switch/rsp_arb/g_passthru.g_out_buf[0].out_buf/g_eb2.stream_buffer/g_buffer.valid_in_r_reg
              (rising edge-triggered flip-flop clocked by CLK)
  Endpoint: vortex/g_clusters[0].cluster/g_sockets[0].socket/g_cores[0].core/execute/lsu_unit/g_blocks[0].lsu_slice/rsp_buf/g_eb2.stream_buffer/g_buffer.data_out_r_reg[32]
            (rising edge-triggered flip-flop clocked by CLK)
  Path Group: CLK
  Path Type: max

  Des/Clust/Port     Wire Load Model       Library
  ------------------------------------------------
  Vortex_axi         5K_hvratio_1_1        NangateOpenCellLibrary_ss0p95v125c

  Point                                                   Incr       Path
  --------------------------------------------------------------------------
  clock CLK (rise edge)                                   0.00       0.00
  clock network delay (ideal)                             0.00       0.00
  vortex/g_clusters[0].cluster/g_sockets[0].socket/dcache/g_cache_wrap[0].cache_wrap/g_bypass.cache_bypass/core_bus_nc_switch/rsp_arb/g_passthru.g_out_buf[0].out_buf/g_eb2.stream_buffer/g_buffer.valid_in_r_reg/CK (DFF_X1)
                                                          0.00 #     0.00 r
  vortex/g_clusters[0].cluster/g_sockets[0].socket/dcache/g_cache_wrap[0].cache_wrap/g_bypass.cache_bypass/core_bus_nc_switch/rsp_arb/g_passthru.g_out_buf[0].out_buf/g_eb2.stream_buffer/g_buffer.valid_in_r_reg/Q (DFF_X1)
                                                          0.37       0.37 r
  U171686/ZN (INV_X1)                                     0.07       0.44 f
  U163189/ZN (AOI22_X2)                                   0.24       0.69 r
  U164704/ZN (INV_X1)                                     0.10       0.78 f
  U238743/ZN (NOR2_X4)                                    0.28       1.06 r
  U166909/ZN (AOI22_X1)                                   0.09       1.15 f
  U171618/ZN (AND2_X1)                                    0.16       1.30 f
  U169234/Z (CLKBUF_X2)                                   0.15       1.45 f
  U238752/ZN (INV_X2)                                     0.21       1.66 r
  U171527/ZN (OAI21_X1)                                   0.11       1.77 f
  U162548/ZN (OR2_X2)                                     0.33       2.10 f
  U355978/ZN (INV_X4)                                     0.33       2.43 r
  U165017/ZN (NAND2_X1)                                   0.17       2.60 f
  U172658/ZN (OAI21_X2)                                   0.56       3.15 r
  U356239/ZN (OAI21_X4)                                   0.28       3.43 f
  U356270/ZN (OAI22_X1)                                   0.23       3.66 r
  vortex/g_clusters[0].cluster/g_sockets[0].socket/g_cores[0].core/execute/lsu_unit/g_blocks[0].lsu_slice/rsp_buf/g_eb2.stream_buffer/g_buffer.data_out_r_reg[32]/D (DFF_X1)
                                                          0.01       3.67 r
  data arrival time                                                  3.67

  clock CLK (rise edge)                                   4.00       4.00
  clock network delay (ideal)                             0.00       4.00
  clock uncertainty                                      -0.25       3.75
  vortex/g_clusters[0].cluster/g_sockets[0].socket/g_cores[0].core/execute/lsu_unit/g_blocks[0].lsu_slice/rsp_buf/g_eb2.stream_buffer/g_buffer.data_out_r_reg[32]/CK (DFF_X1)
                                                          0.00       3.75 r
  library setup time                                     -0.08       3.67
  data required time                                                 3.67
  --------------------------------------------------------------------------
  data required time                                                 3.67
  data arrival time                                                 -3.67
  --------------------------------------------------------------------------
  slack (MET)                                                        0.00


  Startpoint: vortex/g_clusters[0].cluster/g_sockets[0].socket/g_cores[0].core/execute/alu_unit/g_blocks[0].muldiv_unit/serial_div/denom_r_reg[0][11]
              (rising edge-triggered flip-flop clocked by CLK)
  Endpoint: vortex/g_clusters[0].cluster/g_sockets[0].socket/g_cores[0].core/execute/alu_unit/g_blocks[0].muldiv_unit/serial_div/working_reg[0][38]
            (rising edge-triggered flip-flop clocked by CLK)
  Path Group: CLK
  Path Type: max

  Des/Clust/Port     Wire Load Model       Library
  ------------------------------------------------
  Vortex_axi         5K_hvratio_1_1        NangateOpenCellLibrary_ss0p95v125c

  Point                                                   Incr       Path
  --------------------------------------------------------------------------
  clock CLK (rise edge)                                   0.00       0.00
  clock network delay (ideal)                             0.00       0.00
  vortex/g_clusters[0].cluster/g_sockets[0].socket/g_cores[0].core/execute/alu_unit/g_blocks[0].muldiv_unit/serial_div/denom_r_reg[0][11]/CK (DFF_X1)
                                                          0.00 #     0.00 r
  vortex/g_clusters[0].cluster/g_sockets[0].socket/g_cores[0].core/execute/alu_unit/g_blocks[0].muldiv_unit/serial_div/denom_r_reg[0][11]/QN (DFF_X1)
                                                          0.29       0.29 f
  U202251/ZN (NOR2_X1)                                    0.21       0.50 r
  U202267/ZN (OAI21_X1)                                   0.08       0.58 f
  U202268/ZN (AOI21_X1)                                   0.21       0.79 r
  U202276/ZN (OAI21_X1)                                   0.08       0.87 f
  U172480/ZN (AOI21_X1)                                   0.21       1.08 r
  U167478/ZN (OAI21_X1)                                   0.11       1.19 f
  U202309/ZN (AOI21_X2)                                   0.14       1.34 r
  U167477/ZN (OAI21_X1)                                   0.09       1.43 f
  U167476/ZN (AOI21_X1)                                   0.17       1.60 r
  U165237/ZN (OAI21_X1)                                   0.10       1.70 f
  U167475/ZN (AOI21_X1)                                   0.18       1.88 r
  U172598/ZN (OAI21_X1)                                   0.09       1.97 f
  U202495/CO (FA_X1)                                      0.29       2.26 f
  U202498/CO (FA_X1)                                      0.30       2.56 f
  U202501/CO (FA_X1)                                      0.29       2.85 f
  U166826/ZN (XNOR2_X1)                                   0.16       3.01 f
  U171108/ZN (OR2_X1)                                     0.22       3.23 f
  U202323/ZN (INV_X2)                                     0.22       3.45 r
  U202355/ZN (AOI22_X1)                                   0.10       3.54 f
  U202356/ZN (OAI21_X1)                                   0.13       3.67 r
  vortex/g_clusters[0].cluster/g_sockets[0].socket/g_cores[0].core/execute/alu_unit/g_blocks[0].muldiv_unit/serial_div/working_reg[0][38]/D (DFF_X1)
                                                          0.01       3.68 r
  data arrival time                                                  3.68

  clock CLK (rise edge)                                   4.00       4.00
  clock network delay (ideal)                             0.00       4.00
  clock uncertainty                                      -0.25       3.75
  vortex/g_clusters[0].cluster/g_sockets[0].socket/g_cores[0].core/execute/alu_unit/g_blocks[0].muldiv_unit/serial_div/working_reg[0][38]/CK (DFF_X1)
                                                          0.00       3.75 r
  library setup time                                     -0.07       3.68
  data required time                                                 3.68
  --------------------------------------------------------------------------
  data required time                                                 3.68
  data arrival time                                                 -3.68
  --------------------------------------------------------------------------
  slack (MET)                                                        0.00


  Startpoint: vortex/g_clusters[0].cluster/g_sockets[0].socket/g_cores[0].core/execute/alu_unit/g_blocks[0].muldiv_unit/serial_div/denom_r_reg[0][11]
              (rising edge-triggered flip-flop clocked by CLK)
  Endpoint: vortex/g_clusters[0].cluster/g_sockets[0].socket/g_cores[0].core/execute/alu_unit/g_blocks[0].muldiv_unit/serial_div/working_reg[0][41]
            (rising edge-triggered flip-flop clocked by CLK)
  Path Group: CLK
  Path Type: max

  Des/Clust/Port     Wire Load Model       Library
  ------------------------------------------------
  Vortex_axi         5K_hvratio_1_1        NangateOpenCellLibrary_ss0p95v125c

  Point                                                   Incr       Path
  --------------------------------------------------------------------------
  clock CLK (rise edge)                                   0.00       0.00
  clock network delay (ideal)                             0.00       0.00
  vortex/g_clusters[0].cluster/g_sockets[0].socket/g_cores[0].core/execute/alu_unit/g_blocks[0].muldiv_unit/serial_div/denom_r_reg[0][11]/CK (DFF_X1)
                                                          0.00 #     0.00 r
  vortex/g_clusters[0].cluster/g_sockets[0].socket/g_cores[0].core/execute/alu_unit/g_blocks[0].muldiv_unit/serial_div/denom_r_reg[0][11]/QN (DFF_X1)
                                                          0.29       0.29 f
  U202251/ZN (NOR2_X1)                                    0.21       0.50 r
  U202267/ZN (OAI21_X1)                                   0.08       0.58 f
  U202268/ZN (AOI21_X1)                                   0.21       0.79 r
  U202276/ZN (OAI21_X1)                                   0.08       0.87 f
  U172480/ZN (AOI21_X1)                                   0.21       1.08 r
  U167478/ZN (OAI21_X1)                                   0.11       1.19 f
  U202309/ZN (AOI21_X2)                                   0.14       1.34 r
  U167477/ZN (OAI21_X1)                                   0.09       1.43 f
  U167476/ZN (AOI21_X1)                                   0.17       1.60 r
  U165237/ZN (OAI21_X1)                                   0.10       1.70 f
  U167475/ZN (AOI21_X1)                                   0.18       1.88 r
  U172598/ZN (OAI21_X1)                                   0.09       1.97 f
  U202495/CO (FA_X1)                                      0.29       2.26 f
  U202498/CO (FA_X1)                                      0.30       2.56 f
  U202501/CO (FA_X1)                                      0.29       2.85 f
  U166826/ZN (XNOR2_X1)                                   0.16       3.01 f
  U171108/ZN (OR2_X1)                                     0.22       3.23 f
  U202323/ZN (INV_X2)                                     0.22       3.45 r
  U202373/ZN (AOI22_X1)                                   0.10       3.54 f
  U202374/ZN (OAI21_X1)                                   0.13       3.67 r
  vortex/g_clusters[0].cluster/g_sockets[0].socket/g_cores[0].core/execute/alu_unit/g_blocks[0].muldiv_unit/serial_div/working_reg[0][41]/D (DFF_X1)
                                                          0.01       3.68 r
  data arrival time                                                  3.68

  clock CLK (rise edge)                                   4.00       4.00
  clock network delay (ideal)                             0.00       4.00
  clock uncertainty                                      -0.25       3.75
  vortex/g_clusters[0].cluster/g_sockets[0].socket/g_cores[0].core/execute/alu_unit/g_blocks[0].muldiv_unit/serial_div/working_reg[0][41]/CK (DFF_X1)
                                                          0.00       3.75 r
  library setup time                                     -0.07       3.68
  data required time                                                 3.68
  --------------------------------------------------------------------------
  data required time                                                 3.68
  data arrival time                                                 -3.68
  --------------------------------------------------------------------------
  slack (MET)                                                        0.00


  Startpoint: vortex/g_clusters[0].cluster/g_sockets[0].socket/g_cores[0].core/execute/alu_unit/g_blocks[0].muldiv_unit/serial_div/denom_r_reg[0][11]
              (rising edge-triggered flip-flop clocked by CLK)
  Endpoint: vortex/g_clusters[0].cluster/g_sockets[0].socket/g_cores[0].core/execute/alu_unit/g_blocks[0].muldiv_unit/serial_div/working_reg[0][44]
            (rising edge-triggered flip-flop clocked by CLK)
  Path Group: CLK
  Path Type: max

  Des/Clust/Port     Wire Load Model       Library
  ------------------------------------------------
  Vortex_axi         5K_hvratio_1_1        NangateOpenCellLibrary_ss0p95v125c

  Point                                                   Incr       Path
  --------------------------------------------------------------------------
  clock CLK (rise edge)                                   0.00       0.00
  clock network delay (ideal)                             0.00       0.00
  vortex/g_clusters[0].cluster/g_sockets[0].socket/g_cores[0].core/execute/alu_unit/g_blocks[0].muldiv_unit/serial_div/denom_r_reg[0][11]/CK (DFF_X1)
                                                          0.00 #     0.00 r
  vortex/g_clusters[0].cluster/g_sockets[0].socket/g_cores[0].core/execute/alu_unit/g_blocks[0].muldiv_unit/serial_div/denom_r_reg[0][11]/QN (DFF_X1)
                                                          0.29       0.29 f
  U202251/ZN (NOR2_X1)                                    0.21       0.50 r
  U202267/ZN (OAI21_X1)                                   0.08       0.58 f
  U202268/ZN (AOI21_X1)                                   0.21       0.79 r
  U202276/ZN (OAI21_X1)                                   0.08       0.87 f
  U172480/ZN (AOI21_X1)                                   0.21       1.08 r
  U167478/ZN (OAI21_X1)                                   0.11       1.19 f
  U202309/ZN (AOI21_X2)                                   0.14       1.34 r
  U167477/ZN (OAI21_X1)                                   0.09       1.43 f
  U167476/ZN (AOI21_X1)                                   0.17       1.60 r
  U165237/ZN (OAI21_X1)                                   0.10       1.70 f
  U167475/ZN (AOI21_X1)                                   0.18       1.88 r
  U172598/ZN (OAI21_X1)                                   0.09       1.97 f
  U202495/CO (FA_X1)                                      0.29       2.26 f
  U202498/CO (FA_X1)                                      0.30       2.56 f
  U202501/CO (FA_X1)                                      0.29       2.85 f
  U166826/ZN (XNOR2_X1)                                   0.16       3.01 f
  U171108/ZN (OR2_X1)                                     0.22       3.23 f
  U202323/ZN (INV_X2)                                     0.22       3.45 r
  U202394/ZN (AOI22_X1)                                   0.10       3.54 f
  U202395/ZN (OAI21_X1)                                   0.13       3.67 r
  vortex/g_clusters[0].cluster/g_sockets[0].socket/g_cores[0].core/execute/alu_unit/g_blocks[0].muldiv_unit/serial_div/working_reg[0][44]/D (DFF_X1)
                                                          0.01       3.68 r
  data arrival time                                                  3.68

  clock CLK (rise edge)                                   4.00       4.00
  clock network delay (ideal)                             0.00       4.00
  clock uncertainty                                      -0.25       3.75
  vortex/g_clusters[0].cluster/g_sockets[0].socket/g_cores[0].core/execute/alu_unit/g_blocks[0].muldiv_unit/serial_div/working_reg[0][44]/CK (DFF_X1)
                                                          0.00       3.75 r
  library setup time                                     -0.07       3.68
  data required time                                                 3.68
  --------------------------------------------------------------------------
  data required time                                                 3.68
  data arrival time                                                 -3.68
  --------------------------------------------------------------------------
  slack (MET)                                                        0.00


  Startpoint: vortex/g_clusters[0].cluster/g_sockets[0].socket/g_cores[0].core/execute/alu_unit/g_blocks[0].muldiv_unit/serial_div/denom_r_reg[0][11]
              (rising edge-triggered flip-flop clocked by CLK)
  Endpoint: vortex/g_clusters[0].cluster/g_sockets[0].socket/g_cores[0].core/execute/alu_unit/g_blocks[0].muldiv_unit/serial_div/working_reg[0][52]
            (rising edge-triggered flip-flop clocked by CLK)
  Path Group: CLK
  Path Type: max

  Des/Clust/Port     Wire Load Model       Library
  ------------------------------------------------
  Vortex_axi         5K_hvratio_1_1        NangateOpenCellLibrary_ss0p95v125c

  Point                                                   Incr       Path
  --------------------------------------------------------------------------
  clock CLK (rise edge)                                   0.00       0.00
  clock network delay (ideal)                             0.00       0.00
  vortex/g_clusters[0].cluster/g_sockets[0].socket/g_cores[0].core/execute/alu_unit/g_blocks[0].muldiv_unit/serial_div/denom_r_reg[0][11]/CK (DFF_X1)
                                                          0.00 #     0.00 r
  vortex/g_clusters[0].cluster/g_sockets[0].socket/g_cores[0].core/execute/alu_unit/g_blocks[0].muldiv_unit/serial_div/denom_r_reg[0][11]/QN (DFF_X1)
                                                          0.29       0.29 f
  U202251/ZN (NOR2_X1)                                    0.21       0.50 r
  U202267/ZN (OAI21_X1)                                   0.08       0.58 f
  U202268/ZN (AOI21_X1)                                   0.21       0.79 r
  U202276/ZN (OAI21_X1)                                   0.08       0.87 f
  U172480/ZN (AOI21_X1)                                   0.21       1.08 r
  U167478/ZN (OAI21_X1)                                   0.11       1.19 f
  U202309/ZN (AOI21_X2)                                   0.14       1.34 r
  U167477/ZN (OAI21_X1)                                   0.09       1.43 f
  U167476/ZN (AOI21_X1)                                   0.17       1.60 r
  U165237/ZN (OAI21_X1)                                   0.10       1.70 f
  U167475/ZN (AOI21_X1)                                   0.18       1.88 r
  U172598/ZN (OAI21_X1)                                   0.09       1.97 f
  U202495/CO (FA_X1)                                      0.29       2.26 f
  U202498/CO (FA_X1)                                      0.30       2.56 f
  U202501/CO (FA_X1)                                      0.29       2.85 f
  U166826/ZN (XNOR2_X1)                                   0.16       3.01 f
  U171108/ZN (OR2_X1)                                     0.22       3.23 f
  U202396/ZN (INV_X2)                                     0.22       3.45 r
  U202449/ZN (AOI22_X1)                                   0.10       3.54 f
  U202450/ZN (OAI21_X1)                                   0.13       3.67 r
  vortex/g_clusters[0].cluster/g_sockets[0].socket/g_cores[0].core/execute/alu_unit/g_blocks[0].muldiv_unit/serial_div/working_reg[0][52]/D (DFF_X1)
                                                          0.01       3.68 r
  data arrival time                                                  3.68

  clock CLK (rise edge)                                   4.00       4.00
  clock network delay (ideal)                             0.00       4.00
  clock uncertainty                                      -0.25       3.75
  vortex/g_clusters[0].cluster/g_sockets[0].socket/g_cores[0].core/execute/alu_unit/g_blocks[0].muldiv_unit/serial_div/working_reg[0][52]/CK (DFF_X1)
                                                          0.00       3.75 r
  library setup time                                     -0.07       3.68
  data required time                                                 3.68
  --------------------------------------------------------------------------
  data required time                                                 3.68
  data arrival time                                                 -3.68
  --------------------------------------------------------------------------
  slack (MET)                                                        0.00


  Startpoint: vortex/g_clusters[0].cluster/g_sockets[0].socket/g_cores[0].core/execute/alu_unit/g_blocks[0].muldiv_unit/serial_div/denom_r_reg[0][11]
              (rising edge-triggered flip-flop clocked by CLK)
  Endpoint: vortex/g_clusters[0].cluster/g_sockets[0].socket/g_cores[0].core/execute/alu_unit/g_blocks[0].muldiv_unit/serial_div/working_reg[0][37]
            (rising edge-triggered flip-flop clocked by CLK)
  Path Group: CLK
  Path Type: max

  Des/Clust/Port     Wire Load Model       Library
  ------------------------------------------------
  Vortex_axi         5K_hvratio_1_1        NangateOpenCellLibrary_ss0p95v125c

  Point                                                   Incr       Path
  --------------------------------------------------------------------------
  clock CLK (rise edge)                                   0.00       0.00
  clock network delay (ideal)                             0.00       0.00
  vortex/g_clusters[0].cluster/g_sockets[0].socket/g_cores[0].core/execute/alu_unit/g_blocks[0].muldiv_unit/serial_div/denom_r_reg[0][11]/CK (DFF_X1)
                                                          0.00 #     0.00 r
  vortex/g_clusters[0].cluster/g_sockets[0].socket/g_cores[0].core/execute/alu_unit/g_blocks[0].muldiv_unit/serial_div/denom_r_reg[0][11]/QN (DFF_X1)
                                                          0.29       0.29 f
  U202251/ZN (NOR2_X1)                                    0.21       0.50 r
  U202267/ZN (OAI21_X1)                                   0.08       0.58 f
  U202268/ZN (AOI21_X1)                                   0.21       0.79 r
  U202276/ZN (OAI21_X1)                                   0.08       0.87 f
  U172480/ZN (AOI21_X1)                                   0.21       1.08 r
  U167478/ZN (OAI21_X1)                                   0.11       1.19 f
  U202309/ZN (AOI21_X2)                                   0.14       1.34 r
  U167477/ZN (OAI21_X1)                                   0.09       1.43 f
  U167476/ZN (AOI21_X1)                                   0.17       1.60 r
  U165237/ZN (OAI21_X1)                                   0.10       1.70 f
  U167475/ZN (AOI21_X1)                                   0.18       1.88 r
  U172598/ZN (OAI21_X1)                                   0.09       1.97 f
  U202495/CO (FA_X1)                                      0.29       2.26 f
  U202498/CO (FA_X1)                                      0.30       2.56 f
  U202501/CO (FA_X1)                                      0.29       2.85 f
  U166826/ZN (XNOR2_X1)                                   0.16       3.01 f
  U171108/ZN (OR2_X1)                                     0.22       3.23 f
  U202323/ZN (INV_X2)                                     0.22       3.45 r
  U202348/ZN (AOI22_X1)                                   0.10       3.54 f
  U202349/ZN (OAI21_X1)                                   0.13       3.67 r
  vortex/g_clusters[0].cluster/g_sockets[0].socket/g_cores[0].core/execute/alu_unit/g_blocks[0].muldiv_unit/serial_div/working_reg[0][37]/D (DFF_X1)
                                                          0.01       3.68 r
  data arrival time                                                  3.68

  clock CLK (rise edge)                                   4.00       4.00
  clock network delay (ideal)                             0.00       4.00
  clock uncertainty                                      -0.25       3.75
  vortex/g_clusters[0].cluster/g_sockets[0].socket/g_cores[0].core/execute/alu_unit/g_blocks[0].muldiv_unit/serial_div/working_reg[0][37]/CK (DFF_X1)
                                                          0.00       3.75 r
  library setup time                                     -0.07       3.68
  data required time                                                 3.68
  --------------------------------------------------------------------------
  data required time                                                 3.68
  data arrival time                                                 -3.68
  --------------------------------------------------------------------------
  slack (MET)                                                        0.00


  Startpoint: vortex/g_clusters[0].cluster/g_sockets[0].socket/g_cores[0].core/execute/alu_unit/g_blocks[0].muldiv_unit/serial_div/denom_r_reg[0][11]
              (rising edge-triggered flip-flop clocked by CLK)
  Endpoint: vortex/g_clusters[0].cluster/g_sockets[0].socket/g_cores[0].core/execute/alu_unit/g_blocks[0].muldiv_unit/serial_div/working_reg[0][42]
            (rising edge-triggered flip-flop clocked by CLK)
  Path Group: CLK
  Path Type: max

  Des/Clust/Port     Wire Load Model       Library
  ------------------------------------------------
  Vortex_axi         5K_hvratio_1_1        NangateOpenCellLibrary_ss0p95v125c

  Point                                                   Incr       Path
  --------------------------------------------------------------------------
  clock CLK (rise edge)                                   0.00       0.00
  clock network delay (ideal)                             0.00       0.00
  vortex/g_clusters[0].cluster/g_sockets[0].socket/g_cores[0].core/execute/alu_unit/g_blocks[0].muldiv_unit/serial_div/denom_r_reg[0][11]/CK (DFF_X1)
                                                          0.00 #     0.00 r
  vortex/g_clusters[0].cluster/g_sockets[0].socket/g_cores[0].core/execute/alu_unit/g_blocks[0].muldiv_unit/serial_div/denom_r_reg[0][11]/QN (DFF_X1)
                                                          0.29       0.29 f
  U202251/ZN (NOR2_X1)                                    0.21       0.50 r
  U202267/ZN (OAI21_X1)                                   0.08       0.58 f
  U202268/ZN (AOI21_X1)                                   0.21       0.79 r
  U202276/ZN (OAI21_X1)                                   0.08       0.87 f
  U172480/ZN (AOI21_X1)                                   0.21       1.08 r
  U167478/ZN (OAI21_X1)                                   0.11       1.19 f
  U202309/ZN (AOI21_X2)                                   0.14       1.34 r
  U167477/ZN (OAI21_X1)                                   0.09       1.43 f
  U167476/ZN (AOI21_X1)                                   0.17       1.60 r
  U165237/ZN (OAI21_X1)                                   0.10       1.70 f
  U167475/ZN (AOI21_X1)                                   0.18       1.88 r
  U172598/ZN (OAI21_X1)                                   0.09       1.97 f
  U202495/CO (FA_X1)                                      0.29       2.26 f
  U202498/CO (FA_X1)                                      0.30       2.56 f
  U202501/CO (FA_X1)                                      0.29       2.85 f
  U166826/ZN (XNOR2_X1)                                   0.16       3.01 f
  U171108/ZN (OR2_X1)                                     0.22       3.23 f
  U202323/ZN (INV_X2)                                     0.22       3.45 r
  U202379/ZN (AOI22_X1)                                   0.10       3.54 f
  U202380/ZN (OAI21_X1)                                   0.13       3.67 r
  vortex/g_clusters[0].cluster/g_sockets[0].socket/g_cores[0].core/execute/alu_unit/g_blocks[0].muldiv_unit/serial_div/working_reg[0][42]/D (DFF_X1)
                                                          0.01       3.68 r
  data arrival time                                                  3.68

  clock CLK (rise edge)                                   4.00       4.00
  clock network delay (ideal)                             0.00       4.00
  clock uncertainty                                      -0.25       3.75
  vortex/g_clusters[0].cluster/g_sockets[0].socket/g_cores[0].core/execute/alu_unit/g_blocks[0].muldiv_unit/serial_div/working_reg[0][42]/CK (DFF_X1)
                                                          0.00       3.75 r
  library setup time                                     -0.07       3.68
  data required time                                                 3.68
  --------------------------------------------------------------------------
  data required time                                                 3.68
  data arrival time                                                 -3.68
  --------------------------------------------------------------------------
  slack (MET)                                                        0.00


  Startpoint: vortex/g_clusters[0].cluster/g_sockets[0].socket/g_cores[0].core/execute/alu_unit/g_blocks[0].muldiv_unit/serial_div/denom_r_reg[0][11]
              (rising edge-triggered flip-flop clocked by CLK)
  Endpoint: vortex/g_clusters[0].cluster/g_sockets[0].socket/g_cores[0].core/execute/alu_unit/g_blocks[0].muldiv_unit/serial_div/working_reg[0][43]
            (rising edge-triggered flip-flop clocked by CLK)
  Path Group: CLK
  Path Type: max

  Des/Clust/Port     Wire Load Model       Library
  ------------------------------------------------
  Vortex_axi         5K_hvratio_1_1        NangateOpenCellLibrary_ss0p95v125c

  Point                                                   Incr       Path
  --------------------------------------------------------------------------
  clock CLK (rise edge)                                   0.00       0.00
  clock network delay (ideal)                             0.00       0.00
  vortex/g_clusters[0].cluster/g_sockets[0].socket/g_cores[0].core/execute/alu_unit/g_blocks[0].muldiv_unit/serial_div/denom_r_reg[0][11]/CK (DFF_X1)
                                                          0.00 #     0.00 r
  vortex/g_clusters[0].cluster/g_sockets[0].socket/g_cores[0].core/execute/alu_unit/g_blocks[0].muldiv_unit/serial_div/denom_r_reg[0][11]/QN (DFF_X1)
                                                          0.29       0.29 f
  U202251/ZN (NOR2_X1)                                    0.21       0.50 r
  U202267/ZN (OAI21_X1)                                   0.08       0.58 f
  U202268/ZN (AOI21_X1)                                   0.21       0.79 r
  U202276/ZN (OAI21_X1)                                   0.08       0.87 f
  U172480/ZN (AOI21_X1)                                   0.21       1.08 r
  U167478/ZN (OAI21_X1)                                   0.11       1.19 f
  U202309/ZN (AOI21_X2)                                   0.14       1.34 r
  U167477/ZN (OAI21_X1)                                   0.09       1.43 f
  U167476/ZN (AOI21_X1)                                   0.17       1.60 r
  U165237/ZN (OAI21_X1)                                   0.10       1.70 f
  U167475/ZN (AOI21_X1)                                   0.18       1.88 r
  U172598/ZN (OAI21_X1)                                   0.09       1.97 f
  U202495/CO (FA_X1)                                      0.29       2.26 f
  U202498/CO (FA_X1)                                      0.30       2.56 f
  U202501/CO (FA_X1)                                      0.29       2.85 f
  U166826/ZN (XNOR2_X1)                                   0.16       3.01 f
  U171108/ZN (OR2_X1)                                     0.22       3.23 f
  U202323/ZN (INV_X2)                                     0.22       3.45 r
  U202387/ZN (AOI22_X1)                                   0.10       3.54 f
  U202388/ZN (OAI21_X1)                                   0.13       3.67 r
  vortex/g_clusters[0].cluster/g_sockets[0].socket/g_cores[0].core/execute/alu_unit/g_blocks[0].muldiv_unit/serial_div/working_reg[0][43]/D (DFF_X1)
                                                          0.01       3.68 r
  data arrival time                                                  3.68

  clock CLK (rise edge)                                   4.00       4.00
  clock network delay (ideal)                             0.00       4.00
  clock uncertainty                                      -0.25       3.75
  vortex/g_clusters[0].cluster/g_sockets[0].socket/g_cores[0].core/execute/alu_unit/g_blocks[0].muldiv_unit/serial_div/working_reg[0][43]/CK (DFF_X1)
                                                          0.00       3.75 r
  library setup time                                     -0.07       3.68
  data required time                                                 3.68
  --------------------------------------------------------------------------
  data required time                                                 3.68
  data arrival time                                                 -3.68
  --------------------------------------------------------------------------
  slack (MET)                                                        0.00


  Startpoint: vortex/g_clusters[0].cluster/g_sockets[0].socket/g_cores[0].core/execute/alu_unit/g_blocks[0].muldiv_unit/serial_div/denom_r_reg[0][11]
              (rising edge-triggered flip-flop clocked by CLK)
  Endpoint: vortex/g_clusters[0].cluster/g_sockets[0].socket/g_cores[0].core/execute/alu_unit/g_blocks[0].muldiv_unit/serial_div/working_reg[0][45]
            (rising edge-triggered flip-flop clocked by CLK)
  Path Group: CLK
  Path Type: max

  Des/Clust/Port     Wire Load Model       Library
  ------------------------------------------------
  Vortex_axi         5K_hvratio_1_1        NangateOpenCellLibrary_ss0p95v125c

  Point                                                   Incr       Path
  --------------------------------------------------------------------------
  clock CLK (rise edge)                                   0.00       0.00
  clock network delay (ideal)                             0.00       0.00
  vortex/g_clusters[0].cluster/g_sockets[0].socket/g_cores[0].core/execute/alu_unit/g_blocks[0].muldiv_unit/serial_div/denom_r_reg[0][11]/CK (DFF_X1)
                                                          0.00 #     0.00 r
  vortex/g_clusters[0].cluster/g_sockets[0].socket/g_cores[0].core/execute/alu_unit/g_blocks[0].muldiv_unit/serial_div/denom_r_reg[0][11]/QN (DFF_X1)
                                                          0.29       0.29 f
  U202251/ZN (NOR2_X1)                                    0.21       0.50 r
  U202267/ZN (OAI21_X1)                                   0.08       0.58 f
  U202268/ZN (AOI21_X1)                                   0.21       0.79 r
  U202276/ZN (OAI21_X1)                                   0.08       0.87 f
  U172480/ZN (AOI21_X1)                                   0.21       1.08 r
  U167478/ZN (OAI21_X1)                                   0.11       1.19 f
  U202309/ZN (AOI21_X2)                                   0.14       1.34 r
  U167477/ZN (OAI21_X1)                                   0.09       1.43 f
  U167476/ZN (AOI21_X1)                                   0.17       1.60 r
  U165237/ZN (OAI21_X1)                                   0.10       1.70 f
  U167475/ZN (AOI21_X1)                                   0.18       1.88 r
  U172598/ZN (OAI21_X1)                                   0.09       1.97 f
  U202495/CO (FA_X1)                                      0.29       2.26 f
  U202498/CO (FA_X1)                                      0.30       2.56 f
  U202501/CO (FA_X1)                                      0.29       2.85 f
  U166826/ZN (XNOR2_X1)                                   0.16       3.01 f
  U171108/ZN (OR2_X1)                                     0.22       3.23 f
  U202396/ZN (INV_X2)                                     0.22       3.45 r
  U202402/ZN (AOI22_X1)                                   0.10       3.54 f
  U202403/ZN (OAI21_X1)                                   0.13       3.67 r
  vortex/g_clusters[0].cluster/g_sockets[0].socket/g_cores[0].core/execute/alu_unit/g_blocks[0].muldiv_unit/serial_div/working_reg[0][45]/D (DFF_X1)
                                                          0.01       3.68 r
  data arrival time                                                  3.68

  clock CLK (rise edge)                                   4.00       4.00
  clock network delay (ideal)                             0.00       4.00
  clock uncertainty                                      -0.25       3.75
  vortex/g_clusters[0].cluster/g_sockets[0].socket/g_cores[0].core/execute/alu_unit/g_blocks[0].muldiv_unit/serial_div/working_reg[0][45]/CK (DFF_X1)
                                                          0.00       3.75 r
  library setup time                                     -0.07       3.68
  data required time                                                 3.68
  --------------------------------------------------------------------------
  data required time                                                 3.68
  data arrival time                                                 -3.68
  --------------------------------------------------------------------------
  slack (MET)                                                        0.00


  Startpoint: vortex/g_clusters[0].cluster/g_sockets[0].socket/g_cores[0].core/execute/alu_unit/g_blocks[0].muldiv_unit/serial_div/denom_r_reg[0][11]
              (rising edge-triggered flip-flop clocked by CLK)
  Endpoint: vortex/g_clusters[0].cluster/g_sockets[0].socket/g_cores[0].core/execute/alu_unit/g_blocks[0].muldiv_unit/serial_div/working_reg[0][47]
            (rising edge-triggered flip-flop clocked by CLK)
  Path Group: CLK
  Path Type: max

  Des/Clust/Port     Wire Load Model       Library
  ------------------------------------------------
  Vortex_axi         5K_hvratio_1_1        NangateOpenCellLibrary_ss0p95v125c

  Point                                                   Incr       Path
  --------------------------------------------------------------------------
  clock CLK (rise edge)                                   0.00       0.00
  clock network delay (ideal)                             0.00       0.00
  vortex/g_clusters[0].cluster/g_sockets[0].socket/g_cores[0].core/execute/alu_unit/g_blocks[0].muldiv_unit/serial_div/denom_r_reg[0][11]/CK (DFF_X1)
                                                          0.00 #     0.00 r
  vortex/g_clusters[0].cluster/g_sockets[0].socket/g_cores[0].core/execute/alu_unit/g_blocks[0].muldiv_unit/serial_div/denom_r_reg[0][11]/QN (DFF_X1)
                                                          0.29       0.29 f
  U202251/ZN (NOR2_X1)                                    0.21       0.50 r
  U202267/ZN (OAI21_X1)                                   0.08       0.58 f
  U202268/ZN (AOI21_X1)                                   0.21       0.79 r
  U202276/ZN (OAI21_X1)                                   0.08       0.87 f
  U172480/ZN (AOI21_X1)                                   0.21       1.08 r
  U167478/ZN (OAI21_X1)                                   0.11       1.19 f
  U202309/ZN (AOI21_X2)                                   0.14       1.34 r
  U167477/ZN (OAI21_X1)                                   0.09       1.43 f
  U167476/ZN (AOI21_X1)                                   0.17       1.60 r
  U165237/ZN (OAI21_X1)                                   0.10       1.70 f
  U167475/ZN (AOI21_X1)                                   0.18       1.88 r
  U172598/ZN (OAI21_X1)                                   0.09       1.97 f
  U202495/CO (FA_X1)                                      0.29       2.26 f
  U202498/CO (FA_X1)                                      0.30       2.56 f
  U202501/CO (FA_X1)                                      0.29       2.85 f
  U166826/ZN (XNOR2_X1)                                   0.16       3.01 f
  U171108/ZN (OR2_X1)                                     0.22       3.23 f
  U202396/ZN (INV_X2)                                     0.22       3.45 r
  U202417/ZN (AOI22_X1)                                   0.10       3.54 f
  U202418/ZN (OAI21_X1)                                   0.13       3.67 r
  vortex/g_clusters[0].cluster/g_sockets[0].socket/g_cores[0].core/execute/alu_unit/g_blocks[0].muldiv_unit/serial_div/working_reg[0][47]/D (DFF_X1)
                                                          0.01       3.68 r
  data arrival time                                                  3.68

  clock CLK (rise edge)                                   4.00       4.00
  clock network delay (ideal)                             0.00       4.00
  clock uncertainty                                      -0.25       3.75
  vortex/g_clusters[0].cluster/g_sockets[0].socket/g_cores[0].core/execute/alu_unit/g_blocks[0].muldiv_unit/serial_div/working_reg[0][47]/CK (DFF_X1)
                                                          0.00       3.75 r
  library setup time                                     -0.07       3.68
  data required time                                                 3.68
  --------------------------------------------------------------------------
  data required time                                                 3.68
  data arrival time                                                 -3.68
  --------------------------------------------------------------------------
  slack (MET)                                                        0.00


  Startpoint: vortex/g_clusters[0].cluster/g_sockets[0].socket/g_cores[0].core/execute/alu_unit/g_blocks[0].muldiv_unit/serial_div/denom_r_reg[0][11]
              (rising edge-triggered flip-flop clocked by CLK)
  Endpoint: vortex/g_clusters[0].cluster/g_sockets[0].socket/g_cores[0].core/execute/alu_unit/g_blocks[0].muldiv_unit/serial_div/working_reg[0][49]
            (rising edge-triggered flip-flop clocked by CLK)
  Path Group: CLK
  Path Type: max

  Des/Clust/Port     Wire Load Model       Library
  ------------------------------------------------
  Vortex_axi         5K_hvratio_1_1        NangateOpenCellLibrary_ss0p95v125c

  Point                                                   Incr       Path
  --------------------------------------------------------------------------
  clock CLK (rise edge)                                   0.00       0.00
  clock network delay (ideal)                             0.00       0.00
  vortex/g_clusters[0].cluster/g_sockets[0].socket/g_cores[0].core/execute/alu_unit/g_blocks[0].muldiv_unit/serial_div/denom_r_reg[0][11]/CK (DFF_X1)
                                                          0.00 #     0.00 r
  vortex/g_clusters[0].cluster/g_sockets[0].socket/g_cores[0].core/execute/alu_unit/g_blocks[0].muldiv_unit/serial_div/denom_r_reg[0][11]/QN (DFF_X1)
                                                          0.29       0.29 f
  U202251/ZN (NOR2_X1)                                    0.21       0.50 r
  U202267/ZN (OAI21_X1)                                   0.08       0.58 f
  U202268/ZN (AOI21_X1)                                   0.21       0.79 r
  U202276/ZN (OAI21_X1)                                   0.08       0.87 f
  U172480/ZN (AOI21_X1)                                   0.21       1.08 r
  U167478/ZN (OAI21_X1)                                   0.11       1.19 f
  U202309/ZN (AOI21_X2)                                   0.14       1.34 r
  U167477/ZN (OAI21_X1)                                   0.09       1.43 f
  U167476/ZN (AOI21_X1)                                   0.17       1.60 r
  U165237/ZN (OAI21_X1)                                   0.10       1.70 f
  U167475/ZN (AOI21_X1)                                   0.18       1.88 r
  U172598/ZN (OAI21_X1)                                   0.09       1.97 f
  U202495/CO (FA_X1)                                      0.29       2.26 f
  U202498/CO (FA_X1)                                      0.30       2.56 f
  U202501/CO (FA_X1)                                      0.29       2.85 f
  U166826/ZN (XNOR2_X1)                                   0.16       3.01 f
  U171108/ZN (OR2_X1)                                     0.22       3.23 f
  U202396/ZN (INV_X2)                                     0.22       3.45 r
  U202430/ZN (AOI22_X1)                                   0.10       3.54 f
  U202431/ZN (OAI21_X1)                                   0.13       3.67 r
  vortex/g_clusters[0].cluster/g_sockets[0].socket/g_cores[0].core/execute/alu_unit/g_blocks[0].muldiv_unit/serial_div/working_reg[0][49]/D (DFF_X1)
                                                          0.01       3.68 r
  data arrival time                                                  3.68

  clock CLK (rise edge)                                   4.00       4.00
  clock network delay (ideal)                             0.00       4.00
  clock uncertainty                                      -0.25       3.75
  vortex/g_clusters[0].cluster/g_sockets[0].socket/g_cores[0].core/execute/alu_unit/g_blocks[0].muldiv_unit/serial_div/working_reg[0][49]/CK (DFF_X1)
                                                          0.00       3.75 r
  library setup time                                     -0.07       3.68
  data required time                                                 3.68
  --------------------------------------------------------------------------
  data required time                                                 3.68
  data arrival time                                                 -3.68
  --------------------------------------------------------------------------
  slack (MET)                                                        0.00


  Startpoint: vortex/g_clusters[0].cluster/g_sockets[0].socket/g_cores[0].core/execute/alu_unit/g_blocks[0].muldiv_unit/serial_div/denom_r_reg[0][11]
              (rising edge-triggered flip-flop clocked by CLK)
  Endpoint: vortex/g_clusters[0].cluster/g_sockets[0].socket/g_cores[0].core/execute/alu_unit/g_blocks[0].muldiv_unit/serial_div/working_reg[0][55]
            (rising edge-triggered flip-flop clocked by CLK)
  Path Group: CLK
  Path Type: max

  Des/Clust/Port     Wire Load Model       Library
  ------------------------------------------------
  Vortex_axi         5K_hvratio_1_1        NangateOpenCellLibrary_ss0p95v125c

  Point                                                   Incr       Path
  --------------------------------------------------------------------------
  clock CLK (rise edge)                                   0.00       0.00
  clock network delay (ideal)                             0.00       0.00
  vortex/g_clusters[0].cluster/g_sockets[0].socket/g_cores[0].core/execute/alu_unit/g_blocks[0].muldiv_unit/serial_div/denom_r_reg[0][11]/CK (DFF_X1)
                                                          0.00 #     0.00 r
  vortex/g_clusters[0].cluster/g_sockets[0].socket/g_cores[0].core/execute/alu_unit/g_blocks[0].muldiv_unit/serial_div/denom_r_reg[0][11]/QN (DFF_X1)
                                                          0.29       0.29 f
  U202251/ZN (NOR2_X1)                                    0.21       0.50 r
  U202267/ZN (OAI21_X1)                                   0.08       0.58 f
  U202268/ZN (AOI21_X1)                                   0.21       0.79 r
  U202276/ZN (OAI21_X1)                                   0.08       0.87 f
  U172480/ZN (AOI21_X1)                                   0.21       1.08 r
  U167478/ZN (OAI21_X1)                                   0.11       1.19 f
  U202309/ZN (AOI21_X2)                                   0.14       1.34 r
  U167477/ZN (OAI21_X1)                                   0.09       1.43 f
  U167476/ZN (AOI21_X1)                                   0.17       1.60 r
  U165237/ZN (OAI21_X1)                                   0.10       1.70 f
  U167475/ZN (AOI21_X1)                                   0.18       1.88 r
  U172598/ZN (OAI21_X1)                                   0.09       1.97 f
  U202495/CO (FA_X1)                                      0.29       2.26 f
  U202498/CO (FA_X1)                                      0.30       2.56 f
  U202501/CO (FA_X1)                                      0.29       2.85 f
  U166826/ZN (XNOR2_X1)                                   0.16       3.01 f
  U171108/ZN (OR2_X1)                                     0.22       3.23 f
  U202396/ZN (INV_X2)                                     0.22       3.45 r
  U202466/ZN (AOI22_X1)                                   0.10       3.54 f
  U202467/ZN (OAI21_X1)                                   0.13       3.67 r
  vortex/g_clusters[0].cluster/g_sockets[0].socket/g_cores[0].core/execute/alu_unit/g_blocks[0].muldiv_unit/serial_div/working_reg[0][55]/D (DFF_X1)
                                                          0.01       3.68 r
  data arrival time                                                  3.68

  clock CLK (rise edge)                                   4.00       4.00
  clock network delay (ideal)                             0.00       4.00
  clock uncertainty                                      -0.25       3.75
  vortex/g_clusters[0].cluster/g_sockets[0].socket/g_cores[0].core/execute/alu_unit/g_blocks[0].muldiv_unit/serial_div/working_reg[0][55]/CK (DFF_X1)
                                                          0.00       3.75 r
  library setup time                                     -0.07       3.68
  data required time                                                 3.68
  --------------------------------------------------------------------------
  data required time                                                 3.68
  data arrival time                                                 -3.68
  --------------------------------------------------------------------------
  slack (MET)                                                        0.00


  Startpoint: vortex/g_clusters[0].cluster/g_sockets[0].socket/g_cores[0].core/execute/fpu_unit/g_blocks[0].fpu_dsp/fpu_fma/g_fmas[2].fma_unit/a_mant_s1_reg[22]
              (rising edge-triggered flip-flop clocked by CLK)
  Endpoint: vortex/g_clusters[0].cluster/g_sockets[0].socket/g_cores[0].core/execute/fpu_unit/g_blocks[0].fpu_dsp/fpu_fma/g_fmas[2].fma_unit/pp3_reg[19]
            (rising edge-triggered flip-flop clocked by CLK)
  Path Group: CLK
  Path Type: max

  Des/Clust/Port     Wire Load Model       Library
  ------------------------------------------------
  Vortex_axi         5K_hvratio_1_1        NangateOpenCellLibrary_ss0p95v125c

  Point                                                   Incr       Path
  --------------------------------------------------------------------------
  clock CLK (rise edge)                                   0.00       0.00
  clock network delay (ideal)                             0.00       0.00
  vortex/g_clusters[0].cluster/g_sockets[0].socket/g_cores[0].core/execute/fpu_unit/g_blocks[0].fpu_dsp/fpu_fma/g_fmas[2].fma_unit/a_mant_s1_reg[22]/CK (DFF_X1)
                                                          0.00 #     0.00 r
  vortex/g_clusters[0].cluster/g_sockets[0].socket/g_cores[0].core/execute/fpu_unit/g_blocks[0].fpu_dsp/fpu_fma/g_fmas[2].fma_unit/a_mant_s1_reg[22]/Q (DFF_X1)
                                                          0.37       0.37 r
  U187939/ZN (XNOR2_X1)                                   0.07       0.45 f
  U163607/Z (CLKBUF_X3)                                   0.22       0.67 f
  U187940/ZN (NAND2_X2)                                   0.41       1.08 r
  U187973/ZN (OAI22_X1)                                   0.15       1.23 f
  U188010/CO (FA_X1)                                      0.31       1.54 f
  U188030/CO (FA_X1)                                      0.30       1.83 f
  U188168/S (FA_X1)                                       0.44       2.27 r
  U188169/S (FA_X1)                                       0.34       2.61 f
  U170304/ZN (NOR2_X1)                                    0.20       2.81 r
  U188157/ZN (OAI21_X1)                                   0.08       2.89 f
  U165202/ZN (AOI21_X1)                                   0.20       3.09 r
  U188158/ZN (OAI21_X2)                                   0.13       3.23 f
  U219600/ZN (AOI21_X1)                                   0.15       3.38 r
  U219601/ZN (XNOR2_X1)                                   0.16       3.54 r
  U169856/ZN (NAND2_X1)                                   0.06       3.60 f
  U169855/ZN (NAND2_X1)                                   0.08       3.68 r
  vortex/g_clusters[0].cluster/g_sockets[0].socket/g_cores[0].core/execute/fpu_unit/g_blocks[0].fpu_dsp/fpu_fma/g_fmas[2].fma_unit/pp3_reg[19]/D (DFF_X1)
                                                          0.01       3.69 r
  data arrival time                                                  3.69

  clock CLK (rise edge)                                   4.00       4.00
  clock network delay (ideal)                             0.00       4.00
  clock uncertainty                                      -0.25       3.75
  vortex/g_clusters[0].cluster/g_sockets[0].socket/g_cores[0].core/execute/fpu_unit/g_blocks[0].fpu_dsp/fpu_fma/g_fmas[2].fma_unit/pp3_reg[19]/CK (DFF_X1)
                                                          0.00       3.75 r
  library setup time                                     -0.06       3.69
  data required time                                                 3.69
  --------------------------------------------------------------------------
  data required time                                                 3.69
  data arrival time                                                 -3.69
  --------------------------------------------------------------------------
  slack (MET)                                                        0.00


  Startpoint: vortex/g_clusters[0].cluster/g_sockets[0].socket/g_cores[0].core/execute/fpu_unit/g_blocks[0].fpu_dsp/fpu_fma/g_fmas[2].fma_unit/a_mant_s1_reg[22]
              (rising edge-triggered flip-flop clocked by CLK)
  Endpoint: vortex/g_clusters[0].cluster/g_sockets[0].socket/g_cores[0].core/execute/fpu_unit/g_blocks[0].fpu_dsp/fpu_fma/g_fmas[2].fma_unit/pp3_reg[20]
            (rising edge-triggered flip-flop clocked by CLK)
  Path Group: CLK
  Path Type: max

  Des/Clust/Port     Wire Load Model       Library
  ------------------------------------------------
  Vortex_axi         5K_hvratio_1_1        NangateOpenCellLibrary_ss0p95v125c

  Point                                                   Incr       Path
  --------------------------------------------------------------------------
  clock CLK (rise edge)                                   0.00       0.00
  clock network delay (ideal)                             0.00       0.00
  vortex/g_clusters[0].cluster/g_sockets[0].socket/g_cores[0].core/execute/fpu_unit/g_blocks[0].fpu_dsp/fpu_fma/g_fmas[2].fma_unit/a_mant_s1_reg[22]/CK (DFF_X1)
                                                          0.00 #     0.00 r
  vortex/g_clusters[0].cluster/g_sockets[0].socket/g_cores[0].core/execute/fpu_unit/g_blocks[0].fpu_dsp/fpu_fma/g_fmas[2].fma_unit/a_mant_s1_reg[22]/Q (DFF_X1)
                                                          0.37       0.37 r
  U187939/ZN (XNOR2_X1)                                   0.07       0.45 f
  U163607/Z (CLKBUF_X3)                                   0.22       0.67 f
  U187940/ZN (NAND2_X2)                                   0.41       1.08 r
  U187973/ZN (OAI22_X1)                                   0.15       1.23 f
  U188010/CO (FA_X1)                                      0.31       1.54 f
  U188030/CO (FA_X1)                                      0.30       1.83 f
  U188168/S (FA_X1)                                       0.44       2.27 r
  U188169/S (FA_X1)                                       0.34       2.61 f
  U170304/ZN (NOR2_X1)                                    0.20       2.81 r
  U188157/ZN (OAI21_X1)                                   0.08       2.89 f
  U165202/ZN (AOI21_X1)                                   0.20       3.09 r
  U188158/ZN (OAI21_X2)                                   0.13       3.23 f
  U219596/ZN (AOI21_X1)                                   0.15       3.38 r
  U219597/ZN (XNOR2_X1)                                   0.16       3.54 r
  U169854/ZN (NAND2_X1)                                   0.06       3.60 f
  U169853/ZN (NAND2_X1)                                   0.08       3.68 r
  vortex/g_clusters[0].cluster/g_sockets[0].socket/g_cores[0].core/execute/fpu_unit/g_blocks[0].fpu_dsp/fpu_fma/g_fmas[2].fma_unit/pp3_reg[20]/D (DFF_X1)
                                                          0.01       3.69 r
  data arrival time                                                  3.69

  clock CLK (rise edge)                                   4.00       4.00
  clock network delay (ideal)                             0.00       4.00
  clock uncertainty                                      -0.25       3.75
  vortex/g_clusters[0].cluster/g_sockets[0].socket/g_cores[0].core/execute/fpu_unit/g_blocks[0].fpu_dsp/fpu_fma/g_fmas[2].fma_unit/pp3_reg[20]/CK (DFF_X1)
                                                          0.00       3.75 r
  library setup time                                     -0.06       3.69
  data required time                                                 3.69
  --------------------------------------------------------------------------
  data required time                                                 3.69
  data arrival time                                                 -3.69
  --------------------------------------------------------------------------
  slack (MET)                                                        0.00


  Startpoint: vortex/g_clusters[0].cluster/g_sockets[0].socket/g_cores[0].core/execute/fpu_unit/g_blocks[0].fpu_dsp/fpu_fma/g_fmas[2].fma_unit/a_mant_s1_reg[22]
              (rising edge-triggered flip-flop clocked by CLK)
  Endpoint: vortex/g_clusters[0].cluster/g_sockets[0].socket/g_cores[0].core/execute/fpu_unit/g_blocks[0].fpu_dsp/fpu_fma/g_fmas[2].fma_unit/pp3_reg[21]
            (rising edge-triggered flip-flop clocked by CLK)
  Path Group: CLK
  Path Type: max

  Des/Clust/Port     Wire Load Model       Library
  ------------------------------------------------
  Vortex_axi         5K_hvratio_1_1        NangateOpenCellLibrary_ss0p95v125c

  Point                                                   Incr       Path
  --------------------------------------------------------------------------
  clock CLK (rise edge)                                   0.00       0.00
  clock network delay (ideal)                             0.00       0.00
  vortex/g_clusters[0].cluster/g_sockets[0].socket/g_cores[0].core/execute/fpu_unit/g_blocks[0].fpu_dsp/fpu_fma/g_fmas[2].fma_unit/a_mant_s1_reg[22]/CK (DFF_X1)
                                                          0.00 #     0.00 r
  vortex/g_clusters[0].cluster/g_sockets[0].socket/g_cores[0].core/execute/fpu_unit/g_blocks[0].fpu_dsp/fpu_fma/g_fmas[2].fma_unit/a_mant_s1_reg[22]/Q (DFF_X1)
                                                          0.37       0.37 r
  U187939/ZN (XNOR2_X1)                                   0.07       0.45 f
  U163607/Z (CLKBUF_X3)                                   0.22       0.67 f
  U187940/ZN (NAND2_X2)                                   0.41       1.08 r
  U187973/ZN (OAI22_X1)                                   0.15       1.23 f
  U188010/CO (FA_X1)                                      0.31       1.54 f
  U188030/CO (FA_X1)                                      0.30       1.83 f
  U188168/S (FA_X1)                                       0.44       2.27 r
  U188169/S (FA_X1)                                       0.34       2.61 f
  U170304/ZN (NOR2_X1)                                    0.20       2.81 r
  U188157/ZN (OAI21_X1)                                   0.08       2.89 f
  U165202/ZN (AOI21_X1)                                   0.20       3.09 r
  U188158/ZN (OAI21_X2)                                   0.13       3.23 f
  U188215/ZN (AOI21_X1)                                   0.15       3.38 r
  U188224/ZN (XNOR2_X1)                                   0.16       3.54 r
  U169852/ZN (NAND2_X1)                                   0.06       3.60 f
  U169851/ZN (NAND2_X1)                                   0.08       3.68 r
  vortex/g_clusters[0].cluster/g_sockets[0].socket/g_cores[0].core/execute/fpu_unit/g_blocks[0].fpu_dsp/fpu_fma/g_fmas[2].fma_unit/pp3_reg[21]/D (DFF_X1)
                                                          0.01       3.69 r
  data arrival time                                                  3.69

  clock CLK (rise edge)                                   4.00       4.00
  clock network delay (ideal)                             0.00       4.00
  clock uncertainty                                      -0.25       3.75
  vortex/g_clusters[0].cluster/g_sockets[0].socket/g_cores[0].core/execute/fpu_unit/g_blocks[0].fpu_dsp/fpu_fma/g_fmas[2].fma_unit/pp3_reg[21]/CK (DFF_X1)
                                                          0.00       3.75 r
  library setup time                                     -0.06       3.69
  data required time                                                 3.69
  --------------------------------------------------------------------------
  data required time                                                 3.69
  data arrival time                                                 -3.69
  --------------------------------------------------------------------------
  slack (MET)                                                        0.00


  Startpoint: vortex/g_clusters[0].cluster/g_sockets[0].socket/g_cores[0].core/execute/fpu_unit/g_blocks[0].fpu_dsp/fpu_fma/g_fmas[2].fma_unit/a_mant_s1_reg[22]
              (rising edge-triggered flip-flop clocked by CLK)
  Endpoint: vortex/g_clusters[0].cluster/g_sockets[0].socket/g_cores[0].core/execute/fpu_unit/g_blocks[0].fpu_dsp/fpu_fma/g_fmas[2].fma_unit/pp3_reg[22]
            (rising edge-triggered flip-flop clocked by CLK)
  Path Group: CLK
  Path Type: max

  Des/Clust/Port     Wire Load Model       Library
  ------------------------------------------------
  Vortex_axi         5K_hvratio_1_1        NangateOpenCellLibrary_ss0p95v125c

  Point                                                   Incr       Path
  --------------------------------------------------------------------------
  clock CLK (rise edge)                                   0.00       0.00
  clock network delay (ideal)                             0.00       0.00
  vortex/g_clusters[0].cluster/g_sockets[0].socket/g_cores[0].core/execute/fpu_unit/g_blocks[0].fpu_dsp/fpu_fma/g_fmas[2].fma_unit/a_mant_s1_reg[22]/CK (DFF_X1)
                                                          0.00 #     0.00 r
  vortex/g_clusters[0].cluster/g_sockets[0].socket/g_cores[0].core/execute/fpu_unit/g_blocks[0].fpu_dsp/fpu_fma/g_fmas[2].fma_unit/a_mant_s1_reg[22]/Q (DFF_X1)
                                                          0.37       0.37 r
  U187939/ZN (XNOR2_X1)                                   0.07       0.45 f
  U163607/Z (CLKBUF_X3)                                   0.22       0.67 f
  U187940/ZN (NAND2_X2)                                   0.41       1.08 r
  U187973/ZN (OAI22_X1)                                   0.15       1.23 f
  U188010/CO (FA_X1)                                      0.31       1.54 f
  U188030/CO (FA_X1)                                      0.30       1.83 f
  U188168/S (FA_X1)                                       0.44       2.27 r
  U188169/S (FA_X1)                                       0.34       2.61 f
  U170304/ZN (NOR2_X1)                                    0.20       2.81 r
  U188157/ZN (OAI21_X1)                                   0.08       2.89 f
  U165202/ZN (AOI21_X1)                                   0.20       3.09 r
  U188158/ZN (OAI21_X2)                                   0.13       3.23 f
  U219593/ZN (AOI21_X1)                                   0.15       3.38 r
  U219595/ZN (XNOR2_X1)                                   0.16       3.54 r
  U169858/ZN (NAND2_X1)                                   0.06       3.60 f
  U169857/ZN (NAND2_X1)                                   0.08       3.68 r
  vortex/g_clusters[0].cluster/g_sockets[0].socket/g_cores[0].core/execute/fpu_unit/g_blocks[0].fpu_dsp/fpu_fma/g_fmas[2].fma_unit/pp3_reg[22]/D (DFF_X1)
                                                          0.01       3.69 r
  data arrival time                                                  3.69

  clock CLK (rise edge)                                   4.00       4.00
  clock network delay (ideal)                             0.00       4.00
  clock uncertainty                                      -0.25       3.75
  vortex/g_clusters[0].cluster/g_sockets[0].socket/g_cores[0].core/execute/fpu_unit/g_blocks[0].fpu_dsp/fpu_fma/g_fmas[2].fma_unit/pp3_reg[22]/CK (DFF_X1)
                                                          0.00       3.75 r
  library setup time                                     -0.06       3.69
  data required time                                                 3.69
  --------------------------------------------------------------------------
  data required time                                                 3.69
  data arrival time                                                 -3.69
  --------------------------------------------------------------------------
  slack (MET)                                                        0.00


  Startpoint: vortex/g_clusters[0].cluster/g_sockets[0].socket/g_cores[0].core/execute/fpu_unit/g_blocks[0].fpu_dsp/fpu_fma/g_fmas[2].fma_unit/a_mant_s1_reg[22]
              (rising edge-triggered flip-flop clocked by CLK)
  Endpoint: vortex/g_clusters[0].cluster/g_sockets[0].socket/g_cores[0].core/execute/fpu_unit/g_blocks[0].fpu_dsp/fpu_fma/g_fmas[2].fma_unit/pp3_reg[23]
            (rising edge-triggered flip-flop clocked by CLK)
  Path Group: CLK
  Path Type: max

  Des/Clust/Port     Wire Load Model       Library
  ------------------------------------------------
  Vortex_axi         5K_hvratio_1_1        NangateOpenCellLibrary_ss0p95v125c

  Point                                                   Incr       Path
  --------------------------------------------------------------------------
  clock CLK (rise edge)                                   0.00       0.00
  clock network delay (ideal)                             0.00       0.00
  vortex/g_clusters[0].cluster/g_sockets[0].socket/g_cores[0].core/execute/fpu_unit/g_blocks[0].fpu_dsp/fpu_fma/g_fmas[2].fma_unit/a_mant_s1_reg[22]/CK (DFF_X1)
                                                          0.00 #     0.00 r
  vortex/g_clusters[0].cluster/g_sockets[0].socket/g_cores[0].core/execute/fpu_unit/g_blocks[0].fpu_dsp/fpu_fma/g_fmas[2].fma_unit/a_mant_s1_reg[22]/Q (DFF_X1)
                                                          0.37       0.37 r
  U187939/ZN (XNOR2_X1)                                   0.07       0.45 f
  U163607/Z (CLKBUF_X3)                                   0.22       0.67 f
  U187940/ZN (NAND2_X2)                                   0.41       1.08 r
  U187973/ZN (OAI22_X1)                                   0.15       1.23 f
  U188010/CO (FA_X1)                                      0.31       1.54 f
  U188030/CO (FA_X1)                                      0.30       1.83 f
  U188168/S (FA_X1)                                       0.44       2.27 r
  U188169/S (FA_X1)                                       0.34       2.61 f
  U170304/ZN (NOR2_X1)                                    0.20       2.81 r
  U188157/ZN (OAI21_X1)                                   0.08       2.89 f
  U165202/ZN (AOI21_X1)                                   0.20       3.09 r
  U188158/ZN (OAI21_X2)                                   0.13       3.23 f
  U190759/ZN (AOI21_X1)                                   0.15       3.38 r
  U190768/ZN (XNOR2_X1)                                   0.16       3.54 r
  U169860/ZN (NAND2_X1)                                   0.06       3.60 f
  U169859/ZN (NAND2_X1)                                   0.08       3.68 r
  vortex/g_clusters[0].cluster/g_sockets[0].socket/g_cores[0].core/execute/fpu_unit/g_blocks[0].fpu_dsp/fpu_fma/g_fmas[2].fma_unit/pp3_reg[23]/D (DFF_X1)
                                                          0.01       3.69 r
  data arrival time                                                  3.69

  clock CLK (rise edge)                                   4.00       4.00
  clock network delay (ideal)                             0.00       4.00
  clock uncertainty                                      -0.25       3.75
  vortex/g_clusters[0].cluster/g_sockets[0].socket/g_cores[0].core/execute/fpu_unit/g_blocks[0].fpu_dsp/fpu_fma/g_fmas[2].fma_unit/pp3_reg[23]/CK (DFF_X1)
                                                          0.00       3.75 r
  library setup time                                     -0.06       3.69
  data required time                                                 3.69
  --------------------------------------------------------------------------
  data required time                                                 3.69
  data arrival time                                                 -3.69
  --------------------------------------------------------------------------
  slack (MET)                                                        0.00


  Startpoint: vortex/g_clusters[0].cluster/g_sockets[0].socket/g_cores[0].core/execute/fpu_unit/g_blocks[0].fpu_dsp/fpu_fma/g_fmas[2].fma_unit/a_mant_s1_reg[22]
              (rising edge-triggered flip-flop clocked by CLK)
  Endpoint: vortex/g_clusters[0].cluster/g_sockets[0].socket/g_cores[0].core/execute/fpu_unit/g_blocks[0].fpu_dsp/fpu_fma/g_fmas[2].fma_unit/pp3_reg[18]
            (rising edge-triggered flip-flop clocked by CLK)
  Path Group: CLK
  Path Type: max

  Des/Clust/Port     Wire Load Model       Library
  ------------------------------------------------
  Vortex_axi         5K_hvratio_1_1        NangateOpenCellLibrary_ss0p95v125c

  Point                                                   Incr       Path
  --------------------------------------------------------------------------
  clock CLK (rise edge)                                   0.00       0.00
  clock network delay (ideal)                             0.00       0.00
  vortex/g_clusters[0].cluster/g_sockets[0].socket/g_cores[0].core/execute/fpu_unit/g_blocks[0].fpu_dsp/fpu_fma/g_fmas[2].fma_unit/a_mant_s1_reg[22]/CK (DFF_X1)
                                                          0.00 #     0.00 r
  vortex/g_clusters[0].cluster/g_sockets[0].socket/g_cores[0].core/execute/fpu_unit/g_blocks[0].fpu_dsp/fpu_fma/g_fmas[2].fma_unit/a_mant_s1_reg[22]/Q (DFF_X1)
                                                          0.37       0.37 r
  U187939/ZN (XNOR2_X1)                                   0.07       0.45 f
  U163607/Z (CLKBUF_X3)                                   0.22       0.67 f
  U187940/ZN (NAND2_X2)                                   0.41       1.08 r
  U187973/ZN (OAI22_X1)                                   0.15       1.23 f
  U188010/CO (FA_X1)                                      0.31       1.54 f
  U188030/CO (FA_X1)                                      0.30       1.83 f
  U188168/S (FA_X1)                                       0.44       2.27 r
  U188169/S (FA_X1)                                       0.34       2.61 f
  U170304/ZN (NOR2_X1)                                    0.20       2.81 r
  U188157/ZN (OAI21_X1)                                   0.08       2.89 f
  U165202/ZN (AOI21_X1)                                   0.20       3.09 r
  U188158/ZN (OAI21_X2)                                   0.13       3.23 f
  U219604/ZN (AOI21_X1)                                   0.15       3.38 r
  U219605/ZN (XNOR2_X1)                                   0.16       3.54 r
  U169862/ZN (NAND2_X1)                                   0.06       3.60 f
  U169861/ZN (NAND2_X1)                                   0.08       3.68 r
  vortex/g_clusters[0].cluster/g_sockets[0].socket/g_cores[0].core/execute/fpu_unit/g_blocks[0].fpu_dsp/fpu_fma/g_fmas[2].fma_unit/pp3_reg[18]/D (DFF_X1)
                                                          0.01       3.69 r
  data arrival time                                                  3.69

  clock CLK (rise edge)                                   4.00       4.00
  clock network delay (ideal)                             0.00       4.00
  clock uncertainty                                      -0.25       3.75
  vortex/g_clusters[0].cluster/g_sockets[0].socket/g_cores[0].core/execute/fpu_unit/g_blocks[0].fpu_dsp/fpu_fma/g_fmas[2].fma_unit/pp3_reg[18]/CK (DFF_X1)
                                                          0.00       3.75 r
  library setup time                                     -0.06       3.69
  data required time                                                 3.69
  --------------------------------------------------------------------------
  data required time                                                 3.69
  data arrival time                                                 -3.69
  --------------------------------------------------------------------------
  slack (MET)                                                        0.00


  Startpoint: vortex/g_clusters[0].cluster/g_sockets[0].socket/dcache/g_cache_wrap[0].cache_wrap/g_bypass.cache_bypass/core_bus_nc_switch/rsp_arb/g_passthru.g_out_buf[0].out_buf/g_eb2.stream_buffer/g_buffer.valid_in_r_reg
              (rising edge-triggered flip-flop clocked by CLK)
  Endpoint: vortex/g_clusters[0].cluster/g_sockets[0].socket/g_cores[0].core/execute/lsu_unit/g_blocks[0].lsu_slice/rsp_buf/g_eb2.stream_buffer/g_buffer.data_out_r_reg[26]
            (rising edge-triggered flip-flop clocked by CLK)
  Path Group: CLK
  Path Type: max

  Des/Clust/Port     Wire Load Model       Library
  ------------------------------------------------
  Vortex_axi         5K_hvratio_1_1        NangateOpenCellLibrary_ss0p95v125c

  Point                                                   Incr       Path
  --------------------------------------------------------------------------
  clock CLK (rise edge)                                   0.00       0.00
  clock network delay (ideal)                             0.00       0.00
  vortex/g_clusters[0].cluster/g_sockets[0].socket/dcache/g_cache_wrap[0].cache_wrap/g_bypass.cache_bypass/core_bus_nc_switch/rsp_arb/g_passthru.g_out_buf[0].out_buf/g_eb2.stream_buffer/g_buffer.valid_in_r_reg/CK (DFF_X1)
                                                          0.00 #     0.00 r
  vortex/g_clusters[0].cluster/g_sockets[0].socket/dcache/g_cache_wrap[0].cache_wrap/g_bypass.cache_bypass/core_bus_nc_switch/rsp_arb/g_passthru.g_out_buf[0].out_buf/g_eb2.stream_buffer/g_buffer.valid_in_r_reg/Q (DFF_X1)
                                                          0.37       0.37 r
  U171686/ZN (INV_X1)                                     0.07       0.44 f
  U163189/ZN (AOI22_X2)                                   0.24       0.69 r
  U164704/ZN (INV_X1)                                     0.10       0.78 f
  U238743/ZN (NOR2_X4)                                    0.28       1.06 r
  U166909/ZN (AOI22_X1)                                   0.09       1.15 f
  U171618/ZN (AND2_X1)                                    0.16       1.30 f
  U169234/Z (CLKBUF_X2)                                   0.15       1.45 f
  U238752/ZN (INV_X2)                                     0.21       1.66 r
  U171527/ZN (OAI21_X1)                                   0.11       1.77 f
  U162548/ZN (OR2_X2)                                     0.33       2.10 f
  U355978/ZN (INV_X4)                                     0.33       2.43 r
  U165017/ZN (NAND2_X1)                                   0.17       2.60 f
  U172658/ZN (OAI21_X2)                                   0.56       3.15 r
  U356239/ZN (OAI21_X4)                                   0.28       3.43 f
  U356256/ZN (OAI22_X1)                                   0.23       3.66 r
  vortex/g_clusters[0].cluster/g_sockets[0].socket/g_cores[0].core/execute/lsu_unit/g_blocks[0].lsu_slice/rsp_buf/g_eb2.stream_buffer/g_buffer.data_out_r_reg[26]/D (DFF_X1)
                                                          0.01       3.67 r
  data arrival time                                                  3.67

  clock CLK (rise edge)                                   4.00       4.00
  clock network delay (ideal)                             0.00       4.00
  clock uncertainty                                      -0.25       3.75
  vortex/g_clusters[0].cluster/g_sockets[0].socket/g_cores[0].core/execute/lsu_unit/g_blocks[0].lsu_slice/rsp_buf/g_eb2.stream_buffer/g_buffer.data_out_r_reg[26]/CK (DFF_X1)
                                                          0.00       3.75 r
  library setup time                                     -0.08       3.67
  data required time                                                 3.67
  --------------------------------------------------------------------------
  data required time                                                 3.67
  data arrival time                                                 -3.67
  --------------------------------------------------------------------------
  slack (MET)                                                        0.00


  Startpoint: vortex/g_clusters[0].cluster/g_sockets[0].socket/dcache/g_cache_wrap[0].cache_wrap/g_bypass.cache_bypass/core_bus_nc_switch/rsp_arb/g_passthru.g_out_buf[0].out_buf/g_eb2.stream_buffer/g_buffer.valid_in_r_reg
              (rising edge-triggered flip-flop clocked by CLK)
  Endpoint: vortex/g_clusters[0].cluster/g_sockets[0].socket/g_cores[0].core/execute/lsu_unit/g_blocks[0].lsu_slice/rsp_buf/g_eb2.stream_buffer/g_buffer.data_out_r_reg[19]
            (rising edge-triggered flip-flop clocked by CLK)
  Path Group: CLK
  Path Type: max

  Des/Clust/Port     Wire Load Model       Library
  ------------------------------------------------
  Vortex_axi         5K_hvratio_1_1        NangateOpenCellLibrary_ss0p95v125c

  Point                                                   Incr       Path
  --------------------------------------------------------------------------
  clock CLK (rise edge)                                   0.00       0.00
  clock network delay (ideal)                             0.00       0.00
  vortex/g_clusters[0].cluster/g_sockets[0].socket/dcache/g_cache_wrap[0].cache_wrap/g_bypass.cache_bypass/core_bus_nc_switch/rsp_arb/g_passthru.g_out_buf[0].out_buf/g_eb2.stream_buffer/g_buffer.valid_in_r_reg/CK (DFF_X1)
                                                          0.00 #     0.00 r
  vortex/g_clusters[0].cluster/g_sockets[0].socket/dcache/g_cache_wrap[0].cache_wrap/g_bypass.cache_bypass/core_bus_nc_switch/rsp_arb/g_passthru.g_out_buf[0].out_buf/g_eb2.stream_buffer/g_buffer.valid_in_r_reg/Q (DFF_X1)
                                                          0.37       0.37 r
  U171686/ZN (INV_X1)                                     0.07       0.44 f
  U163189/ZN (AOI22_X2)                                   0.24       0.69 r
  U164704/ZN (INV_X1)                                     0.10       0.78 f
  U238743/ZN (NOR2_X4)                                    0.28       1.06 r
  U166909/ZN (AOI22_X1)                                   0.09       1.15 f
  U171618/ZN (AND2_X1)                                    0.16       1.30 f
  U169234/Z (CLKBUF_X2)                                   0.15       1.45 f
  U238752/ZN (INV_X2)                                     0.21       1.66 r
  U171527/ZN (OAI21_X1)                                   0.11       1.77 f
  U162548/ZN (OR2_X2)                                     0.33       2.10 f
  U355978/ZN (INV_X4)                                     0.33       2.43 r
  U165017/ZN (NAND2_X1)                                   0.17       2.60 f
  U172658/ZN (OAI21_X2)                                   0.56       3.15 r
  U356239/ZN (OAI21_X4)                                   0.28       3.43 f
  U356240/ZN (OAI22_X1)                                   0.23       3.66 r
  vortex/g_clusters[0].cluster/g_sockets[0].socket/g_cores[0].core/execute/lsu_unit/g_blocks[0].lsu_slice/rsp_buf/g_eb2.stream_buffer/g_buffer.data_out_r_reg[19]/D (DFF_X1)
                                                          0.01       3.67 r
  data arrival time                                                  3.67

  clock CLK (rise edge)                                   4.00       4.00
  clock network delay (ideal)                             0.00       4.00
  clock uncertainty                                      -0.25       3.75
  vortex/g_clusters[0].cluster/g_sockets[0].socket/g_cores[0].core/execute/lsu_unit/g_blocks[0].lsu_slice/rsp_buf/g_eb2.stream_buffer/g_buffer.data_out_r_reg[19]/CK (DFF_X1)
                                                          0.00       3.75 r
  library setup time                                     -0.08       3.67
  data required time                                                 3.67
  --------------------------------------------------------------------------
  data required time                                                 3.67
  data arrival time                                                 -3.67
  --------------------------------------------------------------------------
  slack (MET)                                                        0.00


  Startpoint: vortex/g_clusters[0].cluster/g_sockets[0].socket/g_cores[0].core/execute/alu_unit/g_blocks[0].muldiv_unit/g_multiplier[0].multiplier/g_imul_3stage.b_low_s1_reg[15]
              (rising edge-triggered flip-flop clocked by CLK)
  Endpoint: vortex/g_clusters[0].cluster/g_sockets[0].socket/g_cores[0].core/execute/alu_unit/g_blocks[0].muldiv_unit/g_multiplier[0].multiplier/g_imul_3stage.p10_s2_reg[31]
            (rising edge-triggered flip-flop clocked by CLK)
  Path Group: CLK
  Path Type: max

  Des/Clust/Port     Wire Load Model       Library
  ------------------------------------------------
  Vortex_axi         5K_hvratio_1_1        NangateOpenCellLibrary_ss0p95v125c

  Point                                                   Incr       Path
  --------------------------------------------------------------------------
  clock CLK (rise edge)                                   0.00       0.00
  clock network delay (ideal)                             0.00       0.00
  vortex/g_clusters[0].cluster/g_sockets[0].socket/g_cores[0].core/execute/alu_unit/g_blocks[0].muldiv_unit/g_multiplier[0].multiplier/g_imul_3stage.b_low_s1_reg[15]/CK (DFF_X1)
                                                          0.00 #     0.00 r
  vortex/g_clusters[0].cluster/g_sockets[0].socket/g_cores[0].core/execute/alu_unit/g_blocks[0].muldiv_unit/g_multiplier[0].multiplier/g_imul_3stage.b_low_s1_reg[15]/Q (DFF_X1)
                                                          0.54       0.54 r
  U169061/Z (BUF_X4)                                      0.20       0.74 r
  U173583/ZN (XNOR2_X1)                                   0.09       0.83 f
  U179112/ZN (OAI22_X1)                                   0.23       1.06 r
  U179113/ZN (INV_X1)                                     0.08       1.14 f
  U179124/S (FA_X1)                                       0.43       1.57 f
  U179127/CO (FA_X1)                                      0.31       1.88 f
  U164503/ZN (AOI22_X1)                                   0.15       2.03 r
  U172217/ZN (INV_X1)                                     0.06       2.09 f
  U179182/S (FA_X1)                                       0.43       2.52 f
  U162581/ZN (NOR2_X1)                                    0.16       2.68 r
  U169890/ZN (INV_X1)                                     0.08       2.76 f
  U163745/ZN (NAND2_X1)                                   0.10       2.86 r
  U162801/ZN (NOR2_X1)                                    0.05       2.91 f
  U169676/ZN (NAND2_X1)                                   0.07       2.99 r
  U169675/ZN (AND2_X2)                                    0.14       3.13 r
  U179273/ZN (OAI21_X1)                                   0.07       3.20 f
  U179274/ZN (AOI21_X1)                                   0.18       3.38 r
  U179283/ZN (XNOR2_X1)                                   0.16       3.54 r
  U179284/ZN (NAND2_X1)                                   0.06       3.60 f
  U179286/ZN (NAND2_X1)                                   0.08       3.68 r
  vortex/g_clusters[0].cluster/g_sockets[0].socket/g_cores[0].core/execute/alu_unit/g_blocks[0].muldiv_unit/g_multiplier[0].multiplier/g_imul_3stage.p10_s2_reg[31]/D (DFF_X1)
                                                          0.01       3.69 r
  data arrival time                                                  3.69

  clock CLK (rise edge)                                   4.00       4.00
  clock network delay (ideal)                             0.00       4.00
  clock uncertainty                                      -0.25       3.75
  vortex/g_clusters[0].cluster/g_sockets[0].socket/g_cores[0].core/execute/alu_unit/g_blocks[0].muldiv_unit/g_multiplier[0].multiplier/g_imul_3stage.p10_s2_reg[31]/CK (DFF_X1)
                                                          0.00       3.75 r
  library setup time                                     -0.06       3.69
  data required time                                                 3.69
  --------------------------------------------------------------------------
  data required time                                                 3.69
  data arrival time                                                 -3.69
  --------------------------------------------------------------------------
  slack (MET)                                                        0.00


  Startpoint: vortex/g_clusters[0].cluster/g_sockets[0].socket/g_cores[0].core/execute/alu_unit/g_blocks[0].muldiv_unit/g_multiplier[1].multiplier/g_imul_3stage.a_low_s1_reg[7]
              (rising edge-triggered flip-flop clocked by CLK)
  Endpoint: vortex/g_clusters[0].cluster/g_sockets[0].socket/g_cores[0].core/execute/alu_unit/g_blocks[0].muldiv_unit/g_multiplier[1].multiplier/g_imul_3stage.p00_s2_reg[28]
            (rising edge-triggered flip-flop clocked by CLK)
  Path Group: CLK
  Path Type: max

  Des/Clust/Port     Wire Load Model       Library
  ------------------------------------------------
  Vortex_axi         5K_hvratio_1_1        NangateOpenCellLibrary_ss0p95v125c

  Point                                                   Incr       Path
  --------------------------------------------------------------------------
  clock CLK (rise edge)                                   0.00       0.00
  clock network delay (ideal)                             0.00       0.00
  vortex/g_clusters[0].cluster/g_sockets[0].socket/g_cores[0].core/execute/alu_unit/g_blocks[0].muldiv_unit/g_multiplier[1].multiplier/g_imul_3stage.a_low_s1_reg[7]/CK (DFF_X1)
                                                          0.00 #     0.00 r
  vortex/g_clusters[0].cluster/g_sockets[0].socket/g_cores[0].core/execute/alu_unit/g_blocks[0].muldiv_unit/g_multiplier[1].multiplier/g_imul_3stage.a_low_s1_reg[7]/Q (DFF_X1)
                                                          0.68       0.68 r
  U179398/ZN (XNOR2_X1)                                   0.25       0.94 r
  U179414/ZN (OAI22_X1)                                   0.11       1.05 f
  U179421/S (FA_X1)                                       0.45       1.50 f
  U179438/CO (FA_X1)                                      0.34       1.84 f
  U179616/S (FA_X1)                                       0.44       2.27 r
  U179637/S (FA_X1)                                       0.34       2.61 f
  U162796/ZN (NOR2_X1)                                    0.20       2.81 r
  U164062/ZN (OAI21_X1)                                   0.08       2.90 f
  U164061/ZN (INV_X1)                                     0.08       2.98 r
  U170319/ZN (NAND2_X2)                                   0.08       3.06 f
  U170016/ZN (NAND2_X1)                                   0.07       3.12 r
  U169034/ZN (AND3_X2)                                    0.16       3.29 r
  U181512/ZN (OAI21_X1)                                   0.07       3.36 f
  U181515/ZN (XNOR2_X1)                                   0.15       3.51 f
  U181516/ZN (NAND2_X1)                                   0.06       3.57 r
  U181518/ZN (NAND2_X1)                                   0.06       3.63 f
  vortex/g_clusters[0].cluster/g_sockets[0].socket/g_cores[0].core/execute/alu_unit/g_blocks[0].muldiv_unit/g_multiplier[1].multiplier/g_imul_3stage.p00_s2_reg[28]/D (DFF_X1)
                                                          0.01       3.64 f
  data arrival time                                                  3.64

  clock CLK (rise edge)                                   4.00       4.00
  clock network delay (ideal)                             0.00       4.00
  clock uncertainty                                      -0.25       3.75
  vortex/g_clusters[0].cluster/g_sockets[0].socket/g_cores[0].core/execute/alu_unit/g_blocks[0].muldiv_unit/g_multiplier[1].multiplier/g_imul_3stage.p00_s2_reg[28]/CK (DFF_X1)
                                                          0.00       3.75 r
  library setup time                                     -0.11       3.64
  data required time                                                 3.64
  --------------------------------------------------------------------------
  data required time                                                 3.64
  data arrival time                                                 -3.64
  --------------------------------------------------------------------------
  slack (MET)                                                        0.00


  Startpoint: vortex/g_clusters[0].cluster/g_sockets[0].socket/dcache/g_cache_wrap[0].cache_wrap/g_bypass.cache_bypass/core_bus_nc_switch/rsp_arb/g_passthru.g_out_buf[0].out_buf/g_eb2.stream_buffer/g_buffer.valid_in_r_reg
              (rising edge-triggered flip-flop clocked by CLK)
  Endpoint: vortex/g_clusters[0].cluster/g_sockets[0].socket/g_cores[0].core/execute/lsu_unit/g_blocks[0].lsu_slice/rsp_buf/g_eb2.stream_buffer/g_buffer.data_out_r_reg[34]
            (rising edge-triggered flip-flop clocked by CLK)
  Path Group: CLK
  Path Type: max

  Des/Clust/Port     Wire Load Model       Library
  ------------------------------------------------
  Vortex_axi         5K_hvratio_1_1        NangateOpenCellLibrary_ss0p95v125c

  Point                                                   Incr       Path
  --------------------------------------------------------------------------
  clock CLK (rise edge)                                   0.00       0.00
  clock network delay (ideal)                             0.00       0.00
  vortex/g_clusters[0].cluster/g_sockets[0].socket/dcache/g_cache_wrap[0].cache_wrap/g_bypass.cache_bypass/core_bus_nc_switch/rsp_arb/g_passthru.g_out_buf[0].out_buf/g_eb2.stream_buffer/g_buffer.valid_in_r_reg/CK (DFF_X1)
                                                          0.00 #     0.00 r
  vortex/g_clusters[0].cluster/g_sockets[0].socket/dcache/g_cache_wrap[0].cache_wrap/g_bypass.cache_bypass/core_bus_nc_switch/rsp_arb/g_passthru.g_out_buf[0].out_buf/g_eb2.stream_buffer/g_buffer.valid_in_r_reg/Q (DFF_X1)
                                                          0.37       0.37 r
  U171686/ZN (INV_X1)                                     0.07       0.44 f
  U163189/ZN (AOI22_X2)                                   0.24       0.69 r
  U164704/ZN (INV_X1)                                     0.10       0.78 f
  U238743/ZN (NOR2_X4)                                    0.28       1.06 r
  U166909/ZN (AOI22_X1)                                   0.09       1.15 f
  U171618/ZN (AND2_X1)                                    0.16       1.30 f
  U169234/Z (CLKBUF_X2)                                   0.15       1.45 f
  U238752/ZN (INV_X2)                                     0.21       1.66 r
  U171527/ZN (OAI21_X1)                                   0.11       1.77 f
  U162548/ZN (OR2_X2)                                     0.33       2.10 f
  U355978/ZN (INV_X4)                                     0.33       2.43 r
  U165017/ZN (NAND2_X1)                                   0.17       2.60 f
  U172658/ZN (OAI21_X2)                                   0.56       3.15 r
  U356239/ZN (OAI21_X4)                                   0.28       3.43 f
  U356274/ZN (OAI22_X1)                                   0.23       3.66 r
  vortex/g_clusters[0].cluster/g_sockets[0].socket/g_cores[0].core/execute/lsu_unit/g_blocks[0].lsu_slice/rsp_buf/g_eb2.stream_buffer/g_buffer.data_out_r_reg[34]/D (DFF_X1)
                                                          0.01       3.67 r
  data arrival time                                                  3.67

  clock CLK (rise edge)                                   4.00       4.00
  clock network delay (ideal)                             0.00       4.00
  clock uncertainty                                      -0.25       3.75
  vortex/g_clusters[0].cluster/g_sockets[0].socket/g_cores[0].core/execute/lsu_unit/g_blocks[0].lsu_slice/rsp_buf/g_eb2.stream_buffer/g_buffer.data_out_r_reg[34]/CK (DFF_X1)
                                                          0.00       3.75 r
  library setup time                                     -0.08       3.67
  data required time                                                 3.67
  --------------------------------------------------------------------------
  data required time                                                 3.67
  data arrival time                                                 -3.67
  --------------------------------------------------------------------------
  slack (MET)                                                        0.00


  Startpoint: vortex/g_clusters[0].cluster/g_sockets[0].socket/g_cores[0].core/execute/alu_unit/g_blocks[0].muldiv_unit/g_multiplier[0].multiplier/g_imul_3stage.b_high_s1_reg[0]
              (rising edge-triggered flip-flop clocked by CLK)
  Endpoint: vortex/g_clusters[0].cluster/g_sockets[0].socket/g_cores[0].core/execute/alu_unit/g_blocks[0].muldiv_unit/g_multiplier[0].multiplier/g_imul_3stage.p11_s2_reg[28]
            (rising edge-triggered flip-flop clocked by CLK)
  Path Group: CLK
  Path Type: max

  Des/Clust/Port     Wire Load Model       Library
  ------------------------------------------------
  Vortex_axi         5K_hvratio_1_1        NangateOpenCellLibrary_ss0p95v125c

  Point                                                   Incr       Path
  --------------------------------------------------------------------------
  clock CLK (rise edge)                                   0.00       0.00
  clock network delay (ideal)                             0.00       0.00
  vortex/g_clusters[0].cluster/g_sockets[0].socket/g_cores[0].core/execute/alu_unit/g_blocks[0].muldiv_unit/g_multiplier[0].multiplier/g_imul_3stage.b_high_s1_reg[0]/CK (DFF_X1)
                                                          0.00 #     0.00 r
  vortex/g_clusters[0].cluster/g_sockets[0].socket/g_cores[0].core/execute/alu_unit/g_blocks[0].muldiv_unit/g_multiplier[0].multiplier/g_imul_3stage.b_high_s1_reg[0]/Q (DFF_X1)
                                                          0.50       0.50 r
  U170003/Z (CLKBUF_X2)                                   0.33       0.82 r
  U180064/ZN (XNOR2_X1)                                   0.21       1.03 r
  U180066/ZN (OAI22_X1)                                   0.09       1.12 f
  U163005/ZN (AND2_X1)                                    0.14       1.26 f
  U180106/CO (FA_X1)                                      0.29       1.55 f
  U180158/CO (FA_X1)                                      0.35       1.90 f
  U169415/ZN (OR2_X1)                                     0.19       2.09 f
  U167063/ZN (NAND2_X1)                                   0.07       2.17 r
  U167061/ZN (NAND2_X1)                                   0.06       2.23 f
  U180218/S (FA_X1)                                       0.47       2.70 r
  U168509/ZN (NAND2_X1)                                   0.08       2.77 f
  U162822/ZN (OAI21_X1)                                   0.25       3.02 r
  U180271/ZN (AOI21_X2)                                   0.12       3.14 f
  U162557/ZN (NAND2_X1)                                   0.15       3.29 r
  U184172/ZN (AOI21_X1)                                   0.08       3.37 f
  U169884/ZN (XNOR2_X1)                                   0.14       3.51 f
  U169883/ZN (NAND2_X1)                                   0.07       3.58 r
  U169882/ZN (NAND2_X1)                                   0.06       3.63 f
  vortex/g_clusters[0].cluster/g_sockets[0].socket/g_cores[0].core/execute/alu_unit/g_blocks[0].muldiv_unit/g_multiplier[0].multiplier/g_imul_3stage.p11_s2_reg[28]/D (DFF_X1)
                                                          0.01       3.64 f
  data arrival time                                                  3.64

  clock CLK (rise edge)                                   4.00       4.00
  clock network delay (ideal)                             0.00       4.00
  clock uncertainty                                      -0.25       3.75
  vortex/g_clusters[0].cluster/g_sockets[0].socket/g_cores[0].core/execute/alu_unit/g_blocks[0].muldiv_unit/g_multiplier[0].multiplier/g_imul_3stage.p11_s2_reg[28]/CK (DFF_X1)
                                                          0.00       3.75 r
  library setup time                                     -0.11       3.64
  data required time                                                 3.64
  --------------------------------------------------------------------------
  data required time                                                 3.64
  data arrival time                                                 -3.64
  --------------------------------------------------------------------------
  slack (MET)                                                        0.00


  Startpoint: vortex/g_clusters[0].cluster/g_sockets[0].socket/g_cores[0].core/execute/alu_unit/g_blocks[0].muldiv_unit/g_multiplier[1].multiplier/g_imul_3stage.a_low_s1_reg[7]
              (rising edge-triggered flip-flop clocked by CLK)
  Endpoint: vortex/g_clusters[0].cluster/g_sockets[0].socket/g_cores[0].core/execute/alu_unit/g_blocks[0].muldiv_unit/g_multiplier[1].multiplier/g_imul_3stage.p00_s2_reg[29]
            (rising edge-triggered flip-flop clocked by CLK)
  Path Group: CLK
  Path Type: max

  Des/Clust/Port     Wire Load Model       Library
  ------------------------------------------------
  Vortex_axi         5K_hvratio_1_1        NangateOpenCellLibrary_ss0p95v125c

  Point                                                   Incr       Path
  --------------------------------------------------------------------------
  clock CLK (rise edge)                                   0.00       0.00
  clock network delay (ideal)                             0.00       0.00
  vortex/g_clusters[0].cluster/g_sockets[0].socket/g_cores[0].core/execute/alu_unit/g_blocks[0].muldiv_unit/g_multiplier[1].multiplier/g_imul_3stage.a_low_s1_reg[7]/CK (DFF_X1)
                                                          0.00 #     0.00 r
  vortex/g_clusters[0].cluster/g_sockets[0].socket/g_cores[0].core/execute/alu_unit/g_blocks[0].muldiv_unit/g_multiplier[1].multiplier/g_imul_3stage.a_low_s1_reg[7]/QN (DFF_X1)
                                                          0.35       0.35 f
  U169268/ZN (INV_X1)                                     0.13       0.48 r
  U169826/ZN (XNOR2_X2)                                   0.18       0.67 r
  U163160/Z (BUF_X4)                                      0.28       0.95 r
  U179432/ZN (OAI22_X1)                                   0.15       1.10 f
  U179469/CO (FA_X1)                                      0.34       1.43 f
  U179472/CO (FA_X1)                                      0.34       1.77 f
  U179440/S (FA_X1)                                       0.45       2.22 r
  U167046/ZN (XNOR2_X1)                                   0.16       2.38 r
  U165082/ZN (NOR2_X1)                                    0.08       2.46 f
  U168502/ZN (NOR2_X1)                                    0.25       2.71 r
  U169694/ZN (NAND3_X1)                                   0.12       2.83 f
  U170463/ZN (NAND3_X1)                                   0.08       2.91 r
  U170320/ZN (NAND2_X1)                                   0.06       2.97 f
  U170319/ZN (NAND2_X2)                                   0.09       3.06 r
  U170016/ZN (NAND2_X1)                                   0.06       3.12 f
  U169034/ZN (AND3_X2)                                    0.12       3.25 f
  U181467/ZN (OAI21_X1)                                   0.13       3.38 r
  U181477/ZN (XNOR2_X1)                                   0.16       3.54 r
  U181478/ZN (NAND2_X1)                                   0.06       3.60 f
  U181479/ZN (NAND2_X1)                                   0.08       3.68 r
  vortex/g_clusters[0].cluster/g_sockets[0].socket/g_cores[0].core/execute/alu_unit/g_blocks[0].muldiv_unit/g_multiplier[1].multiplier/g_imul_3stage.p00_s2_reg[29]/D (DFF_X1)
                                                          0.01       3.69 r
  data arrival time                                                  3.69

  clock CLK (rise edge)                                   4.00       4.00
  clock network delay (ideal)                             0.00       4.00
  clock uncertainty                                      -0.25       3.75
  vortex/g_clusters[0].cluster/g_sockets[0].socket/g_cores[0].core/execute/alu_unit/g_blocks[0].muldiv_unit/g_multiplier[1].multiplier/g_imul_3stage.p00_s2_reg[29]/CK (DFF_X1)
                                                          0.00       3.75 r
  library setup time                                     -0.06       3.69
  data required time                                                 3.69
  --------------------------------------------------------------------------
  data required time                                                 3.69
  data arrival time                                                 -3.69
  --------------------------------------------------------------------------
  slack (MET)                                                        0.00


  Startpoint: vortex/g_clusters[0].cluster/g_sockets[0].socket/g_cores[0].core/execute/alu_unit/g_blocks[0].muldiv_unit/g_multiplier[2].multiplier/g_imul_3stage.a_high_s1_reg[9]
              (rising edge-triggered flip-flop clocked by CLK)
  Endpoint: vortex/g_clusters[0].cluster/g_sockets[0].socket/g_cores[0].core/execute/alu_unit/g_blocks[0].muldiv_unit/g_multiplier[2].multiplier/g_imul_3stage.p10_s2_reg[26]
            (rising edge-triggered flip-flop clocked by CLK)
  Path Group: CLK
  Path Type: max

  Des/Clust/Port     Wire Load Model       Library
  ------------------------------------------------
  Vortex_axi         5K_hvratio_1_1        NangateOpenCellLibrary_ss0p95v125c

  Point                                                   Incr       Path
  --------------------------------------------------------------------------
  clock CLK (rise edge)                                   0.00       0.00
  clock network delay (ideal)                             0.00       0.00
  vortex/g_clusters[0].cluster/g_sockets[0].socket/g_cores[0].core/execute/alu_unit/g_blocks[0].muldiv_unit/g_multiplier[2].multiplier/g_imul_3stage.a_high_s1_reg[9]/CK (DFF_X1)
                                                          0.00 #     0.00 r
  vortex/g_clusters[0].cluster/g_sockets[0].socket/g_cores[0].core/execute/alu_unit/g_blocks[0].muldiv_unit/g_multiplier[2].multiplier/g_imul_3stage.a_high_s1_reg[9]/Q (DFF_X1)
                                                          0.31       0.31 f
  U177892/Z (XOR2_X1)                                     0.23       0.55 f
  U177894/ZN (NAND2_X2)                                   0.42       0.97 r
  U181589/ZN (OAI22_X1)                                   0.16       1.13 f
  U181617/CO (FA_X1)                                      0.32       1.45 f
  U181644/S (FA_X1)                                       0.44       1.89 f
  U181648/CO (FA_X1)                                      0.31       2.19 f
  U181647/S (FA_X1)                                       0.48       2.68 r
  U170149/ZN (NOR2_X1)                                    0.06       2.74 f
  U181670/ZN (NOR2_X2)                                    0.15       2.89 r
  U181723/ZN (NAND2_X1)                                   0.10       2.99 f
  U170894/ZN (OAI21_X4)                                   0.25       3.24 r
  U182776/ZN (NAND2_X1)                                   0.08       3.32 f
  U169908/ZN (NAND2_X1)                                   0.08       3.40 r
  U182779/ZN (XNOR2_X1)                                   0.14       3.54 r
  U182780/ZN (NAND2_X1)                                   0.06       3.60 f
  U182782/ZN (NAND2_X1)                                   0.08       3.68 r
  vortex/g_clusters[0].cluster/g_sockets[0].socket/g_cores[0].core/execute/alu_unit/g_blocks[0].muldiv_unit/g_multiplier[2].multiplier/g_imul_3stage.p10_s2_reg[26]/D (DFF_X1)
                                                          0.01       3.69 r
  data arrival time                                                  3.69

  clock CLK (rise edge)                                   4.00       4.00
  clock network delay (ideal)                             0.00       4.00
  clock uncertainty                                      -0.25       3.75
  vortex/g_clusters[0].cluster/g_sockets[0].socket/g_cores[0].core/execute/alu_unit/g_blocks[0].muldiv_unit/g_multiplier[2].multiplier/g_imul_3stage.p10_s2_reg[26]/CK (DFF_X1)
                                                          0.00       3.75 r
  library setup time                                     -0.06       3.69
  data required time                                                 3.69
  --------------------------------------------------------------------------
  data required time                                                 3.69
  data arrival time                                                 -3.69
  --------------------------------------------------------------------------
  slack (MET)                                                        0.00


  Startpoint: vortex/g_clusters[0].cluster/g_sockets[0].socket/g_cores[0].core/execute/alu_unit/g_blocks[0].muldiv_unit/g_multiplier[2].multiplier/g_imul_3stage.a_high_s1_reg[9]
              (rising edge-triggered flip-flop clocked by CLK)
  Endpoint: vortex/g_clusters[0].cluster/g_sockets[0].socket/g_cores[0].core/execute/alu_unit/g_blocks[0].muldiv_unit/g_multiplier[2].multiplier/g_imul_3stage.p10_s2_reg[23]
            (rising edge-triggered flip-flop clocked by CLK)
  Path Group: CLK
  Path Type: max

  Des/Clust/Port     Wire Load Model       Library
  ------------------------------------------------
  Vortex_axi         5K_hvratio_1_1        NangateOpenCellLibrary_ss0p95v125c

  Point                                                   Incr       Path
  --------------------------------------------------------------------------
  clock CLK (rise edge)                                   0.00       0.00
  clock network delay (ideal)                             0.00       0.00
  vortex/g_clusters[0].cluster/g_sockets[0].socket/g_cores[0].core/execute/alu_unit/g_blocks[0].muldiv_unit/g_multiplier[2].multiplier/g_imul_3stage.a_high_s1_reg[9]/CK (DFF_X1)
                                                          0.00 #     0.00 r
  vortex/g_clusters[0].cluster/g_sockets[0].socket/g_cores[0].core/execute/alu_unit/g_blocks[0].muldiv_unit/g_multiplier[2].multiplier/g_imul_3stage.a_high_s1_reg[9]/Q (DFF_X1)
                                                          0.31       0.31 f
  U177892/Z (XOR2_X1)                                     0.23       0.55 f
  U177894/ZN (NAND2_X2)                                   0.42       0.97 r
  U181589/ZN (OAI22_X1)                                   0.16       1.13 f
  U181617/CO (FA_X1)                                      0.32       1.45 f
  U181644/S (FA_X1)                                       0.44       1.89 f
  U181648/CO (FA_X1)                                      0.31       2.19 f
  U181647/S (FA_X1)                                       0.48       2.68 r
  U170149/ZN (NOR2_X1)                                    0.06       2.74 f
  U181670/ZN (NOR2_X2)                                    0.15       2.89 r
  U181723/ZN (NAND2_X1)                                   0.10       2.99 f
  U170894/ZN (OAI21_X4)                                   0.25       3.24 r
  U181971/ZN (NAND2_X1)                                   0.08       3.32 f
  U181972/ZN (NAND2_X1)                                   0.08       3.40 r
  U181992/ZN (XNOR2_X1)                                   0.14       3.54 r
  U181993/ZN (NAND2_X1)                                   0.06       3.60 f
  U173190/ZN (NAND2_X1)                                   0.08       3.68 r
  vortex/g_clusters[0].cluster/g_sockets[0].socket/g_cores[0].core/execute/alu_unit/g_blocks[0].muldiv_unit/g_multiplier[2].multiplier/g_imul_3stage.p10_s2_reg[23]/D (DFF_X1)
                                                          0.01       3.69 r
  data arrival time                                                  3.69

  clock CLK (rise edge)                                   4.00       4.00
  clock network delay (ideal)                             0.00       4.00
  clock uncertainty                                      -0.25       3.75
  vortex/g_clusters[0].cluster/g_sockets[0].socket/g_cores[0].core/execute/alu_unit/g_blocks[0].muldiv_unit/g_multiplier[2].multiplier/g_imul_3stage.p10_s2_reg[23]/CK (DFF_X1)
                                                          0.00       3.75 r
  library setup time                                     -0.06       3.69
  data required time                                                 3.69
  --------------------------------------------------------------------------
  data required time                                                 3.69
  data arrival time                                                 -3.69
  --------------------------------------------------------------------------
  slack (MET)                                                        0.00


  Startpoint: vortex/g_clusters[0].cluster/g_sockets[0].socket/g_cores[0].core/execute/alu_unit/g_blocks[0].muldiv_unit/serial_div/denom_r_reg[0][11]
              (rising edge-triggered flip-flop clocked by CLK)
  Endpoint: vortex/g_clusters[0].cluster/g_sockets[0].socket/g_cores[0].core/execute/alu_unit/g_blocks[0].muldiv_unit/serial_div/working_reg[0][59]
            (rising edge-triggered flip-flop clocked by CLK)
  Path Group: CLK
  Path Type: max

  Des/Clust/Port     Wire Load Model       Library
  ------------------------------------------------
  Vortex_axi         5K_hvratio_1_1        NangateOpenCellLibrary_ss0p95v125c

  Point                                                   Incr       Path
  --------------------------------------------------------------------------
  clock CLK (rise edge)                                   0.00       0.00
  clock network delay (ideal)                             0.00       0.00
  vortex/g_clusters[0].cluster/g_sockets[0].socket/g_cores[0].core/execute/alu_unit/g_blocks[0].muldiv_unit/serial_div/denom_r_reg[0][11]/CK (DFF_X1)
                                                          0.00 #     0.00 r
  vortex/g_clusters[0].cluster/g_sockets[0].socket/g_cores[0].core/execute/alu_unit/g_blocks[0].muldiv_unit/serial_div/denom_r_reg[0][11]/QN (DFF_X1)
                                                          0.29       0.29 f
  U202251/ZN (NOR2_X1)                                    0.21       0.50 r
  U202267/ZN (OAI21_X1)                                   0.08       0.58 f
  U202268/ZN (AOI21_X1)                                   0.21       0.79 r
  U202276/ZN (OAI21_X1)                                   0.08       0.87 f
  U172480/ZN (AOI21_X1)                                   0.21       1.08 r
  U167478/ZN (OAI21_X1)                                   0.11       1.19 f
  U202309/ZN (AOI21_X2)                                   0.14       1.34 r
  U167477/ZN (OAI21_X1)                                   0.09       1.43 f
  U167476/ZN (AOI21_X1)                                   0.17       1.60 r
  U165237/ZN (OAI21_X1)                                   0.10       1.70 f
  U167475/ZN (AOI21_X1)                                   0.18       1.88 r
  U172598/ZN (OAI21_X1)                                   0.09       1.97 f
  U202495/CO (FA_X1)                                      0.29       2.26 f
  U202498/CO (FA_X1)                                      0.30       2.56 f
  U202501/CO (FA_X1)                                      0.29       2.85 f
  U166826/ZN (XNOR2_X1)                                   0.16       3.01 f
  U171108/ZN (OR2_X1)                                     0.22       3.23 f
  U202323/ZN (INV_X2)                                     0.22       3.45 r
  U202484/ZN (AOI22_X1)                                   0.10       3.54 f
  U202485/ZN (OAI21_X1)                                   0.13       3.67 r
  vortex/g_clusters[0].cluster/g_sockets[0].socket/g_cores[0].core/execute/alu_unit/g_blocks[0].muldiv_unit/serial_div/working_reg[0][59]/D (DFF_X1)
                                                          0.01       3.68 r
  data arrival time                                                  3.68

  clock CLK (rise edge)                                   4.00       4.00
  clock network delay (ideal)                             0.00       4.00
  clock uncertainty                                      -0.25       3.75
  vortex/g_clusters[0].cluster/g_sockets[0].socket/g_cores[0].core/execute/alu_unit/g_blocks[0].muldiv_unit/serial_div/working_reg[0][59]/CK (DFF_X1)
                                                          0.00       3.75 r
  library setup time                                     -0.07       3.68
  data required time                                                 3.68
  --------------------------------------------------------------------------
  data required time                                                 3.68
  data arrival time                                                 -3.68
  --------------------------------------------------------------------------
  slack (MET)                                                        0.00


  Startpoint: vortex/g_clusters[0].cluster/g_sockets[0].socket/g_cores[0].core/execute/alu_unit/g_blocks[0].muldiv_unit/serial_div/denom_r_reg[0][11]
              (rising edge-triggered flip-flop clocked by CLK)
  Endpoint: vortex/g_clusters[0].cluster/g_sockets[0].socket/g_cores[0].core/execute/alu_unit/g_blocks[0].muldiv_unit/serial_div/working_reg[0][60]
            (rising edge-triggered flip-flop clocked by CLK)
  Path Group: CLK
  Path Type: max

  Des/Clust/Port     Wire Load Model       Library
  ------------------------------------------------
  Vortex_axi         5K_hvratio_1_1        NangateOpenCellLibrary_ss0p95v125c

  Point                                                   Incr       Path
  --------------------------------------------------------------------------
  clock CLK (rise edge)                                   0.00       0.00
  clock network delay (ideal)                             0.00       0.00
  vortex/g_clusters[0].cluster/g_sockets[0].socket/g_cores[0].core/execute/alu_unit/g_blocks[0].muldiv_unit/serial_div/denom_r_reg[0][11]/CK (DFF_X1)
                                                          0.00 #     0.00 r
  vortex/g_clusters[0].cluster/g_sockets[0].socket/g_cores[0].core/execute/alu_unit/g_blocks[0].muldiv_unit/serial_div/denom_r_reg[0][11]/QN (DFF_X1)
                                                          0.29       0.29 f
  U202251/ZN (NOR2_X1)                                    0.21       0.50 r
  U202267/ZN (OAI21_X1)                                   0.08       0.58 f
  U202268/ZN (AOI21_X1)                                   0.21       0.79 r
  U202276/ZN (OAI21_X1)                                   0.08       0.87 f
  U172480/ZN (AOI21_X1)                                   0.21       1.08 r
  U167478/ZN (OAI21_X1)                                   0.11       1.19 f
  U202309/ZN (AOI21_X2)                                   0.14       1.34 r
  U167477/ZN (OAI21_X1)                                   0.09       1.43 f
  U167476/ZN (AOI21_X1)                                   0.17       1.60 r
  U165237/ZN (OAI21_X1)                                   0.10       1.70 f
  U167475/ZN (AOI21_X1)                                   0.18       1.88 r
  U172598/ZN (OAI21_X1)                                   0.09       1.97 f
  U202495/CO (FA_X1)                                      0.29       2.26 f
  U202498/CO (FA_X1)                                      0.30       2.56 f
  U202501/CO (FA_X1)                                      0.29       2.85 f
  U166826/ZN (XNOR2_X1)                                   0.16       3.01 f
  U171108/ZN (OR2_X1)                                     0.22       3.23 f
  U202323/ZN (INV_X2)                                     0.22       3.45 r
  U202488/ZN (AOI22_X1)                                   0.10       3.54 f
  U202489/ZN (OAI21_X1)                                   0.13       3.67 r
  vortex/g_clusters[0].cluster/g_sockets[0].socket/g_cores[0].core/execute/alu_unit/g_blocks[0].muldiv_unit/serial_div/working_reg[0][60]/D (DFF_X1)
                                                          0.01       3.68 r
  data arrival time                                                  3.68

  clock CLK (rise edge)                                   4.00       4.00
  clock network delay (ideal)                             0.00       4.00
  clock uncertainty                                      -0.25       3.75
  vortex/g_clusters[0].cluster/g_sockets[0].socket/g_cores[0].core/execute/alu_unit/g_blocks[0].muldiv_unit/serial_div/working_reg[0][60]/CK (DFF_X1)
                                                          0.00       3.75 r
  library setup time                                     -0.07       3.68
  data required time                                                 3.68
  --------------------------------------------------------------------------
  data required time                                                 3.68
  data arrival time                                                 -3.68
  --------------------------------------------------------------------------
  slack (MET)                                                        0.00


  Startpoint: vortex/g_clusters[0].cluster/g_sockets[0].socket/g_cores[0].core/execute/alu_unit/g_blocks[0].muldiv_unit/serial_div/denom_r_reg[0][11]
              (rising edge-triggered flip-flop clocked by CLK)
  Endpoint: vortex/g_clusters[0].cluster/g_sockets[0].socket/g_cores[0].core/execute/alu_unit/g_blocks[0].muldiv_unit/serial_div/working_reg[0][58]
            (rising edge-triggered flip-flop clocked by CLK)
  Path Group: CLK
  Path Type: max

  Des/Clust/Port     Wire Load Model       Library
  ------------------------------------------------
  Vortex_axi         5K_hvratio_1_1        NangateOpenCellLibrary_ss0p95v125c

  Point                                                   Incr       Path
  --------------------------------------------------------------------------
  clock CLK (rise edge)                                   0.00       0.00
  clock network delay (ideal)                             0.00       0.00
  vortex/g_clusters[0].cluster/g_sockets[0].socket/g_cores[0].core/execute/alu_unit/g_blocks[0].muldiv_unit/serial_div/denom_r_reg[0][11]/CK (DFF_X1)
                                                          0.00 #     0.00 r
  vortex/g_clusters[0].cluster/g_sockets[0].socket/g_cores[0].core/execute/alu_unit/g_blocks[0].muldiv_unit/serial_div/denom_r_reg[0][11]/QN (DFF_X1)
                                                          0.29       0.29 f
  U202251/ZN (NOR2_X1)                                    0.21       0.50 r
  U202267/ZN (OAI21_X1)                                   0.08       0.58 f
  U202268/ZN (AOI21_X1)                                   0.21       0.79 r
  U202276/ZN (OAI21_X1)                                   0.08       0.87 f
  U172480/ZN (AOI21_X1)                                   0.21       1.08 r
  U167478/ZN (OAI21_X1)                                   0.11       1.19 f
  U202309/ZN (AOI21_X2)                                   0.14       1.34 r
  U167477/ZN (OAI21_X1)                                   0.09       1.43 f
  U167476/ZN (AOI21_X1)                                   0.17       1.60 r
  U165237/ZN (OAI21_X1)                                   0.10       1.70 f
  U167475/ZN (AOI21_X1)                                   0.18       1.88 r
  U172598/ZN (OAI21_X1)                                   0.09       1.97 f
  U202495/CO (FA_X1)                                      0.29       2.26 f
  U202498/CO (FA_X1)                                      0.30       2.56 f
  U202501/CO (FA_X1)                                      0.29       2.85 f
  U166826/ZN (XNOR2_X1)                                   0.16       3.01 f
  U171108/ZN (OR2_X1)                                     0.22       3.23 f
  U202396/ZN (INV_X2)                                     0.22       3.45 r
  U202479/ZN (AOI22_X1)                                   0.10       3.54 f
  U202480/ZN (OAI21_X1)                                   0.13       3.67 r
  vortex/g_clusters[0].cluster/g_sockets[0].socket/g_cores[0].core/execute/alu_unit/g_blocks[0].muldiv_unit/serial_div/working_reg[0][58]/D (DFF_X1)
                                                          0.01       3.68 r
  data arrival time                                                  3.68

  clock CLK (rise edge)                                   4.00       4.00
  clock network delay (ideal)                             0.00       4.00
  clock uncertainty                                      -0.25       3.75
  vortex/g_clusters[0].cluster/g_sockets[0].socket/g_cores[0].core/execute/alu_unit/g_blocks[0].muldiv_unit/serial_div/working_reg[0][58]/CK (DFF_X1)
                                                          0.00       3.75 r
  library setup time                                     -0.07       3.68
  data required time                                                 3.68
  --------------------------------------------------------------------------
  data required time                                                 3.68
  data arrival time                                                 -3.68
  --------------------------------------------------------------------------
  slack (MET)                                                        0.00


  Startpoint: vortex/g_clusters[0].cluster/g_sockets[0].socket/g_cores[0].core/execute/alu_unit/g_blocks[0].muldiv_unit/g_multiplier[2].multiplier/g_imul_3stage.a_high_s1_reg[2]
              (rising edge-triggered flip-flop clocked by CLK)
  Endpoint: vortex/g_clusters[0].cluster/g_sockets[0].socket/g_cores[0].core/execute/alu_unit/g_blocks[0].muldiv_unit/g_multiplier[2].multiplier/g_imul_3stage.p10_s2_reg[20]
            (rising edge-triggered flip-flop clocked by CLK)
  Path Group: CLK
  Path Type: max

  Des/Clust/Port     Wire Load Model       Library
  ------------------------------------------------
  Vortex_axi         5K_hvratio_1_1        NangateOpenCellLibrary_ss0p95v125c

  Point                                                   Incr       Path
  --------------------------------------------------------------------------
  clock CLK (rise edge)                                   0.00       0.00
  clock network delay (ideal)                             0.00       0.00
  vortex/g_clusters[0].cluster/g_sockets[0].socket/g_cores[0].core/execute/alu_unit/g_blocks[0].muldiv_unit/g_multiplier[2].multiplier/g_imul_3stage.a_high_s1_reg[2]/CK (DFF_X1)
                                                          0.00 #     0.00 r
  vortex/g_clusters[0].cluster/g_sockets[0].socket/g_cores[0].core/execute/alu_unit/g_blocks[0].muldiv_unit/g_multiplier[2].multiplier/g_imul_3stage.a_high_s1_reg[2]/Q (DFF_X1)
                                                          0.38       0.38 r
  U177908/ZN (XNOR2_X1)                                   0.16       0.54 r
  U162679/Z (CLKBUF_X1)                                   0.15       0.70 r
  U162606/Z (BUF_X4)                                      0.21       0.91 r
  U165466/ZN (OR2_X1)                                     0.14       1.05 r
  U170341/ZN (NAND2_X1)                                   0.06       1.11 f
  U181787/S (FA_X1)                                       0.41       1.52 f
  U181891/S (FA_X1)                                       0.44       1.96 r
  U181894/S (FA_X1)                                       0.34       2.30 f
  U162918/ZN (NOR2_X1)                                    0.20       2.50 r
  U181887/ZN (OAI21_X1)                                   0.08       2.58 f
  U181888/ZN (AOI21_X1)                                   0.21       2.79 r
  U181901/ZN (OAI21_X1)                                   0.11       2.90 f
  U170895/ZN (AOI21_X2)                                   0.18       3.08 r
  U199666/ZN (INV_X1)                                     0.09       3.17 f
  U199669/ZN (AOI21_X1)                                   0.15       3.32 r
  U199672/Z (XOR2_X1)                                     0.07       3.40 f
  U199673/Z (MUX2_X1)                                     0.23       3.63 f
  vortex/g_clusters[0].cluster/g_sockets[0].socket/g_cores[0].core/execute/alu_unit/g_blocks[0].muldiv_unit/g_multiplier[2].multiplier/g_imul_3stage.p10_s2_reg[20]/D (DFF_X1)
                                                          0.01       3.63 f
  data arrival time                                                  3.63

  clock CLK (rise edge)                                   4.00       4.00
  clock network delay (ideal)                             0.00       4.00
  clock uncertainty                                      -0.25       3.75
  vortex/g_clusters[0].cluster/g_sockets[0].socket/g_cores[0].core/execute/alu_unit/g_blocks[0].muldiv_unit/g_multiplier[2].multiplier/g_imul_3stage.p10_s2_reg[20]/CK (DFF_X1)
                                                          0.00       3.75 r
  library setup time                                     -0.11       3.64
  data required time                                                 3.64
  --------------------------------------------------------------------------
  data required time                                                 3.64
  data arrival time                                                 -3.63
  --------------------------------------------------------------------------
  slack (MET)                                                        0.00


  Startpoint: vortex/g_clusters[0].cluster/g_sockets[0].socket/g_cores[0].core/execute/alu_unit/g_blocks[0].muldiv_unit/serial_div/denom_r_reg[0][11]
              (rising edge-triggered flip-flop clocked by CLK)
  Endpoint: vortex/g_clusters[0].cluster/g_sockets[0].socket/g_cores[0].core/execute/alu_unit/g_blocks[0].muldiv_unit/serial_div/working_reg[0][57]
            (rising edge-triggered flip-flop clocked by CLK)
  Path Group: CLK
  Path Type: max

  Des/Clust/Port     Wire Load Model       Library
  ------------------------------------------------
  Vortex_axi         5K_hvratio_1_1        NangateOpenCellLibrary_ss0p95v125c

  Point                                                   Incr       Path
  --------------------------------------------------------------------------
  clock CLK (rise edge)                                   0.00       0.00
  clock network delay (ideal)                             0.00       0.00
  vortex/g_clusters[0].cluster/g_sockets[0].socket/g_cores[0].core/execute/alu_unit/g_blocks[0].muldiv_unit/serial_div/denom_r_reg[0][11]/CK (DFF_X1)
                                                          0.00 #     0.00 r
  vortex/g_clusters[0].cluster/g_sockets[0].socket/g_cores[0].core/execute/alu_unit/g_blocks[0].muldiv_unit/serial_div/denom_r_reg[0][11]/QN (DFF_X1)
                                                          0.29       0.29 f
  U202251/ZN (NOR2_X1)                                    0.21       0.50 r
  U202267/ZN (OAI21_X1)                                   0.08       0.58 f
  U202268/ZN (AOI21_X1)                                   0.21       0.79 r
  U202276/ZN (OAI21_X1)                                   0.08       0.87 f
  U172480/ZN (AOI21_X1)                                   0.21       1.08 r
  U167478/ZN (OAI21_X1)                                   0.11       1.19 f
  U202309/ZN (AOI21_X2)                                   0.14       1.34 r
  U167477/ZN (OAI21_X1)                                   0.09       1.43 f
  U167476/ZN (AOI21_X1)                                   0.17       1.60 r
  U165237/ZN (OAI21_X1)                                   0.10       1.70 f
  U167475/ZN (AOI21_X1)                                   0.18       1.88 r
  U172598/ZN (OAI21_X1)                                   0.09       1.97 f
  U202495/CO (FA_X1)                                      0.29       2.26 f
  U202498/CO (FA_X1)                                      0.30       2.56 f
  U202501/CO (FA_X1)                                      0.29       2.85 f
  U166826/ZN (XNOR2_X1)                                   0.16       3.01 f
  U171108/ZN (OR2_X1)                                     0.22       3.23 f
  U202396/ZN (INV_X2)                                     0.22       3.45 r
  U202475/ZN (AOI22_X1)                                   0.10       3.54 f
  U202476/ZN (OAI21_X1)                                   0.13       3.67 r
  vortex/g_clusters[0].cluster/g_sockets[0].socket/g_cores[0].core/execute/alu_unit/g_blocks[0].muldiv_unit/serial_div/working_reg[0][57]/D (DFF_X1)
                                                          0.01       3.68 r
  data arrival time                                                  3.68

  clock CLK (rise edge)                                   4.00       4.00
  clock network delay (ideal)                             0.00       4.00
  clock uncertainty                                      -0.25       3.75
  vortex/g_clusters[0].cluster/g_sockets[0].socket/g_cores[0].core/execute/alu_unit/g_blocks[0].muldiv_unit/serial_div/working_reg[0][57]/CK (DFF_X1)
                                                          0.00       3.75 r
  library setup time                                     -0.07       3.68
  data required time                                                 3.68
  --------------------------------------------------------------------------
  data required time                                                 3.68
  data arrival time                                                 -3.68
  --------------------------------------------------------------------------
  slack (MET)                                                        0.00


  Startpoint: vortex/g_clusters[0].cluster/g_sockets[0].socket/g_cores[0].core/execute/alu_unit/g_blocks[0].muldiv_unit/serial_div/denom_r_reg[0][11]
              (rising edge-triggered flip-flop clocked by CLK)
  Endpoint: vortex/g_clusters[0].cluster/g_sockets[0].socket/g_cores[0].core/execute/alu_unit/g_blocks[0].muldiv_unit/serial_div/working_reg[0][39]
            (rising edge-triggered flip-flop clocked by CLK)
  Path Group: CLK
  Path Type: max

  Des/Clust/Port     Wire Load Model       Library
  ------------------------------------------------
  Vortex_axi         5K_hvratio_1_1        NangateOpenCellLibrary_ss0p95v125c

  Point                                                   Incr       Path
  --------------------------------------------------------------------------
  clock CLK (rise edge)                                   0.00       0.00
  clock network delay (ideal)                             0.00       0.00
  vortex/g_clusters[0].cluster/g_sockets[0].socket/g_cores[0].core/execute/alu_unit/g_blocks[0].muldiv_unit/serial_div/denom_r_reg[0][11]/CK (DFF_X1)
                                                          0.00 #     0.00 r
  vortex/g_clusters[0].cluster/g_sockets[0].socket/g_cores[0].core/execute/alu_unit/g_blocks[0].muldiv_unit/serial_div/denom_r_reg[0][11]/QN (DFF_X1)
                                                          0.29       0.29 f
  U202251/ZN (NOR2_X1)                                    0.21       0.50 r
  U202267/ZN (OAI21_X1)                                   0.08       0.58 f
  U202268/ZN (AOI21_X1)                                   0.21       0.79 r
  U202276/ZN (OAI21_X1)                                   0.08       0.87 f
  U172480/ZN (AOI21_X1)                                   0.21       1.08 r
  U167478/ZN (OAI21_X1)                                   0.11       1.19 f
  U202309/ZN (AOI21_X2)                                   0.14       1.34 r
  U167477/ZN (OAI21_X1)                                   0.09       1.43 f
  U167476/ZN (AOI21_X1)                                   0.17       1.60 r
  U165237/ZN (OAI21_X1)                                   0.10       1.70 f
  U167475/ZN (AOI21_X1)                                   0.18       1.88 r
  U172598/ZN (OAI21_X1)                                   0.09       1.97 f
  U202495/CO (FA_X1)                                      0.29       2.26 f
  U202498/CO (FA_X1)                                      0.30       2.56 f
  U202501/CO (FA_X1)                                      0.29       2.85 f
  U166826/ZN (XNOR2_X1)                                   0.16       3.01 f
  U171108/ZN (OR2_X1)                                     0.22       3.23 f
  U202323/ZN (INV_X2)                                     0.22       3.45 r
  U202361/ZN (AOI22_X1)                                   0.10       3.54 f
  U202362/ZN (OAI21_X1)                                   0.13       3.67 r
  vortex/g_clusters[0].cluster/g_sockets[0].socket/g_cores[0].core/execute/alu_unit/g_blocks[0].muldiv_unit/serial_div/working_reg[0][39]/D (DFF_X1)
                                                          0.01       3.68 r
  data arrival time                                                  3.68

  clock CLK (rise edge)                                   4.00       4.00
  clock network delay (ideal)                             0.00       4.00
  clock uncertainty                                      -0.25       3.75
  vortex/g_clusters[0].cluster/g_sockets[0].socket/g_cores[0].core/execute/alu_unit/g_blocks[0].muldiv_unit/serial_div/working_reg[0][39]/CK (DFF_X1)
                                                          0.00       3.75 r
  library setup time                                     -0.07       3.68
  data required time                                                 3.68
  --------------------------------------------------------------------------
  data required time                                                 3.68
  data arrival time                                                 -3.68
  --------------------------------------------------------------------------
  slack (MET)                                                        0.00


  Startpoint: vortex/g_clusters[0].cluster/g_sockets[0].socket/g_cores[0].core/execute/alu_unit/g_blocks[0].muldiv_unit/serial_div/denom_r_reg[0][11]
              (rising edge-triggered flip-flop clocked by CLK)
  Endpoint: vortex/g_clusters[0].cluster/g_sockets[0].socket/g_cores[0].core/execute/alu_unit/g_blocks[0].muldiv_unit/serial_div/working_reg[0][40]
            (rising edge-triggered flip-flop clocked by CLK)
  Path Group: CLK
  Path Type: max

  Des/Clust/Port     Wire Load Model       Library
  ------------------------------------------------
  Vortex_axi         5K_hvratio_1_1        NangateOpenCellLibrary_ss0p95v125c

  Point                                                   Incr       Path
  --------------------------------------------------------------------------
  clock CLK (rise edge)                                   0.00       0.00
  clock network delay (ideal)                             0.00       0.00
  vortex/g_clusters[0].cluster/g_sockets[0].socket/g_cores[0].core/execute/alu_unit/g_blocks[0].muldiv_unit/serial_div/denom_r_reg[0][11]/CK (DFF_X1)
                                                          0.00 #     0.00 r
  vortex/g_clusters[0].cluster/g_sockets[0].socket/g_cores[0].core/execute/alu_unit/g_blocks[0].muldiv_unit/serial_div/denom_r_reg[0][11]/QN (DFF_X1)
                                                          0.29       0.29 f
  U202251/ZN (NOR2_X1)                                    0.21       0.50 r
  U202267/ZN (OAI21_X1)                                   0.08       0.58 f
  U202268/ZN (AOI21_X1)                                   0.21       0.79 r
  U202276/ZN (OAI21_X1)                                   0.08       0.87 f
  U172480/ZN (AOI21_X1)                                   0.21       1.08 r
  U167478/ZN (OAI21_X1)                                   0.11       1.19 f
  U202309/ZN (AOI21_X2)                                   0.14       1.34 r
  U167477/ZN (OAI21_X1)                                   0.09       1.43 f
  U167476/ZN (AOI21_X1)                                   0.17       1.60 r
  U165237/ZN (OAI21_X1)                                   0.10       1.70 f
  U167475/ZN (AOI21_X1)                                   0.18       1.88 r
  U172598/ZN (OAI21_X1)                                   0.09       1.97 f
  U202495/CO (FA_X1)                                      0.29       2.26 f
  U202498/CO (FA_X1)                                      0.30       2.56 f
  U202501/CO (FA_X1)                                      0.29       2.85 f
  U166826/ZN (XNOR2_X1)                                   0.16       3.01 f
  U171108/ZN (OR2_X1)                                     0.22       3.23 f
  U202323/ZN (INV_X2)                                     0.22       3.45 r
  U202367/ZN (AOI22_X1)                                   0.10       3.54 f
  U202368/ZN (OAI21_X1)                                   0.13       3.67 r
  vortex/g_clusters[0].cluster/g_sockets[0].socket/g_cores[0].core/execute/alu_unit/g_blocks[0].muldiv_unit/serial_div/working_reg[0][40]/D (DFF_X1)
                                                          0.01       3.68 r
  data arrival time                                                  3.68

  clock CLK (rise edge)                                   4.00       4.00
  clock network delay (ideal)                             0.00       4.00
  clock uncertainty                                      -0.25       3.75
  vortex/g_clusters[0].cluster/g_sockets[0].socket/g_cores[0].core/execute/alu_unit/g_blocks[0].muldiv_unit/serial_div/working_reg[0][40]/CK (DFF_X1)
                                                          0.00       3.75 r
  library setup time                                     -0.07       3.68
  data required time                                                 3.68
  --------------------------------------------------------------------------
  data required time                                                 3.68
  data arrival time                                                 -3.68
  --------------------------------------------------------------------------
  slack (MET)                                                        0.00


  Startpoint: vortex/g_clusters[0].cluster/g_sockets[0].socket/g_cores[0].core/execute/alu_unit/g_blocks[0].muldiv_unit/serial_div/denom_r_reg[0][11]
              (rising edge-triggered flip-flop clocked by CLK)
  Endpoint: vortex/g_clusters[0].cluster/g_sockets[0].socket/g_cores[0].core/execute/alu_unit/g_blocks[0].muldiv_unit/serial_div/working_reg[0][54]
            (rising edge-triggered flip-flop clocked by CLK)
  Path Group: CLK
  Path Type: max

  Des/Clust/Port     Wire Load Model       Library
  ------------------------------------------------
  Vortex_axi         5K_hvratio_1_1        NangateOpenCellLibrary_ss0p95v125c

  Point                                                   Incr       Path
  --------------------------------------------------------------------------
  clock CLK (rise edge)                                   0.00       0.00
  clock network delay (ideal)                             0.00       0.00
  vortex/g_clusters[0].cluster/g_sockets[0].socket/g_cores[0].core/execute/alu_unit/g_blocks[0].muldiv_unit/serial_div/denom_r_reg[0][11]/CK (DFF_X1)
                                                          0.00 #     0.00 r
  vortex/g_clusters[0].cluster/g_sockets[0].socket/g_cores[0].core/execute/alu_unit/g_blocks[0].muldiv_unit/serial_div/denom_r_reg[0][11]/QN (DFF_X1)
                                                          0.29       0.29 f
  U202251/ZN (NOR2_X1)                                    0.21       0.50 r
  U202267/ZN (OAI21_X1)                                   0.08       0.58 f
  U202268/ZN (AOI21_X1)                                   0.21       0.79 r
  U202276/ZN (OAI21_X1)                                   0.08       0.87 f
  U172480/ZN (AOI21_X1)                                   0.21       1.08 r
  U167478/ZN (OAI21_X1)                                   0.11       1.19 f
  U202309/ZN (AOI21_X2)                                   0.14       1.34 r
  U167477/ZN (OAI21_X1)                                   0.09       1.43 f
  U167476/ZN (AOI21_X1)                                   0.17       1.60 r
  U165237/ZN (OAI21_X1)                                   0.10       1.70 f
  U167475/ZN (AOI21_X1)                                   0.18       1.88 r
  U172598/ZN (OAI21_X1)                                   0.09       1.97 f
  U202495/CO (FA_X1)                                      0.29       2.26 f
  U202498/CO (FA_X1)                                      0.30       2.56 f
  U202501/CO (FA_X1)                                      0.29       2.85 f
  U166826/ZN (XNOR2_X1)                                   0.16       3.01 f
  U171108/ZN (OR2_X1)                                     0.22       3.23 f
  U202396/ZN (INV_X2)                                     0.22       3.45 r
  U202461/ZN (AOI22_X1)                                   0.10       3.54 f
  U202462/ZN (OAI21_X1)                                   0.13       3.67 r
  vortex/g_clusters[0].cluster/g_sockets[0].socket/g_cores[0].core/execute/alu_unit/g_blocks[0].muldiv_unit/serial_div/working_reg[0][54]/D (DFF_X1)
                                                          0.01       3.68 r
  data arrival time                                                  3.68

  clock CLK (rise edge)                                   4.00       4.00
  clock network delay (ideal)                             0.00       4.00
  clock uncertainty                                      -0.25       3.75
  vortex/g_clusters[0].cluster/g_sockets[0].socket/g_cores[0].core/execute/alu_unit/g_blocks[0].muldiv_unit/serial_div/working_reg[0][54]/CK (DFF_X1)
                                                          0.00       3.75 r
  library setup time                                     -0.07       3.68
  data required time                                                 3.68
  --------------------------------------------------------------------------
  data required time                                                 3.68
  data arrival time                                                 -3.68
  --------------------------------------------------------------------------
  slack (MET)                                                        0.00


  Startpoint: vortex/g_clusters[0].cluster/g_sockets[0].socket/g_cores[0].core/execute/fpu_unit/g_blocks[0].fpu_dsp/fpu_fma/g_fmas[0].fma_unit/sum_raw_low_s6_reg[9]
              (rising edge-triggered flip-flop clocked by CLK)
  Endpoint: vortex/g_clusters[0].cluster/g_sockets[0].socket/g_cores[0].core/execute/fpu_unit/g_blocks[0].fpu_dsp/fpu_fma/g_fmas[0].fma_unit/sum_zero_s7_reg
            (rising edge-triggered flip-flop clocked by CLK)
  Path Group: CLK
  Path Type: max

  Des/Clust/Port     Wire Load Model       Library
  ------------------------------------------------
  Vortex_axi         5K_hvratio_1_1        NangateOpenCellLibrary_ss0p95v125c

  Point                                                   Incr       Path
  --------------------------------------------------------------------------
  clock CLK (rise edge)                                   0.00       0.00
  clock network delay (ideal)                             0.00       0.00
  vortex/g_clusters[0].cluster/g_sockets[0].socket/g_cores[0].core/execute/fpu_unit/g_blocks[0].fpu_dsp/fpu_fma/g_fmas[0].fma_unit/sum_raw_low_s6_reg[9]/CK (DFF_X1)
                                                          0.00 #     0.00 r
  vortex/g_clusters[0].cluster/g_sockets[0].socket/g_cores[0].core/execute/fpu_unit/g_blocks[0].fpu_dsp/fpu_fma/g_fmas[0].fma_unit/sum_raw_low_s6_reg[9]/Q (DFF_X1)
                                                          0.31       0.31 f
  U187847/ZN (NOR2_X1)                                    0.19       0.50 r
  U187848/ZN (INV_X1)                                     0.06       0.55 f
  U187849/ZN (NOR2_X1)                                    0.16       0.72 r
  U187850/ZN (NAND2_X1)                                   0.07       0.79 f
  U166177/ZN (NOR2_X1)                                    0.14       0.93 r
  U189959/ZN (INV_X1)                                     0.09       1.03 f
  U189978/ZN (NOR2_X1)                                    0.15       1.18 r
  U189979/ZN (INV_X1)                                     0.07       1.24 f
  U166764/ZN (NOR2_X1)                                    0.16       1.40 r
  U189980/ZN (NAND2_X1)                                   0.08       1.48 f
  U189981/Z (XOR2_X1)                                     0.21       1.69 f
  U189982/ZN (OR4_X2)                                     0.46       2.16 f
  U163744/ZN (NOR4_X2)                                    0.32       2.48 r
  U190061/ZN (NAND4_X1)                                   0.12       2.59 f
  U190072/ZN (NOR4_X1)                                    0.19       2.78 r
  U171731/ZN (AND3_X1)                                    0.18       2.96 r
  U190091/ZN (NAND3_X1)                                   0.07       3.03 f
  U165166/ZN (NOR2_X1)                                    0.11       3.14 r
  U170225/ZN (NAND3_X1)                                   0.08       3.22 f
  U165164/ZN (NOR2_X1)                                    0.13       3.35 r
  U170224/ZN (NAND3_X1)                                   0.08       3.43 f
  U168638/ZN (AND2_X1)                                    0.11       3.54 f
  U190093/ZN (OAI22_X1)                                   0.10       3.65 r
  vortex/g_clusters[0].cluster/g_sockets[0].socket/g_cores[0].core/execute/fpu_unit/g_blocks[0].fpu_dsp/fpu_fma/g_fmas[0].fma_unit/sum_zero_s7_reg/D (DFF_X1)
                                                          0.01       3.66 r
  data arrival time                                                  3.66

  clock CLK (rise edge)                                   4.00       4.00
  clock network delay (ideal)                             0.00       4.00
  clock uncertainty                                      -0.25       3.75
  vortex/g_clusters[0].cluster/g_sockets[0].socket/g_cores[0].core/execute/fpu_unit/g_blocks[0].fpu_dsp/fpu_fma/g_fmas[0].fma_unit/sum_zero_s7_reg/CK (DFF_X1)
                                                          0.00       3.75 r
  library setup time                                     -0.09       3.66
  data required time                                                 3.66
  --------------------------------------------------------------------------
  data required time                                                 3.66
  data arrival time                                                 -3.66
  --------------------------------------------------------------------------
  slack (MET)                                                        0.00


  Startpoint: vortex/g_clusters[0].cluster/g_sockets[0].socket/g_cores[0].core/execute/alu_unit/g_blocks[0].muldiv_unit/serial_div/denom_r_reg[0][11]
              (rising edge-triggered flip-flop clocked by CLK)
  Endpoint: vortex/g_clusters[0].cluster/g_sockets[0].socket/g_cores[0].core/execute/alu_unit/g_blocks[0].muldiv_unit/serial_div/working_reg[0][33]
            (rising edge-triggered flip-flop clocked by CLK)
  Path Group: CLK
  Path Type: max

  Des/Clust/Port     Wire Load Model       Library
  ------------------------------------------------
  Vortex_axi         5K_hvratio_1_1        NangateOpenCellLibrary_ss0p95v125c

  Point                                                   Incr       Path
  --------------------------------------------------------------------------
  clock CLK (rise edge)                                   0.00       0.00
  clock network delay (ideal)                             0.00       0.00
  vortex/g_clusters[0].cluster/g_sockets[0].socket/g_cores[0].core/execute/alu_unit/g_blocks[0].muldiv_unit/serial_div/denom_r_reg[0][11]/CK (DFF_X1)
                                                          0.00 #     0.00 r
  vortex/g_clusters[0].cluster/g_sockets[0].socket/g_cores[0].core/execute/alu_unit/g_blocks[0].muldiv_unit/serial_div/denom_r_reg[0][11]/QN (DFF_X1)
                                                          0.29       0.29 f
  U202251/ZN (NOR2_X1)                                    0.21       0.50 r
  U202267/ZN (OAI21_X1)                                   0.08       0.58 f
  U202268/ZN (AOI21_X1)                                   0.21       0.79 r
  U202276/ZN (OAI21_X1)                                   0.08       0.87 f
  U172480/ZN (AOI21_X1)                                   0.21       1.08 r
  U167478/ZN (OAI21_X1)                                   0.11       1.19 f
  U202309/ZN (AOI21_X2)                                   0.14       1.34 r
  U167477/ZN (OAI21_X1)                                   0.09       1.43 f
  U167476/ZN (AOI21_X1)                                   0.17       1.60 r
  U165237/ZN (OAI21_X1)                                   0.10       1.70 f
  U167475/ZN (AOI21_X1)                                   0.18       1.88 r
  U172598/ZN (OAI21_X1)                                   0.09       1.97 f
  U202495/CO (FA_X1)                                      0.29       2.26 f
  U202498/CO (FA_X1)                                      0.30       2.56 f
  U202501/CO (FA_X1)                                      0.29       2.85 f
  U166826/ZN (XNOR2_X1)                                   0.16       3.01 f
  U171108/ZN (OR2_X1)                                     0.22       3.23 f
  U202323/ZN (INV_X2)                                     0.22       3.45 r
  U202325/ZN (AOI22_X1)                                   0.10       3.54 f
  U202326/ZN (OAI21_X1)                                   0.13       3.67 r
  vortex/g_clusters[0].cluster/g_sockets[0].socket/g_cores[0].core/execute/alu_unit/g_blocks[0].muldiv_unit/serial_div/working_reg[0][33]/D (DFF_X1)
                                                          0.01       3.68 r
  data arrival time                                                  3.68

  clock CLK (rise edge)                                   4.00       4.00
  clock network delay (ideal)                             0.00       4.00
  clock uncertainty                                      -0.25       3.75
  vortex/g_clusters[0].cluster/g_sockets[0].socket/g_cores[0].core/execute/alu_unit/g_blocks[0].muldiv_unit/serial_div/working_reg[0][33]/CK (DFF_X1)
                                                          0.00       3.75 r
  library setup time                                     -0.07       3.68
  data required time                                                 3.68
  --------------------------------------------------------------------------
  data required time                                                 3.68
  data arrival time                                                 -3.68
  --------------------------------------------------------------------------
  slack (MET)                                                        0.00


  Startpoint: vortex/g_clusters[0].cluster/g_sockets[0].socket/g_cores[0].core/execute/alu_unit/g_blocks[0].muldiv_unit/serial_div/denom_r_reg[0][11]
              (rising edge-triggered flip-flop clocked by CLK)
  Endpoint: vortex/g_clusters[0].cluster/g_sockets[0].socket/g_cores[0].core/execute/alu_unit/g_blocks[0].muldiv_unit/serial_div/working_reg[0][34]
            (rising edge-triggered flip-flop clocked by CLK)
  Path Group: CLK
  Path Type: max

  Des/Clust/Port     Wire Load Model       Library
  ------------------------------------------------
  Vortex_axi         5K_hvratio_1_1        NangateOpenCellLibrary_ss0p95v125c

  Point                                                   Incr       Path
  --------------------------------------------------------------------------
  clock CLK (rise edge)                                   0.00       0.00
  clock network delay (ideal)                             0.00       0.00
  vortex/g_clusters[0].cluster/g_sockets[0].socket/g_cores[0].core/execute/alu_unit/g_blocks[0].muldiv_unit/serial_div/denom_r_reg[0][11]/CK (DFF_X1)
                                                          0.00 #     0.00 r
  vortex/g_clusters[0].cluster/g_sockets[0].socket/g_cores[0].core/execute/alu_unit/g_blocks[0].muldiv_unit/serial_div/denom_r_reg[0][11]/QN (DFF_X1)
                                                          0.29       0.29 f
  U202251/ZN (NOR2_X1)                                    0.21       0.50 r
  U202267/ZN (OAI21_X1)                                   0.08       0.58 f
  U202268/ZN (AOI21_X1)                                   0.21       0.79 r
  U202276/ZN (OAI21_X1)                                   0.08       0.87 f
  U172480/ZN (AOI21_X1)                                   0.21       1.08 r
  U167478/ZN (OAI21_X1)                                   0.11       1.19 f
  U202309/ZN (AOI21_X2)                                   0.14       1.34 r
  U167477/ZN (OAI21_X1)                                   0.09       1.43 f
  U167476/ZN (AOI21_X1)                                   0.17       1.60 r
  U165237/ZN (OAI21_X1)                                   0.10       1.70 f
  U167475/ZN (AOI21_X1)                                   0.18       1.88 r
  U172598/ZN (OAI21_X1)                                   0.09       1.97 f
  U202495/CO (FA_X1)                                      0.29       2.26 f
  U202498/CO (FA_X1)                                      0.30       2.56 f
  U202501/CO (FA_X1)                                      0.29       2.85 f
  U166826/ZN (XNOR2_X1)                                   0.16       3.01 f
  U171108/ZN (OR2_X1)                                     0.22       3.23 f
  U202323/ZN (INV_X2)                                     0.22       3.45 r
  U202330/ZN (AOI22_X1)                                   0.10       3.54 f
  U202331/ZN (OAI21_X1)                                   0.13       3.67 r
  vortex/g_clusters[0].cluster/g_sockets[0].socket/g_cores[0].core/execute/alu_unit/g_blocks[0].muldiv_unit/serial_div/working_reg[0][34]/D (DFF_X1)
                                                          0.01       3.68 r
  data arrival time                                                  3.68

  clock CLK (rise edge)                                   4.00       4.00
  clock network delay (ideal)                             0.00       4.00
  clock uncertainty                                      -0.25       3.75
  vortex/g_clusters[0].cluster/g_sockets[0].socket/g_cores[0].core/execute/alu_unit/g_blocks[0].muldiv_unit/serial_div/working_reg[0][34]/CK (DFF_X1)
                                                          0.00       3.75 r
  library setup time                                     -0.07       3.68
  data required time                                                 3.68
  --------------------------------------------------------------------------
  data required time                                                 3.68
  data arrival time                                                 -3.68
  --------------------------------------------------------------------------
  slack (MET)                                                        0.00


  Startpoint: vortex/g_clusters[0].cluster/g_sockets[0].socket/g_cores[0].core/execute/alu_unit/g_blocks[0].muldiv_unit/serial_div/denom_r_reg[0][11]
              (rising edge-triggered flip-flop clocked by CLK)
  Endpoint: vortex/g_clusters[0].cluster/g_sockets[0].socket/g_cores[0].core/execute/alu_unit/g_blocks[0].muldiv_unit/serial_div/working_reg[0][35]
            (rising edge-triggered flip-flop clocked by CLK)
  Path Group: CLK
  Path Type: max

  Des/Clust/Port     Wire Load Model       Library
  ------------------------------------------------
  Vortex_axi         5K_hvratio_1_1        NangateOpenCellLibrary_ss0p95v125c

  Point                                                   Incr       Path
  --------------------------------------------------------------------------
  clock CLK (rise edge)                                   0.00       0.00
  clock network delay (ideal)                             0.00       0.00
  vortex/g_clusters[0].cluster/g_sockets[0].socket/g_cores[0].core/execute/alu_unit/g_blocks[0].muldiv_unit/serial_div/denom_r_reg[0][11]/CK (DFF_X1)
                                                          0.00 #     0.00 r
  vortex/g_clusters[0].cluster/g_sockets[0].socket/g_cores[0].core/execute/alu_unit/g_blocks[0].muldiv_unit/serial_div/denom_r_reg[0][11]/QN (DFF_X1)
                                                          0.29       0.29 f
  U202251/ZN (NOR2_X1)                                    0.21       0.50 r
  U202267/ZN (OAI21_X1)                                   0.08       0.58 f
  U202268/ZN (AOI21_X1)                                   0.21       0.79 r
  U202276/ZN (OAI21_X1)                                   0.08       0.87 f
  U172480/ZN (AOI21_X1)                                   0.21       1.08 r
  U167478/ZN (OAI21_X1)                                   0.11       1.19 f
  U202309/ZN (AOI21_X2)                                   0.14       1.34 r
  U167477/ZN (OAI21_X1)                                   0.09       1.43 f
  U167476/ZN (AOI21_X1)                                   0.17       1.60 r
  U165237/ZN (OAI21_X1)                                   0.10       1.70 f
  U167475/ZN (AOI21_X1)                                   0.18       1.88 r
  U172598/ZN (OAI21_X1)                                   0.09       1.97 f
  U202495/CO (FA_X1)                                      0.29       2.26 f
  U202498/CO (FA_X1)                                      0.30       2.56 f
  U202501/CO (FA_X1)                                      0.29       2.85 f
  U166826/ZN (XNOR2_X1)                                   0.16       3.01 f
  U171108/ZN (OR2_X1)                                     0.22       3.23 f
  U202323/ZN (INV_X2)                                     0.22       3.45 r
  U202336/ZN (AOI22_X1)                                   0.10       3.54 f
  U202337/ZN (OAI21_X1)                                   0.13       3.67 r
  vortex/g_clusters[0].cluster/g_sockets[0].socket/g_cores[0].core/execute/alu_unit/g_blocks[0].muldiv_unit/serial_div/working_reg[0][35]/D (DFF_X1)
                                                          0.01       3.68 r
  data arrival time                                                  3.68

  clock CLK (rise edge)                                   4.00       4.00
  clock network delay (ideal)                             0.00       4.00
  clock uncertainty                                      -0.25       3.75
  vortex/g_clusters[0].cluster/g_sockets[0].socket/g_cores[0].core/execute/alu_unit/g_blocks[0].muldiv_unit/serial_div/working_reg[0][35]/CK (DFF_X1)
                                                          0.00       3.75 r
  library setup time                                     -0.07       3.68
  data required time                                                 3.68
  --------------------------------------------------------------------------
  data required time                                                 3.68
  data arrival time                                                 -3.68
  --------------------------------------------------------------------------
  slack (MET)                                                        0.00


  Startpoint: vortex/g_clusters[0].cluster/g_sockets[0].socket/g_cores[0].core/execute/alu_unit/g_blocks[0].muldiv_unit/serial_div/denom_r_reg[0][11]
              (rising edge-triggered flip-flop clocked by CLK)
  Endpoint: vortex/g_clusters[0].cluster/g_sockets[0].socket/g_cores[0].core/execute/alu_unit/g_blocks[0].muldiv_unit/serial_div/working_reg[0][46]
            (rising edge-triggered flip-flop clocked by CLK)
  Path Group: CLK
  Path Type: max

  Des/Clust/Port     Wire Load Model       Library
  ------------------------------------------------
  Vortex_axi         5K_hvratio_1_1        NangateOpenCellLibrary_ss0p95v125c

  Point                                                   Incr       Path
  --------------------------------------------------------------------------
  clock CLK (rise edge)                                   0.00       0.00
  clock network delay (ideal)                             0.00       0.00
  vortex/g_clusters[0].cluster/g_sockets[0].socket/g_cores[0].core/execute/alu_unit/g_blocks[0].muldiv_unit/serial_div/denom_r_reg[0][11]/CK (DFF_X1)
                                                          0.00 #     0.00 r
  vortex/g_clusters[0].cluster/g_sockets[0].socket/g_cores[0].core/execute/alu_unit/g_blocks[0].muldiv_unit/serial_div/denom_r_reg[0][11]/QN (DFF_X1)
                                                          0.29       0.29 f
  U202251/ZN (NOR2_X1)                                    0.21       0.50 r
  U202267/ZN (OAI21_X1)                                   0.08       0.58 f
  U202268/ZN (AOI21_X1)                                   0.21       0.79 r
  U202276/ZN (OAI21_X1)                                   0.08       0.87 f
  U172480/ZN (AOI21_X1)                                   0.21       1.08 r
  U167478/ZN (OAI21_X1)                                   0.11       1.19 f
  U202309/ZN (AOI21_X2)                                   0.14       1.34 r
  U167477/ZN (OAI21_X1)                                   0.09       1.43 f
  U167476/ZN (AOI21_X1)                                   0.17       1.60 r
  U165237/ZN (OAI21_X1)                                   0.10       1.70 f
  U167475/ZN (AOI21_X1)                                   0.18       1.88 r
  U172598/ZN (OAI21_X1)                                   0.09       1.97 f
  U202495/CO (FA_X1)                                      0.29       2.26 f
  U202498/CO (FA_X1)                                      0.30       2.56 f
  U202501/CO (FA_X1)                                      0.29       2.85 f
  U166826/ZN (XNOR2_X1)                                   0.16       3.01 f
  U171108/ZN (OR2_X1)                                     0.22       3.23 f
  U202396/ZN (INV_X2)                                     0.22       3.45 r
  U202409/ZN (AOI22_X1)                                   0.10       3.54 f
  U202410/ZN (OAI21_X1)                                   0.13       3.67 r
  vortex/g_clusters[0].cluster/g_sockets[0].socket/g_cores[0].core/execute/alu_unit/g_blocks[0].muldiv_unit/serial_div/working_reg[0][46]/D (DFF_X1)
                                                          0.01       3.68 r
  data arrival time                                                  3.68

  clock CLK (rise edge)                                   4.00       4.00
  clock network delay (ideal)                             0.00       4.00
  clock uncertainty                                      -0.25       3.75
  vortex/g_clusters[0].cluster/g_sockets[0].socket/g_cores[0].core/execute/alu_unit/g_blocks[0].muldiv_unit/serial_div/working_reg[0][46]/CK (DFF_X1)
                                                          0.00       3.75 r
  library setup time                                     -0.07       3.68
  data required time                                                 3.68
  --------------------------------------------------------------------------
  data required time                                                 3.68
  data arrival time                                                 -3.68
  --------------------------------------------------------------------------
  slack (MET)                                                        0.00


  Startpoint: vortex/g_clusters[0].cluster/g_sockets[0].socket/g_cores[0].core/execute/alu_unit/g_blocks[0].muldiv_unit/serial_div/denom_r_reg[0][11]
              (rising edge-triggered flip-flop clocked by CLK)
  Endpoint: vortex/g_clusters[0].cluster/g_sockets[0].socket/g_cores[0].core/execute/alu_unit/g_blocks[0].muldiv_unit/serial_div/working_reg[0][48]
            (rising edge-triggered flip-flop clocked by CLK)
  Path Group: CLK
  Path Type: max

  Des/Clust/Port     Wire Load Model       Library
  ------------------------------------------------
  Vortex_axi         5K_hvratio_1_1        NangateOpenCellLibrary_ss0p95v125c

  Point                                                   Incr       Path
  --------------------------------------------------------------------------
  clock CLK (rise edge)                                   0.00       0.00
  clock network delay (ideal)                             0.00       0.00
  vortex/g_clusters[0].cluster/g_sockets[0].socket/g_cores[0].core/execute/alu_unit/g_blocks[0].muldiv_unit/serial_div/denom_r_reg[0][11]/CK (DFF_X1)
                                                          0.00 #     0.00 r
  vortex/g_clusters[0].cluster/g_sockets[0].socket/g_cores[0].core/execute/alu_unit/g_blocks[0].muldiv_unit/serial_div/denom_r_reg[0][11]/QN (DFF_X1)
                                                          0.29       0.29 f
  U202251/ZN (NOR2_X1)                                    0.21       0.50 r
  U202267/ZN (OAI21_X1)                                   0.08       0.58 f
  U202268/ZN (AOI21_X1)                                   0.21       0.79 r
  U202276/ZN (OAI21_X1)                                   0.08       0.87 f
  U172480/ZN (AOI21_X1)                                   0.21       1.08 r
  U167478/ZN (OAI21_X1)                                   0.11       1.19 f
  U202309/ZN (AOI21_X2)                                   0.14       1.34 r
  U167477/ZN (OAI21_X1)                                   0.09       1.43 f
  U167476/ZN (AOI21_X1)                                   0.17       1.60 r
  U165237/ZN (OAI21_X1)                                   0.10       1.70 f
  U167475/ZN (AOI21_X1)                                   0.18       1.88 r
  U172598/ZN (OAI21_X1)                                   0.09       1.97 f
  U202495/CO (FA_X1)                                      0.29       2.26 f
  U202498/CO (FA_X1)                                      0.30       2.56 f
  U202501/CO (FA_X1)                                      0.29       2.85 f
  U166826/ZN (XNOR2_X1)                                   0.16       3.01 f
  U171108/ZN (OR2_X1)                                     0.22       3.23 f
  U202396/ZN (INV_X2)                                     0.22       3.45 r
  U202424/ZN (AOI22_X1)                                   0.10       3.54 f
  U202425/ZN (OAI21_X1)                                   0.13       3.67 r
  vortex/g_clusters[0].cluster/g_sockets[0].socket/g_cores[0].core/execute/alu_unit/g_blocks[0].muldiv_unit/serial_div/working_reg[0][48]/D (DFF_X1)
                                                          0.01       3.68 r
  data arrival time                                                  3.68

  clock CLK (rise edge)                                   4.00       4.00
  clock network delay (ideal)                             0.00       4.00
  clock uncertainty                                      -0.25       3.75
  vortex/g_clusters[0].cluster/g_sockets[0].socket/g_cores[0].core/execute/alu_unit/g_blocks[0].muldiv_unit/serial_div/working_reg[0][48]/CK (DFF_X1)
                                                          0.00       3.75 r
  library setup time                                     -0.07       3.68
  data required time                                                 3.68
  --------------------------------------------------------------------------
  data required time                                                 3.68
  data arrival time                                                 -3.68
  --------------------------------------------------------------------------
  slack (MET)                                                        0.00


  Startpoint: vortex/g_clusters[0].cluster/g_sockets[0].socket/g_cores[0].core/execute/alu_unit/g_blocks[0].muldiv_unit/serial_div/denom_r_reg[0][11]
              (rising edge-triggered flip-flop clocked by CLK)
  Endpoint: vortex/g_clusters[0].cluster/g_sockets[0].socket/g_cores[0].core/execute/alu_unit/g_blocks[0].muldiv_unit/serial_div/working_reg[0][51]
            (rising edge-triggered flip-flop clocked by CLK)
  Path Group: CLK
  Path Type: max

  Des/Clust/Port     Wire Load Model       Library
  ------------------------------------------------
  Vortex_axi         5K_hvratio_1_1        NangateOpenCellLibrary_ss0p95v125c

  Point                                                   Incr       Path
  --------------------------------------------------------------------------
  clock CLK (rise edge)                                   0.00       0.00
  clock network delay (ideal)                             0.00       0.00
  vortex/g_clusters[0].cluster/g_sockets[0].socket/g_cores[0].core/execute/alu_unit/g_blocks[0].muldiv_unit/serial_div/denom_r_reg[0][11]/CK (DFF_X1)
                                                          0.00 #     0.00 r
  vortex/g_clusters[0].cluster/g_sockets[0].socket/g_cores[0].core/execute/alu_unit/g_blocks[0].muldiv_unit/serial_div/denom_r_reg[0][11]/QN (DFF_X1)
                                                          0.29       0.29 f
  U202251/ZN (NOR2_X1)                                    0.21       0.50 r
  U202267/ZN (OAI21_X1)                                   0.08       0.58 f
  U202268/ZN (AOI21_X1)                                   0.21       0.79 r
  U202276/ZN (OAI21_X1)                                   0.08       0.87 f
  U172480/ZN (AOI21_X1)                                   0.21       1.08 r
  U167478/ZN (OAI21_X1)                                   0.11       1.19 f
  U202309/ZN (AOI21_X2)                                   0.14       1.34 r
  U167477/ZN (OAI21_X1)                                   0.09       1.43 f
  U167476/ZN (AOI21_X1)                                   0.17       1.60 r
  U165237/ZN (OAI21_X1)                                   0.10       1.70 f
  U167475/ZN (AOI21_X1)                                   0.18       1.88 r
  U172598/ZN (OAI21_X1)                                   0.09       1.97 f
  U202495/CO (FA_X1)                                      0.29       2.26 f
  U202498/CO (FA_X1)                                      0.30       2.56 f
  U202501/CO (FA_X1)                                      0.29       2.85 f
  U166826/ZN (XNOR2_X1)                                   0.16       3.01 f
  U171108/ZN (OR2_X1)                                     0.22       3.23 f
  U202396/ZN (INV_X2)                                     0.22       3.45 r
  U202443/ZN (AOI22_X1)                                   0.10       3.54 f
  U202444/ZN (OAI21_X1)                                   0.13       3.67 r
  vortex/g_clusters[0].cluster/g_sockets[0].socket/g_cores[0].core/execute/alu_unit/g_blocks[0].muldiv_unit/serial_div/working_reg[0][51]/D (DFF_X1)
                                                          0.01       3.68 r
  data arrival time                                                  3.68

  clock CLK (rise edge)                                   4.00       4.00
  clock network delay (ideal)                             0.00       4.00
  clock uncertainty                                      -0.25       3.75
  vortex/g_clusters[0].cluster/g_sockets[0].socket/g_cores[0].core/execute/alu_unit/g_blocks[0].muldiv_unit/serial_div/working_reg[0][51]/CK (DFF_X1)
                                                          0.00       3.75 r
  library setup time                                     -0.07       3.68
  data required time                                                 3.68
  --------------------------------------------------------------------------
  data required time                                                 3.68
  data arrival time                                                 -3.68
  --------------------------------------------------------------------------
  slack (MET)                                                        0.00


  Startpoint: vortex/g_clusters[0].cluster/g_sockets[0].socket/g_cores[0].core/execute/alu_unit/g_blocks[0].muldiv_unit/g_multiplier[2].multiplier/g_imul_3stage.a_high_s1_reg[9]
              (rising edge-triggered flip-flop clocked by CLK)
  Endpoint: vortex/g_clusters[0].cluster/g_sockets[0].socket/g_cores[0].core/execute/alu_unit/g_blocks[0].muldiv_unit/g_multiplier[2].multiplier/g_imul_3stage.p10_s2_reg[22]
            (rising edge-triggered flip-flop clocked by CLK)
  Path Group: CLK
  Path Type: max

  Des/Clust/Port     Wire Load Model       Library
  ------------------------------------------------
  Vortex_axi         5K_hvratio_1_1        NangateOpenCellLibrary_ss0p95v125c

  Point                                                   Incr       Path
  --------------------------------------------------------------------------
  clock CLK (rise edge)                                   0.00       0.00
  clock network delay (ideal)                             0.00       0.00
  vortex/g_clusters[0].cluster/g_sockets[0].socket/g_cores[0].core/execute/alu_unit/g_blocks[0].muldiv_unit/g_multiplier[2].multiplier/g_imul_3stage.a_high_s1_reg[9]/CK (DFF_X1)
                                                          0.00 #     0.00 r
  vortex/g_clusters[0].cluster/g_sockets[0].socket/g_cores[0].core/execute/alu_unit/g_blocks[0].muldiv_unit/g_multiplier[2].multiplier/g_imul_3stage.a_high_s1_reg[9]/Q (DFF_X1)
                                                          0.31       0.31 f
  U177892/Z (XOR2_X1)                                     0.23       0.55 f
  U177894/ZN (NAND2_X2)                                   0.42       0.97 r
  U181589/ZN (OAI22_X1)                                   0.16       1.13 f
  U181617/CO (FA_X1)                                      0.32       1.45 f
  U181644/S (FA_X1)                                       0.44       1.89 f
  U181648/CO (FA_X1)                                      0.31       2.19 f
  U181647/S (FA_X1)                                       0.48       2.68 r
  U170149/ZN (NOR2_X1)                                    0.06       2.74 f
  U181670/ZN (NOR2_X2)                                    0.15       2.89 r
  U181723/ZN (NAND2_X1)                                   0.10       2.99 f
  U170894/ZN (OAI21_X4)                                   0.25       3.24 r
  U181941/ZN (NAND2_X1)                                   0.08       3.32 f
  U181943/ZN (NAND2_X1)                                   0.08       3.40 r
  U181966/ZN (XNOR2_X1)                                   0.14       3.54 r
  U181968/ZN (NAND2_X1)                                   0.06       3.60 f
  U181970/ZN (NAND2_X1)                                   0.08       3.68 r
  vortex/g_clusters[0].cluster/g_sockets[0].socket/g_cores[0].core/execute/alu_unit/g_blocks[0].muldiv_unit/g_multiplier[2].multiplier/g_imul_3stage.p10_s2_reg[22]/D (DFF_X1)
                                                          0.01       3.69 r
  data arrival time                                                  3.69

  clock CLK (rise edge)                                   4.00       4.00
  clock network delay (ideal)                             0.00       4.00
  clock uncertainty                                      -0.25       3.75
  vortex/g_clusters[0].cluster/g_sockets[0].socket/g_cores[0].core/execute/alu_unit/g_blocks[0].muldiv_unit/g_multiplier[2].multiplier/g_imul_3stage.p10_s2_reg[22]/CK (DFF_X1)
                                                          0.00       3.75 r
  library setup time                                     -0.06       3.69
  data required time                                                 3.69
  --------------------------------------------------------------------------
  data required time                                                 3.69
  data arrival time                                                 -3.69
  --------------------------------------------------------------------------
  slack (MET)                                                        0.00


  Startpoint: m_axi_arready[0]
              (input port clocked by CLK)
  Endpoint: vortex/g_clusters[0].cluster/g_sockets[0].socket/mem_arb/req_arb/g_input_select.g_arbiter.g_out_buf[0].out_buf/g_eb2.stream_buffer/g_buffer.data_out_r_reg[605]
            (rising edge-triggered flip-flop clocked by CLK)
  Path Group: INREG
  Path Type: max

  Des/Clust/Port     Wire Load Model       Library
  ------------------------------------------------
  Vortex_axi         5K_hvratio_1_1        NangateOpenCellLibrary_ss0p95v125c

  Point                                                   Incr       Path
  --------------------------------------------------------------------------
  clock CLK (rise edge)                                   0.00       0.00
  clock network delay (ideal)                             0.00       0.00
  input external delay                                    1.20       1.20 r
  m_axi_arready[0] (in)                                   0.01       1.21 r
  U172649/ZN (INV_X1)                                     0.03       1.24 f
  U168582/ZN (OAI211_X1)                                  0.38       1.62 r
  U169088/ZN (INV_X1)                                     0.31       1.93 f
  U243253/ZN (NOR2_X4)                                    0.69       2.61 r
  U244237/Z (CLKBUF_X3)                                   0.74       3.35 r
  U243323/ZN (AOI22_X1)                                   0.17       3.53 f
  U243324/ZN (OAI21_X1)                                   0.13       3.66 r
  vortex/g_clusters[0].cluster/g_sockets[0].socket/mem_arb/req_arb/g_input_select.g_arbiter.g_out_buf[0].out_buf/g_eb2.stream_buffer/g_buffer.data_out_r_reg[605]/D (DFF_X1)
                                                          0.01       3.66 r
  data arrival time                                                  3.66

  clock CLK (rise edge)                                   4.00       4.00
  clock network delay (ideal)                             0.00       4.00
  clock uncertainty                                      -0.25       3.75
  vortex/g_clusters[0].cluster/g_sockets[0].socket/mem_arb/req_arb/g_input_select.g_arbiter.g_out_buf[0].out_buf/g_eb2.stream_buffer/g_buffer.data_out_r_reg[605]/CK (DFF_X1)
                                                          0.00       3.75 r
  library setup time                                     -0.07       3.68
  data required time                                                 3.68
  --------------------------------------------------------------------------
  data required time                                                 3.68
  data arrival time                                                 -3.66
  --------------------------------------------------------------------------
  slack (MET)                                                        0.01


  Startpoint: m_axi_arready[0]
              (input port clocked by CLK)
  Endpoint: vortex/g_clusters[0].cluster/g_sockets[0].socket/mem_arb/req_arb/g_input_select.g_arbiter.g_out_buf[0].out_buf/g_eb2.stream_buffer/g_buffer.data_out_r_reg[4]
            (rising edge-triggered flip-flop clocked by CLK)
  Path Group: INREG
  Path Type: max

  Des/Clust/Port     Wire Load Model       Library
  ------------------------------------------------
  Vortex_axi         5K_hvratio_1_1        NangateOpenCellLibrary_ss0p95v125c

  Point                                                   Incr       Path
  --------------------------------------------------------------------------
  clock CLK (rise edge)                                   0.00       0.00
  clock network delay (ideal)                             0.00       0.00
  input external delay                                    1.20       1.20 r
  m_axi_arready[0] (in)                                   0.01       1.21 r
  U172649/ZN (INV_X1)                                     0.03       1.24 f
  U168582/ZN (OAI211_X1)                                  0.38       1.62 r
  U169088/ZN (INV_X1)                                     0.31       1.93 f
  U243253/ZN (NOR2_X4)                                    0.69       2.61 r
  U244237/Z (CLKBUF_X3)                                   0.74       3.35 r
  U244664/ZN (AOI22_X1)                                   0.17       3.53 f
  U244665/ZN (OAI21_X1)                                   0.13       3.66 r
  vortex/g_clusters[0].cluster/g_sockets[0].socket/mem_arb/req_arb/g_input_select.g_arbiter.g_out_buf[0].out_buf/g_eb2.stream_buffer/g_buffer.data_out_r_reg[4]/D (DFF_X1)
                                                          0.01       3.66 r
  data arrival time                                                  3.66

  clock CLK (rise edge)                                   4.00       4.00
  clock network delay (ideal)                             0.00       4.00
  clock uncertainty                                      -0.25       3.75
  vortex/g_clusters[0].cluster/g_sockets[0].socket/mem_arb/req_arb/g_input_select.g_arbiter.g_out_buf[0].out_buf/g_eb2.stream_buffer/g_buffer.data_out_r_reg[4]/CK (DFF_X1)
                                                          0.00       3.75 r
  library setup time                                     -0.07       3.68
  data required time                                                 3.68
  --------------------------------------------------------------------------
  data required time                                                 3.68
  data arrival time                                                 -3.66
  --------------------------------------------------------------------------
  slack (MET)                                                        0.01


  Startpoint: m_axi_arready[0]
              (input port clocked by CLK)
  Endpoint: vortex/g_clusters[0].cluster/g_sockets[0].socket/mem_arb/req_arb/g_input_select.g_arbiter.g_out_buf[0].out_buf/g_eb2.stream_buffer/g_buffer.data_out_r_reg[9]
            (rising edge-triggered flip-flop clocked by CLK)
  Path Group: INREG
  Path Type: max

  Des/Clust/Port     Wire Load Model       Library
  ------------------------------------------------
  Vortex_axi         5K_hvratio_1_1        NangateOpenCellLibrary_ss0p95v125c

  Point                                                   Incr       Path
  --------------------------------------------------------------------------
  clock CLK (rise edge)                                   0.00       0.00
  clock network delay (ideal)                             0.00       0.00
  input external delay                                    1.20       1.20 r
  m_axi_arready[0] (in)                                   0.01       1.21 r
  U172649/ZN (INV_X1)                                     0.03       1.24 f
  U168582/ZN (OAI211_X1)                                  0.38       1.62 r
  U169088/ZN (INV_X1)                                     0.31       1.93 f
  U243253/ZN (NOR2_X4)                                    0.69       2.61 r
  U244237/Z (CLKBUF_X3)                                   0.74       3.35 r
  U244675/ZN (AOI22_X1)                                   0.17       3.53 f
  U244676/ZN (OAI21_X1)                                   0.13       3.66 r
  vortex/g_clusters[0].cluster/g_sockets[0].socket/mem_arb/req_arb/g_input_select.g_arbiter.g_out_buf[0].out_buf/g_eb2.stream_buffer/g_buffer.data_out_r_reg[9]/D (DFF_X1)
                                                          0.01       3.66 r
  data arrival time                                                  3.66

  clock CLK (rise edge)                                   4.00       4.00
  clock network delay (ideal)                             0.00       4.00
  clock uncertainty                                      -0.25       3.75
  vortex/g_clusters[0].cluster/g_sockets[0].socket/mem_arb/req_arb/g_input_select.g_arbiter.g_out_buf[0].out_buf/g_eb2.stream_buffer/g_buffer.data_out_r_reg[9]/CK (DFF_X1)
                                                          0.00       3.75 r
  library setup time                                     -0.07       3.68
  data required time                                                 3.68
  --------------------------------------------------------------------------
  data required time                                                 3.68
  data arrival time                                                 -3.66
  --------------------------------------------------------------------------
  slack (MET)                                                        0.01


  Startpoint: m_axi_arready[0]
              (input port clocked by CLK)
  Endpoint: vortex/g_clusters[0].cluster/g_sockets[0].socket/mem_arb/req_arb/g_input_select.g_arbiter.g_out_buf[0].out_buf/g_eb2.stream_buffer/g_buffer.data_out_r_reg[19]
            (rising edge-triggered flip-flop clocked by CLK)
  Path Group: INREG
  Path Type: max

  Des/Clust/Port     Wire Load Model       Library
  ------------------------------------------------
  Vortex_axi         5K_hvratio_1_1        NangateOpenCellLibrary_ss0p95v125c

  Point                                                   Incr       Path
  --------------------------------------------------------------------------
  clock CLK (rise edge)                                   0.00       0.00
  clock network delay (ideal)                             0.00       0.00
  input external delay                                    1.20       1.20 r
  m_axi_arready[0] (in)                                   0.01       1.21 r
  U172649/ZN (INV_X1)                                     0.03       1.24 f
  U168582/ZN (OAI211_X1)                                  0.38       1.62 r
  U169088/ZN (INV_X1)                                     0.31       1.93 f
  U243253/ZN (NOR2_X4)                                    0.69       2.61 r
  U244237/Z (CLKBUF_X3)                                   0.74       3.35 r
  U244705/ZN (AOI22_X1)                                   0.17       3.53 f
  U244706/ZN (OAI21_X1)                                   0.13       3.66 r
  vortex/g_clusters[0].cluster/g_sockets[0].socket/mem_arb/req_arb/g_input_select.g_arbiter.g_out_buf[0].out_buf/g_eb2.stream_buffer/g_buffer.data_out_r_reg[19]/D (DFF_X1)
                                                          0.01       3.66 r
  data arrival time                                                  3.66

  clock CLK (rise edge)                                   4.00       4.00
  clock network delay (ideal)                             0.00       4.00
  clock uncertainty                                      -0.25       3.75
  vortex/g_clusters[0].cluster/g_sockets[0].socket/mem_arb/req_arb/g_input_select.g_arbiter.g_out_buf[0].out_buf/g_eb2.stream_buffer/g_buffer.data_out_r_reg[19]/CK (DFF_X1)
                                                          0.00       3.75 r
  library setup time                                     -0.07       3.68
  data required time                                                 3.68
  --------------------------------------------------------------------------
  data required time                                                 3.68
  data arrival time                                                 -3.66
  --------------------------------------------------------------------------
  slack (MET)                                                        0.01


  Startpoint: m_axi_arready[0]
              (input port clocked by CLK)
  Endpoint: vortex/g_clusters[0].cluster/g_sockets[0].socket/mem_arb/req_arb/g_input_select.g_arbiter.g_out_buf[0].out_buf/g_eb2.stream_buffer/g_buffer.data_out_r_reg[25]
            (rising edge-triggered flip-flop clocked by CLK)
  Path Group: INREG
  Path Type: max

  Des/Clust/Port     Wire Load Model       Library
  ------------------------------------------------
  Vortex_axi         5K_hvratio_1_1        NangateOpenCellLibrary_ss0p95v125c

  Point                                                   Incr       Path
  --------------------------------------------------------------------------
  clock CLK (rise edge)                                   0.00       0.00
  clock network delay (ideal)                             0.00       0.00
  input external delay                                    1.20       1.20 r
  m_axi_arready[0] (in)                                   0.01       1.21 r
  U172649/ZN (INV_X1)                                     0.03       1.24 f
  U168582/ZN (OAI211_X1)                                  0.38       1.62 r
  U169088/ZN (INV_X1)                                     0.31       1.93 f
  U243253/ZN (NOR2_X4)                                    0.69       2.61 r
  U244237/Z (CLKBUF_X3)                                   0.74       3.35 r
  U244723/ZN (AOI22_X1)                                   0.17       3.53 f
  U244724/ZN (OAI21_X1)                                   0.13       3.66 r
  vortex/g_clusters[0].cluster/g_sockets[0].socket/mem_arb/req_arb/g_input_select.g_arbiter.g_out_buf[0].out_buf/g_eb2.stream_buffer/g_buffer.data_out_r_reg[25]/D (DFF_X1)
                                                          0.01       3.66 r
  data arrival time                                                  3.66

  clock CLK (rise edge)                                   4.00       4.00
  clock network delay (ideal)                             0.00       4.00
  clock uncertainty                                      -0.25       3.75
  vortex/g_clusters[0].cluster/g_sockets[0].socket/mem_arb/req_arb/g_input_select.g_arbiter.g_out_buf[0].out_buf/g_eb2.stream_buffer/g_buffer.data_out_r_reg[25]/CK (DFF_X1)
                                                          0.00       3.75 r
  library setup time                                     -0.07       3.68
  data required time                                                 3.68
  --------------------------------------------------------------------------
  data required time                                                 3.68
  data arrival time                                                 -3.66
  --------------------------------------------------------------------------
  slack (MET)                                                        0.01


  Startpoint: m_axi_arready[0]
              (input port clocked by CLK)
  Endpoint: vortex/g_clusters[0].cluster/g_sockets[0].socket/mem_arb/req_arb/g_input_select.g_arbiter.g_out_buf[0].out_buf/g_eb2.stream_buffer/g_buffer.data_out_r_reg[41]
            (rising edge-triggered flip-flop clocked by CLK)
  Path Group: INREG
  Path Type: max

  Des/Clust/Port     Wire Load Model       Library
  ------------------------------------------------
  Vortex_axi         5K_hvratio_1_1        NangateOpenCellLibrary_ss0p95v125c

  Point                                                   Incr       Path
  --------------------------------------------------------------------------
  clock CLK (rise edge)                                   0.00       0.00
  clock network delay (ideal)                             0.00       0.00
  input external delay                                    1.20       1.20 r
  m_axi_arready[0] (in)                                   0.01       1.21 r
  U172649/ZN (INV_X1)                                     0.03       1.24 f
  U168582/ZN (OAI211_X1)                                  0.38       1.62 r
  U169088/ZN (INV_X1)                                     0.31       1.93 f
  U243253/ZN (NOR2_X4)                                    0.69       2.61 r
  U244771/Z (CLKBUF_X1)                                   0.72       3.33 r
  U244772/ZN (AOI22_X1)                                   0.16       3.50 f
  U244773/ZN (OAI21_X1)                                   0.13       3.63 r
  vortex/g_clusters[0].cluster/g_sockets[0].socket/mem_arb/req_arb/g_input_select.g_arbiter.g_out_buf[0].out_buf/g_eb2.stream_buffer/g_buffer.data_out_r_reg[41]/D (DFF_X1)
                                                          0.01       3.64 r
  data arrival time                                                  3.64

  clock CLK (rise edge)                                   4.00       4.00
  clock network delay (ideal)                             0.00       4.00
  clock uncertainty                                      -0.25       3.75
  vortex/g_clusters[0].cluster/g_sockets[0].socket/mem_arb/req_arb/g_input_select.g_arbiter.g_out_buf[0].out_buf/g_eb2.stream_buffer/g_buffer.data_out_r_reg[41]/CK (DFF_X1)
                                                          0.00       3.75 r
  library setup time                                     -0.07       3.68
  data required time                                                 3.68
  --------------------------------------------------------------------------
  data required time                                                 3.68
  data arrival time                                                 -3.64
  --------------------------------------------------------------------------
  slack (MET)                                                        0.04


  Startpoint: m_axi_arready[0]
              (input port clocked by CLK)
  Endpoint: vortex/g_clusters[0].cluster/g_sockets[0].socket/mem_arb/req_arb/g_input_select.g_arbiter.g_out_buf[0].out_buf/g_eb2.stream_buffer/g_buffer.data_out_r_reg[42]
            (rising edge-triggered flip-flop clocked by CLK)
  Path Group: INREG
  Path Type: max

  Des/Clust/Port     Wire Load Model       Library
  ------------------------------------------------
  Vortex_axi         5K_hvratio_1_1        NangateOpenCellLibrary_ss0p95v125c

  Point                                                   Incr       Path
  --------------------------------------------------------------------------
  clock CLK (rise edge)                                   0.00       0.00
  clock network delay (ideal)                             0.00       0.00
  input external delay                                    1.20       1.20 r
  m_axi_arready[0] (in)                                   0.01       1.21 r
  U172649/ZN (INV_X1)                                     0.03       1.24 f
  U168582/ZN (OAI211_X1)                                  0.38       1.62 r
  U169088/ZN (INV_X1)                                     0.31       1.93 f
  U243253/ZN (NOR2_X4)                                    0.69       2.61 r
  U244771/Z (CLKBUF_X1)                                   0.72       3.33 r
  U244775/ZN (AOI22_X1)                                   0.16       3.50 f
  U244776/ZN (OAI21_X1)                                   0.13       3.63 r
  vortex/g_clusters[0].cluster/g_sockets[0].socket/mem_arb/req_arb/g_input_select.g_arbiter.g_out_buf[0].out_buf/g_eb2.stream_buffer/g_buffer.data_out_r_reg[42]/D (DFF_X1)
                                                          0.01       3.64 r
  data arrival time                                                  3.64

  clock CLK (rise edge)                                   4.00       4.00
  clock network delay (ideal)                             0.00       4.00
  clock uncertainty                                      -0.25       3.75
  vortex/g_clusters[0].cluster/g_sockets[0].socket/mem_arb/req_arb/g_input_select.g_arbiter.g_out_buf[0].out_buf/g_eb2.stream_buffer/g_buffer.data_out_r_reg[42]/CK (DFF_X1)
                                                          0.00       3.75 r
  library setup time                                     -0.07       3.68
  data required time                                                 3.68
  --------------------------------------------------------------------------
  data required time                                                 3.68
  data arrival time                                                 -3.64
  --------------------------------------------------------------------------
  slack (MET)                                                        0.04


  Startpoint: m_axi_arready[0]
              (input port clocked by CLK)
  Endpoint: vortex/g_clusters[0].cluster/g_sockets[0].socket/mem_arb/req_arb/g_input_select.g_arbiter.g_out_buf[0].out_buf/g_eb2.stream_buffer/g_buffer.data_out_r_reg[43]
            (rising edge-triggered flip-flop clocked by CLK)
  Path Group: INREG
  Path Type: max

  Des/Clust/Port     Wire Load Model       Library
  ------------------------------------------------
  Vortex_axi         5K_hvratio_1_1        NangateOpenCellLibrary_ss0p95v125c

  Point                                                   Incr       Path
  --------------------------------------------------------------------------
  clock CLK (rise edge)                                   0.00       0.00
  clock network delay (ideal)                             0.00       0.00
  input external delay                                    1.20       1.20 r
  m_axi_arready[0] (in)                                   0.01       1.21 r
  U172649/ZN (INV_X1)                                     0.03       1.24 f
  U168582/ZN (OAI211_X1)                                  0.38       1.62 r
  U169088/ZN (INV_X1)                                     0.31       1.93 f
  U243253/ZN (NOR2_X4)                                    0.69       2.61 r
  U244771/Z (CLKBUF_X1)                                   0.72       3.33 r
  U244778/ZN (AOI22_X1)                                   0.16       3.50 f
  U244779/ZN (OAI21_X1)                                   0.13       3.63 r
  vortex/g_clusters[0].cluster/g_sockets[0].socket/mem_arb/req_arb/g_input_select.g_arbiter.g_out_buf[0].out_buf/g_eb2.stream_buffer/g_buffer.data_out_r_reg[43]/D (DFF_X1)
                                                          0.01       3.64 r
  data arrival time                                                  3.64

  clock CLK (rise edge)                                   4.00       4.00
  clock network delay (ideal)                             0.00       4.00
  clock uncertainty                                      -0.25       3.75
  vortex/g_clusters[0].cluster/g_sockets[0].socket/mem_arb/req_arb/g_input_select.g_arbiter.g_out_buf[0].out_buf/g_eb2.stream_buffer/g_buffer.data_out_r_reg[43]/CK (DFF_X1)
                                                          0.00       3.75 r
  library setup time                                     -0.07       3.68
  data required time                                                 3.68
  --------------------------------------------------------------------------
  data required time                                                 3.68
  data arrival time                                                 -3.64
  --------------------------------------------------------------------------
  slack (MET)                                                        0.04


  Startpoint: m_axi_arready[0]
              (input port clocked by CLK)
  Endpoint: vortex/g_clusters[0].cluster/g_sockets[0].socket/mem_arb/req_arb/g_input_select.g_arbiter.g_out_buf[0].out_buf/g_eb2.stream_buffer/g_buffer.data_out_r_reg[44]
            (rising edge-triggered flip-flop clocked by CLK)
  Path Group: INREG
  Path Type: max

  Des/Clust/Port     Wire Load Model       Library
  ------------------------------------------------
  Vortex_axi         5K_hvratio_1_1        NangateOpenCellLibrary_ss0p95v125c

  Point                                                   Incr       Path
  --------------------------------------------------------------------------
  clock CLK (rise edge)                                   0.00       0.00
  clock network delay (ideal)                             0.00       0.00
  input external delay                                    1.20       1.20 r
  m_axi_arready[0] (in)                                   0.01       1.21 r
  U172649/ZN (INV_X1)                                     0.03       1.24 f
  U168582/ZN (OAI211_X1)                                  0.38       1.62 r
  U169088/ZN (INV_X1)                                     0.31       1.93 f
  U243253/ZN (NOR2_X4)                                    0.69       2.61 r
  U244771/Z (CLKBUF_X1)                                   0.72       3.33 r
  U244781/ZN (AOI22_X1)                                   0.16       3.50 f
  U244782/ZN (OAI21_X1)                                   0.13       3.63 r
  vortex/g_clusters[0].cluster/g_sockets[0].socket/mem_arb/req_arb/g_input_select.g_arbiter.g_out_buf[0].out_buf/g_eb2.stream_buffer/g_buffer.data_out_r_reg[44]/D (DFF_X1)
                                                          0.01       3.64 r
  data arrival time                                                  3.64

  clock CLK (rise edge)                                   4.00       4.00
  clock network delay (ideal)                             0.00       4.00
  clock uncertainty                                      -0.25       3.75
  vortex/g_clusters[0].cluster/g_sockets[0].socket/mem_arb/req_arb/g_input_select.g_arbiter.g_out_buf[0].out_buf/g_eb2.stream_buffer/g_buffer.data_out_r_reg[44]/CK (DFF_X1)
                                                          0.00       3.75 r
  library setup time                                     -0.07       3.68
  data required time                                                 3.68
  --------------------------------------------------------------------------
  data required time                                                 3.68
  data arrival time                                                 -3.64
  --------------------------------------------------------------------------
  slack (MET)                                                        0.04


  Startpoint: m_axi_arready[0]
              (input port clocked by CLK)
  Endpoint: vortex/g_clusters[0].cluster/g_sockets[0].socket/mem_arb/req_arb/g_input_select.g_arbiter.g_out_buf[0].out_buf/g_eb2.stream_buffer/g_buffer.data_out_r_reg[47]
            (rising edge-triggered flip-flop clocked by CLK)
  Path Group: INREG
  Path Type: max

  Des/Clust/Port     Wire Load Model       Library
  ------------------------------------------------
  Vortex_axi         5K_hvratio_1_1        NangateOpenCellLibrary_ss0p95v125c

  Point                                                   Incr       Path
  --------------------------------------------------------------------------
  clock CLK (rise edge)                                   0.00       0.00
  clock network delay (ideal)                             0.00       0.00
  input external delay                                    1.20       1.20 r
  m_axi_arready[0] (in)                                   0.01       1.21 r
  U172649/ZN (INV_X1)                                     0.03       1.24 f
  U168582/ZN (OAI211_X1)                                  0.38       1.62 r
  U169088/ZN (INV_X1)                                     0.31       1.93 f
  U243253/ZN (NOR2_X4)                                    0.69       2.61 r
  U244771/Z (CLKBUF_X1)                                   0.72       3.33 r
  U244790/ZN (AOI22_X1)                                   0.16       3.50 f
  U244791/ZN (OAI21_X1)                                   0.13       3.63 r
  vortex/g_clusters[0].cluster/g_sockets[0].socket/mem_arb/req_arb/g_input_select.g_arbiter.g_out_buf[0].out_buf/g_eb2.stream_buffer/g_buffer.data_out_r_reg[47]/D (DFF_X1)
                                                          0.01       3.64 r
  data arrival time                                                  3.64

  clock CLK (rise edge)                                   4.00       4.00
  clock network delay (ideal)                             0.00       4.00
  clock uncertainty                                      -0.25       3.75
  vortex/g_clusters[0].cluster/g_sockets[0].socket/mem_arb/req_arb/g_input_select.g_arbiter.g_out_buf[0].out_buf/g_eb2.stream_buffer/g_buffer.data_out_r_reg[47]/CK (DFF_X1)
                                                          0.00       3.75 r
  library setup time                                     -0.07       3.68
  data required time                                                 3.68
  --------------------------------------------------------------------------
  data required time                                                 3.68
  data arrival time                                                 -3.64
  --------------------------------------------------------------------------
  slack (MET)                                                        0.04


  Startpoint: m_axi_arready[0]
              (input port clocked by CLK)
  Endpoint: vortex/g_clusters[0].cluster/g_sockets[0].socket/mem_arb/req_arb/g_input_select.g_arbiter.g_out_buf[0].out_buf/g_eb2.stream_buffer/g_buffer.data_out_r_reg[48]
            (rising edge-triggered flip-flop clocked by CLK)
  Path Group: INREG
  Path Type: max

  Des/Clust/Port     Wire Load Model       Library
  ------------------------------------------------
  Vortex_axi         5K_hvratio_1_1        NangateOpenCellLibrary_ss0p95v125c

  Point                                                   Incr       Path
  --------------------------------------------------------------------------
  clock CLK (rise edge)                                   0.00       0.00
  clock network delay (ideal)                             0.00       0.00
  input external delay                                    1.20       1.20 r
  m_axi_arready[0] (in)                                   0.01       1.21 r
  U172649/ZN (INV_X1)                                     0.03       1.24 f
  U168582/ZN (OAI211_X1)                                  0.38       1.62 r
  U169088/ZN (INV_X1)                                     0.31       1.93 f
  U243253/ZN (NOR2_X4)                                    0.69       2.61 r
  U244771/Z (CLKBUF_X1)                                   0.72       3.33 r
  U244793/ZN (AOI22_X1)                                   0.16       3.50 f
  U244794/ZN (OAI21_X1)                                   0.13       3.63 r
  vortex/g_clusters[0].cluster/g_sockets[0].socket/mem_arb/req_arb/g_input_select.g_arbiter.g_out_buf[0].out_buf/g_eb2.stream_buffer/g_buffer.data_out_r_reg[48]/D (DFF_X1)
                                                          0.01       3.64 r
  data arrival time                                                  3.64

  clock CLK (rise edge)                                   4.00       4.00
  clock network delay (ideal)                             0.00       4.00
  clock uncertainty                                      -0.25       3.75
  vortex/g_clusters[0].cluster/g_sockets[0].socket/mem_arb/req_arb/g_input_select.g_arbiter.g_out_buf[0].out_buf/g_eb2.stream_buffer/g_buffer.data_out_r_reg[48]/CK (DFF_X1)
                                                          0.00       3.75 r
  library setup time                                     -0.07       3.68
  data required time                                                 3.68
  --------------------------------------------------------------------------
  data required time                                                 3.68
  data arrival time                                                 -3.64
  --------------------------------------------------------------------------
  slack (MET)                                                        0.04


  Startpoint: m_axi_arready[0]
              (input port clocked by CLK)
  Endpoint: vortex/g_clusters[0].cluster/g_sockets[0].socket/mem_arb/req_arb/g_input_select.g_arbiter.g_out_buf[0].out_buf/g_eb2.stream_buffer/g_buffer.data_out_r_reg[49]
            (rising edge-triggered flip-flop clocked by CLK)
  Path Group: INREG
  Path Type: max

  Des/Clust/Port     Wire Load Model       Library
  ------------------------------------------------
  Vortex_axi         5K_hvratio_1_1        NangateOpenCellLibrary_ss0p95v125c

  Point                                                   Incr       Path
  --------------------------------------------------------------------------
  clock CLK (rise edge)                                   0.00       0.00
  clock network delay (ideal)                             0.00       0.00
  input external delay                                    1.20       1.20 r
  m_axi_arready[0] (in)                                   0.01       1.21 r
  U172649/ZN (INV_X1)                                     0.03       1.24 f
  U168582/ZN (OAI211_X1)                                  0.38       1.62 r
  U169088/ZN (INV_X1)                                     0.31       1.93 f
  U243253/ZN (NOR2_X4)                                    0.69       2.61 r
  U244771/Z (CLKBUF_X1)                                   0.72       3.33 r
  U244796/ZN (AOI22_X1)                                   0.16       3.50 f
  U244797/ZN (OAI21_X1)                                   0.13       3.63 r
  vortex/g_clusters[0].cluster/g_sockets[0].socket/mem_arb/req_arb/g_input_select.g_arbiter.g_out_buf[0].out_buf/g_eb2.stream_buffer/g_buffer.data_out_r_reg[49]/D (DFF_X1)
                                                          0.01       3.64 r
  data arrival time                                                  3.64

  clock CLK (rise edge)                                   4.00       4.00
  clock network delay (ideal)                             0.00       4.00
  clock uncertainty                                      -0.25       3.75
  vortex/g_clusters[0].cluster/g_sockets[0].socket/mem_arb/req_arb/g_input_select.g_arbiter.g_out_buf[0].out_buf/g_eb2.stream_buffer/g_buffer.data_out_r_reg[49]/CK (DFF_X1)
                                                          0.00       3.75 r
  library setup time                                     -0.07       3.68
  data required time                                                 3.68
  --------------------------------------------------------------------------
  data required time                                                 3.68
  data arrival time                                                 -3.64
  --------------------------------------------------------------------------
  slack (MET)                                                        0.04


  Startpoint: m_axi_arready[0]
              (input port clocked by CLK)
  Endpoint: vortex/g_clusters[0].cluster/g_sockets[0].socket/mem_arb/req_arb/g_input_select.g_arbiter.g_out_buf[0].out_buf/g_eb2.stream_buffer/g_buffer.data_out_r_reg[50]
            (rising edge-triggered flip-flop clocked by CLK)
  Path Group: INREG
  Path Type: max

  Des/Clust/Port     Wire Load Model       Library
  ------------------------------------------------
  Vortex_axi         5K_hvratio_1_1        NangateOpenCellLibrary_ss0p95v125c

  Point                                                   Incr       Path
  --------------------------------------------------------------------------
  clock CLK (rise edge)                                   0.00       0.00
  clock network delay (ideal)                             0.00       0.00
  input external delay                                    1.20       1.20 r
  m_axi_arready[0] (in)                                   0.01       1.21 r
  U172649/ZN (INV_X1)                                     0.03       1.24 f
  U168582/ZN (OAI211_X1)                                  0.38       1.62 r
  U169088/ZN (INV_X1)                                     0.31       1.93 f
  U243253/ZN (NOR2_X4)                                    0.69       2.61 r
  U244771/Z (CLKBUF_X1)                                   0.72       3.33 r
  U244799/ZN (AOI22_X1)                                   0.16       3.50 f
  U244800/ZN (OAI21_X1)                                   0.13       3.63 r
  vortex/g_clusters[0].cluster/g_sockets[0].socket/mem_arb/req_arb/g_input_select.g_arbiter.g_out_buf[0].out_buf/g_eb2.stream_buffer/g_buffer.data_out_r_reg[50]/D (DFF_X1)
                                                          0.01       3.64 r
  data arrival time                                                  3.64

  clock CLK (rise edge)                                   4.00       4.00
  clock network delay (ideal)                             0.00       4.00
  clock uncertainty                                      -0.25       3.75
  vortex/g_clusters[0].cluster/g_sockets[0].socket/mem_arb/req_arb/g_input_select.g_arbiter.g_out_buf[0].out_buf/g_eb2.stream_buffer/g_buffer.data_out_r_reg[50]/CK (DFF_X1)
                                                          0.00       3.75 r
  library setup time                                     -0.07       3.68
  data required time                                                 3.68
  --------------------------------------------------------------------------
  data required time                                                 3.68
  data arrival time                                                 -3.64
  --------------------------------------------------------------------------
  slack (MET)                                                        0.04


  Startpoint: m_axi_arready[0]
              (input port clocked by CLK)
  Endpoint: vortex/g_clusters[0].cluster/g_sockets[0].socket/mem_arb/req_arb/g_input_select.g_arbiter.g_out_buf[0].out_buf/g_eb2.stream_buffer/g_buffer.data_out_r_reg[51]
            (rising edge-triggered flip-flop clocked by CLK)
  Path Group: INREG
  Path Type: max

  Des/Clust/Port     Wire Load Model       Library
  ------------------------------------------------
  Vortex_axi         5K_hvratio_1_1        NangateOpenCellLibrary_ss0p95v125c

  Point                                                   Incr       Path
  --------------------------------------------------------------------------
  clock CLK (rise edge)                                   0.00       0.00
  clock network delay (ideal)                             0.00       0.00
  input external delay                                    1.20       1.20 r
  m_axi_arready[0] (in)                                   0.01       1.21 r
  U172649/ZN (INV_X1)                                     0.03       1.24 f
  U168582/ZN (OAI211_X1)                                  0.38       1.62 r
  U169088/ZN (INV_X1)                                     0.31       1.93 f
  U243253/ZN (NOR2_X4)                                    0.69       2.61 r
  U244771/Z (CLKBUF_X1)                                   0.72       3.33 r
  U244802/ZN (AOI22_X1)                                   0.16       3.50 f
  U244803/ZN (OAI21_X1)                                   0.13       3.63 r
  vortex/g_clusters[0].cluster/g_sockets[0].socket/mem_arb/req_arb/g_input_select.g_arbiter.g_out_buf[0].out_buf/g_eb2.stream_buffer/g_buffer.data_out_r_reg[51]/D (DFF_X1)
                                                          0.01       3.64 r
  data arrival time                                                  3.64

  clock CLK (rise edge)                                   4.00       4.00
  clock network delay (ideal)                             0.00       4.00
  clock uncertainty                                      -0.25       3.75
  vortex/g_clusters[0].cluster/g_sockets[0].socket/mem_arb/req_arb/g_input_select.g_arbiter.g_out_buf[0].out_buf/g_eb2.stream_buffer/g_buffer.data_out_r_reg[51]/CK (DFF_X1)
                                                          0.00       3.75 r
  library setup time                                     -0.07       3.68
  data required time                                                 3.68
  --------------------------------------------------------------------------
  data required time                                                 3.68
  data arrival time                                                 -3.64
  --------------------------------------------------------------------------
  slack (MET)                                                        0.04


  Startpoint: m_axi_arready[0]
              (input port clocked by CLK)
  Endpoint: vortex/g_clusters[0].cluster/g_sockets[0].socket/mem_arb/req_arb/g_input_select.g_arbiter.g_out_buf[0].out_buf/g_eb2.stream_buffer/g_buffer.data_out_r_reg[595]
            (rising edge-triggered flip-flop clocked by CLK)
  Path Group: INREG
  Path Type: max

  Des/Clust/Port     Wire Load Model       Library
  ------------------------------------------------
  Vortex_axi         5K_hvratio_1_1        NangateOpenCellLibrary_ss0p95v125c

  Point                                                   Incr       Path
  --------------------------------------------------------------------------
  clock CLK (rise edge)                                   0.00       0.00
  clock network delay (ideal)                             0.00       0.00
  input external delay                                    1.20       1.20 r
  m_axi_arready[0] (in)                                   0.01       1.21 r
  U172649/ZN (INV_X1)                                     0.03       1.24 f
  U168582/ZN (OAI211_X1)                                  0.38       1.62 r
  U169088/ZN (INV_X1)                                     0.31       1.93 f
  U243253/ZN (NOR2_X4)                                    0.69       2.61 r
  U244771/Z (CLKBUF_X1)                                   0.72       3.33 r
  U243270/ZN (AOI22_X1)                                   0.16       3.50 f
  U243271/ZN (OAI21_X1)                                   0.13       3.63 r
  vortex/g_clusters[0].cluster/g_sockets[0].socket/mem_arb/req_arb/g_input_select.g_arbiter.g_out_buf[0].out_buf/g_eb2.stream_buffer/g_buffer.data_out_r_reg[595]/D (DFF_X1)
                                                          0.01       3.64 r
  data arrival time                                                  3.64

  clock CLK (rise edge)                                   4.00       4.00
  clock network delay (ideal)                             0.00       4.00
  clock uncertainty                                      -0.25       3.75
  vortex/g_clusters[0].cluster/g_sockets[0].socket/mem_arb/req_arb/g_input_select.g_arbiter.g_out_buf[0].out_buf/g_eb2.stream_buffer/g_buffer.data_out_r_reg[595]/CK (DFF_X1)
                                                          0.00       3.75 r
  library setup time                                     -0.07       3.68
  data required time                                                 3.68
  --------------------------------------------------------------------------
  data required time                                                 3.68
  data arrival time                                                 -3.64
  --------------------------------------------------------------------------
  slack (MET)                                                        0.04


  Startpoint: m_axi_arready[0]
              (input port clocked by CLK)
  Endpoint: vortex/g_clusters[0].cluster/g_sockets[0].socket/mem_arb/req_arb/g_input_select.g_arbiter.g_out_buf[0].out_buf/g_eb2.stream_buffer/g_buffer.data_out_r_reg[608]
            (rising edge-triggered flip-flop clocked by CLK)
  Path Group: INREG
  Path Type: max

  Des/Clust/Port     Wire Load Model       Library
  ------------------------------------------------
  Vortex_axi         5K_hvratio_1_1        NangateOpenCellLibrary_ss0p95v125c

  Point                                                   Incr       Path
  --------------------------------------------------------------------------
  clock CLK (rise edge)                                   0.00       0.00
  clock network delay (ideal)                             0.00       0.00
  input external delay                                    1.20       1.20 r
  m_axi_arready[0] (in)                                   0.01       1.21 r
  U172649/ZN (INV_X1)                                     0.03       1.24 f
  U168582/ZN (OAI211_X1)                                  0.38       1.62 r
  U169088/ZN (INV_X1)                                     0.31       1.93 f
  U243253/ZN (NOR2_X4)                                    0.69       2.61 r
  U244808/Z (CLKBUF_X1)                                   0.72       3.33 r
  U243340/ZN (AOI22_X1)                                   0.16       3.50 f
  U243341/ZN (OAI21_X1)                                   0.13       3.63 r
  vortex/g_clusters[0].cluster/g_sockets[0].socket/mem_arb/req_arb/g_input_select.g_arbiter.g_out_buf[0].out_buf/g_eb2.stream_buffer/g_buffer.data_out_r_reg[608]/D (DFF_X1)
                                                          0.01       3.64 r
  data arrival time                                                  3.64

  clock CLK (rise edge)                                   4.00       4.00
  clock network delay (ideal)                             0.00       4.00
  clock uncertainty                                      -0.25       3.75
  vortex/g_clusters[0].cluster/g_sockets[0].socket/mem_arb/req_arb/g_input_select.g_arbiter.g_out_buf[0].out_buf/g_eb2.stream_buffer/g_buffer.data_out_r_reg[608]/CK (DFF_X1)
                                                          0.00       3.75 r
  library setup time                                     -0.07       3.68
  data required time                                                 3.68
  --------------------------------------------------------------------------
  data required time                                                 3.68
  data arrival time                                                 -3.64
  --------------------------------------------------------------------------
  slack (MET)                                                        0.04


  Startpoint: m_axi_arready[0]
              (input port clocked by CLK)
  Endpoint: vortex/g_clusters[0].cluster/g_sockets[0].socket/mem_arb/req_arb/g_input_select.g_arbiter.g_out_buf[0].out_buf/g_eb2.stream_buffer/g_buffer.data_out_r_reg[52]
            (rising edge-triggered flip-flop clocked by CLK)
  Path Group: INREG
  Path Type: max

  Des/Clust/Port     Wire Load Model       Library
  ------------------------------------------------
  Vortex_axi         5K_hvratio_1_1        NangateOpenCellLibrary_ss0p95v125c

  Point                                                   Incr       Path
  --------------------------------------------------------------------------
  clock CLK (rise edge)                                   0.00       0.00
  clock network delay (ideal)                             0.00       0.00
  input external delay                                    1.20       1.20 r
  m_axi_arready[0] (in)                                   0.01       1.21 r
  U172649/ZN (INV_X1)                                     0.03       1.24 f
  U168582/ZN (OAI211_X1)                                  0.38       1.62 r
  U169088/ZN (INV_X1)                                     0.31       1.93 f
  U243253/ZN (NOR2_X4)                                    0.69       2.61 r
  U244771/Z (CLKBUF_X1)                                   0.72       3.33 r
  U244805/ZN (AOI22_X1)                                   0.16       3.50 f
  U244806/ZN (OAI21_X1)                                   0.13       3.63 r
  vortex/g_clusters[0].cluster/g_sockets[0].socket/mem_arb/req_arb/g_input_select.g_arbiter.g_out_buf[0].out_buf/g_eb2.stream_buffer/g_buffer.data_out_r_reg[52]/D (DFF_X1)
                                                          0.01       3.64 r
  data arrival time                                                  3.64

  clock CLK (rise edge)                                   4.00       4.00
  clock network delay (ideal)                             0.00       4.00
  clock uncertainty                                      -0.25       3.75
  vortex/g_clusters[0].cluster/g_sockets[0].socket/mem_arb/req_arb/g_input_select.g_arbiter.g_out_buf[0].out_buf/g_eb2.stream_buffer/g_buffer.data_out_r_reg[52]/CK (DFF_X1)
                                                          0.00       3.75 r
  library setup time                                     -0.07       3.68
  data required time                                                 3.68
  --------------------------------------------------------------------------
  data required time                                                 3.68
  data arrival time                                                 -3.64
  --------------------------------------------------------------------------
  slack (MET)                                                        0.04


  Startpoint: m_axi_arready[0]
              (input port clocked by CLK)
  Endpoint: vortex/g_clusters[0].cluster/g_sockets[0].socket/mem_arb/req_arb/g_input_select.g_arbiter.g_out_buf[0].out_buf/g_eb2.stream_buffer/g_buffer.data_out_r_reg[53]
            (rising edge-triggered flip-flop clocked by CLK)
  Path Group: INREG
  Path Type: max

  Des/Clust/Port     Wire Load Model       Library
  ------------------------------------------------
  Vortex_axi         5K_hvratio_1_1        NangateOpenCellLibrary_ss0p95v125c

  Point                                                   Incr       Path
  --------------------------------------------------------------------------
  clock CLK (rise edge)                                   0.00       0.00
  clock network delay (ideal)                             0.00       0.00
  input external delay                                    1.20       1.20 r
  m_axi_arready[0] (in)                                   0.01       1.21 r
  U172649/ZN (INV_X1)                                     0.03       1.24 f
  U168582/ZN (OAI211_X1)                                  0.38       1.62 r
  U169088/ZN (INV_X1)                                     0.31       1.93 f
  U243253/ZN (NOR2_X4)                                    0.69       2.61 r
  U244808/Z (CLKBUF_X1)                                   0.72       3.33 r
  U244809/ZN (AOI22_X1)                                   0.16       3.50 f
  U244810/ZN (OAI21_X1)                                   0.13       3.63 r
  vortex/g_clusters[0].cluster/g_sockets[0].socket/mem_arb/req_arb/g_input_select.g_arbiter.g_out_buf[0].out_buf/g_eb2.stream_buffer/g_buffer.data_out_r_reg[53]/D (DFF_X1)
                                                          0.01       3.64 r
  data arrival time                                                  3.64

  clock CLK (rise edge)                                   4.00       4.00
  clock network delay (ideal)                             0.00       4.00
  clock uncertainty                                      -0.25       3.75
  vortex/g_clusters[0].cluster/g_sockets[0].socket/mem_arb/req_arb/g_input_select.g_arbiter.g_out_buf[0].out_buf/g_eb2.stream_buffer/g_buffer.data_out_r_reg[53]/CK (DFF_X1)
                                                          0.00       3.75 r
  library setup time                                     -0.07       3.68
  data required time                                                 3.68
  --------------------------------------------------------------------------
  data required time                                                 3.68
  data arrival time                                                 -3.64
  --------------------------------------------------------------------------
  slack (MET)                                                        0.04


  Startpoint: m_axi_arready[0]
              (input port clocked by CLK)
  Endpoint: vortex/g_clusters[0].cluster/g_sockets[0].socket/mem_arb/req_arb/g_input_select.g_arbiter.g_out_buf[0].out_buf/g_eb2.stream_buffer/g_buffer.data_out_r_reg[54]
            (rising edge-triggered flip-flop clocked by CLK)
  Path Group: INREG
  Path Type: max

  Des/Clust/Port     Wire Load Model       Library
  ------------------------------------------------
  Vortex_axi         5K_hvratio_1_1        NangateOpenCellLibrary_ss0p95v125c

  Point                                                   Incr       Path
  --------------------------------------------------------------------------
  clock CLK (rise edge)                                   0.00       0.00
  clock network delay (ideal)                             0.00       0.00
  input external delay                                    1.20       1.20 r
  m_axi_arready[0] (in)                                   0.01       1.21 r
  U172649/ZN (INV_X1)                                     0.03       1.24 f
  U168582/ZN (OAI211_X1)                                  0.38       1.62 r
  U169088/ZN (INV_X1)                                     0.31       1.93 f
  U243253/ZN (NOR2_X4)                                    0.69       2.61 r
  U244808/Z (CLKBUF_X1)                                   0.72       3.33 r
  U244812/ZN (AOI22_X1)                                   0.16       3.50 f
  U244813/ZN (OAI21_X1)                                   0.13       3.63 r
  vortex/g_clusters[0].cluster/g_sockets[0].socket/mem_arb/req_arb/g_input_select.g_arbiter.g_out_buf[0].out_buf/g_eb2.stream_buffer/g_buffer.data_out_r_reg[54]/D (DFF_X1)
                                                          0.01       3.64 r
  data arrival time                                                  3.64

  clock CLK (rise edge)                                   4.00       4.00
  clock network delay (ideal)                             0.00       4.00
  clock uncertainty                                      -0.25       3.75
  vortex/g_clusters[0].cluster/g_sockets[0].socket/mem_arb/req_arb/g_input_select.g_arbiter.g_out_buf[0].out_buf/g_eb2.stream_buffer/g_buffer.data_out_r_reg[54]/CK (DFF_X1)
                                                          0.00       3.75 r
  library setup time                                     -0.07       3.68
  data required time                                                 3.68
  --------------------------------------------------------------------------
  data required time                                                 3.68
  data arrival time                                                 -3.64
  --------------------------------------------------------------------------
  slack (MET)                                                        0.04


  Startpoint: m_axi_arready[0]
              (input port clocked by CLK)
  Endpoint: vortex/g_clusters[0].cluster/g_sockets[0].socket/mem_arb/req_arb/g_input_select.g_arbiter.g_out_buf[0].out_buf/g_eb2.stream_buffer/g_buffer.data_out_r_reg[56]
            (rising edge-triggered flip-flop clocked by CLK)
  Path Group: INREG
  Path Type: max

  Des/Clust/Port     Wire Load Model       Library
  ------------------------------------------------
  Vortex_axi         5K_hvratio_1_1        NangateOpenCellLibrary_ss0p95v125c

  Point                                                   Incr       Path
  --------------------------------------------------------------------------
  clock CLK (rise edge)                                   0.00       0.00
  clock network delay (ideal)                             0.00       0.00
  input external delay                                    1.20       1.20 r
  m_axi_arready[0] (in)                                   0.01       1.21 r
  U172649/ZN (INV_X1)                                     0.03       1.24 f
  U168582/ZN (OAI211_X1)                                  0.38       1.62 r
  U169088/ZN (INV_X1)                                     0.31       1.93 f
  U243253/ZN (NOR2_X4)                                    0.69       2.61 r
  U244808/Z (CLKBUF_X1)                                   0.72       3.33 r
  U244818/ZN (AOI22_X1)                                   0.16       3.50 f
  U244819/ZN (OAI21_X1)                                   0.13       3.63 r
  vortex/g_clusters[0].cluster/g_sockets[0].socket/mem_arb/req_arb/g_input_select.g_arbiter.g_out_buf[0].out_buf/g_eb2.stream_buffer/g_buffer.data_out_r_reg[56]/D (DFF_X1)
                                                          0.01       3.64 r
  data arrival time                                                  3.64

  clock CLK (rise edge)                                   4.00       4.00
  clock network delay (ideal)                             0.00       4.00
  clock uncertainty                                      -0.25       3.75
  vortex/g_clusters[0].cluster/g_sockets[0].socket/mem_arb/req_arb/g_input_select.g_arbiter.g_out_buf[0].out_buf/g_eb2.stream_buffer/g_buffer.data_out_r_reg[56]/CK (DFF_X1)
                                                          0.00       3.75 r
  library setup time                                     -0.07       3.68
  data required time                                                 3.68
  --------------------------------------------------------------------------
  data required time                                                 3.68
  data arrival time                                                 -3.64
  --------------------------------------------------------------------------
  slack (MET)                                                        0.04


  Startpoint: m_axi_arready[0]
              (input port clocked by CLK)
  Endpoint: vortex/g_clusters[0].cluster/g_sockets[0].socket/mem_arb/req_arb/g_input_select.g_arbiter.g_out_buf[0].out_buf/g_eb2.stream_buffer/g_buffer.data_out_r_reg[58]
            (rising edge-triggered flip-flop clocked by CLK)
  Path Group: INREG
  Path Type: max

  Des/Clust/Port     Wire Load Model       Library
  ------------------------------------------------
  Vortex_axi         5K_hvratio_1_1        NangateOpenCellLibrary_ss0p95v125c

  Point                                                   Incr       Path
  --------------------------------------------------------------------------
  clock CLK (rise edge)                                   0.00       0.00
  clock network delay (ideal)                             0.00       0.00
  input external delay                                    1.20       1.20 r
  m_axi_arready[0] (in)                                   0.01       1.21 r
  U172649/ZN (INV_X1)                                     0.03       1.24 f
  U168582/ZN (OAI211_X1)                                  0.38       1.62 r
  U169088/ZN (INV_X1)                                     0.31       1.93 f
  U243253/ZN (NOR2_X4)                                    0.69       2.61 r
  U244808/Z (CLKBUF_X1)                                   0.72       3.33 r
  U244824/ZN (AOI22_X1)                                   0.16       3.50 f
  U244825/ZN (OAI21_X1)                                   0.13       3.63 r
  vortex/g_clusters[0].cluster/g_sockets[0].socket/mem_arb/req_arb/g_input_select.g_arbiter.g_out_buf[0].out_buf/g_eb2.stream_buffer/g_buffer.data_out_r_reg[58]/D (DFF_X1)
                                                          0.01       3.64 r
  data arrival time                                                  3.64

  clock CLK (rise edge)                                   4.00       4.00
  clock network delay (ideal)                             0.00       4.00
  clock uncertainty                                      -0.25       3.75
  vortex/g_clusters[0].cluster/g_sockets[0].socket/mem_arb/req_arb/g_input_select.g_arbiter.g_out_buf[0].out_buf/g_eb2.stream_buffer/g_buffer.data_out_r_reg[58]/CK (DFF_X1)
                                                          0.00       3.75 r
  library setup time                                     -0.07       3.68
  data required time                                                 3.68
  --------------------------------------------------------------------------
  data required time                                                 3.68
  data arrival time                                                 -3.64
  --------------------------------------------------------------------------
  slack (MET)                                                        0.04


  Startpoint: m_axi_arready[0]
              (input port clocked by CLK)
  Endpoint: vortex/g_clusters[0].cluster/g_sockets[0].socket/mem_arb/req_arb/g_input_select.g_arbiter.g_out_buf[0].out_buf/g_eb2.stream_buffer/g_buffer.data_out_r_reg[60]
            (rising edge-triggered flip-flop clocked by CLK)
  Path Group: INREG
  Path Type: max

  Des/Clust/Port     Wire Load Model       Library
  ------------------------------------------------
  Vortex_axi         5K_hvratio_1_1        NangateOpenCellLibrary_ss0p95v125c

  Point                                                   Incr       Path
  --------------------------------------------------------------------------
  clock CLK (rise edge)                                   0.00       0.00
  clock network delay (ideal)                             0.00       0.00
  input external delay                                    1.20       1.20 r
  m_axi_arready[0] (in)                                   0.01       1.21 r
  U172649/ZN (INV_X1)                                     0.03       1.24 f
  U168582/ZN (OAI211_X1)                                  0.38       1.62 r
  U169088/ZN (INV_X1)                                     0.31       1.93 f
  U243253/ZN (NOR2_X4)                                    0.69       2.61 r
  U244808/Z (CLKBUF_X1)                                   0.72       3.33 r
  U244830/ZN (AOI22_X1)                                   0.16       3.50 f
  U244831/ZN (OAI21_X1)                                   0.13       3.63 r
  vortex/g_clusters[0].cluster/g_sockets[0].socket/mem_arb/req_arb/g_input_select.g_arbiter.g_out_buf[0].out_buf/g_eb2.stream_buffer/g_buffer.data_out_r_reg[60]/D (DFF_X1)
                                                          0.01       3.64 r
  data arrival time                                                  3.64

  clock CLK (rise edge)                                   4.00       4.00
  clock network delay (ideal)                             0.00       4.00
  clock uncertainty                                      -0.25       3.75
  vortex/g_clusters[0].cluster/g_sockets[0].socket/mem_arb/req_arb/g_input_select.g_arbiter.g_out_buf[0].out_buf/g_eb2.stream_buffer/g_buffer.data_out_r_reg[60]/CK (DFF_X1)
                                                          0.00       3.75 r
  library setup time                                     -0.07       3.68
  data required time                                                 3.68
  --------------------------------------------------------------------------
  data required time                                                 3.68
  data arrival time                                                 -3.64
  --------------------------------------------------------------------------
  slack (MET)                                                        0.04


  Startpoint: m_axi_arready[0]
              (input port clocked by CLK)
  Endpoint: vortex/g_clusters[0].cluster/g_sockets[0].socket/mem_arb/req_arb/g_input_select.g_arbiter.g_out_buf[0].out_buf/g_eb2.stream_buffer/g_buffer.data_out_r_reg[45]
            (rising edge-triggered flip-flop clocked by CLK)
  Path Group: INREG
  Path Type: max

  Des/Clust/Port     Wire Load Model       Library
  ------------------------------------------------
  Vortex_axi         5K_hvratio_1_1        NangateOpenCellLibrary_ss0p95v125c

  Point                                                   Incr       Path
  --------------------------------------------------------------------------
  clock CLK (rise edge)                                   0.00       0.00
  clock network delay (ideal)                             0.00       0.00
  input external delay                                    1.20       1.20 r
  m_axi_arready[0] (in)                                   0.01       1.21 r
  U172649/ZN (INV_X1)                                     0.03       1.24 f
  U168582/ZN (OAI211_X1)                                  0.38       1.62 r
  U169088/ZN (INV_X1)                                     0.31       1.93 f
  U243253/ZN (NOR2_X4)                                    0.69       2.61 r
  U244771/Z (CLKBUF_X1)                                   0.72       3.33 r
  U244784/ZN (AOI22_X1)                                   0.16       3.50 f
  U244785/ZN (OAI21_X1)                                   0.13       3.63 r
  vortex/g_clusters[0].cluster/g_sockets[0].socket/mem_arb/req_arb/g_input_select.g_arbiter.g_out_buf[0].out_buf/g_eb2.stream_buffer/g_buffer.data_out_r_reg[45]/D (DFF_X1)
                                                          0.01       3.64 r
  data arrival time                                                  3.64

  clock CLK (rise edge)                                   4.00       4.00
  clock network delay (ideal)                             0.00       4.00
  clock uncertainty                                      -0.25       3.75
  vortex/g_clusters[0].cluster/g_sockets[0].socket/mem_arb/req_arb/g_input_select.g_arbiter.g_out_buf[0].out_buf/g_eb2.stream_buffer/g_buffer.data_out_r_reg[45]/CK (DFF_X1)
                                                          0.00       3.75 r
  library setup time                                     -0.07       3.68
  data required time                                                 3.68
  --------------------------------------------------------------------------
  data required time                                                 3.68
  data arrival time                                                 -3.64
  --------------------------------------------------------------------------
  slack (MET)                                                        0.04


  Startpoint: m_axi_arready[0]
              (input port clocked by CLK)
  Endpoint: vortex/g_clusters[0].cluster/g_sockets[0].socket/mem_arb/req_arb/g_input_select.g_arbiter.g_out_buf[0].out_buf/g_eb2.stream_buffer/g_buffer.data_out_r_reg[46]
            (rising edge-triggered flip-flop clocked by CLK)
  Path Group: INREG
  Path Type: max

  Des/Clust/Port     Wire Load Model       Library
  ------------------------------------------------
  Vortex_axi         5K_hvratio_1_1        NangateOpenCellLibrary_ss0p95v125c

  Point                                                   Incr       Path
  --------------------------------------------------------------------------
  clock CLK (rise edge)                                   0.00       0.00
  clock network delay (ideal)                             0.00       0.00
  input external delay                                    1.20       1.20 r
  m_axi_arready[0] (in)                                   0.01       1.21 r
  U172649/ZN (INV_X1)                                     0.03       1.24 f
  U168582/ZN (OAI211_X1)                                  0.38       1.62 r
  U169088/ZN (INV_X1)                                     0.31       1.93 f
  U243253/ZN (NOR2_X4)                                    0.69       2.61 r
  U244771/Z (CLKBUF_X1)                                   0.72       3.33 r
  U244787/ZN (AOI22_X1)                                   0.16       3.50 f
  U244788/ZN (OAI21_X1)                                   0.13       3.63 r
  vortex/g_clusters[0].cluster/g_sockets[0].socket/mem_arb/req_arb/g_input_select.g_arbiter.g_out_buf[0].out_buf/g_eb2.stream_buffer/g_buffer.data_out_r_reg[46]/D (DFF_X1)
                                                          0.01       3.64 r
  data arrival time                                                  3.64

  clock CLK (rise edge)                                   4.00       4.00
  clock network delay (ideal)                             0.00       4.00
  clock uncertainty                                      -0.25       3.75
  vortex/g_clusters[0].cluster/g_sockets[0].socket/mem_arb/req_arb/g_input_select.g_arbiter.g_out_buf[0].out_buf/g_eb2.stream_buffer/g_buffer.data_out_r_reg[46]/CK (DFF_X1)
                                                          0.00       3.75 r
  library setup time                                     -0.07       3.68
  data required time                                                 3.68
  --------------------------------------------------------------------------
  data required time                                                 3.68
  data arrival time                                                 -3.64
  --------------------------------------------------------------------------
  slack (MET)                                                        0.04


  Startpoint: m_axi_arready[0]
              (input port clocked by CLK)
  Endpoint: vortex/g_clusters[0].cluster/g_sockets[0].socket/mem_arb/req_arb/g_input_select.g_arbiter.g_out_buf[0].out_buf/g_eb2.stream_buffer/g_buffer.data_out_r_reg[597]
            (rising edge-triggered flip-flop clocked by CLK)
  Path Group: INREG
  Path Type: max

  Des/Clust/Port     Wire Load Model       Library
  ------------------------------------------------
  Vortex_axi         5K_hvratio_1_1        NangateOpenCellLibrary_ss0p95v125c

  Point                                                   Incr       Path
  --------------------------------------------------------------------------
  clock CLK (rise edge)                                   0.00       0.00
  clock network delay (ideal)                             0.00       0.00
  input external delay                                    1.20       1.20 r
  m_axi_arready[0] (in)                                   0.01       1.21 r
  U172649/ZN (INV_X1)                                     0.03       1.24 f
  U168582/ZN (OAI211_X1)                                  0.38       1.62 r
  U169088/ZN (INV_X1)                                     0.31       1.93 f
  U243253/ZN (NOR2_X4)                                    0.69       2.61 r
  U244771/Z (CLKBUF_X1)                                   0.72       3.33 r
  U243280/ZN (AOI22_X1)                                   0.16       3.50 f
  U243281/ZN (OAI21_X1)                                   0.13       3.63 r
  vortex/g_clusters[0].cluster/g_sockets[0].socket/mem_arb/req_arb/g_input_select.g_arbiter.g_out_buf[0].out_buf/g_eb2.stream_buffer/g_buffer.data_out_r_reg[597]/D (DFF_X1)
                                                          0.01       3.64 r
  data arrival time                                                  3.64

  clock CLK (rise edge)                                   4.00       4.00
  clock network delay (ideal)                             0.00       4.00
  clock uncertainty                                      -0.25       3.75
  vortex/g_clusters[0].cluster/g_sockets[0].socket/mem_arb/req_arb/g_input_select.g_arbiter.g_out_buf[0].out_buf/g_eb2.stream_buffer/g_buffer.data_out_r_reg[597]/CK (DFF_X1)
                                                          0.00       3.75 r
  library setup time                                     -0.07       3.68
  data required time                                                 3.68
  --------------------------------------------------------------------------
  data required time                                                 3.68
  data arrival time                                                 -3.64
  --------------------------------------------------------------------------
  slack (MET)                                                        0.04


  Startpoint: m_axi_arready[0]
              (input port clocked by CLK)
  Endpoint: vortex/g_clusters[0].cluster/g_sockets[0].socket/mem_arb/req_arb/g_input_select.g_arbiter.g_out_buf[0].out_buf/g_eb2.stream_buffer/g_buffer.data_out_r_reg[599]
            (rising edge-triggered flip-flop clocked by CLK)
  Path Group: INREG
  Path Type: max

  Des/Clust/Port     Wire Load Model       Library
  ------------------------------------------------
  Vortex_axi         5K_hvratio_1_1        NangateOpenCellLibrary_ss0p95v125c

  Point                                                   Incr       Path
  --------------------------------------------------------------------------
  clock CLK (rise edge)                                   0.00       0.00
  clock network delay (ideal)                             0.00       0.00
  input external delay                                    1.20       1.20 r
  m_axi_arready[0] (in)                                   0.01       1.21 r
  U172649/ZN (INV_X1)                                     0.03       1.24 f
  U168582/ZN (OAI211_X1)                                  0.38       1.62 r
  U169088/ZN (INV_X1)                                     0.31       1.93 f
  U243253/ZN (NOR2_X4)                                    0.69       2.61 r
  U244771/Z (CLKBUF_X1)                                   0.72       3.33 r
  U243290/ZN (AOI22_X1)                                   0.16       3.50 f
  U243291/ZN (OAI21_X1)                                   0.13       3.63 r
  vortex/g_clusters[0].cluster/g_sockets[0].socket/mem_arb/req_arb/g_input_select.g_arbiter.g_out_buf[0].out_buf/g_eb2.stream_buffer/g_buffer.data_out_r_reg[599]/D (DFF_X1)
                                                          0.01       3.64 r
  data arrival time                                                  3.64

  clock CLK (rise edge)                                   4.00       4.00
  clock network delay (ideal)                             0.00       4.00
  clock uncertainty                                      -0.25       3.75
  vortex/g_clusters[0].cluster/g_sockets[0].socket/mem_arb/req_arb/g_input_select.g_arbiter.g_out_buf[0].out_buf/g_eb2.stream_buffer/g_buffer.data_out_r_reg[599]/CK (DFF_X1)
                                                          0.00       3.75 r
  library setup time                                     -0.07       3.68
  data required time                                                 3.68
  --------------------------------------------------------------------------
  data required time                                                 3.68
  data arrival time                                                 -3.64
  --------------------------------------------------------------------------
  slack (MET)                                                        0.04


  Startpoint: m_axi_arready[0]
              (input port clocked by CLK)
  Endpoint: vortex/g_clusters[0].cluster/g_sockets[0].socket/mem_arb/req_arb/g_input_select.g_arbiter.g_out_buf[0].out_buf/g_eb2.stream_buffer/g_buffer.data_out_r_reg[602]
            (rising edge-triggered flip-flop clocked by CLK)
  Path Group: INREG
  Path Type: max

  Des/Clust/Port     Wire Load Model       Library
  ------------------------------------------------
  Vortex_axi         5K_hvratio_1_1        NangateOpenCellLibrary_ss0p95v125c

  Point                                                   Incr       Path
  --------------------------------------------------------------------------
  clock CLK (rise edge)                                   0.00       0.00
  clock network delay (ideal)                             0.00       0.00
  input external delay                                    1.20       1.20 r
  m_axi_arready[0] (in)                                   0.01       1.21 r
  U172649/ZN (INV_X1)                                     0.03       1.24 f
  U168582/ZN (OAI211_X1)                                  0.38       1.62 r
  U169088/ZN (INV_X1)                                     0.31       1.93 f
  U243253/ZN (NOR2_X4)                                    0.69       2.61 r
  U244771/Z (CLKBUF_X1)                                   0.72       3.33 r
  U243306/ZN (AOI22_X1)                                   0.16       3.50 f
  U243307/ZN (OAI21_X1)                                   0.13       3.63 r
  vortex/g_clusters[0].cluster/g_sockets[0].socket/mem_arb/req_arb/g_input_select.g_arbiter.g_out_buf[0].out_buf/g_eb2.stream_buffer/g_buffer.data_out_r_reg[602]/D (DFF_X1)
                                                          0.01       3.64 r
  data arrival time                                                  3.64

  clock CLK (rise edge)                                   4.00       4.00
  clock network delay (ideal)                             0.00       4.00
  clock uncertainty                                      -0.25       3.75
  vortex/g_clusters[0].cluster/g_sockets[0].socket/mem_arb/req_arb/g_input_select.g_arbiter.g_out_buf[0].out_buf/g_eb2.stream_buffer/g_buffer.data_out_r_reg[602]/CK (DFF_X1)
                                                          0.00       3.75 r
  library setup time                                     -0.07       3.68
  data required time                                                 3.68
  --------------------------------------------------------------------------
  data required time                                                 3.68
  data arrival time                                                 -3.64
  --------------------------------------------------------------------------
  slack (MET)                                                        0.04


  Startpoint: m_axi_arready[0]
              (input port clocked by CLK)
  Endpoint: vortex/g_clusters[0].cluster/g_sockets[0].socket/mem_arb/req_arb/g_input_select.g_arbiter.g_out_buf[0].out_buf/g_eb2.stream_buffer/g_buffer.data_out_r_reg[604]
            (rising edge-triggered flip-flop clocked by CLK)
  Path Group: INREG
  Path Type: max

  Des/Clust/Port     Wire Load Model       Library
  ------------------------------------------------
  Vortex_axi         5K_hvratio_1_1        NangateOpenCellLibrary_ss0p95v125c

  Point                                                   Incr       Path
  --------------------------------------------------------------------------
  clock CLK (rise edge)                                   0.00       0.00
  clock network delay (ideal)                             0.00       0.00
  input external delay                                    1.20       1.20 r
  m_axi_arready[0] (in)                                   0.01       1.21 r
  U172649/ZN (INV_X1)                                     0.03       1.24 f
  U168582/ZN (OAI211_X1)                                  0.38       1.62 r
  U169088/ZN (INV_X1)                                     0.31       1.93 f
  U243253/ZN (NOR2_X4)                                    0.69       2.61 r
  U244808/Z (CLKBUF_X1)                                   0.72       3.33 r
  U243317/ZN (AOI22_X1)                                   0.16       3.50 f
  U243318/ZN (OAI21_X1)                                   0.13       3.63 r
  vortex/g_clusters[0].cluster/g_sockets[0].socket/mem_arb/req_arb/g_input_select.g_arbiter.g_out_buf[0].out_buf/g_eb2.stream_buffer/g_buffer.data_out_r_reg[604]/D (DFF_X1)
                                                          0.01       3.64 r
  data arrival time                                                  3.64

  clock CLK (rise edge)                                   4.00       4.00
  clock network delay (ideal)                             0.00       4.00
  clock uncertainty                                      -0.25       3.75
  vortex/g_clusters[0].cluster/g_sockets[0].socket/mem_arb/req_arb/g_input_select.g_arbiter.g_out_buf[0].out_buf/g_eb2.stream_buffer/g_buffer.data_out_r_reg[604]/CK (DFF_X1)
                                                          0.00       3.75 r
  library setup time                                     -0.07       3.68
  data required time                                                 3.68
  --------------------------------------------------------------------------
  data required time                                                 3.68
  data arrival time                                                 -3.64
  --------------------------------------------------------------------------
  slack (MET)                                                        0.04


  Startpoint: m_axi_arready[0]
              (input port clocked by CLK)
  Endpoint: vortex/g_clusters[0].cluster/g_sockets[0].socket/mem_arb/req_arb/g_input_select.g_arbiter.g_out_buf[0].out_buf/g_eb2.stream_buffer/g_buffer.data_out_r_reg[2]
            (rising edge-triggered flip-flop clocked by CLK)
  Path Group: INREG
  Path Type: max

  Des/Clust/Port     Wire Load Model       Library
  ------------------------------------------------
  Vortex_axi         5K_hvratio_1_1        NangateOpenCellLibrary_ss0p95v125c

  Point                                                   Incr       Path
  --------------------------------------------------------------------------
  clock CLK (rise edge)                                   0.00       0.00
  clock network delay (ideal)                             0.00       0.00
  input external delay                                    1.20       1.20 r
  m_axi_arready[0] (in)                                   0.01       1.21 r
  U172649/ZN (INV_X1)                                     0.03       1.24 f
  U168582/ZN (OAI211_X1)                                  0.38       1.62 r
  U169088/ZN (INV_X1)                                     0.31       1.93 f
  U243253/ZN (NOR2_X4)                                    0.69       2.61 r
  U244771/Z (CLKBUF_X1)                                   0.72       3.33 r
  U244656/ZN (AOI22_X1)                                   0.16       3.50 f
  U244657/ZN (OAI21_X1)                                   0.13       3.63 r
  vortex/g_clusters[0].cluster/g_sockets[0].socket/mem_arb/req_arb/g_input_select.g_arbiter.g_out_buf[0].out_buf/g_eb2.stream_buffer/g_buffer.data_out_r_reg[2]/D (DFF_X1)
                                                          0.01       3.64 r
  data arrival time                                                  3.64

  clock CLK (rise edge)                                   4.00       4.00
  clock network delay (ideal)                             0.00       4.00
  clock uncertainty                                      -0.25       3.75
  vortex/g_clusters[0].cluster/g_sockets[0].socket/mem_arb/req_arb/g_input_select.g_arbiter.g_out_buf[0].out_buf/g_eb2.stream_buffer/g_buffer.data_out_r_reg[2]/CK (DFF_X1)
                                                          0.00       3.75 r
  library setup time                                     -0.07       3.68
  data required time                                                 3.68
  --------------------------------------------------------------------------
  data required time                                                 3.68
  data arrival time                                                 -3.64
  --------------------------------------------------------------------------
  slack (MET)                                                        0.04


  Startpoint: m_axi_arready[0]
              (input port clocked by CLK)
  Endpoint: vortex/g_clusters[0].cluster/g_sockets[0].socket/mem_arb/req_arb/g_input_select.g_arbiter.g_out_buf[0].out_buf/g_eb2.stream_buffer/g_buffer.data_out_r_reg[22]
            (rising edge-triggered flip-flop clocked by CLK)
  Path Group: INREG
  Path Type: max

  Des/Clust/Port     Wire Load Model       Library
  ------------------------------------------------
  Vortex_axi         5K_hvratio_1_1        NangateOpenCellLibrary_ss0p95v125c

  Point                                                   Incr       Path
  --------------------------------------------------------------------------
  clock CLK (rise edge)                                   0.00       0.00
  clock network delay (ideal)                             0.00       0.00
  input external delay                                    1.20       1.20 r
  m_axi_arready[0] (in)                                   0.01       1.21 r
  U172649/ZN (INV_X1)                                     0.03       1.24 f
  U168582/ZN (OAI211_X1)                                  0.38       1.62 r
  U169088/ZN (INV_X1)                                     0.31       1.93 f
  U243253/ZN (NOR2_X4)                                    0.69       2.61 r
  U244808/Z (CLKBUF_X1)                                   0.72       3.33 r
  U244714/ZN (AOI22_X1)                                   0.16       3.50 f
  U244715/ZN (OAI21_X1)                                   0.13       3.63 r
  vortex/g_clusters[0].cluster/g_sockets[0].socket/mem_arb/req_arb/g_input_select.g_arbiter.g_out_buf[0].out_buf/g_eb2.stream_buffer/g_buffer.data_out_r_reg[22]/D (DFF_X1)
                                                          0.01       3.64 r
  data arrival time                                                  3.64

  clock CLK (rise edge)                                   4.00       4.00
  clock network delay (ideal)                             0.00       4.00
  clock uncertainty                                      -0.25       3.75
  vortex/g_clusters[0].cluster/g_sockets[0].socket/mem_arb/req_arb/g_input_select.g_arbiter.g_out_buf[0].out_buf/g_eb2.stream_buffer/g_buffer.data_out_r_reg[22]/CK (DFF_X1)
                                                          0.00       3.75 r
  library setup time                                     -0.07       3.68
  data required time                                                 3.68
  --------------------------------------------------------------------------
  data required time                                                 3.68
  data arrival time                                                 -3.64
  --------------------------------------------------------------------------
  slack (MET)                                                        0.04


  Startpoint: m_axi_arready[0]
              (input port clocked by CLK)
  Endpoint: vortex/g_clusters[0].cluster/g_sockets[0].socket/mem_arb/req_arb/g_input_select.g_arbiter.g_out_buf[0].out_buf/g_eb2.stream_buffer/g_buffer.data_out_r_reg[55]
            (rising edge-triggered flip-flop clocked by CLK)
  Path Group: INREG
  Path Type: max

  Des/Clust/Port     Wire Load Model       Library
  ------------------------------------------------
  Vortex_axi         5K_hvratio_1_1        NangateOpenCellLibrary_ss0p95v125c

  Point                                                   Incr       Path
  --------------------------------------------------------------------------
  clock CLK (rise edge)                                   0.00       0.00
  clock network delay (ideal)                             0.00       0.00
  input external delay                                    1.20       1.20 r
  m_axi_arready[0] (in)                                   0.01       1.21 r
  U172649/ZN (INV_X1)                                     0.03       1.24 f
  U168582/ZN (OAI211_X1)                                  0.38       1.62 r
  U169088/ZN (INV_X1)                                     0.31       1.93 f
  U243253/ZN (NOR2_X4)                                    0.69       2.61 r
  U244808/Z (CLKBUF_X1)                                   0.72       3.33 r
  U244815/ZN (AOI22_X1)                                   0.16       3.50 f
  U244816/ZN (OAI21_X1)                                   0.13       3.63 r
  vortex/g_clusters[0].cluster/g_sockets[0].socket/mem_arb/req_arb/g_input_select.g_arbiter.g_out_buf[0].out_buf/g_eb2.stream_buffer/g_buffer.data_out_r_reg[55]/D (DFF_X1)
                                                          0.01       3.64 r
  data arrival time                                                  3.64

  clock CLK (rise edge)                                   4.00       4.00
  clock network delay (ideal)                             0.00       4.00
  clock uncertainty                                      -0.25       3.75
  vortex/g_clusters[0].cluster/g_sockets[0].socket/mem_arb/req_arb/g_input_select.g_arbiter.g_out_buf[0].out_buf/g_eb2.stream_buffer/g_buffer.data_out_r_reg[55]/CK (DFF_X1)
                                                          0.00       3.75 r
  library setup time                                     -0.07       3.68
  data required time                                                 3.68
  --------------------------------------------------------------------------
  data required time                                                 3.68
  data arrival time                                                 -3.64
  --------------------------------------------------------------------------
  slack (MET)                                                        0.04


  Startpoint: m_axi_arready[0]
              (input port clocked by CLK)
  Endpoint: vortex/g_clusters[0].cluster/g_sockets[0].socket/mem_arb/req_arb/g_input_select.g_arbiter.g_out_buf[0].out_buf/g_eb2.stream_buffer/g_buffer.data_out_r_reg[57]
            (rising edge-triggered flip-flop clocked by CLK)
  Path Group: INREG
  Path Type: max

  Des/Clust/Port     Wire Load Model       Library
  ------------------------------------------------
  Vortex_axi         5K_hvratio_1_1        NangateOpenCellLibrary_ss0p95v125c

  Point                                                   Incr       Path
  --------------------------------------------------------------------------
  clock CLK (rise edge)                                   0.00       0.00
  clock network delay (ideal)                             0.00       0.00
  input external delay                                    1.20       1.20 r
  m_axi_arready[0] (in)                                   0.01       1.21 r
  U172649/ZN (INV_X1)                                     0.03       1.24 f
  U168582/ZN (OAI211_X1)                                  0.38       1.62 r
  U169088/ZN (INV_X1)                                     0.31       1.93 f
  U243253/ZN (NOR2_X4)                                    0.69       2.61 r
  U244808/Z (CLKBUF_X1)                                   0.72       3.33 r
  U244821/ZN (AOI22_X1)                                   0.16       3.50 f
  U244822/ZN (OAI21_X1)                                   0.13       3.63 r
  vortex/g_clusters[0].cluster/g_sockets[0].socket/mem_arb/req_arb/g_input_select.g_arbiter.g_out_buf[0].out_buf/g_eb2.stream_buffer/g_buffer.data_out_r_reg[57]/D (DFF_X1)
                                                          0.01       3.64 r
  data arrival time                                                  3.64

  clock CLK (rise edge)                                   4.00       4.00
  clock network delay (ideal)                             0.00       4.00
  clock uncertainty                                      -0.25       3.75
  vortex/g_clusters[0].cluster/g_sockets[0].socket/mem_arb/req_arb/g_input_select.g_arbiter.g_out_buf[0].out_buf/g_eb2.stream_buffer/g_buffer.data_out_r_reg[57]/CK (DFF_X1)
                                                          0.00       3.75 r
  library setup time                                     -0.07       3.68
  data required time                                                 3.68
  --------------------------------------------------------------------------
  data required time                                                 3.68
  data arrival time                                                 -3.64
  --------------------------------------------------------------------------
  slack (MET)                                                        0.04


  Startpoint: m_axi_arready[0]
              (input port clocked by CLK)
  Endpoint: vortex/g_clusters[0].cluster/g_sockets[0].socket/mem_arb/req_arb/g_input_select.g_arbiter.g_out_buf[0].out_buf/g_eb2.stream_buffer/g_buffer.data_out_r_reg[59]
            (rising edge-triggered flip-flop clocked by CLK)
  Path Group: INREG
  Path Type: max

  Des/Clust/Port     Wire Load Model       Library
  ------------------------------------------------
  Vortex_axi         5K_hvratio_1_1        NangateOpenCellLibrary_ss0p95v125c

  Point                                                   Incr       Path
  --------------------------------------------------------------------------
  clock CLK (rise edge)                                   0.00       0.00
  clock network delay (ideal)                             0.00       0.00
  input external delay                                    1.20       1.20 r
  m_axi_arready[0] (in)                                   0.01       1.21 r
  U172649/ZN (INV_X1)                                     0.03       1.24 f
  U168582/ZN (OAI211_X1)                                  0.38       1.62 r
  U169088/ZN (INV_X1)                                     0.31       1.93 f
  U243253/ZN (NOR2_X4)                                    0.69       2.61 r
  U244808/Z (CLKBUF_X1)                                   0.72       3.33 r
  U244827/ZN (AOI22_X1)                                   0.16       3.50 f
  U244828/ZN (OAI21_X1)                                   0.13       3.63 r
  vortex/g_clusters[0].cluster/g_sockets[0].socket/mem_arb/req_arb/g_input_select.g_arbiter.g_out_buf[0].out_buf/g_eb2.stream_buffer/g_buffer.data_out_r_reg[59]/D (DFF_X1)
                                                          0.01       3.64 r
  data arrival time                                                  3.64

  clock CLK (rise edge)                                   4.00       4.00
  clock network delay (ideal)                             0.00       4.00
  clock uncertainty                                      -0.25       3.75
  vortex/g_clusters[0].cluster/g_sockets[0].socket/mem_arb/req_arb/g_input_select.g_arbiter.g_out_buf[0].out_buf/g_eb2.stream_buffer/g_buffer.data_out_r_reg[59]/CK (DFF_X1)
                                                          0.00       3.75 r
  library setup time                                     -0.07       3.68
  data required time                                                 3.68
  --------------------------------------------------------------------------
  data required time                                                 3.68
  data arrival time                                                 -3.64
  --------------------------------------------------------------------------
  slack (MET)                                                        0.04


  Startpoint: m_axi_arready[0]
              (input port clocked by CLK)
  Endpoint: vortex/g_clusters[0].cluster/g_sockets[0].socket/mem_arb/req_arb/g_input_select.g_arbiter.g_out_buf[0].out_buf/g_eb2.stream_buffer/g_buffer.data_out_r_reg[61]
            (rising edge-triggered flip-flop clocked by CLK)
  Path Group: INREG
  Path Type: max

  Des/Clust/Port     Wire Load Model       Library
  ------------------------------------------------
  Vortex_axi         5K_hvratio_1_1        NangateOpenCellLibrary_ss0p95v125c

  Point                                                   Incr       Path
  --------------------------------------------------------------------------
  clock CLK (rise edge)                                   0.00       0.00
  clock network delay (ideal)                             0.00       0.00
  input external delay                                    1.20       1.20 r
  m_axi_arready[0] (in)                                   0.01       1.21 r
  U172649/ZN (INV_X1)                                     0.03       1.24 f
  U168582/ZN (OAI211_X1)                                  0.38       1.62 r
  U169088/ZN (INV_X1)                                     0.31       1.93 f
  U243253/ZN (NOR2_X4)                                    0.69       2.61 r
  U244808/Z (CLKBUF_X1)                                   0.72       3.33 r
  U244833/ZN (AOI22_X1)                                   0.16       3.50 f
  U244834/ZN (OAI21_X1)                                   0.13       3.63 r
  vortex/g_clusters[0].cluster/g_sockets[0].socket/mem_arb/req_arb/g_input_select.g_arbiter.g_out_buf[0].out_buf/g_eb2.stream_buffer/g_buffer.data_out_r_reg[61]/D (DFF_X1)
                                                          0.01       3.64 r
  data arrival time                                                  3.64

  clock CLK (rise edge)                                   4.00       4.00
  clock network delay (ideal)                             0.00       4.00
  clock uncertainty                                      -0.25       3.75
  vortex/g_clusters[0].cluster/g_sockets[0].socket/mem_arb/req_arb/g_input_select.g_arbiter.g_out_buf[0].out_buf/g_eb2.stream_buffer/g_buffer.data_out_r_reg[61]/CK (DFF_X1)
                                                          0.00       3.75 r
  library setup time                                     -0.07       3.68
  data required time                                                 3.68
  --------------------------------------------------------------------------
  data required time                                                 3.68
  data arrival time                                                 -3.64
  --------------------------------------------------------------------------
  slack (MET)                                                        0.04


  Startpoint: m_axi_arready[0]
              (input port clocked by CLK)
  Endpoint: vortex/g_clusters[0].cluster/g_sockets[0].socket/mem_arb/req_arb/g_input_select.g_arbiter.g_out_buf[0].out_buf/g_eb2.stream_buffer/g_buffer.data_out_r_reg[62]
            (rising edge-triggered flip-flop clocked by CLK)
  Path Group: INREG
  Path Type: max

  Des/Clust/Port     Wire Load Model       Library
  ------------------------------------------------
  Vortex_axi         5K_hvratio_1_1        NangateOpenCellLibrary_ss0p95v125c

  Point                                                   Incr       Path
  --------------------------------------------------------------------------
  clock CLK (rise edge)                                   0.00       0.00
  clock network delay (ideal)                             0.00       0.00
  input external delay                                    1.20       1.20 r
  m_axi_arready[0] (in)                                   0.01       1.21 r
  U172649/ZN (INV_X1)                                     0.03       1.24 f
  U168582/ZN (OAI211_X1)                                  0.38       1.62 r
  U169088/ZN (INV_X1)                                     0.31       1.93 f
  U243253/ZN (NOR2_X4)                                    0.69       2.61 r
  U244808/Z (CLKBUF_X1)                                   0.72       3.33 r
  U244836/ZN (AOI22_X1)                                   0.16       3.50 f
  U244837/ZN (OAI21_X1)                                   0.13       3.63 r
  vortex/g_clusters[0].cluster/g_sockets[0].socket/mem_arb/req_arb/g_input_select.g_arbiter.g_out_buf[0].out_buf/g_eb2.stream_buffer/g_buffer.data_out_r_reg[62]/D (DFF_X1)
                                                          0.01       3.64 r
  data arrival time                                                  3.64

  clock CLK (rise edge)                                   4.00       4.00
  clock network delay (ideal)                             0.00       4.00
  clock uncertainty                                      -0.25       3.75
  vortex/g_clusters[0].cluster/g_sockets[0].socket/mem_arb/req_arb/g_input_select.g_arbiter.g_out_buf[0].out_buf/g_eb2.stream_buffer/g_buffer.data_out_r_reg[62]/CK (DFF_X1)
                                                          0.00       3.75 r
  library setup time                                     -0.07       3.68
  data required time                                                 3.68
  --------------------------------------------------------------------------
  data required time                                                 3.68
  data arrival time                                                 -3.64
  --------------------------------------------------------------------------
  slack (MET)                                                        0.04


  Startpoint: m_axi_arready[0]
              (input port clocked by CLK)
  Endpoint: vortex/g_clusters[0].cluster/g_sockets[0].socket/mem_arb/req_arb/g_input_select.g_arbiter.g_out_buf[0].out_buf/g_eb2.stream_buffer/g_buffer.data_out_r_reg[63]
            (rising edge-triggered flip-flop clocked by CLK)
  Path Group: INREG
  Path Type: max

  Des/Clust/Port     Wire Load Model       Library
  ------------------------------------------------
  Vortex_axi         5K_hvratio_1_1        NangateOpenCellLibrary_ss0p95v125c

  Point                                                   Incr       Path
  --------------------------------------------------------------------------
  clock CLK (rise edge)                                   0.00       0.00
  clock network delay (ideal)                             0.00       0.00
  input external delay                                    1.20       1.20 r
  m_axi_arready[0] (in)                                   0.01       1.21 r
  U172649/ZN (INV_X1)                                     0.03       1.24 f
  U168582/ZN (OAI211_X1)                                  0.38       1.62 r
  U169088/ZN (INV_X1)                                     0.31       1.93 f
  U243253/ZN (NOR2_X4)                                    0.69       2.61 r
  U244808/Z (CLKBUF_X1)                                   0.72       3.33 r
  U244839/ZN (AOI22_X1)                                   0.16       3.50 f
  U244840/ZN (OAI21_X1)                                   0.13       3.63 r
  vortex/g_clusters[0].cluster/g_sockets[0].socket/mem_arb/req_arb/g_input_select.g_arbiter.g_out_buf[0].out_buf/g_eb2.stream_buffer/g_buffer.data_out_r_reg[63]/D (DFF_X1)
                                                          0.01       3.64 r
  data arrival time                                                  3.64

  clock CLK (rise edge)                                   4.00       4.00
  clock network delay (ideal)                             0.00       4.00
  clock uncertainty                                      -0.25       3.75
  vortex/g_clusters[0].cluster/g_sockets[0].socket/mem_arb/req_arb/g_input_select.g_arbiter.g_out_buf[0].out_buf/g_eb2.stream_buffer/g_buffer.data_out_r_reg[63]/CK (DFF_X1)
                                                          0.00       3.75 r
  library setup time                                     -0.07       3.68
  data required time                                                 3.68
  --------------------------------------------------------------------------
  data required time                                                 3.68
  data arrival time                                                 -3.64
  --------------------------------------------------------------------------
  slack (MET)                                                        0.04


  Startpoint: m_axi_arready[0]
              (input port clocked by CLK)
  Endpoint: vortex/g_clusters[0].cluster/g_sockets[0].socket/mem_arb/req_arb/g_input_select.g_arbiter.g_out_buf[0].out_buf/g_eb2.stream_buffer/g_buffer.data_out_r_reg[64]
            (rising edge-triggered flip-flop clocked by CLK)
  Path Group: INREG
  Path Type: max

  Des/Clust/Port     Wire Load Model       Library
  ------------------------------------------------
  Vortex_axi         5K_hvratio_1_1        NangateOpenCellLibrary_ss0p95v125c

  Point                                                   Incr       Path
  --------------------------------------------------------------------------
  clock CLK (rise edge)                                   0.00       0.00
  clock network delay (ideal)                             0.00       0.00
  input external delay                                    1.20       1.20 r
  m_axi_arready[0] (in)                                   0.01       1.21 r
  U172649/ZN (INV_X1)                                     0.03       1.24 f
  U168582/ZN (OAI211_X1)                                  0.38       1.62 r
  U169088/ZN (INV_X1)                                     0.31       1.93 f
  U243253/ZN (NOR2_X4)                                    0.69       2.61 r
  U244808/Z (CLKBUF_X1)                                   0.72       3.33 r
  U244842/ZN (AOI22_X1)                                   0.16       3.50 f
  U244843/ZN (OAI21_X1)                                   0.13       3.63 r
  vortex/g_clusters[0].cluster/g_sockets[0].socket/mem_arb/req_arb/g_input_select.g_arbiter.g_out_buf[0].out_buf/g_eb2.stream_buffer/g_buffer.data_out_r_reg[64]/D (DFF_X1)
                                                          0.01       3.64 r
  data arrival time                                                  3.64

  clock CLK (rise edge)                                   4.00       4.00
  clock network delay (ideal)                             0.00       4.00
  clock uncertainty                                      -0.25       3.75
  vortex/g_clusters[0].cluster/g_sockets[0].socket/mem_arb/req_arb/g_input_select.g_arbiter.g_out_buf[0].out_buf/g_eb2.stream_buffer/g_buffer.data_out_r_reg[64]/CK (DFF_X1)
                                                          0.00       3.75 r
  library setup time                                     -0.07       3.68
  data required time                                                 3.68
  --------------------------------------------------------------------------
  data required time                                                 3.68
  data arrival time                                                 -3.64
  --------------------------------------------------------------------------
  slack (MET)                                                        0.04


  Startpoint: m_axi_arready[0]
              (input port clocked by CLK)
  Endpoint: vortex/g_clusters[0].cluster/g_sockets[0].socket/mem_arb/req_arb/g_input_select.g_arbiter.g_out_buf[0].out_buf/g_eb2.stream_buffer/g_buffer.data_out_r_reg[612]
            (rising edge-triggered flip-flop clocked by CLK)
  Path Group: INREG
  Path Type: max

  Des/Clust/Port     Wire Load Model       Library
  ------------------------------------------------
  Vortex_axi         5K_hvratio_1_1        NangateOpenCellLibrary_ss0p95v125c

  Point                                                   Incr       Path
  --------------------------------------------------------------------------
  clock CLK (rise edge)                                   0.00       0.00
  clock network delay (ideal)                             0.00       0.00
  input external delay                                    1.20       1.20 r
  m_axi_arready[0] (in)                                   0.01       1.21 r
  U172649/ZN (INV_X1)                                     0.03       1.24 f
  U168582/ZN (OAI211_X1)                                  0.38       1.62 r
  U169088/ZN (INV_X1)                                     0.31       1.93 f
  U243253/ZN (NOR2_X4)                                    0.69       2.61 r
  U244808/Z (CLKBUF_X1)                                   0.72       3.33 r
  U324919/ZN (AOI22_X1)                                   0.16       3.50 f
  U324920/ZN (OAI21_X1)                                   0.13       3.63 r
  vortex/g_clusters[0].cluster/g_sockets[0].socket/mem_arb/req_arb/g_input_select.g_arbiter.g_out_buf[0].out_buf/g_eb2.stream_buffer/g_buffer.data_out_r_reg[612]/D (DFF_X1)
                                                          0.01       3.64 r
  data arrival time                                                  3.64

  clock CLK (rise edge)                                   4.00       4.00
  clock network delay (ideal)                             0.00       4.00
  clock uncertainty                                      -0.25       3.75
  vortex/g_clusters[0].cluster/g_sockets[0].socket/mem_arb/req_arb/g_input_select.g_arbiter.g_out_buf[0].out_buf/g_eb2.stream_buffer/g_buffer.data_out_r_reg[612]/CK (DFF_X1)
                                                          0.00       3.75 r
  library setup time                                     -0.07       3.68
  data required time                                                 3.68
  --------------------------------------------------------------------------
  data required time                                                 3.68
  data arrival time                                                 -3.64
  --------------------------------------------------------------------------
  slack (MET)                                                        0.04


  Startpoint: m_axi_arready[0]
              (input port clocked by CLK)
  Endpoint: vortex/g_clusters[0].cluster/g_sockets[0].socket/mem_arb/req_arb/g_input_select.g_arbiter.g_out_buf[0].out_buf/g_eb2.stream_buffer/g_buffer.data_out_r_reg[21]
            (rising edge-triggered flip-flop clocked by CLK)
  Path Group: INREG
  Path Type: max

  Des/Clust/Port     Wire Load Model       Library
  ------------------------------------------------
  Vortex_axi         5K_hvratio_1_1        NangateOpenCellLibrary_ss0p95v125c

  Point                                                   Incr       Path
  --------------------------------------------------------------------------
  clock CLK (rise edge)                                   0.00       0.00
  clock network delay (ideal)                             0.00       0.00
  input external delay                                    1.20       1.20 r
  m_axi_arready[0] (in)                                   0.01       1.21 r
  U172649/ZN (INV_X1)                                     0.03       1.24 f
  U168582/ZN (OAI211_X1)                                  0.38       1.62 r
  U169088/ZN (INV_X1)                                     0.31       1.93 f
  U243253/ZN (NOR2_X4)                                    0.69       2.61 r
  U243842/Z (CLKBUF_X2)                                   0.71       3.33 r
  U244711/ZN (AOI22_X1)                                   0.17       3.50 f
  U244712/ZN (OAI21_X1)                                   0.13       3.63 r
  vortex/g_clusters[0].cluster/g_sockets[0].socket/mem_arb/req_arb/g_input_select.g_arbiter.g_out_buf[0].out_buf/g_eb2.stream_buffer/g_buffer.data_out_r_reg[21]/D (DFF_X1)
                                                          0.01       3.63 r
  data arrival time                                                  3.63

  clock CLK (rise edge)                                   4.00       4.00
  clock network delay (ideal)                             0.00       4.00
  clock uncertainty                                      -0.25       3.75
  vortex/g_clusters[0].cluster/g_sockets[0].socket/mem_arb/req_arb/g_input_select.g_arbiter.g_out_buf[0].out_buf/g_eb2.stream_buffer/g_buffer.data_out_r_reg[21]/CK (DFF_X1)
                                                          0.00       3.75 r
  library setup time                                     -0.07       3.68
  data required time                                                 3.68
  --------------------------------------------------------------------------
  data required time                                                 3.68
  data arrival time                                                 -3.63
  --------------------------------------------------------------------------
  slack (MET)                                                        0.04


  Startpoint: m_axi_arready[0]
              (input port clocked by CLK)
  Endpoint: vortex/g_clusters[0].cluster/g_sockets[0].socket/mem_arb/req_arb/g_input_select.g_arbiter.g_out_buf[0].out_buf/g_eb2.stream_buffer/g_buffer.data_out_r_reg[30]
            (rising edge-triggered flip-flop clocked by CLK)
  Path Group: INREG
  Path Type: max

  Des/Clust/Port     Wire Load Model       Library
  ------------------------------------------------
  Vortex_axi         5K_hvratio_1_1        NangateOpenCellLibrary_ss0p95v125c

  Point                                                   Incr       Path
  --------------------------------------------------------------------------
  clock CLK (rise edge)                                   0.00       0.00
  clock network delay (ideal)                             0.00       0.00
  input external delay                                    1.20       1.20 r
  m_axi_arready[0] (in)                                   0.01       1.21 r
  U172649/ZN (INV_X1)                                     0.03       1.24 f
  U168582/ZN (OAI211_X1)                                  0.38       1.62 r
  U169088/ZN (INV_X1)                                     0.31       1.93 f
  U243253/ZN (NOR2_X4)                                    0.69       2.61 r
  U244503/Z (CLKBUF_X2)                                   0.71       3.33 r
  U244738/ZN (AOI22_X1)                                   0.17       3.50 f
  U244739/ZN (OAI21_X1)                                   0.13       3.63 r
  vortex/g_clusters[0].cluster/g_sockets[0].socket/mem_arb/req_arb/g_input_select.g_arbiter.g_out_buf[0].out_buf/g_eb2.stream_buffer/g_buffer.data_out_r_reg[30]/D (DFF_X1)
                                                          0.01       3.63 r
  data arrival time                                                  3.63

  clock CLK (rise edge)                                   4.00       4.00
  clock network delay (ideal)                             0.00       4.00
  clock uncertainty                                      -0.25       3.75
  vortex/g_clusters[0].cluster/g_sockets[0].socket/mem_arb/req_arb/g_input_select.g_arbiter.g_out_buf[0].out_buf/g_eb2.stream_buffer/g_buffer.data_out_r_reg[30]/CK (DFF_X1)
                                                          0.00       3.75 r
  library setup time                                     -0.07       3.68
  data required time                                                 3.68
  --------------------------------------------------------------------------
  data required time                                                 3.68
  data arrival time                                                 -3.63
  --------------------------------------------------------------------------
  slack (MET)                                                        0.04


  Startpoint: m_axi_arready[0]
              (input port clocked by CLK)
  Endpoint: vortex/g_clusters[0].cluster/g_sockets[0].socket/mem_arb/req_arb/g_input_select.g_arbiter.g_out_buf[0].out_buf/g_eb2.stream_buffer/g_buffer.data_out_r_reg[39]
            (rising edge-triggered flip-flop clocked by CLK)
  Path Group: INREG
  Path Type: max

  Des/Clust/Port     Wire Load Model       Library
  ------------------------------------------------
  Vortex_axi         5K_hvratio_1_1        NangateOpenCellLibrary_ss0p95v125c

  Point                                                   Incr       Path
  --------------------------------------------------------------------------
  clock CLK (rise edge)                                   0.00       0.00
  clock network delay (ideal)                             0.00       0.00
  input external delay                                    1.20       1.20 r
  m_axi_arready[0] (in)                                   0.01       1.21 r
  U172649/ZN (INV_X1)                                     0.03       1.24 f
  U168582/ZN (OAI211_X1)                                  0.38       1.62 r
  U169088/ZN (INV_X1)                                     0.31       1.93 f
  U243253/ZN (NOR2_X4)                                    0.69       2.61 r
  U244114/Z (CLKBUF_X2)                                   0.71       3.33 r
  U244765/ZN (AOI22_X1)                                   0.17       3.50 f
  U244766/ZN (OAI21_X1)                                   0.13       3.63 r
  vortex/g_clusters[0].cluster/g_sockets[0].socket/mem_arb/req_arb/g_input_select.g_arbiter.g_out_buf[0].out_buf/g_eb2.stream_buffer/g_buffer.data_out_r_reg[39]/D (DFF_X1)
                                                          0.01       3.63 r
  data arrival time                                                  3.63

  clock CLK (rise edge)                                   4.00       4.00
  clock network delay (ideal)                             0.00       4.00
  clock uncertainty                                      -0.25       3.75
  vortex/g_clusters[0].cluster/g_sockets[0].socket/mem_arb/req_arb/g_input_select.g_arbiter.g_out_buf[0].out_buf/g_eb2.stream_buffer/g_buffer.data_out_r_reg[39]/CK (DFF_X1)
                                                          0.00       3.75 r
  library setup time                                     -0.07       3.68
  data required time                                                 3.68
  --------------------------------------------------------------------------
  data required time                                                 3.68
  data arrival time                                                 -3.63
  --------------------------------------------------------------------------
  slack (MET)                                                        0.04


  Startpoint: m_axi_arready[0]
              (input port clocked by CLK)
  Endpoint: vortex/g_clusters[0].cluster/g_sockets[0].socket/mem_arb/req_arb/g_input_select.g_arbiter.g_out_buf[0].out_buf/g_eb2.stream_buffer/g_buffer.data_out_r_reg[607]
            (rising edge-triggered flip-flop clocked by CLK)
  Path Group: INREG
  Path Type: max

  Des/Clust/Port     Wire Load Model       Library
  ------------------------------------------------
  Vortex_axi         5K_hvratio_1_1        NangateOpenCellLibrary_ss0p95v125c

  Point                                                   Incr       Path
  --------------------------------------------------------------------------
  clock CLK (rise edge)                                   0.00       0.00
  clock network delay (ideal)                             0.00       0.00
  input external delay                                    1.20       1.20 r
  m_axi_arready[0] (in)                                   0.01       1.21 r
  U172649/ZN (INV_X1)                                     0.03       1.24 f
  U168582/ZN (OAI211_X1)                                  0.38       1.62 r
  U169088/ZN (INV_X1)                                     0.31       1.93 f
  U243253/ZN (NOR2_X4)                                    0.69       2.61 r
  U243895/Z (CLKBUF_X2)                                   0.71       3.33 r
  U243334/ZN (AOI22_X1)                                   0.17       3.50 f
  U243335/ZN (OAI21_X1)                                   0.13       3.63 r
  vortex/g_clusters[0].cluster/g_sockets[0].socket/mem_arb/req_arb/g_input_select.g_arbiter.g_out_buf[0].out_buf/g_eb2.stream_buffer/g_buffer.data_out_r_reg[607]/D (DFF_X1)
                                                          0.01       3.63 r
  data arrival time                                                  3.63

  clock CLK (rise edge)                                   4.00       4.00
  clock network delay (ideal)                             0.00       4.00
  clock uncertainty                                      -0.25       3.75
  vortex/g_clusters[0].cluster/g_sockets[0].socket/mem_arb/req_arb/g_input_select.g_arbiter.g_out_buf[0].out_buf/g_eb2.stream_buffer/g_buffer.data_out_r_reg[607]/CK (DFF_X1)
                                                          0.00       3.75 r
  library setup time                                     -0.07       3.68
  data required time                                                 3.68
  --------------------------------------------------------------------------
  data required time                                                 3.68
  data arrival time                                                 -3.63
  --------------------------------------------------------------------------
  slack (MET)                                                        0.04


  Startpoint: m_axi_arready[0]
              (input port clocked by CLK)
  Endpoint: vortex/g_clusters[0].cluster/g_sockets[0].socket/mem_arb/req_arb/g_input_select.g_arbiter.g_out_buf[0].out_buf/g_eb2.stream_buffer/g_buffer.data_out_r_reg[609]
            (rising edge-triggered flip-flop clocked by CLK)
  Path Group: INREG
  Path Type: max

  Des/Clust/Port     Wire Load Model       Library
  ------------------------------------------------
  Vortex_axi         5K_hvratio_1_1        NangateOpenCellLibrary_ss0p95v125c

  Point                                                   Incr       Path
  --------------------------------------------------------------------------
  clock CLK (rise edge)                                   0.00       0.00
  clock network delay (ideal)                             0.00       0.00
  input external delay                                    1.20       1.20 r
  m_axi_arready[0] (in)                                   0.01       1.21 r
  U172649/ZN (INV_X1)                                     0.03       1.24 f
  U168582/ZN (OAI211_X1)                                  0.38       1.62 r
  U169088/ZN (INV_X1)                                     0.31       1.93 f
  U243253/ZN (NOR2_X4)                                    0.69       2.61 r
  U243525/Z (CLKBUF_X2)                                   0.71       3.33 r
  U243345/ZN (AOI22_X1)                                   0.17       3.50 f
  U243346/ZN (OAI21_X1)                                   0.13       3.63 r
  vortex/g_clusters[0].cluster/g_sockets[0].socket/mem_arb/req_arb/g_input_select.g_arbiter.g_out_buf[0].out_buf/g_eb2.stream_buffer/g_buffer.data_out_r_reg[609]/D (DFF_X1)
                                                          0.01       3.63 r
  data arrival time                                                  3.63

  clock CLK (rise edge)                                   4.00       4.00
  clock network delay (ideal)                             0.00       4.00
  clock uncertainty                                      -0.25       3.75
  vortex/g_clusters[0].cluster/g_sockets[0].socket/mem_arb/req_arb/g_input_select.g_arbiter.g_out_buf[0].out_buf/g_eb2.stream_buffer/g_buffer.data_out_r_reg[609]/CK (DFF_X1)
                                                          0.00       3.75 r
  library setup time                                     -0.07       3.68
  data required time                                                 3.68
  --------------------------------------------------------------------------
  data required time                                                 3.68
  data arrival time                                                 -3.63
  --------------------------------------------------------------------------
  slack (MET)                                                        0.04


  Startpoint: m_axi_arready[0]
              (input port clocked by CLK)
  Endpoint: vortex/g_clusters[0].cluster/g_sockets[0].socket/mem_arb/req_arb/g_input_select.g_arbiter.g_out_buf[0].out_buf/g_eb2.stream_buffer/g_buffer.data_out_r_reg[13]
            (rising edge-triggered flip-flop clocked by CLK)
  Path Group: INREG
  Path Type: max

  Des/Clust/Port     Wire Load Model       Library
  ------------------------------------------------
  Vortex_axi         5K_hvratio_1_1        NangateOpenCellLibrary_ss0p95v125c

  Point                                                   Incr       Path
  --------------------------------------------------------------------------
  clock CLK (rise edge)                                   0.00       0.00
  clock network delay (ideal)                             0.00       0.00
  input external delay                                    1.20       1.20 r
  m_axi_arready[0] (in)                                   0.01       1.21 r
  U172649/ZN (INV_X1)                                     0.03       1.24 f
  U168582/ZN (OAI211_X1)                                  0.38       1.62 r
  U169088/ZN (INV_X1)                                     0.31       1.93 f
  U243253/ZN (NOR2_X4)                                    0.69       2.61 r
  U244114/Z (CLKBUF_X2)                                   0.71       3.33 r
  U244687/ZN (AOI22_X1)                                   0.17       3.50 f
  U244688/ZN (OAI21_X1)                                   0.13       3.63 r
  vortex/g_clusters[0].cluster/g_sockets[0].socket/mem_arb/req_arb/g_input_select.g_arbiter.g_out_buf[0].out_buf/g_eb2.stream_buffer/g_buffer.data_out_r_reg[13]/D (DFF_X1)
                                                          0.01       3.63 r
  data arrival time                                                  3.63

  clock CLK (rise edge)                                   4.00       4.00
  clock network delay (ideal)                             0.00       4.00
  clock uncertainty                                      -0.25       3.75
  vortex/g_clusters[0].cluster/g_sockets[0].socket/mem_arb/req_arb/g_input_select.g_arbiter.g_out_buf[0].out_buf/g_eb2.stream_buffer/g_buffer.data_out_r_reg[13]/CK (DFF_X1)
                                                          0.00       3.75 r
  library setup time                                     -0.07       3.68
  data required time                                                 3.68
  --------------------------------------------------------------------------
  data required time                                                 3.68
  data arrival time                                                 -3.63
  --------------------------------------------------------------------------
  slack (MET)                                                        0.04


  Startpoint: m_axi_arready[0]
              (input port clocked by CLK)
  Endpoint: vortex/g_clusters[0].cluster/g_sockets[0].socket/mem_arb/req_arb/g_input_select.g_arbiter.g_out_buf[0].out_buf/g_eb2.stream_buffer/g_buffer.data_out_r_reg[15]
            (rising edge-triggered flip-flop clocked by CLK)
  Path Group: INREG
  Path Type: max

  Des/Clust/Port     Wire Load Model       Library
  ------------------------------------------------
  Vortex_axi         5K_hvratio_1_1        NangateOpenCellLibrary_ss0p95v125c

  Point                                                   Incr       Path
  --------------------------------------------------------------------------
  clock CLK (rise edge)                                   0.00       0.00
  clock network delay (ideal)                             0.00       0.00
  input external delay                                    1.20       1.20 r
  m_axi_arready[0] (in)                                   0.01       1.21 r
  U172649/ZN (INV_X1)                                     0.03       1.24 f
  U168582/ZN (OAI211_X1)                                  0.38       1.62 r
  U169088/ZN (INV_X1)                                     0.31       1.93 f
  U243253/ZN (NOR2_X4)                                    0.69       2.61 r
  U243525/Z (CLKBUF_X2)                                   0.71       3.33 r
  U244693/ZN (AOI22_X1)                                   0.17       3.50 f
  U244694/ZN (OAI21_X1)                                   0.13       3.63 r
  vortex/g_clusters[0].cluster/g_sockets[0].socket/mem_arb/req_arb/g_input_select.g_arbiter.g_out_buf[0].out_buf/g_eb2.stream_buffer/g_buffer.data_out_r_reg[15]/D (DFF_X1)
                                                          0.01       3.63 r
  data arrival time                                                  3.63

  clock CLK (rise edge)                                   4.00       4.00
  clock network delay (ideal)                             0.00       4.00
  clock uncertainty                                      -0.25       3.75
  vortex/g_clusters[0].cluster/g_sockets[0].socket/mem_arb/req_arb/g_input_select.g_arbiter.g_out_buf[0].out_buf/g_eb2.stream_buffer/g_buffer.data_out_r_reg[15]/CK (DFF_X1)
                                                          0.00       3.75 r
  library setup time                                     -0.07       3.68
  data required time                                                 3.68
  --------------------------------------------------------------------------
  data required time                                                 3.68
  data arrival time                                                 -3.63
  --------------------------------------------------------------------------
  slack (MET)                                                        0.04


  Startpoint: m_axi_arready[0]
              (input port clocked by CLK)
  Endpoint: vortex/g_clusters[0].cluster/g_sockets[0].socket/mem_arb/req_arb/g_input_select.g_arbiter.g_out_buf[0].out_buf/g_eb2.stream_buffer/g_buffer.data_out_r_reg[17]
            (rising edge-triggered flip-flop clocked by CLK)
  Path Group: INREG
  Path Type: max

  Des/Clust/Port     Wire Load Model       Library
  ------------------------------------------------
  Vortex_axi         5K_hvratio_1_1        NangateOpenCellLibrary_ss0p95v125c

  Point                                                   Incr       Path
  --------------------------------------------------------------------------
  clock CLK (rise edge)                                   0.00       0.00
  clock network delay (ideal)                             0.00       0.00
  input external delay                                    1.20       1.20 r
  m_axi_arready[0] (in)                                   0.01       1.21 r
  U172649/ZN (INV_X1)                                     0.03       1.24 f
  U168582/ZN (OAI211_X1)                                  0.38       1.62 r
  U169088/ZN (INV_X1)                                     0.31       1.93 f
  U243253/ZN (NOR2_X4)                                    0.69       2.61 r
  U244114/Z (CLKBUF_X2)                                   0.71       3.33 r
  U244699/ZN (AOI22_X1)                                   0.17       3.50 f
  U244700/ZN (OAI21_X1)                                   0.13       3.63 r
  vortex/g_clusters[0].cluster/g_sockets[0].socket/mem_arb/req_arb/g_input_select.g_arbiter.g_out_buf[0].out_buf/g_eb2.stream_buffer/g_buffer.data_out_r_reg[17]/D (DFF_X1)
                                                          0.01       3.63 r
  data arrival time                                                  3.63

  clock CLK (rise edge)                                   4.00       4.00
  clock network delay (ideal)                             0.00       4.00
  clock uncertainty                                      -0.25       3.75
  vortex/g_clusters[0].cluster/g_sockets[0].socket/mem_arb/req_arb/g_input_select.g_arbiter.g_out_buf[0].out_buf/g_eb2.stream_buffer/g_buffer.data_out_r_reg[17]/CK (DFF_X1)
                                                          0.00       3.75 r
  library setup time                                     -0.07       3.68
  data required time                                                 3.68
  --------------------------------------------------------------------------
  data required time                                                 3.68
  data arrival time                                                 -3.63
  --------------------------------------------------------------------------
  slack (MET)                                                        0.04


  Startpoint: m_axi_arready[0]
              (input port clocked by CLK)
  Endpoint: vortex/g_clusters[0].cluster/g_sockets[0].socket/mem_arb/req_arb/g_input_select.g_arbiter.g_out_buf[0].out_buf/g_eb2.stream_buffer/g_buffer.data_out_r_reg[26]
            (rising edge-triggered flip-flop clocked by CLK)
  Path Group: INREG
  Path Type: max

  Des/Clust/Port     Wire Load Model       Library
  ------------------------------------------------
  Vortex_axi         5K_hvratio_1_1        NangateOpenCellLibrary_ss0p95v125c

  Point                                                   Incr       Path
  --------------------------------------------------------------------------
  clock CLK (rise edge)                                   0.00       0.00
  clock network delay (ideal)                             0.00       0.00
  input external delay                                    1.20       1.20 r
  m_axi_arready[0] (in)                                   0.01       1.21 r
  U172649/ZN (INV_X1)                                     0.03       1.24 f
  U168582/ZN (OAI211_X1)                                  0.38       1.62 r
  U169088/ZN (INV_X1)                                     0.31       1.93 f
  U243253/ZN (NOR2_X4)                                    0.69       2.61 r
  U244430/Z (CLKBUF_X2)                                   0.71       3.33 r
  U244726/ZN (AOI22_X1)                                   0.17       3.50 f
  U244727/ZN (OAI21_X1)                                   0.13       3.63 r
  vortex/g_clusters[0].cluster/g_sockets[0].socket/mem_arb/req_arb/g_input_select.g_arbiter.g_out_buf[0].out_buf/g_eb2.stream_buffer/g_buffer.data_out_r_reg[26]/D (DFF_X1)
                                                          0.01       3.63 r
  data arrival time                                                  3.63

  clock CLK (rise edge)                                   4.00       4.00
  clock network delay (ideal)                             0.00       4.00
  clock uncertainty                                      -0.25       3.75
  vortex/g_clusters[0].cluster/g_sockets[0].socket/mem_arb/req_arb/g_input_select.g_arbiter.g_out_buf[0].out_buf/g_eb2.stream_buffer/g_buffer.data_out_r_reg[26]/CK (DFF_X1)
                                                          0.00       3.75 r
  library setup time                                     -0.07       3.68
  data required time                                                 3.68
  --------------------------------------------------------------------------
  data required time                                                 3.68
  data arrival time                                                 -3.63
  --------------------------------------------------------------------------
  slack (MET)                                                        0.04


  Startpoint: m_axi_arready[0]
              (input port clocked by CLK)
  Endpoint: vortex/g_clusters[0].cluster/g_sockets[0].socket/mem_arb/req_arb/g_input_select.g_arbiter.g_out_buf[0].out_buf/g_eb2.stream_buffer/g_buffer.data_out_r_reg[27]
            (rising edge-triggered flip-flop clocked by CLK)
  Path Group: INREG
  Path Type: max

  Des/Clust/Port     Wire Load Model       Library
  ------------------------------------------------
  Vortex_axi         5K_hvratio_1_1        NangateOpenCellLibrary_ss0p95v125c

  Point                                                   Incr       Path
  --------------------------------------------------------------------------
  clock CLK (rise edge)                                   0.00       0.00
  clock network delay (ideal)                             0.00       0.00
  input external delay                                    1.20       1.20 r
  m_axi_arready[0] (in)                                   0.01       1.21 r
  U172649/ZN (INV_X1)                                     0.03       1.24 f
  U168582/ZN (OAI211_X1)                                  0.38       1.62 r
  U169088/ZN (INV_X1)                                     0.31       1.93 f
  U243253/ZN (NOR2_X4)                                    0.69       2.61 r
  U244503/Z (CLKBUF_X2)                                   0.71       3.33 r
  U244729/ZN (AOI22_X1)                                   0.17       3.50 f
  U244730/ZN (OAI21_X1)                                   0.13       3.63 r
  vortex/g_clusters[0].cluster/g_sockets[0].socket/mem_arb/req_arb/g_input_select.g_arbiter.g_out_buf[0].out_buf/g_eb2.stream_buffer/g_buffer.data_out_r_reg[27]/D (DFF_X1)
                                                          0.01       3.63 r
  data arrival time                                                  3.63

  clock CLK (rise edge)                                   4.00       4.00
  clock network delay (ideal)                             0.00       4.00
  clock uncertainty                                      -0.25       3.75
  vortex/g_clusters[0].cluster/g_sockets[0].socket/mem_arb/req_arb/g_input_select.g_arbiter.g_out_buf[0].out_buf/g_eb2.stream_buffer/g_buffer.data_out_r_reg[27]/CK (DFF_X1)
                                                          0.00       3.75 r
  library setup time                                     -0.07       3.68
  data required time                                                 3.68
  --------------------------------------------------------------------------
  data required time                                                 3.68
  data arrival time                                                 -3.63
  --------------------------------------------------------------------------
  slack (MET)                                                        0.04


  Startpoint: m_axi_arready[0]
              (input port clocked by CLK)
  Endpoint: vortex/g_clusters[0].cluster/g_sockets[0].socket/mem_arb/req_arb/g_input_select.g_arbiter.g_out_buf[0].out_buf/g_eb2.stream_buffer/g_buffer.data_out_r_reg[28]
            (rising edge-triggered flip-flop clocked by CLK)
  Path Group: INREG
  Path Type: max

  Des/Clust/Port     Wire Load Model       Library
  ------------------------------------------------
  Vortex_axi         5K_hvratio_1_1        NangateOpenCellLibrary_ss0p95v125c

  Point                                                   Incr       Path
  --------------------------------------------------------------------------
  clock CLK (rise edge)                                   0.00       0.00
  clock network delay (ideal)                             0.00       0.00
  input external delay                                    1.20       1.20 r
  m_axi_arready[0] (in)                                   0.01       1.21 r
  U172649/ZN (INV_X1)                                     0.03       1.24 f
  U168582/ZN (OAI211_X1)                                  0.38       1.62 r
  U169088/ZN (INV_X1)                                     0.31       1.93 f
  U243253/ZN (NOR2_X4)                                    0.69       2.61 r
  U244503/Z (CLKBUF_X2)                                   0.71       3.33 r
  U244732/ZN (AOI22_X1)                                   0.17       3.50 f
  U244733/ZN (OAI21_X1)                                   0.13       3.63 r
  vortex/g_clusters[0].cluster/g_sockets[0].socket/mem_arb/req_arb/g_input_select.g_arbiter.g_out_buf[0].out_buf/g_eb2.stream_buffer/g_buffer.data_out_r_reg[28]/D (DFF_X1)
                                                          0.01       3.63 r
  data arrival time                                                  3.63

  clock CLK (rise edge)                                   4.00       4.00
  clock network delay (ideal)                             0.00       4.00
  clock uncertainty                                      -0.25       3.75
  vortex/g_clusters[0].cluster/g_sockets[0].socket/mem_arb/req_arb/g_input_select.g_arbiter.g_out_buf[0].out_buf/g_eb2.stream_buffer/g_buffer.data_out_r_reg[28]/CK (DFF_X1)
                                                          0.00       3.75 r
  library setup time                                     -0.07       3.68
  data required time                                                 3.68
  --------------------------------------------------------------------------
  data required time                                                 3.68
  data arrival time                                                 -3.63
  --------------------------------------------------------------------------
  slack (MET)                                                        0.04


  Startpoint: m_axi_arready[0]
              (input port clocked by CLK)
  Endpoint: vortex/g_clusters[0].cluster/g_sockets[0].socket/mem_arb/req_arb/g_input_select.g_arbiter.g_out_buf[0].out_buf/g_eb2.stream_buffer/g_buffer.data_out_r_reg[606]
            (rising edge-triggered flip-flop clocked by CLK)
  Path Group: INREG
  Path Type: max

  Des/Clust/Port     Wire Load Model       Library
  ------------------------------------------------
  Vortex_axi         5K_hvratio_1_1        NangateOpenCellLibrary_ss0p95v125c

  Point                                                   Incr       Path
  --------------------------------------------------------------------------
  clock CLK (rise edge)                                   0.00       0.00
  clock network delay (ideal)                             0.00       0.00
  input external delay                                    1.20       1.20 r
  m_axi_arready[0] (in)                                   0.01       1.21 r
  U172649/ZN (INV_X1)                                     0.03       1.24 f
  U168582/ZN (OAI211_X1)                                  0.38       1.62 r
  U169088/ZN (INV_X1)                                     0.31       1.93 f
  U243253/ZN (NOR2_X4)                                    0.69       2.61 r
  U243525/Z (CLKBUF_X2)                                   0.71       3.33 r
  U243329/ZN (AOI22_X1)                                   0.17       3.50 f
  U243330/ZN (OAI21_X1)                                   0.13       3.63 r
  vortex/g_clusters[0].cluster/g_sockets[0].socket/mem_arb/req_arb/g_input_select.g_arbiter.g_out_buf[0].out_buf/g_eb2.stream_buffer/g_buffer.data_out_r_reg[606]/D (DFF_X1)
                                                          0.01       3.63 r
  data arrival time                                                  3.63

  clock CLK (rise edge)                                   4.00       4.00
  clock network delay (ideal)                             0.00       4.00
  clock uncertainty                                      -0.25       3.75
  vortex/g_clusters[0].cluster/g_sockets[0].socket/mem_arb/req_arb/g_input_select.g_arbiter.g_out_buf[0].out_buf/g_eb2.stream_buffer/g_buffer.data_out_r_reg[606]/CK (DFF_X1)
                                                          0.00       3.75 r
  library setup time                                     -0.07       3.68
  data required time                                                 3.68
  --------------------------------------------------------------------------
  data required time                                                 3.68
  data arrival time                                                 -3.63
  --------------------------------------------------------------------------
  slack (MET)                                                        0.04


  Startpoint: m_axi_arready[0]
              (input port clocked by CLK)
  Endpoint: vortex/g_clusters[0].cluster/g_sockets[0].socket/mem_arb/req_arb/g_input_select.g_arbiter.g_out_buf[0].out_buf/g_eb2.stream_buffer/g_buffer.data_out_r_reg[594]
            (rising edge-triggered flip-flop clocked by CLK)
  Path Group: INREG
  Path Type: max

  Des/Clust/Port     Wire Load Model       Library
  ------------------------------------------------
  Vortex_axi         5K_hvratio_1_1        NangateOpenCellLibrary_ss0p95v125c

  Point                                                   Incr       Path
  --------------------------------------------------------------------------
  clock CLK (rise edge)                                   0.00       0.00
  clock network delay (ideal)                             0.00       0.00
  input external delay                                    1.20       1.20 r
  m_axi_arready[0] (in)                                   0.01       1.21 r
  U172649/ZN (INV_X1)                                     0.03       1.24 f
  U168582/ZN (OAI211_X1)                                  0.38       1.62 r
  U169088/ZN (INV_X1)                                     0.31       1.93 f
  U243253/ZN (NOR2_X4)                                    0.69       2.61 r
  U243525/Z (CLKBUF_X2)                                   0.71       3.33 r
  U243265/ZN (AOI22_X1)                                   0.17       3.50 f
  U243266/ZN (OAI21_X1)                                   0.13       3.63 r
  vortex/g_clusters[0].cluster/g_sockets[0].socket/mem_arb/req_arb/g_input_select.g_arbiter.g_out_buf[0].out_buf/g_eb2.stream_buffer/g_buffer.data_out_r_reg[594]/D (DFF_X1)
                                                          0.01       3.63 r
  data arrival time                                                  3.63

  clock CLK (rise edge)                                   4.00       4.00
  clock network delay (ideal)                             0.00       4.00
  clock uncertainty                                      -0.25       3.75
  vortex/g_clusters[0].cluster/g_sockets[0].socket/mem_arb/req_arb/g_input_select.g_arbiter.g_out_buf[0].out_buf/g_eb2.stream_buffer/g_buffer.data_out_r_reg[594]/CK (DFF_X1)
                                                          0.00       3.75 r
  library setup time                                     -0.07       3.68
  data required time                                                 3.68
  --------------------------------------------------------------------------
  data required time                                                 3.68
  data arrival time                                                 -3.63
  --------------------------------------------------------------------------
  slack (MET)                                                        0.04


  Startpoint: m_axi_arready[0]
              (input port clocked by CLK)
  Endpoint: vortex/g_clusters[0].cluster/g_sockets[0].socket/mem_arb/req_arb/g_input_select.g_arbiter.g_out_buf[0].out_buf/g_eb2.stream_buffer/g_buffer.data_out_r_reg[610]
            (rising edge-triggered flip-flop clocked by CLK)
  Path Group: INREG
  Path Type: max

  Des/Clust/Port     Wire Load Model       Library
  ------------------------------------------------
  Vortex_axi         5K_hvratio_1_1        NangateOpenCellLibrary_ss0p95v125c

  Point                                                   Incr       Path
  --------------------------------------------------------------------------
  clock CLK (rise edge)                                   0.00       0.00
  clock network delay (ideal)                             0.00       0.00
  input external delay                                    1.20       1.20 r
  m_axi_arready[0] (in)                                   0.01       1.21 r
  U172649/ZN (INV_X1)                                     0.03       1.24 f
  U168582/ZN (OAI211_X1)                                  0.38       1.62 r
  U169088/ZN (INV_X1)                                     0.31       1.93 f
  U243253/ZN (NOR2_X4)                                    0.69       2.61 r
  U243525/Z (CLKBUF_X2)                                   0.71       3.33 r
  U243350/ZN (AOI22_X1)                                   0.17       3.50 f
  U243351/ZN (OAI21_X1)                                   0.13       3.63 r
  vortex/g_clusters[0].cluster/g_sockets[0].socket/mem_arb/req_arb/g_input_select.g_arbiter.g_out_buf[0].out_buf/g_eb2.stream_buffer/g_buffer.data_out_r_reg[610]/D (DFF_X1)
                                                          0.01       3.63 r
  data arrival time                                                  3.63

  clock CLK (rise edge)                                   4.00       4.00
  clock network delay (ideal)                             0.00       4.00
  clock uncertainty                                      -0.25       3.75
  vortex/g_clusters[0].cluster/g_sockets[0].socket/mem_arb/req_arb/g_input_select.g_arbiter.g_out_buf[0].out_buf/g_eb2.stream_buffer/g_buffer.data_out_r_reg[610]/CK (DFF_X1)
                                                          0.00       3.75 r
  library setup time                                     -0.07       3.68
  data required time                                                 3.68
  --------------------------------------------------------------------------
  data required time                                                 3.68
  data arrival time                                                 -3.63
  --------------------------------------------------------------------------
  slack (MET)                                                        0.04


  Startpoint: m_axi_arready[0]
              (input port clocked by CLK)
  Endpoint: vortex/g_clusters[0].cluster/g_sockets[0].socket/mem_arb/req_arb/g_input_select.g_arbiter.g_out_buf[0].out_buf/g_eb2.stream_buffer/g_buffer.data_out_r_reg[589]
            (rising edge-triggered flip-flop clocked by CLK)
  Path Group: INREG
  Path Type: max

  Des/Clust/Port     Wire Load Model       Library
  ------------------------------------------------
  Vortex_axi         5K_hvratio_1_1        NangateOpenCellLibrary_ss0p95v125c

  Point                                                   Incr       Path
  --------------------------------------------------------------------------
  clock CLK (rise edge)                                   0.00       0.00
  clock network delay (ideal)                             0.00       0.00
  input external delay                                    1.20       1.20 r
  m_axi_arready[0] (in)                                   0.01       1.21 r
  U172649/ZN (INV_X1)                                     0.03       1.24 f
  U168582/ZN (OAI211_X1)                                  0.38       1.62 r
  U169088/ZN (INV_X1)                                     0.31       1.93 f
  U243253/ZN (NOR2_X4)                                    0.69       2.61 r
  U244430/Z (CLKBUF_X2)                                   0.71       3.33 r
  U243742/ZN (AOI22_X1)                                   0.17       3.50 f
  U243743/ZN (OAI21_X1)                                   0.13       3.63 r
  vortex/g_clusters[0].cluster/g_sockets[0].socket/mem_arb/req_arb/g_input_select.g_arbiter.g_out_buf[0].out_buf/g_eb2.stream_buffer/g_buffer.data_out_r_reg[589]/D (DFF_X1)
                                                          0.01       3.63 r
  data arrival time                                                  3.63

  clock CLK (rise edge)                                   4.00       4.00
  clock network delay (ideal)                             0.00       4.00
  clock uncertainty                                      -0.25       3.75
  vortex/g_clusters[0].cluster/g_sockets[0].socket/mem_arb/req_arb/g_input_select.g_arbiter.g_out_buf[0].out_buf/g_eb2.stream_buffer/g_buffer.data_out_r_reg[589]/CK (DFF_X1)
                                                          0.00       3.75 r
  library setup time                                     -0.07       3.68
  data required time                                                 3.68
  --------------------------------------------------------------------------
  data required time                                                 3.68
  data arrival time                                                 -3.63
  --------------------------------------------------------------------------
  slack (MET)                                                        0.04


  Startpoint: m_axi_arready[0]
              (input port clocked by CLK)
  Endpoint: vortex/g_clusters[0].cluster/g_sockets[0].socket/mem_arb/req_arb/g_input_select.g_arbiter.g_out_buf[0].out_buf/g_eb2.stream_buffer/g_buffer.data_out_r_reg[1]
            (rising edge-triggered flip-flop clocked by CLK)
  Path Group: INREG
  Path Type: max

  Des/Clust/Port     Wire Load Model       Library
  ------------------------------------------------
  Vortex_axi         5K_hvratio_1_1        NangateOpenCellLibrary_ss0p95v125c

  Point                                                   Incr       Path
  --------------------------------------------------------------------------
  clock CLK (rise edge)                                   0.00       0.00
  clock network delay (ideal)                             0.00       0.00
  input external delay                                    1.20       1.20 r
  m_axi_arready[0] (in)                                   0.01       1.21 r
  U172649/ZN (INV_X1)                                     0.03       1.24 f
  U168582/ZN (OAI211_X1)                                  0.38       1.62 r
  U169088/ZN (INV_X1)                                     0.31       1.93 f
  U243253/ZN (NOR2_X4)                                    0.69       2.61 r
  U243525/Z (CLKBUF_X2)                                   0.71       3.33 r
  U244651/ZN (AOI22_X1)                                   0.17       3.50 f
  U244652/ZN (OAI21_X1)                                   0.13       3.63 r
  vortex/g_clusters[0].cluster/g_sockets[0].socket/mem_arb/req_arb/g_input_select.g_arbiter.g_out_buf[0].out_buf/g_eb2.stream_buffer/g_buffer.data_out_r_reg[1]/D (DFF_X1)
                                                          0.01       3.63 r
  data arrival time                                                  3.63

  clock CLK (rise edge)                                   4.00       4.00
  clock network delay (ideal)                             0.00       4.00
  clock uncertainty                                      -0.25       3.75
  vortex/g_clusters[0].cluster/g_sockets[0].socket/mem_arb/req_arb/g_input_select.g_arbiter.g_out_buf[0].out_buf/g_eb2.stream_buffer/g_buffer.data_out_r_reg[1]/CK (DFF_X1)
                                                          0.00       3.75 r
  library setup time                                     -0.07       3.68
  data required time                                                 3.68
  --------------------------------------------------------------------------
  data required time                                                 3.68
  data arrival time                                                 -3.63
  --------------------------------------------------------------------------
  slack (MET)                                                        0.04


  Startpoint: m_axi_arready[0]
              (input port clocked by CLK)
  Endpoint: vortex/g_clusters[0].cluster/g_sockets[0].socket/mem_arb/req_arb/g_input_select.g_arbiter.g_out_buf[0].out_buf/g_eb2.stream_buffer/g_buffer.data_out_r_reg[3]
            (rising edge-triggered flip-flop clocked by CLK)
  Path Group: INREG
  Path Type: max

  Des/Clust/Port     Wire Load Model       Library
  ------------------------------------------------
  Vortex_axi         5K_hvratio_1_1        NangateOpenCellLibrary_ss0p95v125c

  Point                                                   Incr       Path
  --------------------------------------------------------------------------
  clock CLK (rise edge)                                   0.00       0.00
  clock network delay (ideal)                             0.00       0.00
  input external delay                                    1.20       1.20 r
  m_axi_arready[0] (in)                                   0.01       1.21 r
  U172649/ZN (INV_X1)                                     0.03       1.24 f
  U168582/ZN (OAI211_X1)                                  0.38       1.62 r
  U169088/ZN (INV_X1)                                     0.31       1.93 f
  U243253/ZN (NOR2_X4)                                    0.69       2.61 r
  U243895/Z (CLKBUF_X2)                                   0.71       3.33 r
  U244661/ZN (AOI22_X1)                                   0.17       3.50 f
  U244662/ZN (OAI21_X1)                                   0.13       3.63 r
  vortex/g_clusters[0].cluster/g_sockets[0].socket/mem_arb/req_arb/g_input_select.g_arbiter.g_out_buf[0].out_buf/g_eb2.stream_buffer/g_buffer.data_out_r_reg[3]/D (DFF_X1)
                                                          0.01       3.63 r
  data arrival time                                                  3.63

  clock CLK (rise edge)                                   4.00       4.00
  clock network delay (ideal)                             0.00       4.00
  clock uncertainty                                      -0.25       3.75
  vortex/g_clusters[0].cluster/g_sockets[0].socket/mem_arb/req_arb/g_input_select.g_arbiter.g_out_buf[0].out_buf/g_eb2.stream_buffer/g_buffer.data_out_r_reg[3]/CK (DFF_X1)
                                                          0.00       3.75 r
  library setup time                                     -0.07       3.68
  data required time                                                 3.68
  --------------------------------------------------------------------------
  data required time                                                 3.68
  data arrival time                                                 -3.63
  --------------------------------------------------------------------------
  slack (MET)                                                        0.04


  Startpoint: m_axi_arready[0]
              (input port clocked by CLK)
  Endpoint: vortex/g_clusters[0].cluster/g_sockets[0].socket/mem_arb/req_arb/g_input_select.g_arbiter.g_out_buf[0].out_buf/g_eb2.stream_buffer/g_buffer.data_out_r_reg[5]
            (rising edge-triggered flip-flop clocked by CLK)
  Path Group: INREG
  Path Type: max

  Des/Clust/Port     Wire Load Model       Library
  ------------------------------------------------
  Vortex_axi         5K_hvratio_1_1        NangateOpenCellLibrary_ss0p95v125c

  Point                                                   Incr       Path
  --------------------------------------------------------------------------
  clock CLK (rise edge)                                   0.00       0.00
  clock network delay (ideal)                             0.00       0.00
  input external delay                                    1.20       1.20 r
  m_axi_arready[0] (in)                                   0.01       1.21 r
  U172649/ZN (INV_X1)                                     0.03       1.24 f
  U168582/ZN (OAI211_X1)                                  0.38       1.62 r
  U169088/ZN (INV_X1)                                     0.31       1.93 f
  U243253/ZN (NOR2_X4)                                    0.69       2.61 r
  U243895/Z (CLKBUF_X2)                                   0.71       3.33 r
  U244667/ZN (AOI22_X1)                                   0.17       3.50 f
  U244668/ZN (OAI21_X1)                                   0.13       3.63 r
  vortex/g_clusters[0].cluster/g_sockets[0].socket/mem_arb/req_arb/g_input_select.g_arbiter.g_out_buf[0].out_buf/g_eb2.stream_buffer/g_buffer.data_out_r_reg[5]/D (DFF_X1)
                                                          0.01       3.63 r
  data arrival time                                                  3.63

  clock CLK (rise edge)                                   4.00       4.00
  clock network delay (ideal)                             0.00       4.00
  clock uncertainty                                      -0.25       3.75
  vortex/g_clusters[0].cluster/g_sockets[0].socket/mem_arb/req_arb/g_input_select.g_arbiter.g_out_buf[0].out_buf/g_eb2.stream_buffer/g_buffer.data_out_r_reg[5]/CK (DFF_X1)
                                                          0.00       3.75 r
  library setup time                                     -0.07       3.68
  data required time                                                 3.68
  --------------------------------------------------------------------------
  data required time                                                 3.68
  data arrival time                                                 -3.63
  --------------------------------------------------------------------------
  slack (MET)                                                        0.04


  Startpoint: m_axi_arready[0]
              (input port clocked by CLK)
  Endpoint: vortex/g_clusters[0].cluster/g_sockets[0].socket/mem_arb/req_arb/g_input_select.g_arbiter.g_out_buf[0].out_buf/g_eb2.stream_buffer/g_buffer.data_out_r_reg[6]
            (rising edge-triggered flip-flop clocked by CLK)
  Path Group: INREG
  Path Type: max

  Des/Clust/Port     Wire Load Model       Library
  ------------------------------------------------
  Vortex_axi         5K_hvratio_1_1        NangateOpenCellLibrary_ss0p95v125c

  Point                                                   Incr       Path
  --------------------------------------------------------------------------
  clock CLK (rise edge)                                   0.00       0.00
  clock network delay (ideal)                             0.00       0.00
  input external delay                                    1.20       1.20 r
  m_axi_arready[0] (in)                                   0.01       1.21 r
  U172649/ZN (INV_X1)                                     0.03       1.24 f
  U168582/ZN (OAI211_X1)                                  0.38       1.62 r
  U169088/ZN (INV_X1)                                     0.31       1.93 f
  U243253/ZN (NOR2_X4)                                    0.69       2.61 r
  U244188/Z (CLKBUF_X2)                                   0.71       3.33 r
  U244672/ZN (AOI22_X1)                                   0.17       3.50 f
  U244673/ZN (OAI21_X1)                                   0.13       3.63 r
  vortex/g_clusters[0].cluster/g_sockets[0].socket/mem_arb/req_arb/g_input_select.g_arbiter.g_out_buf[0].out_buf/g_eb2.stream_buffer/g_buffer.data_out_r_reg[6]/D (DFF_X1)
                                                          0.01       3.63 r
  data arrival time                                                  3.63

  clock CLK (rise edge)                                   4.00       4.00
  clock network delay (ideal)                             0.00       4.00
  clock uncertainty                                      -0.25       3.75
  vortex/g_clusters[0].cluster/g_sockets[0].socket/mem_arb/req_arb/g_input_select.g_arbiter.g_out_buf[0].out_buf/g_eb2.stream_buffer/g_buffer.data_out_r_reg[6]/CK (DFF_X1)
                                                          0.00       3.75 r
  library setup time                                     -0.07       3.68
  data required time                                                 3.68
  --------------------------------------------------------------------------
  data required time                                                 3.68
  data arrival time                                                 -3.63
  --------------------------------------------------------------------------
  slack (MET)                                                        0.04


  Startpoint: m_axi_arready[0]
              (input port clocked by CLK)
  Endpoint: vortex/g_clusters[0].cluster/g_sockets[0].socket/mem_arb/req_arb/g_input_select.g_arbiter.g_out_buf[0].out_buf/g_eb2.stream_buffer/g_buffer.data_out_r_reg[10]
            (rising edge-triggered flip-flop clocked by CLK)
  Path Group: INREG
  Path Type: max

  Des/Clust/Port     Wire Load Model       Library
  ------------------------------------------------
  Vortex_axi         5K_hvratio_1_1        NangateOpenCellLibrary_ss0p95v125c

  Point                                                   Incr       Path
  --------------------------------------------------------------------------
  clock CLK (rise edge)                                   0.00       0.00
  clock network delay (ideal)                             0.00       0.00
  input external delay                                    1.20       1.20 r
  m_axi_arready[0] (in)                                   0.01       1.21 r
  U172649/ZN (INV_X1)                                     0.03       1.24 f
  U168582/ZN (OAI211_X1)                                  0.38       1.62 r
  U169088/ZN (INV_X1)                                     0.31       1.93 f
  U243253/ZN (NOR2_X4)                                    0.69       2.61 r
  U244040/Z (CLKBUF_X2)                                   0.71       3.33 r
  U244678/ZN (AOI22_X1)                                   0.17       3.50 f
  U244679/ZN (OAI21_X1)                                   0.13       3.63 r
  vortex/g_clusters[0].cluster/g_sockets[0].socket/mem_arb/req_arb/g_input_select.g_arbiter.g_out_buf[0].out_buf/g_eb2.stream_buffer/g_buffer.data_out_r_reg[10]/D (DFF_X1)
                                                          0.01       3.63 r
  data arrival time                                                  3.63

  clock CLK (rise edge)                                   4.00       4.00
  clock network delay (ideal)                             0.00       4.00
  clock uncertainty                                      -0.25       3.75
  vortex/g_clusters[0].cluster/g_sockets[0].socket/mem_arb/req_arb/g_input_select.g_arbiter.g_out_buf[0].out_buf/g_eb2.stream_buffer/g_buffer.data_out_r_reg[10]/CK (DFF_X1)
                                                          0.00       3.75 r
  library setup time                                     -0.07       3.68
  data required time                                                 3.68
  --------------------------------------------------------------------------
  data required time                                                 3.68
  data arrival time                                                 -3.63
  --------------------------------------------------------------------------
  slack (MET)                                                        0.04


  Startpoint: m_axi_arready[0]
              (input port clocked by CLK)
  Endpoint: vortex/g_clusters[0].cluster/g_sockets[0].socket/mem_arb/req_arb/g_input_select.g_arbiter.g_out_buf[0].out_buf/g_eb2.stream_buffer/g_buffer.data_out_r_reg[11]
            (rising edge-triggered flip-flop clocked by CLK)
  Path Group: INREG
  Path Type: max

  Des/Clust/Port     Wire Load Model       Library
  ------------------------------------------------
  Vortex_axi         5K_hvratio_1_1        NangateOpenCellLibrary_ss0p95v125c

  Point                                                   Incr       Path
  --------------------------------------------------------------------------
  clock CLK (rise edge)                                   0.00       0.00
  clock network delay (ideal)                             0.00       0.00
  input external delay                                    1.20       1.20 r
  m_axi_arready[0] (in)                                   0.01       1.21 r
  U172649/ZN (INV_X1)                                     0.03       1.24 f
  U168582/ZN (OAI211_X1)                                  0.38       1.62 r
  U169088/ZN (INV_X1)                                     0.31       1.93 f
  U243253/ZN (NOR2_X4)                                    0.69       2.61 r
  U244040/Z (CLKBUF_X2)                                   0.71       3.33 r
  U244681/ZN (AOI22_X1)                                   0.17       3.50 f
  U244682/ZN (OAI21_X1)                                   0.13       3.63 r
  vortex/g_clusters[0].cluster/g_sockets[0].socket/mem_arb/req_arb/g_input_select.g_arbiter.g_out_buf[0].out_buf/g_eb2.stream_buffer/g_buffer.data_out_r_reg[11]/D (DFF_X1)
                                                          0.01       3.63 r
  data arrival time                                                  3.63

  clock CLK (rise edge)                                   4.00       4.00
  clock network delay (ideal)                             0.00       4.00
  clock uncertainty                                      -0.25       3.75
  vortex/g_clusters[0].cluster/g_sockets[0].socket/mem_arb/req_arb/g_input_select.g_arbiter.g_out_buf[0].out_buf/g_eb2.stream_buffer/g_buffer.data_out_r_reg[11]/CK (DFF_X1)
                                                          0.00       3.75 r
  library setup time                                     -0.07       3.68
  data required time                                                 3.68
  --------------------------------------------------------------------------
  data required time                                                 3.68
  data arrival time                                                 -3.63
  --------------------------------------------------------------------------
  slack (MET)                                                        0.04


  Startpoint: m_axi_arready[0]
              (input port clocked by CLK)
  Endpoint: vortex/g_clusters[0].cluster/g_sockets[0].socket/mem_arb/req_arb/g_input_select.g_arbiter.g_out_buf[0].out_buf/g_eb2.stream_buffer/g_buffer.data_out_r_reg[12]
            (rising edge-triggered flip-flop clocked by CLK)
  Path Group: INREG
  Path Type: max

  Des/Clust/Port     Wire Load Model       Library
  ------------------------------------------------
  Vortex_axi         5K_hvratio_1_1        NangateOpenCellLibrary_ss0p95v125c

  Point                                                   Incr       Path
  --------------------------------------------------------------------------
  clock CLK (rise edge)                                   0.00       0.00
  clock network delay (ideal)                             0.00       0.00
  input external delay                                    1.20       1.20 r
  m_axi_arready[0] (in)                                   0.01       1.21 r
  U172649/ZN (INV_X1)                                     0.03       1.24 f
  U168582/ZN (OAI211_X1)                                  0.38       1.62 r
  U169088/ZN (INV_X1)                                     0.31       1.93 f
  U243253/ZN (NOR2_X4)                                    0.69       2.61 r
  U243895/Z (CLKBUF_X2)                                   0.71       3.33 r
  U244684/ZN (AOI22_X1)                                   0.17       3.50 f
  U244685/ZN (OAI21_X1)                                   0.13       3.63 r
  vortex/g_clusters[0].cluster/g_sockets[0].socket/mem_arb/req_arb/g_input_select.g_arbiter.g_out_buf[0].out_buf/g_eb2.stream_buffer/g_buffer.data_out_r_reg[12]/D (DFF_X1)
                                                          0.01       3.63 r
  data arrival time                                                  3.63

  clock CLK (rise edge)                                   4.00       4.00
  clock network delay (ideal)                             0.00       4.00
  clock uncertainty                                      -0.25       3.75
  vortex/g_clusters[0].cluster/g_sockets[0].socket/mem_arb/req_arb/g_input_select.g_arbiter.g_out_buf[0].out_buf/g_eb2.stream_buffer/g_buffer.data_out_r_reg[12]/CK (DFF_X1)
                                                          0.00       3.75 r
  library setup time                                     -0.07       3.68
  data required time                                                 3.68
  --------------------------------------------------------------------------
  data required time                                                 3.68
  data arrival time                                                 -3.63
  --------------------------------------------------------------------------
  slack (MET)                                                        0.04


  Startpoint: m_axi_arready[0]
              (input port clocked by CLK)
  Endpoint: vortex/g_clusters[0].cluster/g_sockets[0].socket/mem_arb/req_arb/g_input_select.g_arbiter.g_out_buf[0].out_buf/g_eb2.stream_buffer/g_buffer.data_out_r_reg[14]
            (rising edge-triggered flip-flop clocked by CLK)
  Path Group: INREG
  Path Type: max

  Des/Clust/Port     Wire Load Model       Library
  ------------------------------------------------
  Vortex_axi         5K_hvratio_1_1        NangateOpenCellLibrary_ss0p95v125c

  Point                                                   Incr       Path
  --------------------------------------------------------------------------
  clock CLK (rise edge)                                   0.00       0.00
  clock network delay (ideal)                             0.00       0.00
  input external delay                                    1.20       1.20 r
  m_axi_arready[0] (in)                                   0.01       1.21 r
  U172649/ZN (INV_X1)                                     0.03       1.24 f
  U168582/ZN (OAI211_X1)                                  0.38       1.62 r
  U169088/ZN (INV_X1)                                     0.31       1.93 f
  U243253/ZN (NOR2_X4)                                    0.69       2.61 r
  U244188/Z (CLKBUF_X2)                                   0.71       3.33 r
  U244690/ZN (AOI22_X1)                                   0.17       3.50 f
  U244691/ZN (OAI21_X1)                                   0.13       3.63 r
  vortex/g_clusters[0].cluster/g_sockets[0].socket/mem_arb/req_arb/g_input_select.g_arbiter.g_out_buf[0].out_buf/g_eb2.stream_buffer/g_buffer.data_out_r_reg[14]/D (DFF_X1)
                                                          0.01       3.63 r
  data arrival time                                                  3.63

  clock CLK (rise edge)                                   4.00       4.00
  clock network delay (ideal)                             0.00       4.00
  clock uncertainty                                      -0.25       3.75
  vortex/g_clusters[0].cluster/g_sockets[0].socket/mem_arb/req_arb/g_input_select.g_arbiter.g_out_buf[0].out_buf/g_eb2.stream_buffer/g_buffer.data_out_r_reg[14]/CK (DFF_X1)
                                                          0.00       3.75 r
  library setup time                                     -0.07       3.68
  data required time                                                 3.68
  --------------------------------------------------------------------------
  data required time                                                 3.68
  data arrival time                                                 -3.63
  --------------------------------------------------------------------------
  slack (MET)                                                        0.04


  Startpoint: m_axi_arready[0]
              (input port clocked by CLK)
  Endpoint: vortex/g_clusters[0].cluster/g_sockets[0].socket/mem_arb/req_arb/g_input_select.g_arbiter.g_out_buf[0].out_buf/g_eb2.stream_buffer/g_buffer.data_out_r_reg[16]
            (rising edge-triggered flip-flop clocked by CLK)
  Path Group: INREG
  Path Type: max

  Des/Clust/Port     Wire Load Model       Library
  ------------------------------------------------
  Vortex_axi         5K_hvratio_1_1        NangateOpenCellLibrary_ss0p95v125c

  Point                                                   Incr       Path
  --------------------------------------------------------------------------
  clock CLK (rise edge)                                   0.00       0.00
  clock network delay (ideal)                             0.00       0.00
  input external delay                                    1.20       1.20 r
  m_axi_arready[0] (in)                                   0.01       1.21 r
  U172649/ZN (INV_X1)                                     0.03       1.24 f
  U168582/ZN (OAI211_X1)                                  0.38       1.62 r
  U169088/ZN (INV_X1)                                     0.31       1.93 f
  U243253/ZN (NOR2_X4)                                    0.69       2.61 r
  U244430/Z (CLKBUF_X2)                                   0.71       3.33 r
  U244696/ZN (AOI22_X1)                                   0.17       3.50 f
  U244697/ZN (OAI21_X1)                                   0.13       3.63 r
  vortex/g_clusters[0].cluster/g_sockets[0].socket/mem_arb/req_arb/g_input_select.g_arbiter.g_out_buf[0].out_buf/g_eb2.stream_buffer/g_buffer.data_out_r_reg[16]/D (DFF_X1)
                                                          0.01       3.63 r
  data arrival time                                                  3.63

  clock CLK (rise edge)                                   4.00       4.00
  clock network delay (ideal)                             0.00       4.00
  clock uncertainty                                      -0.25       3.75
  vortex/g_clusters[0].cluster/g_sockets[0].socket/mem_arb/req_arb/g_input_select.g_arbiter.g_out_buf[0].out_buf/g_eb2.stream_buffer/g_buffer.data_out_r_reg[16]/CK (DFF_X1)
                                                          0.00       3.75 r
  library setup time                                     -0.07       3.68
  data required time                                                 3.68
  --------------------------------------------------------------------------
  data required time                                                 3.68
  data arrival time                                                 -3.63
  --------------------------------------------------------------------------
  slack (MET)                                                        0.04


  Startpoint: m_axi_arready[0]
              (input port clocked by CLK)
  Endpoint: vortex/g_clusters[0].cluster/g_sockets[0].socket/mem_arb/req_arb/g_input_select.g_arbiter.g_out_buf[0].out_buf/g_eb2.stream_buffer/g_buffer.data_out_r_reg[20]
            (rising edge-triggered flip-flop clocked by CLK)
  Path Group: INREG
  Path Type: max

  Des/Clust/Port     Wire Load Model       Library
  ------------------------------------------------
  Vortex_axi         5K_hvratio_1_1        NangateOpenCellLibrary_ss0p95v125c

  Point                                                   Incr       Path
  --------------------------------------------------------------------------
  clock CLK (rise edge)                                   0.00       0.00
  clock network delay (ideal)                             0.00       0.00
  input external delay                                    1.20       1.20 r
  m_axi_arready[0] (in)                                   0.01       1.21 r
  U172649/ZN (INV_X1)                                     0.03       1.24 f
  U168582/ZN (OAI211_X1)                                  0.38       1.62 r
  U169088/ZN (INV_X1)                                     0.31       1.93 f
  U243253/ZN (NOR2_X4)                                    0.69       2.61 r
  U243525/Z (CLKBUF_X2)                                   0.71       3.33 r
  U244708/ZN (AOI22_X1)                                   0.17       3.50 f
  U244709/ZN (OAI21_X1)                                   0.13       3.63 r
  vortex/g_clusters[0].cluster/g_sockets[0].socket/mem_arb/req_arb/g_input_select.g_arbiter.g_out_buf[0].out_buf/g_eb2.stream_buffer/g_buffer.data_out_r_reg[20]/D (DFF_X1)
                                                          0.01       3.63 r
  data arrival time                                                  3.63

  clock CLK (rise edge)                                   4.00       4.00
  clock network delay (ideal)                             0.00       4.00
  clock uncertainty                                      -0.25       3.75
  vortex/g_clusters[0].cluster/g_sockets[0].socket/mem_arb/req_arb/g_input_select.g_arbiter.g_out_buf[0].out_buf/g_eb2.stream_buffer/g_buffer.data_out_r_reg[20]/CK (DFF_X1)
                                                          0.00       3.75 r
  library setup time                                     -0.07       3.68
  data required time                                                 3.68
  --------------------------------------------------------------------------
  data required time                                                 3.68
  data arrival time                                                 -3.63
  --------------------------------------------------------------------------
  slack (MET)                                                        0.04


  Startpoint: m_axi_arready[0]
              (input port clocked by CLK)
  Endpoint: vortex/g_clusters[0].cluster/g_sockets[0].socket/mem_arb/req_arb/g_input_select.g_arbiter.g_out_buf[0].out_buf/g_eb2.stream_buffer/g_buffer.data_out_r_reg[23]
            (rising edge-triggered flip-flop clocked by CLK)
  Path Group: INREG
  Path Type: max

  Des/Clust/Port     Wire Load Model       Library
  ------------------------------------------------
  Vortex_axi         5K_hvratio_1_1        NangateOpenCellLibrary_ss0p95v125c

  Point                                                   Incr       Path
  --------------------------------------------------------------------------
  clock CLK (rise edge)                                   0.00       0.00
  clock network delay (ideal)                             0.00       0.00
  input external delay                                    1.20       1.20 r
  m_axi_arready[0] (in)                                   0.01       1.21 r
  U172649/ZN (INV_X1)                                     0.03       1.24 f
  U168582/ZN (OAI211_X1)                                  0.38       1.62 r
  U169088/ZN (INV_X1)                                     0.31       1.93 f
  U243253/ZN (NOR2_X4)                                    0.69       2.61 r
  U244430/Z (CLKBUF_X2)                                   0.71       3.33 r
  U244717/ZN (AOI22_X1)                                   0.17       3.50 f
  U244718/ZN (OAI21_X1)                                   0.13       3.63 r
  vortex/g_clusters[0].cluster/g_sockets[0].socket/mem_arb/req_arb/g_input_select.g_arbiter.g_out_buf[0].out_buf/g_eb2.stream_buffer/g_buffer.data_out_r_reg[23]/D (DFF_X1)
                                                          0.01       3.63 r
  data arrival time                                                  3.63

  clock CLK (rise edge)                                   4.00       4.00
  clock network delay (ideal)                             0.00       4.00
  clock uncertainty                                      -0.25       3.75
  vortex/g_clusters[0].cluster/g_sockets[0].socket/mem_arb/req_arb/g_input_select.g_arbiter.g_out_buf[0].out_buf/g_eb2.stream_buffer/g_buffer.data_out_r_reg[23]/CK (DFF_X1)
                                                          0.00       3.75 r
  library setup time                                     -0.07       3.68
  data required time                                                 3.68
  --------------------------------------------------------------------------
  data required time                                                 3.68
  data arrival time                                                 -3.63
  --------------------------------------------------------------------------
  slack (MET)                                                        0.04


  Startpoint: m_axi_arready[0]
              (input port clocked by CLK)
  Endpoint: vortex/g_clusters[0].cluster/g_sockets[0].socket/mem_arb/req_arb/g_input_select.g_arbiter.g_out_buf[0].out_buf/g_eb2.stream_buffer/g_buffer.data_out_r_reg[385]
            (rising edge-triggered flip-flop clocked by CLK)
  Path Group: INREG
  Path Type: max

  Des/Clust/Port     Wire Load Model       Library
  ------------------------------------------------
  Vortex_axi         5K_hvratio_1_1        NangateOpenCellLibrary_ss0p95v125c

  Point                                                   Incr       Path
  --------------------------------------------------------------------------
  clock CLK (rise edge)                                   0.00       0.00
  clock network delay (ideal)                             0.00       0.00
  input external delay                                    1.20       1.20 r
  m_axi_arready[0] (in)                                   0.01       1.21 r
  U172649/ZN (INV_X1)                                     0.03       1.24 f
  U168582/ZN (OAI211_X1)                                  0.38       1.62 r
  U169088/ZN (INV_X1)                                     0.31       1.93 f
  U243253/ZN (NOR2_X4)                                    0.69       2.61 r
  U244237/Z (CLKBUF_X3)                                   0.74       3.35 r
  U244221/ZN (AOI22_X1)                                   0.17       3.53 f
  U244222/ZN (NAND2_X1)                                   0.10       3.63 r
  vortex/g_clusters[0].cluster/g_sockets[0].socket/mem_arb/req_arb/g_input_select.g_arbiter.g_out_buf[0].out_buf/g_eb2.stream_buffer/g_buffer.data_out_r_reg[385]/D (DFF_X1)
                                                          0.01       3.64 r
  data arrival time                                                  3.64

  clock CLK (rise edge)                                   4.00       4.00
  clock network delay (ideal)                             0.00       4.00
  clock uncertainty                                      -0.25       3.75
  vortex/g_clusters[0].cluster/g_sockets[0].socket/mem_arb/req_arb/g_input_select.g_arbiter.g_out_buf[0].out_buf/g_eb2.stream_buffer/g_buffer.data_out_r_reg[385]/CK (DFF_X1)
                                                          0.00       3.75 r
  library setup time                                     -0.06       3.69
  data required time                                                 3.69
  --------------------------------------------------------------------------
  data required time                                                 3.69
  data arrival time                                                 -3.64
  --------------------------------------------------------------------------
  slack (MET)                                                        0.06


  Startpoint: m_axi_arready[0]
              (input port clocked by CLK)
  Endpoint: vortex/g_clusters[0].cluster/g_sockets[0].socket/mem_arb/req_arb/g_input_select.g_arbiter.g_out_buf[0].out_buf/g_eb2.stream_buffer/g_buffer.data_out_r_reg[288]
            (rising edge-triggered flip-flop clocked by CLK)
  Path Group: INREG
  Path Type: max

  Des/Clust/Port     Wire Load Model       Library
  ------------------------------------------------
  Vortex_axi         5K_hvratio_1_1        NangateOpenCellLibrary_ss0p95v125c

  Point                                                   Incr       Path
  --------------------------------------------------------------------------
  clock CLK (rise edge)                                   0.00       0.00
  clock network delay (ideal)                             0.00       0.00
  input external delay                                    1.20       1.20 r
  m_axi_arready[0] (in)                                   0.01       1.21 r
  U172649/ZN (INV_X1)                                     0.03       1.24 f
  U168582/ZN (OAI211_X1)                                  0.38       1.62 r
  U169088/ZN (INV_X1)                                     0.31       1.93 f
  U243253/ZN (NOR2_X4)                                    0.69       2.61 r
  U244237/Z (CLKBUF_X3)                                   0.74       3.35 r
  U244424/ZN (AOI22_X1)                                   0.17       3.53 f
  U244425/ZN (NAND2_X1)                                   0.10       3.63 r
  vortex/g_clusters[0].cluster/g_sockets[0].socket/mem_arb/req_arb/g_input_select.g_arbiter.g_out_buf[0].out_buf/g_eb2.stream_buffer/g_buffer.data_out_r_reg[288]/D (DFF_X1)
                                                          0.01       3.64 r
  data arrival time                                                  3.64

  clock CLK (rise edge)                                   4.00       4.00
  clock network delay (ideal)                             0.00       4.00
  clock uncertainty                                      -0.25       3.75
  vortex/g_clusters[0].cluster/g_sockets[0].socket/mem_arb/req_arb/g_input_select.g_arbiter.g_out_buf[0].out_buf/g_eb2.stream_buffer/g_buffer.data_out_r_reg[288]/CK (DFF_X1)
                                                          0.00       3.75 r
  library setup time                                     -0.06       3.69
  data required time                                                 3.69
  --------------------------------------------------------------------------
  data required time                                                 3.69
  data arrival time                                                 -3.64
  --------------------------------------------------------------------------
  slack (MET)                                                        0.06


  Startpoint: m_axi_arready[0]
              (input port clocked by CLK)
  Endpoint: vortex/g_clusters[0].cluster/g_sockets[0].socket/mem_arb/req_arb/g_input_select.g_arbiter.g_out_buf[0].out_buf/g_eb2.stream_buffer/g_buffer.data_out_r_reg[198]
            (rising edge-triggered flip-flop clocked by CLK)
  Path Group: INREG
  Path Type: max

  Des/Clust/Port     Wire Load Model       Library
  ------------------------------------------------
  Vortex_axi         5K_hvratio_1_1        NangateOpenCellLibrary_ss0p95v125c

  Point                                                   Incr       Path
  --------------------------------------------------------------------------
  clock CLK (rise edge)                                   0.00       0.00
  clock network delay (ideal)                             0.00       0.00
  input external delay                                    1.20       1.20 r
  m_axi_arready[0] (in)                                   0.01       1.21 r
  U172649/ZN (INV_X1)                                     0.03       1.24 f
  U168582/ZN (OAI211_X1)                                  0.38       1.62 r
  U169088/ZN (INV_X1)                                     0.31       1.93 f
  U243253/ZN (NOR2_X4)                                    0.69       2.61 r
  U244237/Z (CLKBUF_X3)                                   0.74       3.35 r
  U244244/ZN (AOI22_X1)                                   0.17       3.53 f
  U244245/ZN (NAND2_X1)                                   0.10       3.63 r
  vortex/g_clusters[0].cluster/g_sockets[0].socket/mem_arb/req_arb/g_input_select.g_arbiter.g_out_buf[0].out_buf/g_eb2.stream_buffer/g_buffer.data_out_r_reg[198]/D (DFF_X1)
                                                          0.01       3.64 r
  data arrival time                                                  3.64

  clock CLK (rise edge)                                   4.00       4.00
  clock network delay (ideal)                             0.00       4.00
  clock uncertainty                                      -0.25       3.75
  vortex/g_clusters[0].cluster/g_sockets[0].socket/mem_arb/req_arb/g_input_select.g_arbiter.g_out_buf[0].out_buf/g_eb2.stream_buffer/g_buffer.data_out_r_reg[198]/CK (DFF_X1)
                                                          0.00       3.75 r
  library setup time                                     -0.06       3.69
  data required time                                                 3.69
  --------------------------------------------------------------------------
  data required time                                                 3.69
  data arrival time                                                 -3.64
  --------------------------------------------------------------------------
  slack (MET)                                                        0.06


  Startpoint: m_axi_arready[0]
              (input port clocked by CLK)
  Endpoint: vortex/g_clusters[0].cluster/g_sockets[0].socket/mem_arb/req_arb/g_input_select.g_arbiter.g_out_buf[0].out_buf/g_eb2.stream_buffer/g_buffer.data_out_r_reg[504]
            (rising edge-triggered flip-flop clocked by CLK)
  Path Group: INREG
  Path Type: max

  Des/Clust/Port     Wire Load Model       Library
  ------------------------------------------------
  Vortex_axi         5K_hvratio_1_1        NangateOpenCellLibrary_ss0p95v125c

  Point                                                   Incr       Path
  --------------------------------------------------------------------------
  clock CLK (rise edge)                                   0.00       0.00
  clock network delay (ideal)                             0.00       0.00
  input external delay                                    1.20       1.20 r
  m_axi_arready[0] (in)                                   0.01       1.21 r
  U172649/ZN (INV_X1)                                     0.03       1.24 f
  U168582/ZN (OAI211_X1)                                  0.38       1.62 r
  U169088/ZN (INV_X1)                                     0.31       1.93 f
  U243253/ZN (NOR2_X4)                                    0.69       2.61 r
  U244237/Z (CLKBUF_X3)                                   0.74       3.35 r
  U243390/ZN (AOI22_X1)                                   0.17       3.53 f
  U243394/ZN (NAND2_X1)                                   0.10       3.63 r
  vortex/g_clusters[0].cluster/g_sockets[0].socket/mem_arb/req_arb/g_input_select.g_arbiter.g_out_buf[0].out_buf/g_eb2.stream_buffer/g_buffer.data_out_r_reg[504]/D (DFF_X1)
                                                          0.01       3.64 r
  data arrival time                                                  3.64

  clock CLK (rise edge)                                   4.00       4.00
  clock network delay (ideal)                             0.00       4.00
  clock uncertainty                                      -0.25       3.75
  vortex/g_clusters[0].cluster/g_sockets[0].socket/mem_arb/req_arb/g_input_select.g_arbiter.g_out_buf[0].out_buf/g_eb2.stream_buffer/g_buffer.data_out_r_reg[504]/CK (DFF_X1)
                                                          0.00       3.75 r
  library setup time                                     -0.06       3.69
  data required time                                                 3.69
  --------------------------------------------------------------------------
  data required time                                                 3.69
  data arrival time                                                 -3.64
  --------------------------------------------------------------------------
  slack (MET)                                                        0.06


  Startpoint: m_axi_arready[0]
              (input port clocked by CLK)
  Endpoint: vortex/g_clusters[0].cluster/g_sockets[0].socket/mem_arb/req_arb/g_input_select.g_arbiter.g_out_buf[0].out_buf/g_eb2.stream_buffer/g_buffer.data_out_r_reg[381]
            (rising edge-triggered flip-flop clocked by CLK)
  Path Group: INREG
  Path Type: max

  Des/Clust/Port     Wire Load Model       Library
  ------------------------------------------------
  Vortex_axi         5K_hvratio_1_1        NangateOpenCellLibrary_ss0p95v125c

  Point                                                   Incr       Path
  --------------------------------------------------------------------------
  clock CLK (rise edge)                                   0.00       0.00
  clock network delay (ideal)                             0.00       0.00
  input external delay                                    1.20       1.20 r
  m_axi_arready[0] (in)                                   0.01       1.21 r
  U172649/ZN (INV_X1)                                     0.03       1.24 f
  U168582/ZN (OAI211_X1)                                  0.38       1.62 r
  U169088/ZN (INV_X1)                                     0.31       1.93 f
  U243253/ZN (NOR2_X4)                                    0.69       2.61 r
  U244237/Z (CLKBUF_X3)                                   0.74       3.35 r
  U244213/ZN (AOI22_X1)                                   0.17       3.53 f
  U244214/ZN (NAND2_X1)                                   0.10       3.63 r
  vortex/g_clusters[0].cluster/g_sockets[0].socket/mem_arb/req_arb/g_input_select.g_arbiter.g_out_buf[0].out_buf/g_eb2.stream_buffer/g_buffer.data_out_r_reg[381]/D (DFF_X1)
                                                          0.01       3.64 r
  data arrival time                                                  3.64

  clock CLK (rise edge)                                   4.00       4.00
  clock network delay (ideal)                             0.00       4.00
  clock uncertainty                                      -0.25       3.75
  vortex/g_clusters[0].cluster/g_sockets[0].socket/mem_arb/req_arb/g_input_select.g_arbiter.g_out_buf[0].out_buf/g_eb2.stream_buffer/g_buffer.data_out_r_reg[381]/CK (DFF_X1)
                                                          0.00       3.75 r
  library setup time                                     -0.06       3.69
  data required time                                                 3.69
  --------------------------------------------------------------------------
  data required time                                                 3.69
  data arrival time                                                 -3.64
  --------------------------------------------------------------------------
  slack (MET)                                                        0.06


  Startpoint: m_axi_arready[0]
              (input port clocked by CLK)
  Endpoint: vortex/g_clusters[0].cluster/g_sockets[0].socket/mem_arb/req_arb/g_input_select.g_arbiter.g_out_buf[0].out_buf/g_eb2.stream_buffer/g_buffer.data_out_r_reg[386]
            (rising edge-triggered flip-flop clocked by CLK)
  Path Group: INREG
  Path Type: max

  Des/Clust/Port     Wire Load Model       Library
  ------------------------------------------------
  Vortex_axi         5K_hvratio_1_1        NangateOpenCellLibrary_ss0p95v125c

  Point                                                   Incr       Path
  --------------------------------------------------------------------------
  clock CLK (rise edge)                                   0.00       0.00
  clock network delay (ideal)                             0.00       0.00
  input external delay                                    1.20       1.20 r
  m_axi_arready[0] (in)                                   0.01       1.21 r
  U172649/ZN (INV_X1)                                     0.03       1.24 f
  U168582/ZN (OAI211_X1)                                  0.38       1.62 r
  U169088/ZN (INV_X1)                                     0.31       1.93 f
  U243253/ZN (NOR2_X4)                                    0.69       2.61 r
  U244237/Z (CLKBUF_X3)                                   0.74       3.35 r
  U244223/ZN (AOI22_X1)                                   0.17       3.53 f
  U244224/ZN (NAND2_X1)                                   0.10       3.63 r
  vortex/g_clusters[0].cluster/g_sockets[0].socket/mem_arb/req_arb/g_input_select.g_arbiter.g_out_buf[0].out_buf/g_eb2.stream_buffer/g_buffer.data_out_r_reg[386]/D (DFF_X1)
                                                          0.01       3.64 r
  data arrival time                                                  3.64

  clock CLK (rise edge)                                   4.00       4.00
  clock network delay (ideal)                             0.00       4.00
  clock uncertainty                                      -0.25       3.75
  vortex/g_clusters[0].cluster/g_sockets[0].socket/mem_arb/req_arb/g_input_select.g_arbiter.g_out_buf[0].out_buf/g_eb2.stream_buffer/g_buffer.data_out_r_reg[386]/CK (DFF_X1)
                                                          0.00       3.75 r
  library setup time                                     -0.06       3.69
  data required time                                                 3.69
  --------------------------------------------------------------------------
  data required time                                                 3.69
  data arrival time                                                 -3.64
  --------------------------------------------------------------------------
  slack (MET)                                                        0.06


  Startpoint: m_axi_arready[0]
              (input port clocked by CLK)
  Endpoint: vortex/g_clusters[0].cluster/g_sockets[0].socket/mem_arb/req_arb/g_input_select.g_arbiter.g_out_buf[0].out_buf/g_eb2.stream_buffer/g_buffer.data_out_r_reg[278]
            (rising edge-triggered flip-flop clocked by CLK)
  Path Group: INREG
  Path Type: max

  Des/Clust/Port     Wire Load Model       Library
  ------------------------------------------------
  Vortex_axi         5K_hvratio_1_1        NangateOpenCellLibrary_ss0p95v125c

  Point                                                   Incr       Path
  --------------------------------------------------------------------------
  clock CLK (rise edge)                                   0.00       0.00
  clock network delay (ideal)                             0.00       0.00
  input external delay                                    1.20       1.20 r
  m_axi_arready[0] (in)                                   0.01       1.21 r
  U172649/ZN (INV_X1)                                     0.03       1.24 f
  U168582/ZN (OAI211_X1)                                  0.38       1.62 r
  U169088/ZN (INV_X1)                                     0.31       1.93 f
  U243253/ZN (NOR2_X4)                                    0.69       2.61 r
  U244237/Z (CLKBUF_X3)                                   0.74       3.35 r
  U244404/ZN (AOI22_X1)                                   0.17       3.53 f
  U244405/ZN (NAND2_X1)                                   0.10       3.63 r
  vortex/g_clusters[0].cluster/g_sockets[0].socket/mem_arb/req_arb/g_input_select.g_arbiter.g_out_buf[0].out_buf/g_eb2.stream_buffer/g_buffer.data_out_r_reg[278]/D (DFF_X1)
                                                          0.01       3.64 r
  data arrival time                                                  3.64

  clock CLK (rise edge)                                   4.00       4.00
  clock network delay (ideal)                             0.00       4.00
  clock uncertainty                                      -0.25       3.75
  vortex/g_clusters[0].cluster/g_sockets[0].socket/mem_arb/req_arb/g_input_select.g_arbiter.g_out_buf[0].out_buf/g_eb2.stream_buffer/g_buffer.data_out_r_reg[278]/CK (DFF_X1)
                                                          0.00       3.75 r
  library setup time                                     -0.06       3.69
  data required time                                                 3.69
  --------------------------------------------------------------------------
  data required time                                                 3.69
  data arrival time                                                 -3.64
  --------------------------------------------------------------------------
  slack (MET)                                                        0.06


  Startpoint: m_axi_arready[0]
              (input port clocked by CLK)
  Endpoint: vortex/g_clusters[0].cluster/g_sockets[0].socket/mem_arb/req_arb/g_input_select.g_arbiter.g_out_buf[0].out_buf/g_eb2.stream_buffer/g_buffer.data_out_r_reg[279]
            (rising edge-triggered flip-flop clocked by CLK)
  Path Group: INREG
  Path Type: max

  Des/Clust/Port     Wire Load Model       Library
  ------------------------------------------------
  Vortex_axi         5K_hvratio_1_1        NangateOpenCellLibrary_ss0p95v125c

  Point                                                   Incr       Path
  --------------------------------------------------------------------------
  clock CLK (rise edge)                                   0.00       0.00
  clock network delay (ideal)                             0.00       0.00
  input external delay                                    1.20       1.20 r
  m_axi_arready[0] (in)                                   0.01       1.21 r
  U172649/ZN (INV_X1)                                     0.03       1.24 f
  U168582/ZN (OAI211_X1)                                  0.38       1.62 r
  U169088/ZN (INV_X1)                                     0.31       1.93 f
  U243253/ZN (NOR2_X4)                                    0.69       2.61 r
  U244237/Z (CLKBUF_X3)                                   0.74       3.35 r
  U244406/ZN (AOI22_X1)                                   0.17       3.53 f
  U244407/ZN (NAND2_X1)                                   0.10       3.63 r
  vortex/g_clusters[0].cluster/g_sockets[0].socket/mem_arb/req_arb/g_input_select.g_arbiter.g_out_buf[0].out_buf/g_eb2.stream_buffer/g_buffer.data_out_r_reg[279]/D (DFF_X1)
                                                          0.01       3.64 r
  data arrival time                                                  3.64

  clock CLK (rise edge)                                   4.00       4.00
  clock network delay (ideal)                             0.00       4.00
  clock uncertainty                                      -0.25       3.75
  vortex/g_clusters[0].cluster/g_sockets[0].socket/mem_arb/req_arb/g_input_select.g_arbiter.g_out_buf[0].out_buf/g_eb2.stream_buffer/g_buffer.data_out_r_reg[279]/CK (DFF_X1)
                                                          0.00       3.75 r
  library setup time                                     -0.06       3.69
  data required time                                                 3.69
  --------------------------------------------------------------------------
  data required time                                                 3.69
  data arrival time                                                 -3.64
  --------------------------------------------------------------------------
  slack (MET)                                                        0.06


  Startpoint: m_axi_arready[0]
              (input port clocked by CLK)
  Endpoint: vortex/g_clusters[0].cluster/g_sockets[0].socket/mem_arb/req_arb/g_input_select.g_arbiter.g_out_buf[0].out_buf/g_eb2.stream_buffer/g_buffer.data_out_r_reg[280]
            (rising edge-triggered flip-flop clocked by CLK)
  Path Group: INREG
  Path Type: max

  Des/Clust/Port     Wire Load Model       Library
  ------------------------------------------------
  Vortex_axi         5K_hvratio_1_1        NangateOpenCellLibrary_ss0p95v125c

  Point                                                   Incr       Path
  --------------------------------------------------------------------------
  clock CLK (rise edge)                                   0.00       0.00
  clock network delay (ideal)                             0.00       0.00
  input external delay                                    1.20       1.20 r
  m_axi_arready[0] (in)                                   0.01       1.21 r
  U172649/ZN (INV_X1)                                     0.03       1.24 f
  U168582/ZN (OAI211_X1)                                  0.38       1.62 r
  U169088/ZN (INV_X1)                                     0.31       1.93 f
  U243253/ZN (NOR2_X4)                                    0.69       2.61 r
  U244237/Z (CLKBUF_X3)                                   0.74       3.35 r
  U244408/ZN (AOI22_X1)                                   0.17       3.53 f
  U244409/ZN (NAND2_X1)                                   0.10       3.63 r
  vortex/g_clusters[0].cluster/g_sockets[0].socket/mem_arb/req_arb/g_input_select.g_arbiter.g_out_buf[0].out_buf/g_eb2.stream_buffer/g_buffer.data_out_r_reg[280]/D (DFF_X1)
                                                          0.01       3.64 r
  data arrival time                                                  3.64

  clock CLK (rise edge)                                   4.00       4.00
  clock network delay (ideal)                             0.00       4.00
  clock uncertainty                                      -0.25       3.75
  vortex/g_clusters[0].cluster/g_sockets[0].socket/mem_arb/req_arb/g_input_select.g_arbiter.g_out_buf[0].out_buf/g_eb2.stream_buffer/g_buffer.data_out_r_reg[280]/CK (DFF_X1)
                                                          0.00       3.75 r
  library setup time                                     -0.06       3.69
  data required time                                                 3.69
  --------------------------------------------------------------------------
  data required time                                                 3.69
  data arrival time                                                 -3.64
  --------------------------------------------------------------------------
  slack (MET)                                                        0.06


  Startpoint: m_axi_arready[0]
              (input port clocked by CLK)
  Endpoint: vortex/g_clusters[0].cluster/g_sockets[0].socket/mem_arb/req_arb/g_input_select.g_arbiter.g_out_buf[0].out_buf/g_eb2.stream_buffer/g_buffer.data_out_r_reg[281]
            (rising edge-triggered flip-flop clocked by CLK)
  Path Group: INREG
  Path Type: max

  Des/Clust/Port     Wire Load Model       Library
  ------------------------------------------------
  Vortex_axi         5K_hvratio_1_1        NangateOpenCellLibrary_ss0p95v125c

  Point                                                   Incr       Path
  --------------------------------------------------------------------------
  clock CLK (rise edge)                                   0.00       0.00
  clock network delay (ideal)                             0.00       0.00
  input external delay                                    1.20       1.20 r
  m_axi_arready[0] (in)                                   0.01       1.21 r
  U172649/ZN (INV_X1)                                     0.03       1.24 f
  U168582/ZN (OAI211_X1)                                  0.38       1.62 r
  U169088/ZN (INV_X1)                                     0.31       1.93 f
  U243253/ZN (NOR2_X4)                                    0.69       2.61 r
  U244237/Z (CLKBUF_X3)                                   0.74       3.35 r
  U244410/ZN (AOI22_X1)                                   0.17       3.53 f
  U244411/ZN (NAND2_X1)                                   0.10       3.63 r
  vortex/g_clusters[0].cluster/g_sockets[0].socket/mem_arb/req_arb/g_input_select.g_arbiter.g_out_buf[0].out_buf/g_eb2.stream_buffer/g_buffer.data_out_r_reg[281]/D (DFF_X1)
                                                          0.01       3.64 r
  data arrival time                                                  3.64

  clock CLK (rise edge)                                   4.00       4.00
  clock network delay (ideal)                             0.00       4.00
  clock uncertainty                                      -0.25       3.75
  vortex/g_clusters[0].cluster/g_sockets[0].socket/mem_arb/req_arb/g_input_select.g_arbiter.g_out_buf[0].out_buf/g_eb2.stream_buffer/g_buffer.data_out_r_reg[281]/CK (DFF_X1)
                                                          0.00       3.75 r
  library setup time                                     -0.06       3.69
  data required time                                                 3.69
  --------------------------------------------------------------------------
  data required time                                                 3.69
  data arrival time                                                 -3.64
  --------------------------------------------------------------------------
  slack (MET)                                                        0.06


  Startpoint: m_axi_arready[0]
              (input port clocked by CLK)
  Endpoint: vortex/g_clusters[0].cluster/g_sockets[0].socket/mem_arb/req_arb/g_input_select.g_arbiter.g_out_buf[0].out_buf/g_eb2.stream_buffer/g_buffer.data_out_r_reg[282]
            (rising edge-triggered flip-flop clocked by CLK)
  Path Group: INREG
  Path Type: max

  Des/Clust/Port     Wire Load Model       Library
  ------------------------------------------------
  Vortex_axi         5K_hvratio_1_1        NangateOpenCellLibrary_ss0p95v125c

  Point                                                   Incr       Path
  --------------------------------------------------------------------------
  clock CLK (rise edge)                                   0.00       0.00
  clock network delay (ideal)                             0.00       0.00
  input external delay                                    1.20       1.20 r
  m_axi_arready[0] (in)                                   0.01       1.21 r
  U172649/ZN (INV_X1)                                     0.03       1.24 f
  U168582/ZN (OAI211_X1)                                  0.38       1.62 r
  U169088/ZN (INV_X1)                                     0.31       1.93 f
  U243253/ZN (NOR2_X4)                                    0.69       2.61 r
  U244237/Z (CLKBUF_X3)                                   0.74       3.35 r
  U244412/ZN (AOI22_X1)                                   0.17       3.53 f
  U244413/ZN (NAND2_X1)                                   0.10       3.63 r
  vortex/g_clusters[0].cluster/g_sockets[0].socket/mem_arb/req_arb/g_input_select.g_arbiter.g_out_buf[0].out_buf/g_eb2.stream_buffer/g_buffer.data_out_r_reg[282]/D (DFF_X1)
                                                          0.01       3.64 r
  data arrival time                                                  3.64

  clock CLK (rise edge)                                   4.00       4.00
  clock network delay (ideal)                             0.00       4.00
  clock uncertainty                                      -0.25       3.75
  vortex/g_clusters[0].cluster/g_sockets[0].socket/mem_arb/req_arb/g_input_select.g_arbiter.g_out_buf[0].out_buf/g_eb2.stream_buffer/g_buffer.data_out_r_reg[282]/CK (DFF_X1)
                                                          0.00       3.75 r
  library setup time                                     -0.06       3.69
  data required time                                                 3.69
  --------------------------------------------------------------------------
  data required time                                                 3.69
  data arrival time                                                 -3.64
  --------------------------------------------------------------------------
  slack (MET)                                                        0.06


  Startpoint: m_axi_arready[0]
              (input port clocked by CLK)
  Endpoint: vortex/g_clusters[0].cluster/g_sockets[0].socket/mem_arb/req_arb/g_input_select.g_arbiter.g_out_buf[0].out_buf/g_eb2.stream_buffer/g_buffer.data_out_r_reg[283]
            (rising edge-triggered flip-flop clocked by CLK)
  Path Group: INREG
  Path Type: max

  Des/Clust/Port     Wire Load Model       Library
  ------------------------------------------------
  Vortex_axi         5K_hvratio_1_1        NangateOpenCellLibrary_ss0p95v125c

  Point                                                   Incr       Path
  --------------------------------------------------------------------------
  clock CLK (rise edge)                                   0.00       0.00
  clock network delay (ideal)                             0.00       0.00
  input external delay                                    1.20       1.20 r
  m_axi_arready[0] (in)                                   0.01       1.21 r
  U172649/ZN (INV_X1)                                     0.03       1.24 f
  U168582/ZN (OAI211_X1)                                  0.38       1.62 r
  U169088/ZN (INV_X1)                                     0.31       1.93 f
  U243253/ZN (NOR2_X4)                                    0.69       2.61 r
  U244237/Z (CLKBUF_X3)                                   0.74       3.35 r
  U244414/ZN (AOI22_X1)                                   0.17       3.53 f
  U244415/ZN (NAND2_X1)                                   0.10       3.63 r
  vortex/g_clusters[0].cluster/g_sockets[0].socket/mem_arb/req_arb/g_input_select.g_arbiter.g_out_buf[0].out_buf/g_eb2.stream_buffer/g_buffer.data_out_r_reg[283]/D (DFF_X1)
                                                          0.01       3.64 r
  data arrival time                                                  3.64

  clock CLK (rise edge)                                   4.00       4.00
  clock network delay (ideal)                             0.00       4.00
  clock uncertainty                                      -0.25       3.75
  vortex/g_clusters[0].cluster/g_sockets[0].socket/mem_arb/req_arb/g_input_select.g_arbiter.g_out_buf[0].out_buf/g_eb2.stream_buffer/g_buffer.data_out_r_reg[283]/CK (DFF_X1)
                                                          0.00       3.75 r
  library setup time                                     -0.06       3.69
  data required time                                                 3.69
  --------------------------------------------------------------------------
  data required time                                                 3.69
  data arrival time                                                 -3.64
  --------------------------------------------------------------------------
  slack (MET)                                                        0.06


  Startpoint: m_axi_arready[0]
              (input port clocked by CLK)
  Endpoint: vortex/g_clusters[0].cluster/g_sockets[0].socket/mem_arb/req_arb/g_input_select.g_arbiter.g_out_buf[0].out_buf/g_eb2.stream_buffer/g_buffer.data_out_r_reg[284]
            (rising edge-triggered flip-flop clocked by CLK)
  Path Group: INREG
  Path Type: max

  Des/Clust/Port     Wire Load Model       Library
  ------------------------------------------------
  Vortex_axi         5K_hvratio_1_1        NangateOpenCellLibrary_ss0p95v125c

  Point                                                   Incr       Path
  --------------------------------------------------------------------------
  clock CLK (rise edge)                                   0.00       0.00
  clock network delay (ideal)                             0.00       0.00
  input external delay                                    1.20       1.20 r
  m_axi_arready[0] (in)                                   0.01       1.21 r
  U172649/ZN (INV_X1)                                     0.03       1.24 f
  U168582/ZN (OAI211_X1)                                  0.38       1.62 r
  U169088/ZN (INV_X1)                                     0.31       1.93 f
  U243253/ZN (NOR2_X4)                                    0.69       2.61 r
  U244237/Z (CLKBUF_X3)                                   0.74       3.35 r
  U244416/ZN (AOI22_X1)                                   0.17       3.53 f
  U244417/ZN (NAND2_X1)                                   0.10       3.63 r
  vortex/g_clusters[0].cluster/g_sockets[0].socket/mem_arb/req_arb/g_input_select.g_arbiter.g_out_buf[0].out_buf/g_eb2.stream_buffer/g_buffer.data_out_r_reg[284]/D (DFF_X1)
                                                          0.01       3.64 r
  data arrival time                                                  3.64

  clock CLK (rise edge)                                   4.00       4.00
  clock network delay (ideal)                             0.00       4.00
  clock uncertainty                                      -0.25       3.75
  vortex/g_clusters[0].cluster/g_sockets[0].socket/mem_arb/req_arb/g_input_select.g_arbiter.g_out_buf[0].out_buf/g_eb2.stream_buffer/g_buffer.data_out_r_reg[284]/CK (DFF_X1)
                                                          0.00       3.75 r
  library setup time                                     -0.06       3.69
  data required time                                                 3.69
  --------------------------------------------------------------------------
  data required time                                                 3.69
  data arrival time                                                 -3.64
  --------------------------------------------------------------------------
  slack (MET)                                                        0.06


  Startpoint: m_axi_arready[0]
              (input port clocked by CLK)
  Endpoint: vortex/g_clusters[0].cluster/g_sockets[0].socket/mem_arb/req_arb/g_input_select.g_arbiter.g_out_buf[0].out_buf/g_eb2.stream_buffer/g_buffer.data_out_r_reg[285]
            (rising edge-triggered flip-flop clocked by CLK)
  Path Group: INREG
  Path Type: max

  Des/Clust/Port     Wire Load Model       Library
  ------------------------------------------------
  Vortex_axi         5K_hvratio_1_1        NangateOpenCellLibrary_ss0p95v125c

  Point                                                   Incr       Path
  --------------------------------------------------------------------------
  clock CLK (rise edge)                                   0.00       0.00
  clock network delay (ideal)                             0.00       0.00
  input external delay                                    1.20       1.20 r
  m_axi_arready[0] (in)                                   0.01       1.21 r
  U172649/ZN (INV_X1)                                     0.03       1.24 f
  U168582/ZN (OAI211_X1)                                  0.38       1.62 r
  U169088/ZN (INV_X1)                                     0.31       1.93 f
  U243253/ZN (NOR2_X4)                                    0.69       2.61 r
  U244237/Z (CLKBUF_X3)                                   0.74       3.35 r
  U244418/ZN (AOI22_X1)                                   0.17       3.53 f
  U244419/ZN (NAND2_X1)                                   0.10       3.63 r
  vortex/g_clusters[0].cluster/g_sockets[0].socket/mem_arb/req_arb/g_input_select.g_arbiter.g_out_buf[0].out_buf/g_eb2.stream_buffer/g_buffer.data_out_r_reg[285]/D (DFF_X1)
                                                          0.01       3.64 r
  data arrival time                                                  3.64

  clock CLK (rise edge)                                   4.00       4.00
  clock network delay (ideal)                             0.00       4.00
  clock uncertainty                                      -0.25       3.75
  vortex/g_clusters[0].cluster/g_sockets[0].socket/mem_arb/req_arb/g_input_select.g_arbiter.g_out_buf[0].out_buf/g_eb2.stream_buffer/g_buffer.data_out_r_reg[285]/CK (DFF_X1)
                                                          0.00       3.75 r
  library setup time                                     -0.06       3.69
  data required time                                                 3.69
  --------------------------------------------------------------------------
  data required time                                                 3.69
  data arrival time                                                 -3.64
  --------------------------------------------------------------------------
  slack (MET)                                                        0.06


  Startpoint: m_axi_arready[0]
              (input port clocked by CLK)
  Endpoint: vortex/g_clusters[0].cluster/g_sockets[0].socket/mem_arb/req_arb/g_input_select.g_arbiter.g_out_buf[0].out_buf/g_eb2.stream_buffer/g_buffer.data_out_r_reg[286]
            (rising edge-triggered flip-flop clocked by CLK)
  Path Group: INREG
  Path Type: max

  Des/Clust/Port     Wire Load Model       Library
  ------------------------------------------------
  Vortex_axi         5K_hvratio_1_1        NangateOpenCellLibrary_ss0p95v125c

  Point                                                   Incr       Path
  --------------------------------------------------------------------------
  clock CLK (rise edge)                                   0.00       0.00
  clock network delay (ideal)                             0.00       0.00
  input external delay                                    1.20       1.20 r
  m_axi_arready[0] (in)                                   0.01       1.21 r
  U172649/ZN (INV_X1)                                     0.03       1.24 f
  U168582/ZN (OAI211_X1)                                  0.38       1.62 r
  U169088/ZN (INV_X1)                                     0.31       1.93 f
  U243253/ZN (NOR2_X4)                                    0.69       2.61 r
  U244237/Z (CLKBUF_X3)                                   0.74       3.35 r
  U244420/ZN (AOI22_X1)                                   0.17       3.53 f
  U244421/ZN (NAND2_X1)                                   0.10       3.63 r
  vortex/g_clusters[0].cluster/g_sockets[0].socket/mem_arb/req_arb/g_input_select.g_arbiter.g_out_buf[0].out_buf/g_eb2.stream_buffer/g_buffer.data_out_r_reg[286]/D (DFF_X1)
                                                          0.01       3.64 r
  data arrival time                                                  3.64

  clock CLK (rise edge)                                   4.00       4.00
  clock network delay (ideal)                             0.00       4.00
  clock uncertainty                                      -0.25       3.75
  vortex/g_clusters[0].cluster/g_sockets[0].socket/mem_arb/req_arb/g_input_select.g_arbiter.g_out_buf[0].out_buf/g_eb2.stream_buffer/g_buffer.data_out_r_reg[286]/CK (DFF_X1)
                                                          0.00       3.75 r
  library setup time                                     -0.06       3.69
  data required time                                                 3.69
  --------------------------------------------------------------------------
  data required time                                                 3.69
  data arrival time                                                 -3.64
  --------------------------------------------------------------------------
  slack (MET)                                                        0.06


  Startpoint: m_axi_arready[0]
              (input port clocked by CLK)
  Endpoint: vortex/g_clusters[0].cluster/g_sockets[0].socket/mem_arb/req_arb/g_input_select.g_arbiter.g_out_buf[0].out_buf/g_eb2.stream_buffer/g_buffer.data_out_r_reg[287]
            (rising edge-triggered flip-flop clocked by CLK)
  Path Group: INREG
  Path Type: max

  Des/Clust/Port     Wire Load Model       Library
  ------------------------------------------------
  Vortex_axi         5K_hvratio_1_1        NangateOpenCellLibrary_ss0p95v125c

  Point                                                   Incr       Path
  --------------------------------------------------------------------------
  clock CLK (rise edge)                                   0.00       0.00
  clock network delay (ideal)                             0.00       0.00
  input external delay                                    1.20       1.20 r
  m_axi_arready[0] (in)                                   0.01       1.21 r
  U172649/ZN (INV_X1)                                     0.03       1.24 f
  U168582/ZN (OAI211_X1)                                  0.38       1.62 r
  U169088/ZN (INV_X1)                                     0.31       1.93 f
  U243253/ZN (NOR2_X4)                                    0.69       2.61 r
  U244237/Z (CLKBUF_X3)                                   0.74       3.35 r
  U244422/ZN (AOI22_X1)                                   0.17       3.53 f
  U244423/ZN (NAND2_X1)                                   0.10       3.63 r
  vortex/g_clusters[0].cluster/g_sockets[0].socket/mem_arb/req_arb/g_input_select.g_arbiter.g_out_buf[0].out_buf/g_eb2.stream_buffer/g_buffer.data_out_r_reg[287]/D (DFF_X1)
                                                          0.01       3.64 r
  data arrival time                                                  3.64

  clock CLK (rise edge)                                   4.00       4.00
  clock network delay (ideal)                             0.00       4.00
  clock uncertainty                                      -0.25       3.75
  vortex/g_clusters[0].cluster/g_sockets[0].socket/mem_arb/req_arb/g_input_select.g_arbiter.g_out_buf[0].out_buf/g_eb2.stream_buffer/g_buffer.data_out_r_reg[287]/CK (DFF_X1)
                                                          0.00       3.75 r
  library setup time                                     -0.06       3.69
  data required time                                                 3.69
  --------------------------------------------------------------------------
  data required time                                                 3.69
  data arrival time                                                 -3.64
  --------------------------------------------------------------------------
  slack (MET)                                                        0.06


  Startpoint: m_axi_arready[0]
              (input port clocked by CLK)
  Endpoint: vortex/g_clusters[0].cluster/g_sockets[0].socket/mem_arb/req_arb/g_input_select.g_arbiter.g_out_buf[0].out_buf/g_eb2.stream_buffer/g_buffer.data_out_r_reg[289]
            (rising edge-triggered flip-flop clocked by CLK)
  Path Group: INREG
  Path Type: max

  Des/Clust/Port     Wire Load Model       Library
  ------------------------------------------------
  Vortex_axi         5K_hvratio_1_1        NangateOpenCellLibrary_ss0p95v125c

  Point                                                   Incr       Path
  --------------------------------------------------------------------------
  clock CLK (rise edge)                                   0.00       0.00
  clock network delay (ideal)                             0.00       0.00
  input external delay                                    1.20       1.20 r
  m_axi_arready[0] (in)                                   0.01       1.21 r
  U172649/ZN (INV_X1)                                     0.03       1.24 f
  U168582/ZN (OAI211_X1)                                  0.38       1.62 r
  U169088/ZN (INV_X1)                                     0.31       1.93 f
  U243253/ZN (NOR2_X4)                                    0.69       2.61 r
  U244237/Z (CLKBUF_X3)                                   0.74       3.35 r
  U244426/ZN (AOI22_X1)                                   0.17       3.53 f
  U244427/ZN (NAND2_X1)                                   0.10       3.63 r
  vortex/g_clusters[0].cluster/g_sockets[0].socket/mem_arb/req_arb/g_input_select.g_arbiter.g_out_buf[0].out_buf/g_eb2.stream_buffer/g_buffer.data_out_r_reg[289]/D (DFF_X1)
                                                          0.01       3.64 r
  data arrival time                                                  3.64

  clock CLK (rise edge)                                   4.00       4.00
  clock network delay (ideal)                             0.00       4.00
  clock uncertainty                                      -0.25       3.75
  vortex/g_clusters[0].cluster/g_sockets[0].socket/mem_arb/req_arb/g_input_select.g_arbiter.g_out_buf[0].out_buf/g_eb2.stream_buffer/g_buffer.data_out_r_reg[289]/CK (DFF_X1)
                                                          0.00       3.75 r
  library setup time                                     -0.06       3.69
  data required time                                                 3.69
  --------------------------------------------------------------------------
  data required time                                                 3.69
  data arrival time                                                 -3.64
  --------------------------------------------------------------------------
  slack (MET)                                                        0.06


  Startpoint: m_axi_arready[0]
              (input port clocked by CLK)
  Endpoint: vortex/g_clusters[0].cluster/g_sockets[0].socket/mem_arb/req_arb/g_input_select.g_arbiter.g_out_buf[0].out_buf/g_eb2.stream_buffer/g_buffer.data_out_r_reg[574]
            (rising edge-triggered flip-flop clocked by CLK)
  Path Group: INREG
  Path Type: max

  Des/Clust/Port     Wire Load Model       Library
  ------------------------------------------------
  Vortex_axi         5K_hvratio_1_1        NangateOpenCellLibrary_ss0p95v125c

  Point                                                   Incr       Path
  --------------------------------------------------------------------------
  clock CLK (rise edge)                                   0.00       0.00
  clock network delay (ideal)                             0.00       0.00
  input external delay                                    1.20       1.20 r
  m_axi_arready[0] (in)                                   0.01       1.21 r
  U172649/ZN (INV_X1)                                     0.03       1.24 f
  U168582/ZN (OAI211_X1)                                  0.38       1.62 r
  U169088/ZN (INV_X1)                                     0.31       1.93 f
  U243253/ZN (NOR2_X4)                                    0.69       2.61 r
  U244237/Z (CLKBUF_X3)                                   0.74       3.35 r
  U243675/ZN (AOI22_X1)                                   0.17       3.53 f
  U243678/ZN (NAND2_X1)                                   0.10       3.63 r
  vortex/g_clusters[0].cluster/g_sockets[0].socket/mem_arb/req_arb/g_input_select.g_arbiter.g_out_buf[0].out_buf/g_eb2.stream_buffer/g_buffer.data_out_r_reg[574]/D (DFF_X1)
                                                          0.01       3.64 r
  data arrival time                                                  3.64

  clock CLK (rise edge)                                   4.00       4.00
  clock network delay (ideal)                             0.00       4.00
  clock uncertainty                                      -0.25       3.75
  vortex/g_clusters[0].cluster/g_sockets[0].socket/mem_arb/req_arb/g_input_select.g_arbiter.g_out_buf[0].out_buf/g_eb2.stream_buffer/g_buffer.data_out_r_reg[574]/CK (DFF_X1)
                                                          0.00       3.75 r
  library setup time                                     -0.06       3.69
  data required time                                                 3.69
  --------------------------------------------------------------------------
  data required time                                                 3.69
  data arrival time                                                 -3.64
  --------------------------------------------------------------------------
  slack (MET)                                                        0.06


  Startpoint: m_axi_arready[0]
              (input port clocked by CLK)
  Endpoint: vortex/g_clusters[0].cluster/g_sockets[0].socket/mem_arb/req_arb/g_input_select.g_arbiter.g_out_buf[0].out_buf/g_eb2.stream_buffer/g_buffer.data_out_r_reg[578]
            (rising edge-triggered flip-flop clocked by CLK)
  Path Group: INREG
  Path Type: max

  Des/Clust/Port     Wire Load Model       Library
  ------------------------------------------------
  Vortex_axi         5K_hvratio_1_1        NangateOpenCellLibrary_ss0p95v125c

  Point                                                   Incr       Path
  --------------------------------------------------------------------------
  clock CLK (rise edge)                                   0.00       0.00
  clock network delay (ideal)                             0.00       0.00
  input external delay                                    1.20       1.20 r
  m_axi_arready[0] (in)                                   0.01       1.21 r
  U172649/ZN (INV_X1)                                     0.03       1.24 f
  U168582/ZN (OAI211_X1)                                  0.38       1.62 r
  U169088/ZN (INV_X1)                                     0.31       1.93 f
  U243253/ZN (NOR2_X4)                                    0.69       2.61 r
  U244237/Z (CLKBUF_X3)                                   0.74       3.35 r
  U243691/ZN (AOI22_X1)                                   0.17       3.53 f
  U243694/ZN (NAND2_X1)                                   0.10       3.63 r
  vortex/g_clusters[0].cluster/g_sockets[0].socket/mem_arb/req_arb/g_input_select.g_arbiter.g_out_buf[0].out_buf/g_eb2.stream_buffer/g_buffer.data_out_r_reg[578]/D (DFF_X1)
                                                          0.01       3.64 r
  data arrival time                                                  3.64

  clock CLK (rise edge)                                   4.00       4.00
  clock network delay (ideal)                             0.00       4.00
  clock uncertainty                                      -0.25       3.75
  vortex/g_clusters[0].cluster/g_sockets[0].socket/mem_arb/req_arb/g_input_select.g_arbiter.g_out_buf[0].out_buf/g_eb2.stream_buffer/g_buffer.data_out_r_reg[578]/CK (DFF_X1)
                                                          0.00       3.75 r
  library setup time                                     -0.06       3.69
  data required time                                                 3.69
  --------------------------------------------------------------------------
  data required time                                                 3.69
  data arrival time                                                 -3.64
  --------------------------------------------------------------------------
  slack (MET)                                                        0.06


  Startpoint: m_axi_arready[0]
              (input port clocked by CLK)
  Endpoint: vortex/g_clusters[0].cluster/g_sockets[0].socket/mem_arb/req_arb/g_input_select.g_arbiter.g_out_buf[0].out_buf/g_eb2.stream_buffer/g_buffer.data_out_r_reg[550]
            (rising edge-triggered flip-flop clocked by CLK)
  Path Group: INREG
  Path Type: max

  Des/Clust/Port     Wire Load Model       Library
  ------------------------------------------------
  Vortex_axi         5K_hvratio_1_1        NangateOpenCellLibrary_ss0p95v125c

  Point                                                   Incr       Path
  --------------------------------------------------------------------------
  clock CLK (rise edge)                                   0.00       0.00
  clock network delay (ideal)                             0.00       0.00
  input external delay                                    1.20       1.20 r
  m_axi_arready[0] (in)                                   0.01       1.21 r
  U172649/ZN (INV_X1)                                     0.03       1.24 f
  U168582/ZN (OAI211_X1)                                  0.38       1.62 r
  U169088/ZN (INV_X1)                                     0.31       1.93 f
  U243253/ZN (NOR2_X4)                                    0.69       2.61 r
  U244237/Z (CLKBUF_X3)                                   0.74       3.35 r
  U243578/ZN (AOI22_X1)                                   0.17       3.53 f
  U243581/ZN (NAND2_X1)                                   0.10       3.63 r
  vortex/g_clusters[0].cluster/g_sockets[0].socket/mem_arb/req_arb/g_input_select.g_arbiter.g_out_buf[0].out_buf/g_eb2.stream_buffer/g_buffer.data_out_r_reg[550]/D (DFF_X1)
                                                          0.01       3.64 r
  data arrival time                                                  3.64

  clock CLK (rise edge)                                   4.00       4.00
  clock network delay (ideal)                             0.00       4.00
  clock uncertainty                                      -0.25       3.75
  vortex/g_clusters[0].cluster/g_sockets[0].socket/mem_arb/req_arb/g_input_select.g_arbiter.g_out_buf[0].out_buf/g_eb2.stream_buffer/g_buffer.data_out_r_reg[550]/CK (DFF_X1)
                                                          0.00       3.75 r
  library setup time                                     -0.06       3.69
  data required time                                                 3.69
  --------------------------------------------------------------------------
  data required time                                                 3.69
  data arrival time                                                 -3.64
  --------------------------------------------------------------------------
  slack (MET)                                                        0.06


  Startpoint: m_axi_arready[0]
              (input port clocked by CLK)
  Endpoint: vortex/g_clusters[0].cluster/g_sockets[0].socket/mem_arb/req_arb/g_input_select.g_arbiter.g_out_buf[0].out_buf/g_eb2.stream_buffer/g_buffer.data_out_r_reg[554]
            (rising edge-triggered flip-flop clocked by CLK)
  Path Group: INREG
  Path Type: max

  Des/Clust/Port     Wire Load Model       Library
  ------------------------------------------------
  Vortex_axi         5K_hvratio_1_1        NangateOpenCellLibrary_ss0p95v125c

  Point                                                   Incr       Path
  --------------------------------------------------------------------------
  clock CLK (rise edge)                                   0.00       0.00
  clock network delay (ideal)                             0.00       0.00
  input external delay                                    1.20       1.20 r
  m_axi_arready[0] (in)                                   0.01       1.21 r
  U172649/ZN (INV_X1)                                     0.03       1.24 f
  U168582/ZN (OAI211_X1)                                  0.38       1.62 r
  U169088/ZN (INV_X1)                                     0.31       1.93 f
  U243253/ZN (NOR2_X4)                                    0.69       2.61 r
  U244237/Z (CLKBUF_X3)                                   0.74       3.35 r
  U243594/ZN (AOI22_X1)                                   0.17       3.53 f
  U243597/ZN (NAND2_X1)                                   0.10       3.63 r
  vortex/g_clusters[0].cluster/g_sockets[0].socket/mem_arb/req_arb/g_input_select.g_arbiter.g_out_buf[0].out_buf/g_eb2.stream_buffer/g_buffer.data_out_r_reg[554]/D (DFF_X1)
                                                          0.01       3.64 r
  data arrival time                                                  3.64

  clock CLK (rise edge)                                   4.00       4.00
  clock network delay (ideal)                             0.00       4.00
  clock uncertainty                                      -0.25       3.75
  vortex/g_clusters[0].cluster/g_sockets[0].socket/mem_arb/req_arb/g_input_select.g_arbiter.g_out_buf[0].out_buf/g_eb2.stream_buffer/g_buffer.data_out_r_reg[554]/CK (DFF_X1)
                                                          0.00       3.75 r
  library setup time                                     -0.06       3.69
  data required time                                                 3.69
  --------------------------------------------------------------------------
  data required time                                                 3.69
  data arrival time                                                 -3.64
  --------------------------------------------------------------------------
  slack (MET)                                                        0.06


  Startpoint: m_axi_arready[0]
              (input port clocked by CLK)
  Endpoint: vortex/g_clusters[0].cluster/g_sockets[0].socket/mem_arb/req_arb/g_input_select.g_arbiter.g_out_buf[0].out_buf/g_eb2.stream_buffer/g_buffer.data_out_r_reg[206]
            (rising edge-triggered flip-flop clocked by CLK)
  Path Group: INREG
  Path Type: max

  Des/Clust/Port     Wire Load Model       Library
  ------------------------------------------------
  Vortex_axi         5K_hvratio_1_1        NangateOpenCellLibrary_ss0p95v125c

  Point                                                   Incr       Path
  --------------------------------------------------------------------------
  clock CLK (rise edge)                                   0.00       0.00
  clock network delay (ideal)                             0.00       0.00
  input external delay                                    1.20       1.20 r
  m_axi_arready[0] (in)                                   0.01       1.21 r
  U172649/ZN (INV_X1)                                     0.03       1.24 f
  U168582/ZN (OAI211_X1)                                  0.38       1.62 r
  U169088/ZN (INV_X1)                                     0.31       1.93 f
  U243253/ZN (NOR2_X4)                                    0.69       2.61 r
  U244237/Z (CLKBUF_X3)                                   0.74       3.35 r
  U244260/ZN (AOI22_X1)                                   0.17       3.53 f
  U244261/ZN (NAND2_X1)                                   0.10       3.63 r
  vortex/g_clusters[0].cluster/g_sockets[0].socket/mem_arb/req_arb/g_input_select.g_arbiter.g_out_buf[0].out_buf/g_eb2.stream_buffer/g_buffer.data_out_r_reg[206]/D (DFF_X1)
                                                          0.01       3.64 r
  data arrival time                                                  3.64

  clock CLK (rise edge)                                   4.00       4.00
  clock network delay (ideal)                             0.00       4.00
  clock uncertainty                                      -0.25       3.75
  vortex/g_clusters[0].cluster/g_sockets[0].socket/mem_arb/req_arb/g_input_select.g_arbiter.g_out_buf[0].out_buf/g_eb2.stream_buffer/g_buffer.data_out_r_reg[206]/CK (DFF_X1)
                                                          0.00       3.75 r
  library setup time                                     -0.06       3.69
  data required time                                                 3.69
  --------------------------------------------------------------------------
  data required time                                                 3.69
  data arrival time                                                 -3.64
  --------------------------------------------------------------------------
  slack (MET)                                                        0.06


  Startpoint: m_axi_arready[0]
              (input port clocked by CLK)
  Endpoint: vortex/g_clusters[0].cluster/g_sockets[0].socket/mem_arb/req_arb/g_input_select.g_arbiter.g_out_buf[0].out_buf/g_eb2.stream_buffer/g_buffer.data_out_r_reg[485]
            (rising edge-triggered flip-flop clocked by CLK)
  Path Group: INREG
  Path Type: max

  Des/Clust/Port     Wire Load Model       Library
  ------------------------------------------------
  Vortex_axi         5K_hvratio_1_1        NangateOpenCellLibrary_ss0p95v125c

  Point                                                   Incr       Path
  --------------------------------------------------------------------------
  clock CLK (rise edge)                                   0.00       0.00
  clock network delay (ideal)                             0.00       0.00
  input external delay                                    1.20       1.20 r
  m_axi_arready[0] (in)                                   0.01       1.21 r
  U172649/ZN (INV_X1)                                     0.03       1.24 f
  U168582/ZN (OAI211_X1)                                  0.38       1.62 r
  U169088/ZN (INV_X1)                                     0.31       1.93 f
  U243253/ZN (NOR2_X4)                                    0.69       2.61 r
  U244237/Z (CLKBUF_X3)                                   0.74       3.35 r
  U244000/ZN (AOI22_X1)                                   0.17       3.53 f
  U244003/ZN (NAND2_X1)                                   0.10       3.63 r
  vortex/g_clusters[0].cluster/g_sockets[0].socket/mem_arb/req_arb/g_input_select.g_arbiter.g_out_buf[0].out_buf/g_eb2.stream_buffer/g_buffer.data_out_r_reg[485]/D (DFF_X1)
                                                          0.01       3.64 r
  data arrival time                                                  3.64

  clock CLK (rise edge)                                   4.00       4.00
  clock network delay (ideal)                             0.00       4.00
  clock uncertainty                                      -0.25       3.75
  vortex/g_clusters[0].cluster/g_sockets[0].socket/mem_arb/req_arb/g_input_select.g_arbiter.g_out_buf[0].out_buf/g_eb2.stream_buffer/g_buffer.data_out_r_reg[485]/CK (DFF_X1)
                                                          0.00       3.75 r
  library setup time                                     -0.06       3.69
  data required time                                                 3.69
  --------------------------------------------------------------------------
  data required time                                                 3.69
  data arrival time                                                 -3.64
  --------------------------------------------------------------------------
  slack (MET)                                                        0.06


  Startpoint: m_axi_arready[0]
              (input port clocked by CLK)
  Endpoint: vortex/g_clusters[0].cluster/g_sockets[0].socket/mem_arb/req_arb/g_input_select.g_arbiter.g_out_buf[0].out_buf/g_eb2.stream_buffer/g_buffer.data_out_r_reg[488]
            (rising edge-triggered flip-flop clocked by CLK)
  Path Group: INREG
  Path Type: max

  Des/Clust/Port     Wire Load Model       Library
  ------------------------------------------------
  Vortex_axi         5K_hvratio_1_1        NangateOpenCellLibrary_ss0p95v125c

  Point                                                   Incr       Path
  --------------------------------------------------------------------------
  clock CLK (rise edge)                                   0.00       0.00
  clock network delay (ideal)                             0.00       0.00
  input external delay                                    1.20       1.20 r
  m_axi_arready[0] (in)                                   0.01       1.21 r
  U172649/ZN (INV_X1)                                     0.03       1.24 f
  U168582/ZN (OAI211_X1)                                  0.38       1.62 r
  U169088/ZN (INV_X1)                                     0.31       1.93 f
  U243253/ZN (NOR2_X4)                                    0.69       2.61 r
  U244237/Z (CLKBUF_X3)                                   0.74       3.35 r
  U244012/ZN (AOI22_X1)                                   0.17       3.53 f
  U244015/ZN (NAND2_X1)                                   0.10       3.63 r
  vortex/g_clusters[0].cluster/g_sockets[0].socket/mem_arb/req_arb/g_input_select.g_arbiter.g_out_buf[0].out_buf/g_eb2.stream_buffer/g_buffer.data_out_r_reg[488]/D (DFF_X1)
                                                          0.01       3.64 r
  data arrival time                                                  3.64

  clock CLK (rise edge)                                   4.00       4.00
  clock network delay (ideal)                             0.00       4.00
  clock uncertainty                                      -0.25       3.75
  vortex/g_clusters[0].cluster/g_sockets[0].socket/mem_arb/req_arb/g_input_select.g_arbiter.g_out_buf[0].out_buf/g_eb2.stream_buffer/g_buffer.data_out_r_reg[488]/CK (DFF_X1)
                                                          0.00       3.75 r
  library setup time                                     -0.06       3.69
  data required time                                                 3.69
  --------------------------------------------------------------------------
  data required time                                                 3.69
  data arrival time                                                 -3.64
  --------------------------------------------------------------------------
  slack (MET)                                                        0.06


  Startpoint: m_axi_arready[0]
              (input port clocked by CLK)
  Endpoint: vortex/g_clusters[0].cluster/g_sockets[0].socket/mem_arb/req_arb/g_input_select.g_arbiter.g_out_buf[0].out_buf/g_eb2.stream_buffer/g_buffer.data_out_r_reg[245]
            (rising edge-triggered flip-flop clocked by CLK)
  Path Group: INREG
  Path Type: max

  Des/Clust/Port     Wire Load Model       Library
  ------------------------------------------------
  Vortex_axi         5K_hvratio_1_1        NangateOpenCellLibrary_ss0p95v125c

  Point                                                   Incr       Path
  --------------------------------------------------------------------------
  clock CLK (rise edge)                                   0.00       0.00
  clock network delay (ideal)                             0.00       0.00
  input external delay                                    1.20       1.20 r
  m_axi_arready[0] (in)                                   0.01       1.21 r
  U172649/ZN (INV_X1)                                     0.03       1.24 f
  U168582/ZN (OAI211_X1)                                  0.38       1.62 r
  U169088/ZN (INV_X1)                                     0.31       1.93 f
  U243253/ZN (NOR2_X4)                                    0.69       2.61 r
  U244237/Z (CLKBUF_X3)                                   0.74       3.35 r
  U244338/ZN (AOI22_X1)                                   0.17       3.53 f
  U244339/ZN (NAND2_X1)                                   0.10       3.63 r
  vortex/g_clusters[0].cluster/g_sockets[0].socket/mem_arb/req_arb/g_input_select.g_arbiter.g_out_buf[0].out_buf/g_eb2.stream_buffer/g_buffer.data_out_r_reg[245]/D (DFF_X1)
                                                          0.01       3.64 r
  data arrival time                                                  3.64

  clock CLK (rise edge)                                   4.00       4.00
  clock network delay (ideal)                             0.00       4.00
  clock uncertainty                                      -0.25       3.75
  vortex/g_clusters[0].cluster/g_sockets[0].socket/mem_arb/req_arb/g_input_select.g_arbiter.g_out_buf[0].out_buf/g_eb2.stream_buffer/g_buffer.data_out_r_reg[245]/CK (DFF_X1)
                                                          0.00       3.75 r
  library setup time                                     -0.06       3.69
  data required time                                                 3.69
  --------------------------------------------------------------------------
  data required time                                                 3.69
  data arrival time                                                 -3.64
  --------------------------------------------------------------------------
  slack (MET)                                                        0.06


  Startpoint: m_axi_arready[0]
              (input port clocked by CLK)
  Endpoint: vortex/g_clusters[0].cluster/g_sockets[0].socket/mem_arb/req_arb/g_input_select.g_arbiter.g_out_buf[0].out_buf/g_eb2.stream_buffer/g_buffer.data_out_r_reg[505]
            (rising edge-triggered flip-flop clocked by CLK)
  Path Group: INREG
  Path Type: max

  Des/Clust/Port     Wire Load Model       Library
  ------------------------------------------------
  Vortex_axi         5K_hvratio_1_1        NangateOpenCellLibrary_ss0p95v125c

  Point                                                   Incr       Path
  --------------------------------------------------------------------------
  clock CLK (rise edge)                                   0.00       0.00
  clock network delay (ideal)                             0.00       0.00
  input external delay                                    1.20       1.20 r
  m_axi_arready[0] (in)                                   0.01       1.21 r
  U172649/ZN (INV_X1)                                     0.03       1.24 f
  U168582/ZN (OAI211_X1)                                  0.38       1.62 r
  U169088/ZN (INV_X1)                                     0.31       1.93 f
  U243253/ZN (NOR2_X4)                                    0.69       2.61 r
  U244237/Z (CLKBUF_X3)                                   0.74       3.35 r
  U243395/ZN (AOI22_X1)                                   0.17       3.53 f
  U243398/ZN (NAND2_X1)                                   0.10       3.63 r
  vortex/g_clusters[0].cluster/g_sockets[0].socket/mem_arb/req_arb/g_input_select.g_arbiter.g_out_buf[0].out_buf/g_eb2.stream_buffer/g_buffer.data_out_r_reg[505]/D (DFF_X1)
                                                          0.01       3.64 r
  data arrival time                                                  3.64

  clock CLK (rise edge)                                   4.00       4.00
  clock network delay (ideal)                             0.00       4.00
  clock uncertainty                                      -0.25       3.75
  vortex/g_clusters[0].cluster/g_sockets[0].socket/mem_arb/req_arb/g_input_select.g_arbiter.g_out_buf[0].out_buf/g_eb2.stream_buffer/g_buffer.data_out_r_reg[505]/CK (DFF_X1)
                                                          0.00       3.75 r
  library setup time                                     -0.06       3.69
  data required time                                                 3.69
  --------------------------------------------------------------------------
  data required time                                                 3.69
  data arrival time                                                 -3.64
  --------------------------------------------------------------------------
  slack (MET)                                                        0.06


  Startpoint: m_axi_arready[0]
              (input port clocked by CLK)
  Endpoint: vortex/g_clusters[0].cluster/g_sockets[0].socket/mem_arb/req_arb/g_input_select.g_arbiter.g_out_buf[0].out_buf/g_eb2.stream_buffer/g_buffer.data_out_r_reg[517]
            (rising edge-triggered flip-flop clocked by CLK)
  Path Group: INREG
  Path Type: max

  Des/Clust/Port     Wire Load Model       Library
  ------------------------------------------------
  Vortex_axi         5K_hvratio_1_1        NangateOpenCellLibrary_ss0p95v125c

  Point                                                   Incr       Path
  --------------------------------------------------------------------------
  clock CLK (rise edge)                                   0.00       0.00
  clock network delay (ideal)                             0.00       0.00
  input external delay                                    1.20       1.20 r
  m_axi_arready[0] (in)                                   0.01       1.21 r
  U172649/ZN (INV_X1)                                     0.03       1.24 f
  U168582/ZN (OAI211_X1)                                  0.38       1.62 r
  U169088/ZN (INV_X1)                                     0.31       1.93 f
  U243253/ZN (NOR2_X4)                                    0.69       2.61 r
  U244237/Z (CLKBUF_X3)                                   0.74       3.35 r
  U243445/ZN (AOI22_X1)                                   0.17       3.53 f
  U243448/ZN (NAND2_X1)                                   0.10       3.63 r
  vortex/g_clusters[0].cluster/g_sockets[0].socket/mem_arb/req_arb/g_input_select.g_arbiter.g_out_buf[0].out_buf/g_eb2.stream_buffer/g_buffer.data_out_r_reg[517]/D (DFF_X1)
                                                          0.01       3.64 r
  data arrival time                                                  3.64

  clock CLK (rise edge)                                   4.00       4.00
  clock network delay (ideal)                             0.00       4.00
  clock uncertainty                                      -0.25       3.75
  vortex/g_clusters[0].cluster/g_sockets[0].socket/mem_arb/req_arb/g_input_select.g_arbiter.g_out_buf[0].out_buf/g_eb2.stream_buffer/g_buffer.data_out_r_reg[517]/CK (DFF_X1)
                                                          0.00       3.75 r
  library setup time                                     -0.06       3.69
  data required time                                                 3.69
  --------------------------------------------------------------------------
  data required time                                                 3.69
  data arrival time                                                 -3.64
  --------------------------------------------------------------------------
  slack (MET)                                                        0.06


  Startpoint: m_axi_arready[0]
              (input port clocked by CLK)
  Endpoint: vortex/g_clusters[0].cluster/g_sockets[0].socket/mem_arb/req_arb/g_input_select.g_arbiter.g_out_buf[0].out_buf/g_eb2.stream_buffer/g_buffer.data_out_r_reg[269]
            (rising edge-triggered flip-flop clocked by CLK)
  Path Group: INREG
  Path Type: max

  Des/Clust/Port     Wire Load Model       Library
  ------------------------------------------------
  Vortex_axi         5K_hvratio_1_1        NangateOpenCellLibrary_ss0p95v125c

  Point                                                   Incr       Path
  --------------------------------------------------------------------------
  clock CLK (rise edge)                                   0.00       0.00
  clock network delay (ideal)                             0.00       0.00
  input external delay                                    1.20       1.20 r
  m_axi_arready[0] (in)                                   0.01       1.21 r
  U172649/ZN (INV_X1)                                     0.03       1.24 f
  U168582/ZN (OAI211_X1)                                  0.38       1.62 r
  U169088/ZN (INV_X1)                                     0.31       1.93 f
  U243253/ZN (NOR2_X4)                                    0.69       2.61 r
  U244237/Z (CLKBUF_X3)                                   0.74       3.35 r
  U244386/ZN (AOI22_X1)                                   0.17       3.53 f
  U244387/ZN (NAND2_X1)                                   0.10       3.63 r
  vortex/g_clusters[0].cluster/g_sockets[0].socket/mem_arb/req_arb/g_input_select.g_arbiter.g_out_buf[0].out_buf/g_eb2.stream_buffer/g_buffer.data_out_r_reg[269]/D (DFF_X1)
                                                          0.01       3.64 r
  data arrival time                                                  3.64

  clock CLK (rise edge)                                   4.00       4.00
  clock network delay (ideal)                             0.00       4.00
  clock uncertainty                                      -0.25       3.75
  vortex/g_clusters[0].cluster/g_sockets[0].socket/mem_arb/req_arb/g_input_select.g_arbiter.g_out_buf[0].out_buf/g_eb2.stream_buffer/g_buffer.data_out_r_reg[269]/CK (DFF_X1)
                                                          0.00       3.75 r
  library setup time                                     -0.06       3.69
  data required time                                                 3.69
  --------------------------------------------------------------------------
  data required time                                                 3.69
  data arrival time                                                 -3.64
  --------------------------------------------------------------------------
  slack (MET)                                                        0.06


  Startpoint: m_axi_arready[0]
              (input port clocked by CLK)
  Endpoint: vortex/g_clusters[0].cluster/g_sockets[0].socket/mem_arb/req_arb/g_input_select.g_arbiter.g_out_buf[0].out_buf/g_eb2.stream_buffer/g_buffer.data_out_r_reg[160]
            (rising edge-triggered flip-flop clocked by CLK)
  Path Group: INREG
  Path Type: max

  Des/Clust/Port     Wire Load Model       Library
  ------------------------------------------------
  Vortex_axi         5K_hvratio_1_1        NangateOpenCellLibrary_ss0p95v125c

  Point                                                   Incr       Path
  --------------------------------------------------------------------------
  clock CLK (rise edge)                                   0.00       0.00
  clock network delay (ideal)                             0.00       0.00
  input external delay                                    1.20       1.20 r
  m_axi_arready[0] (in)                                   0.01       1.21 r
  U172649/ZN (INV_X1)                                     0.03       1.24 f
  U168582/ZN (OAI211_X1)                                  0.38       1.62 r
  U169088/ZN (INV_X1)                                     0.31       1.93 f
  U243253/ZN (NOR2_X4)                                    0.69       2.61 r
  U244237/Z (CLKBUF_X3)                                   0.74       3.35 r
  U244567/ZN (AOI22_X1)                                   0.17       3.53 f
  U244568/ZN (NAND2_X1)                                   0.10       3.63 r
  vortex/g_clusters[0].cluster/g_sockets[0].socket/mem_arb/req_arb/g_input_select.g_arbiter.g_out_buf[0].out_buf/g_eb2.stream_buffer/g_buffer.data_out_r_reg[160]/D (DFF_X1)
                                                          0.01       3.64 r
  data arrival time                                                  3.64

  clock CLK (rise edge)                                   4.00       4.00
  clock network delay (ideal)                             0.00       4.00
  clock uncertainty                                      -0.25       3.75
  vortex/g_clusters[0].cluster/g_sockets[0].socket/mem_arb/req_arb/g_input_select.g_arbiter.g_out_buf[0].out_buf/g_eb2.stream_buffer/g_buffer.data_out_r_reg[160]/CK (DFF_X1)
                                                          0.00       3.75 r
  library setup time                                     -0.06       3.69
  data required time                                                 3.69
  --------------------------------------------------------------------------
  data required time                                                 3.69
  data arrival time                                                 -3.64
  --------------------------------------------------------------------------
  slack (MET)                                                        0.06


  Startpoint: m_axi_arready[0]
              (input port clocked by CLK)
  Endpoint: vortex/g_clusters[0].cluster/g_sockets[0].socket/mem_arb/req_arb/g_input_select.g_arbiter.g_out_buf[0].out_buf/g_eb2.stream_buffer/g_buffer.data_out_r_reg[290]
            (rising edge-triggered flip-flop clocked by CLK)
  Path Group: INREG
  Path Type: max

  Des/Clust/Port     Wire Load Model       Library
  ------------------------------------------------
  Vortex_axi         5K_hvratio_1_1        NangateOpenCellLibrary_ss0p95v125c

  Point                                                   Incr       Path
  --------------------------------------------------------------------------
  clock CLK (rise edge)                                   0.00       0.00
  clock network delay (ideal)                             0.00       0.00
  input external delay                                    1.20       1.20 r
  m_axi_arready[0] (in)                                   0.01       1.21 r
  U172649/ZN (INV_X1)                                     0.03       1.24 f
  U168582/ZN (OAI211_X1)                                  0.38       1.62 r
  U169088/ZN (INV_X1)                                     0.31       1.93 f
  U243253/ZN (NOR2_X4)                                    0.69       2.61 r
  U244237/Z (CLKBUF_X3)                                   0.74       3.35 r
  U244428/ZN (AOI22_X1)                                   0.17       3.53 f
  U244429/ZN (NAND2_X1)                                   0.10       3.63 r
  vortex/g_clusters[0].cluster/g_sockets[0].socket/mem_arb/req_arb/g_input_select.g_arbiter.g_out_buf[0].out_buf/g_eb2.stream_buffer/g_buffer.data_out_r_reg[290]/D (DFF_X1)
                                                          0.01       3.64 r
  data arrival time                                                  3.64

  clock CLK (rise edge)                                   4.00       4.00
  clock network delay (ideal)                             0.00       4.00
  clock uncertainty                                      -0.25       3.75
  vortex/g_clusters[0].cluster/g_sockets[0].socket/mem_arb/req_arb/g_input_select.g_arbiter.g_out_buf[0].out_buf/g_eb2.stream_buffer/g_buffer.data_out_r_reg[290]/CK (DFF_X1)
                                                          0.00       3.75 r
  library setup time                                     -0.06       3.69
  data required time                                                 3.69
  --------------------------------------------------------------------------
  data required time                                                 3.69
  data arrival time                                                 -3.64
  --------------------------------------------------------------------------
  slack (MET)                                                        0.06


  Startpoint: m_axi_arready[0]
              (input port clocked by CLK)
  Endpoint: vortex/g_clusters[0].cluster/g_sockets[0].socket/mem_arb/req_arb/g_input_select.g_arbiter.g_out_buf[0].out_buf/g_eb2.stream_buffer/g_buffer.data_out_r_reg[204]
            (rising edge-triggered flip-flop clocked by CLK)
  Path Group: INREG
  Path Type: max

  Des/Clust/Port     Wire Load Model       Library
  ------------------------------------------------
  Vortex_axi         5K_hvratio_1_1        NangateOpenCellLibrary_ss0p95v125c

  Point                                                   Incr       Path
  --------------------------------------------------------------------------
  clock CLK (rise edge)                                   0.00       0.00
  clock network delay (ideal)                             0.00       0.00
  input external delay                                    1.20       1.20 r
  m_axi_arready[0] (in)                                   0.01       1.21 r
  U172649/ZN (INV_X1)                                     0.03       1.24 f
  U168582/ZN (OAI211_X1)                                  0.38       1.62 r
  U169088/ZN (INV_X1)                                     0.31       1.93 f
  U243253/ZN (NOR2_X4)                                    0.69       2.61 r
  U244237/Z (CLKBUF_X3)                                   0.74       3.35 r
  U244256/ZN (AOI22_X1)                                   0.17       3.53 f
  U244257/ZN (NAND2_X1)                                   0.10       3.63 r
  vortex/g_clusters[0].cluster/g_sockets[0].socket/mem_arb/req_arb/g_input_select.g_arbiter.g_out_buf[0].out_buf/g_eb2.stream_buffer/g_buffer.data_out_r_reg[204]/D (DFF_X1)
                                                          0.01       3.64 r
  data arrival time                                                  3.64

  clock CLK (rise edge)                                   4.00       4.00
  clock network delay (ideal)                             0.00       4.00
  clock uncertainty                                      -0.25       3.75
  vortex/g_clusters[0].cluster/g_sockets[0].socket/mem_arb/req_arb/g_input_select.g_arbiter.g_out_buf[0].out_buf/g_eb2.stream_buffer/g_buffer.data_out_r_reg[204]/CK (DFF_X1)
                                                          0.00       3.75 r
  library setup time                                     -0.06       3.69
  data required time                                                 3.69
  --------------------------------------------------------------------------
  data required time                                                 3.69
  data arrival time                                                 -3.64
  --------------------------------------------------------------------------
  slack (MET)                                                        0.06


  Startpoint: m_axi_arready[0]
              (input port clocked by CLK)
  Endpoint: vortex/g_clusters[0].cluster/g_sockets[0].socket/mem_arb/req_arb/g_input_select.g_arbiter.g_out_buf[0].out_buf/g_eb2.stream_buffer/g_buffer.data_out_r_reg[348]
            (rising edge-triggered flip-flop clocked by CLK)
  Path Group: INREG
  Path Type: max

  Des/Clust/Port     Wire Load Model       Library
  ------------------------------------------------
  Vortex_axi         5K_hvratio_1_1        NangateOpenCellLibrary_ss0p95v125c

  Point                                                   Incr       Path
  --------------------------------------------------------------------------
  clock CLK (rise edge)                                   0.00       0.00
  clock network delay (ideal)                             0.00       0.00
  input external delay                                    1.20       1.20 r
  m_axi_arready[0] (in)                                   0.01       1.21 r
  U172649/ZN (INV_X1)                                     0.03       1.24 f
  U168582/ZN (OAI211_X1)                                  0.38       1.62 r
  U169088/ZN (INV_X1)                                     0.31       1.93 f
  U243253/ZN (NOR2_X4)                                    0.69       2.61 r
  U244237/Z (CLKBUF_X3)                                   0.74       3.35 r
  U244145/ZN (AOI22_X1)                                   0.17       3.53 f
  U244146/ZN (NAND2_X1)                                   0.10       3.63 r
  vortex/g_clusters[0].cluster/g_sockets[0].socket/mem_arb/req_arb/g_input_select.g_arbiter.g_out_buf[0].out_buf/g_eb2.stream_buffer/g_buffer.data_out_r_reg[348]/D (DFF_X1)
                                                          0.01       3.64 r
  data arrival time                                                  3.64

  clock CLK (rise edge)                                   4.00       4.00
  clock network delay (ideal)                             0.00       4.00
  clock uncertainty                                      -0.25       3.75
  vortex/g_clusters[0].cluster/g_sockets[0].socket/mem_arb/req_arb/g_input_select.g_arbiter.g_out_buf[0].out_buf/g_eb2.stream_buffer/g_buffer.data_out_r_reg[348]/CK (DFF_X1)
                                                          0.00       3.75 r
  library setup time                                     -0.06       3.69
  data required time                                                 3.69
  --------------------------------------------------------------------------
  data required time                                                 3.69
  data arrival time                                                 -3.64
  --------------------------------------------------------------------------
  slack (MET)                                                        0.06


  Startpoint: m_axi_arready[0]
              (input port clocked by CLK)
  Endpoint: vortex/g_clusters[0].cluster/g_sockets[0].socket/mem_arb/req_arb/g_input_select.g_arbiter.g_out_buf[0].out_buf/g_eb2.stream_buffer/g_buffer.data_out_r_reg[223]
            (rising edge-triggered flip-flop clocked by CLK)
  Path Group: INREG
  Path Type: max

  Des/Clust/Port     Wire Load Model       Library
  ------------------------------------------------
  Vortex_axi         5K_hvratio_1_1        NangateOpenCellLibrary_ss0p95v125c

  Point                                                   Incr       Path
  --------------------------------------------------------------------------
  clock CLK (rise edge)                                   0.00       0.00
  clock network delay (ideal)                             0.00       0.00
  input external delay                                    1.20       1.20 r
  m_axi_arready[0] (in)                                   0.01       1.21 r
  U172649/ZN (INV_X1)                                     0.03       1.24 f
  U168582/ZN (OAI211_X1)                                  0.38       1.62 r
  U169088/ZN (INV_X1)                                     0.31       1.93 f
  U243253/ZN (NOR2_X4)                                    0.69       2.61 r
  U244237/Z (CLKBUF_X3)                                   0.74       3.35 r
  U244294/ZN (AOI22_X1)                                   0.17       3.53 f
  U244295/ZN (NAND2_X1)                                   0.10       3.63 r
  vortex/g_clusters[0].cluster/g_sockets[0].socket/mem_arb/req_arb/g_input_select.g_arbiter.g_out_buf[0].out_buf/g_eb2.stream_buffer/g_buffer.data_out_r_reg[223]/D (DFF_X1)
                                                          0.01       3.64 r
  data arrival time                                                  3.64

  clock CLK (rise edge)                                   4.00       4.00
  clock network delay (ideal)                             0.00       4.00
  clock uncertainty                                      -0.25       3.75
  vortex/g_clusters[0].cluster/g_sockets[0].socket/mem_arb/req_arb/g_input_select.g_arbiter.g_out_buf[0].out_buf/g_eb2.stream_buffer/g_buffer.data_out_r_reg[223]/CK (DFF_X1)
                                                          0.00       3.75 r
  library setup time                                     -0.06       3.69
  data required time                                                 3.69
  --------------------------------------------------------------------------
  data required time                                                 3.69
  data arrival time                                                 -3.64
  --------------------------------------------------------------------------
  slack (MET)                                                        0.06


  Startpoint: m_axi_arready[0]
              (input port clocked by CLK)
  Endpoint: vortex/g_clusters[0].cluster/g_sockets[0].socket/mem_arb/req_arb/g_input_select.g_arbiter.g_out_buf[0].out_buf/g_eb2.stream_buffer/g_buffer.data_out_r_reg[149]
            (rising edge-triggered flip-flop clocked by CLK)
  Path Group: INREG
  Path Type: max

  Des/Clust/Port     Wire Load Model       Library
  ------------------------------------------------
  Vortex_axi         5K_hvratio_1_1        NangateOpenCellLibrary_ss0p95v125c

  Point                                                   Incr       Path
  --------------------------------------------------------------------------
  clock CLK (rise edge)                                   0.00       0.00
  clock network delay (ideal)                             0.00       0.00
  input external delay                                    1.20       1.20 r
  m_axi_arready[0] (in)                                   0.01       1.21 r
  U172649/ZN (INV_X1)                                     0.03       1.24 f
  U168582/ZN (OAI211_X1)                                  0.38       1.62 r
  U169088/ZN (INV_X1)                                     0.31       1.93 f
  U243253/ZN (NOR2_X4)                                    0.69       2.61 r
  U244237/Z (CLKBUF_X3)                                   0.74       3.35 r
  U244545/ZN (AOI22_X1)                                   0.17       3.53 f
  U244546/ZN (NAND2_X1)                                   0.10       3.63 r
  vortex/g_clusters[0].cluster/g_sockets[0].socket/mem_arb/req_arb/g_input_select.g_arbiter.g_out_buf[0].out_buf/g_eb2.stream_buffer/g_buffer.data_out_r_reg[149]/D (DFF_X1)
                                                          0.01       3.64 r
  data arrival time                                                  3.64

  clock CLK (rise edge)                                   4.00       4.00
  clock network delay (ideal)                             0.00       4.00
  clock uncertainty                                      -0.25       3.75
  vortex/g_clusters[0].cluster/g_sockets[0].socket/mem_arb/req_arb/g_input_select.g_arbiter.g_out_buf[0].out_buf/g_eb2.stream_buffer/g_buffer.data_out_r_reg[149]/CK (DFF_X1)
                                                          0.00       3.75 r
  library setup time                                     -0.06       3.69
  data required time                                                 3.69
  --------------------------------------------------------------------------
  data required time                                                 3.69
  data arrival time                                                 -3.64
  --------------------------------------------------------------------------
  slack (MET)                                                        0.06


  Startpoint: m_axi_arready[0]
              (input port clocked by CLK)
  Endpoint: vortex/g_clusters[0].cluster/g_sockets[0].socket/mem_arb/req_arb/g_input_select.g_arbiter.g_out_buf[0].out_buf/g_eb2.stream_buffer/g_buffer.data_out_r_reg[154]
            (rising edge-triggered flip-flop clocked by CLK)
  Path Group: INREG
  Path Type: max

  Des/Clust/Port     Wire Load Model       Library
  ------------------------------------------------
  Vortex_axi         5K_hvratio_1_1        NangateOpenCellLibrary_ss0p95v125c

  Point                                                   Incr       Path
  --------------------------------------------------------------------------
  clock CLK (rise edge)                                   0.00       0.00
  clock network delay (ideal)                             0.00       0.00
  input external delay                                    1.20       1.20 r
  m_axi_arready[0] (in)                                   0.01       1.21 r
  U172649/ZN (INV_X1)                                     0.03       1.24 f
  U168582/ZN (OAI211_X1)                                  0.38       1.62 r
  U169088/ZN (INV_X1)                                     0.31       1.93 f
  U243253/ZN (NOR2_X4)                                    0.69       2.61 r
  U244237/Z (CLKBUF_X3)                                   0.74       3.35 r
  U244555/ZN (AOI22_X1)                                   0.17       3.53 f
  U244556/ZN (NAND2_X1)                                   0.10       3.63 r
  vortex/g_clusters[0].cluster/g_sockets[0].socket/mem_arb/req_arb/g_input_select.g_arbiter.g_out_buf[0].out_buf/g_eb2.stream_buffer/g_buffer.data_out_r_reg[154]/D (DFF_X1)
                                                          0.01       3.64 r
  data arrival time                                                  3.64

  clock CLK (rise edge)                                   4.00       4.00
  clock network delay (ideal)                             0.00       4.00
  clock uncertainty                                      -0.25       3.75
  vortex/g_clusters[0].cluster/g_sockets[0].socket/mem_arb/req_arb/g_input_select.g_arbiter.g_out_buf[0].out_buf/g_eb2.stream_buffer/g_buffer.data_out_r_reg[154]/CK (DFF_X1)
                                                          0.00       3.75 r
  library setup time                                     -0.06       3.69
  data required time                                                 3.69
  --------------------------------------------------------------------------
  data required time                                                 3.69
  data arrival time                                                 -3.64
  --------------------------------------------------------------------------
  slack (MET)                                                        0.06


  Startpoint: m_axi_arready[0]
              (input port clocked by CLK)
  Endpoint: vortex/g_clusters[0].cluster/g_sockets[0].socket/mem_arb/req_arb/g_input_select.g_arbiter.g_out_buf[0].out_buf/g_eb2.stream_buffer/g_buffer.data_out_r_reg[157]
            (rising edge-triggered flip-flop clocked by CLK)
  Path Group: INREG
  Path Type: max

  Des/Clust/Port     Wire Load Model       Library
  ------------------------------------------------
  Vortex_axi         5K_hvratio_1_1        NangateOpenCellLibrary_ss0p95v125c

  Point                                                   Incr       Path
  --------------------------------------------------------------------------
  clock CLK (rise edge)                                   0.00       0.00
  clock network delay (ideal)                             0.00       0.00
  input external delay                                    1.20       1.20 r
  m_axi_arready[0] (in)                                   0.01       1.21 r
  U172649/ZN (INV_X1)                                     0.03       1.24 f
  U168582/ZN (OAI211_X1)                                  0.38       1.62 r
  U169088/ZN (INV_X1)                                     0.31       1.93 f
  U243253/ZN (NOR2_X4)                                    0.69       2.61 r
  U244237/Z (CLKBUF_X3)                                   0.74       3.35 r
  U244561/ZN (AOI22_X1)                                   0.17       3.53 f
  U244562/ZN (NAND2_X1)                                   0.10       3.63 r
  vortex/g_clusters[0].cluster/g_sockets[0].socket/mem_arb/req_arb/g_input_select.g_arbiter.g_out_buf[0].out_buf/g_eb2.stream_buffer/g_buffer.data_out_r_reg[157]/D (DFF_X1)
                                                          0.01       3.64 r
  data arrival time                                                  3.64

  clock CLK (rise edge)                                   4.00       4.00
  clock network delay (ideal)                             0.00       4.00
  clock uncertainty                                      -0.25       3.75
  vortex/g_clusters[0].cluster/g_sockets[0].socket/mem_arb/req_arb/g_input_select.g_arbiter.g_out_buf[0].out_buf/g_eb2.stream_buffer/g_buffer.data_out_r_reg[157]/CK (DFF_X1)
                                                          0.00       3.75 r
  library setup time                                     -0.06       3.69
  data required time                                                 3.69
  --------------------------------------------------------------------------
  data required time                                                 3.69
  data arrival time                                                 -3.64
  --------------------------------------------------------------------------
  slack (MET)                                                        0.06


  Startpoint: vortex/g_clusters[0].cluster/g_sockets[0].socket/mem_arb/req_arb/g_input_select.g_arbiter.g_out_buf[0].out_buf/g_eb2.stream_buffer/g_buffer.data_out_r_reg[611]
              (rising edge-triggered flip-flop clocked by CLK)
  Endpoint: m_axi_awvalid[0]
            (output port clocked by CLK)
  Path Group: REGOUT
  Path Type: max

  Des/Clust/Port     Wire Load Model       Library
  ------------------------------------------------
  Vortex_axi         5K_hvratio_1_1        NangateOpenCellLibrary_ss0p95v125c

  Point                                                   Incr       Path
  --------------------------------------------------------------------------
  clock CLK (rise edge)                                   0.00       0.00
  clock network delay (ideal)                             0.00       0.00
  vortex/g_clusters[0].cluster/g_sockets[0].socket/mem_arb/req_arb/g_input_select.g_arbiter.g_out_buf[0].out_buf/g_eb2.stream_buffer/g_buffer.data_out_r_reg[611]/CK (DFF_X1)
                                                          0.00 #     0.00 r
  vortex/g_clusters[0].cluster/g_sockets[0].socket/mem_arb/req_arb/g_input_select.g_arbiter.g_out_buf[0].out_buf/g_eb2.stream_buffer/g_buffer.data_out_r_reg[611]/Q (DFF_X1)
                                                          0.39       0.39 r
  U243254/ZN (NAND2_X1)                                   0.09       0.48 f
  U324918/ZN (NOR2_X1)                                    0.11       0.59 r
  m_axi_awvalid[0] (out)                                  0.01       0.60 r
  data arrival time                                                  0.60

  clock CLK (rise edge)                                   4.00       4.00
  clock network delay (ideal)                             0.00       4.00
  clock uncertainty                                      -0.25       3.75
  output external delay                                  -1.20       2.55
  data required time                                                 2.55
  --------------------------------------------------------------------------
  data required time                                                 2.55
  data arrival time                                                 -0.60
  --------------------------------------------------------------------------
  slack (MET)                                                        1.95


  Startpoint: vortex/g_clusters[0].cluster/g_sockets[0].socket/mem_arb/req_arb/g_input_select.g_arbiter.g_out_buf[0].out_buf/g_eb2.stream_buffer/g_buffer.data_out_r_reg[611]
              (rising edge-triggered flip-flop clocked by CLK)
  Endpoint: m_axi_wvalid[0]
            (output port clocked by CLK)
  Path Group: REGOUT
  Path Type: max

  Des/Clust/Port     Wire Load Model       Library
  ------------------------------------------------
  Vortex_axi         5K_hvratio_1_1        NangateOpenCellLibrary_ss0p95v125c

  Point                                                   Incr       Path
  --------------------------------------------------------------------------
  clock CLK (rise edge)                                   0.00       0.00
  clock network delay (ideal)                             0.00       0.00
  vortex/g_clusters[0].cluster/g_sockets[0].socket/mem_arb/req_arb/g_input_select.g_arbiter.g_out_buf[0].out_buf/g_eb2.stream_buffer/g_buffer.data_out_r_reg[611]/CK (DFF_X1)
                                                          0.00 #     0.00 r
  vortex/g_clusters[0].cluster/g_sockets[0].socket/mem_arb/req_arb/g_input_select.g_arbiter.g_out_buf[0].out_buf/g_eb2.stream_buffer/g_buffer.data_out_r_reg[611]/Q (DFF_X1)
                                                          0.39       0.39 r
  U243254/ZN (NAND2_X1)                                   0.09       0.48 f
  U324915/ZN (NOR2_X1)                                    0.11       0.59 r
  m_axi_wvalid[0] (out)                                   0.01       0.60 r
  data arrival time                                                  0.60

  clock CLK (rise edge)                                   4.00       4.00
  clock network delay (ideal)                             0.00       4.00
  clock uncertainty                                      -0.25       3.75
  output external delay                                  -1.20       2.55
  data required time                                                 2.55
  --------------------------------------------------------------------------
  data required time                                                 2.55
  data arrival time                                                 -0.60
  --------------------------------------------------------------------------
  slack (MET)                                                        1.95


  Startpoint: vortex/g_clusters[0].cluster/g_sockets[0].socket/mem_arb/req_arb/g_input_select.g_arbiter.g_out_buf[0].out_buf/g_eb2.stream_buffer/g_buffer.data_out_r_reg[611]
              (rising edge-triggered flip-flop clocked by CLK)
  Endpoint: m_axi_arvalid[0]
            (output port clocked by CLK)
  Path Group: REGOUT
  Path Type: max

  Des/Clust/Port     Wire Load Model       Library
  ------------------------------------------------
  Vortex_axi         5K_hvratio_1_1        NangateOpenCellLibrary_ss0p95v125c

  Point                                                   Incr       Path
  --------------------------------------------------------------------------
  clock CLK (rise edge)                                   0.00       0.00
  clock network delay (ideal)                             0.00       0.00
  vortex/g_clusters[0].cluster/g_sockets[0].socket/mem_arb/req_arb/g_input_select.g_arbiter.g_out_buf[0].out_buf/g_eb2.stream_buffer/g_buffer.data_out_r_reg[611]/CK (DFF_X1)
                                                          0.00 #     0.00 r
  vortex/g_clusters[0].cluster/g_sockets[0].socket/mem_arb/req_arb/g_input_select.g_arbiter.g_out_buf[0].out_buf/g_eb2.stream_buffer/g_buffer.data_out_r_reg[611]/Q (DFF_X1)
                                                          0.39       0.39 r
  U237101/ZN (NOR2_X1)                                    0.05       0.44 f
  m_axi_arvalid[0] (out)                                  0.01       0.44 f
  data arrival time                                                  0.44

  clock CLK (rise edge)                                   4.00       4.00
  clock network delay (ideal)                             0.00       4.00
  clock uncertainty                                      -0.25       3.75
  output external delay                                  -1.20       2.55
  data required time                                                 2.55
  --------------------------------------------------------------------------
  data required time                                                 2.55
  data arrival time                                                 -0.44
  --------------------------------------------------------------------------
  slack (MET)                                                        2.11


  Startpoint: vortex/g_clusters[0].cluster/g_sockets[0].socket/mem_arb/req_arb/g_input_select.g_arbiter.g_out_buf[0].out_buf/g_eb2.stream_buffer/g_buffer.data_out_r_reg[610]
              (rising edge-triggered flip-flop clocked by CLK)
  Endpoint: m_axi_awaddr[0][31]
            (output port clocked by CLK)
  Path Group: REGOUT
  Path Type: max

  Des/Clust/Port     Wire Load Model       Library
  ------------------------------------------------
  Vortex_axi         5K_hvratio_1_1        NangateOpenCellLibrary_ss0p95v125c

  Point                                                   Incr       Path
  --------------------------------------------------------------------------
  clock CLK (rise edge)                                   0.00       0.00
  clock network delay (ideal)                             0.00       0.00
  vortex/g_clusters[0].cluster/g_sockets[0].socket/mem_arb/req_arb/g_input_select.g_arbiter.g_out_buf[0].out_buf/g_eb2.stream_buffer/g_buffer.data_out_r_reg[610]/CK (DFF_X1)
                                                          0.00 #     0.00 r
  vortex/g_clusters[0].cluster/g_sockets[0].socket/mem_arb/req_arb/g_input_select.g_arbiter.g_out_buf[0].out_buf/g_eb2.stream_buffer/g_buffer.data_out_r_reg[610]/Q (DFF_X1)
                                                          0.36       0.36 r
  m_axi_awaddr[0][31] (out)                               0.01       0.37 r
  data arrival time                                                  0.37

  clock CLK (rise edge)                                   4.00       4.00
  clock network delay (ideal)                             0.00       4.00
  clock uncertainty                                      -0.25       3.75
  output external delay                                  -1.20       2.55
  data required time                                                 2.55
  --------------------------------------------------------------------------
  data required time                                                 2.55
  data arrival time                                                 -0.37
  --------------------------------------------------------------------------
  slack (MET)                                                        2.18


  Startpoint: vortex/g_clusters[0].cluster/g_sockets[0].socket/mem_arb/req_arb/g_input_select.g_arbiter.g_out_buf[0].out_buf/g_eb2.stream_buffer/g_buffer.data_out_r_reg[609]
              (rising edge-triggered flip-flop clocked by CLK)
  Endpoint: m_axi_awaddr[0][30]
            (output port clocked by CLK)
  Path Group: REGOUT
  Path Type: max

  Des/Clust/Port     Wire Load Model       Library
  ------------------------------------------------
  Vortex_axi         5K_hvratio_1_1        NangateOpenCellLibrary_ss0p95v125c

  Point                                                   Incr       Path
  --------------------------------------------------------------------------
  clock CLK (rise edge)                                   0.00       0.00
  clock network delay (ideal)                             0.00       0.00
  vortex/g_clusters[0].cluster/g_sockets[0].socket/mem_arb/req_arb/g_input_select.g_arbiter.g_out_buf[0].out_buf/g_eb2.stream_buffer/g_buffer.data_out_r_reg[609]/CK (DFF_X1)
                                                          0.00 #     0.00 r
  vortex/g_clusters[0].cluster/g_sockets[0].socket/mem_arb/req_arb/g_input_select.g_arbiter.g_out_buf[0].out_buf/g_eb2.stream_buffer/g_buffer.data_out_r_reg[609]/Q (DFF_X1)
                                                          0.36       0.36 r
  m_axi_awaddr[0][30] (out)                               0.01       0.37 r
  data arrival time                                                  0.37

  clock CLK (rise edge)                                   4.00       4.00
  clock network delay (ideal)                             0.00       4.00
  clock uncertainty                                      -0.25       3.75
  output external delay                                  -1.20       2.55
  data required time                                                 2.55
  --------------------------------------------------------------------------
  data required time                                                 2.55
  data arrival time                                                 -0.37
  --------------------------------------------------------------------------
  slack (MET)                                                        2.18


  Startpoint: vortex/g_clusters[0].cluster/g_sockets[0].socket/mem_arb/req_arb/g_input_select.g_arbiter.g_out_buf[0].out_buf/g_eb2.stream_buffer/g_buffer.data_out_r_reg[608]
              (rising edge-triggered flip-flop clocked by CLK)
  Endpoint: m_axi_awaddr[0][29]
            (output port clocked by CLK)
  Path Group: REGOUT
  Path Type: max

  Des/Clust/Port     Wire Load Model       Library
  ------------------------------------------------
  Vortex_axi         5K_hvratio_1_1        NangateOpenCellLibrary_ss0p95v125c

  Point                                                   Incr       Path
  --------------------------------------------------------------------------
  clock CLK (rise edge)                                   0.00       0.00
  clock network delay (ideal)                             0.00       0.00
  vortex/g_clusters[0].cluster/g_sockets[0].socket/mem_arb/req_arb/g_input_select.g_arbiter.g_out_buf[0].out_buf/g_eb2.stream_buffer/g_buffer.data_out_r_reg[608]/CK (DFF_X1)
                                                          0.00 #     0.00 r
  vortex/g_clusters[0].cluster/g_sockets[0].socket/mem_arb/req_arb/g_input_select.g_arbiter.g_out_buf[0].out_buf/g_eb2.stream_buffer/g_buffer.data_out_r_reg[608]/Q (DFF_X1)
                                                          0.36       0.36 r
  m_axi_awaddr[0][29] (out)                               0.01       0.37 r
  data arrival time                                                  0.37

  clock CLK (rise edge)                                   4.00       4.00
  clock network delay (ideal)                             0.00       4.00
  clock uncertainty                                      -0.25       3.75
  output external delay                                  -1.20       2.55
  data required time                                                 2.55
  --------------------------------------------------------------------------
  data required time                                                 2.55
  data arrival time                                                 -0.37
  --------------------------------------------------------------------------
  slack (MET)                                                        2.18


  Startpoint: vortex/g_clusters[0].cluster/g_sockets[0].socket/mem_arb/req_arb/g_input_select.g_arbiter.g_out_buf[0].out_buf/g_eb2.stream_buffer/g_buffer.data_out_r_reg[607]
              (rising edge-triggered flip-flop clocked by CLK)
  Endpoint: m_axi_awaddr[0][28]
            (output port clocked by CLK)
  Path Group: REGOUT
  Path Type: max

  Des/Clust/Port     Wire Load Model       Library
  ------------------------------------------------
  Vortex_axi         5K_hvratio_1_1        NangateOpenCellLibrary_ss0p95v125c

  Point                                                   Incr       Path
  --------------------------------------------------------------------------
  clock CLK (rise edge)                                   0.00       0.00
  clock network delay (ideal)                             0.00       0.00
  vortex/g_clusters[0].cluster/g_sockets[0].socket/mem_arb/req_arb/g_input_select.g_arbiter.g_out_buf[0].out_buf/g_eb2.stream_buffer/g_buffer.data_out_r_reg[607]/CK (DFF_X1)
                                                          0.00 #     0.00 r
  vortex/g_clusters[0].cluster/g_sockets[0].socket/mem_arb/req_arb/g_input_select.g_arbiter.g_out_buf[0].out_buf/g_eb2.stream_buffer/g_buffer.data_out_r_reg[607]/Q (DFF_X1)
                                                          0.36       0.36 r
  m_axi_awaddr[0][28] (out)                               0.01       0.37 r
  data arrival time                                                  0.37

  clock CLK (rise edge)                                   4.00       4.00
  clock network delay (ideal)                             0.00       4.00
  clock uncertainty                                      -0.25       3.75
  output external delay                                  -1.20       2.55
  data required time                                                 2.55
  --------------------------------------------------------------------------
  data required time                                                 2.55
  data arrival time                                                 -0.37
  --------------------------------------------------------------------------
  slack (MET)                                                        2.18


  Startpoint: vortex/g_clusters[0].cluster/g_sockets[0].socket/mem_arb/req_arb/g_input_select.g_arbiter.g_out_buf[0].out_buf/g_eb2.stream_buffer/g_buffer.data_out_r_reg[606]
              (rising edge-triggered flip-flop clocked by CLK)
  Endpoint: m_axi_awaddr[0][27]
            (output port clocked by CLK)
  Path Group: REGOUT
  Path Type: max

  Des/Clust/Port     Wire Load Model       Library
  ------------------------------------------------
  Vortex_axi         5K_hvratio_1_1        NangateOpenCellLibrary_ss0p95v125c

  Point                                                   Incr       Path
  --------------------------------------------------------------------------
  clock CLK (rise edge)                                   0.00       0.00
  clock network delay (ideal)                             0.00       0.00
  vortex/g_clusters[0].cluster/g_sockets[0].socket/mem_arb/req_arb/g_input_select.g_arbiter.g_out_buf[0].out_buf/g_eb2.stream_buffer/g_buffer.data_out_r_reg[606]/CK (DFF_X1)
                                                          0.00 #     0.00 r
  vortex/g_clusters[0].cluster/g_sockets[0].socket/mem_arb/req_arb/g_input_select.g_arbiter.g_out_buf[0].out_buf/g_eb2.stream_buffer/g_buffer.data_out_r_reg[606]/Q (DFF_X1)
                                                          0.36       0.36 r
  m_axi_awaddr[0][27] (out)                               0.01       0.37 r
  data arrival time                                                  0.37

  clock CLK (rise edge)                                   4.00       4.00
  clock network delay (ideal)                             0.00       4.00
  clock uncertainty                                      -0.25       3.75
  output external delay                                  -1.20       2.55
  data required time                                                 2.55
  --------------------------------------------------------------------------
  data required time                                                 2.55
  data arrival time                                                 -0.37
  --------------------------------------------------------------------------
  slack (MET)                                                        2.18


  Startpoint: vortex/g_clusters[0].cluster/g_sockets[0].socket/mem_arb/req_arb/g_input_select.g_arbiter.g_out_buf[0].out_buf/g_eb2.stream_buffer/g_buffer.data_out_r_reg[605]
              (rising edge-triggered flip-flop clocked by CLK)
  Endpoint: m_axi_awaddr[0][26]
            (output port clocked by CLK)
  Path Group: REGOUT
  Path Type: max

  Des/Clust/Port     Wire Load Model       Library
  ------------------------------------------------
  Vortex_axi         5K_hvratio_1_1        NangateOpenCellLibrary_ss0p95v125c

  Point                                                   Incr       Path
  --------------------------------------------------------------------------
  clock CLK (rise edge)                                   0.00       0.00
  clock network delay (ideal)                             0.00       0.00
  vortex/g_clusters[0].cluster/g_sockets[0].socket/mem_arb/req_arb/g_input_select.g_arbiter.g_out_buf[0].out_buf/g_eb2.stream_buffer/g_buffer.data_out_r_reg[605]/CK (DFF_X1)
                                                          0.00 #     0.00 r
  vortex/g_clusters[0].cluster/g_sockets[0].socket/mem_arb/req_arb/g_input_select.g_arbiter.g_out_buf[0].out_buf/g_eb2.stream_buffer/g_buffer.data_out_r_reg[605]/Q (DFF_X1)
                                                          0.36       0.36 r
  m_axi_awaddr[0][26] (out)                               0.01       0.37 r
  data arrival time                                                  0.37

  clock CLK (rise edge)                                   4.00       4.00
  clock network delay (ideal)                             0.00       4.00
  clock uncertainty                                      -0.25       3.75
  output external delay                                  -1.20       2.55
  data required time                                                 2.55
  --------------------------------------------------------------------------
  data required time                                                 2.55
  data arrival time                                                 -0.37
  --------------------------------------------------------------------------
  slack (MET)                                                        2.18


  Startpoint: vortex/g_clusters[0].cluster/g_sockets[0].socket/mem_arb/req_arb/g_input_select.g_arbiter.g_out_buf[0].out_buf/g_eb2.stream_buffer/g_buffer.data_out_r_reg[604]
              (rising edge-triggered flip-flop clocked by CLK)
  Endpoint: m_axi_awaddr[0][25]
            (output port clocked by CLK)
  Path Group: REGOUT
  Path Type: max

  Des/Clust/Port     Wire Load Model       Library
  ------------------------------------------------
  Vortex_axi         5K_hvratio_1_1        NangateOpenCellLibrary_ss0p95v125c

  Point                                                   Incr       Path
  --------------------------------------------------------------------------
  clock CLK (rise edge)                                   0.00       0.00
  clock network delay (ideal)                             0.00       0.00
  vortex/g_clusters[0].cluster/g_sockets[0].socket/mem_arb/req_arb/g_input_select.g_arbiter.g_out_buf[0].out_buf/g_eb2.stream_buffer/g_buffer.data_out_r_reg[604]/CK (DFF_X1)
                                                          0.00 #     0.00 r
  vortex/g_clusters[0].cluster/g_sockets[0].socket/mem_arb/req_arb/g_input_select.g_arbiter.g_out_buf[0].out_buf/g_eb2.stream_buffer/g_buffer.data_out_r_reg[604]/Q (DFF_X1)
                                                          0.36       0.36 r
  m_axi_awaddr[0][25] (out)                               0.01       0.37 r
  data arrival time                                                  0.37

  clock CLK (rise edge)                                   4.00       4.00
  clock network delay (ideal)                             0.00       4.00
  clock uncertainty                                      -0.25       3.75
  output external delay                                  -1.20       2.55
  data required time                                                 2.55
  --------------------------------------------------------------------------
  data required time                                                 2.55
  data arrival time                                                 -0.37
  --------------------------------------------------------------------------
  slack (MET)                                                        2.18


  Startpoint: vortex/g_clusters[0].cluster/g_sockets[0].socket/mem_arb/req_arb/g_input_select.g_arbiter.g_out_buf[0].out_buf/g_eb2.stream_buffer/g_buffer.data_out_r_reg[603]
              (rising edge-triggered flip-flop clocked by CLK)
  Endpoint: m_axi_awaddr[0][24]
            (output port clocked by CLK)
  Path Group: REGOUT
  Path Type: max

  Des/Clust/Port     Wire Load Model       Library
  ------------------------------------------------
  Vortex_axi         5K_hvratio_1_1        NangateOpenCellLibrary_ss0p95v125c

  Point                                                   Incr       Path
  --------------------------------------------------------------------------
  clock CLK (rise edge)                                   0.00       0.00
  clock network delay (ideal)                             0.00       0.00
  vortex/g_clusters[0].cluster/g_sockets[0].socket/mem_arb/req_arb/g_input_select.g_arbiter.g_out_buf[0].out_buf/g_eb2.stream_buffer/g_buffer.data_out_r_reg[603]/CK (DFF_X1)
                                                          0.00 #     0.00 r
  vortex/g_clusters[0].cluster/g_sockets[0].socket/mem_arb/req_arb/g_input_select.g_arbiter.g_out_buf[0].out_buf/g_eb2.stream_buffer/g_buffer.data_out_r_reg[603]/Q (DFF_X1)
                                                          0.36       0.36 r
  m_axi_awaddr[0][24] (out)                               0.01       0.37 r
  data arrival time                                                  0.37

  clock CLK (rise edge)                                   4.00       4.00
  clock network delay (ideal)                             0.00       4.00
  clock uncertainty                                      -0.25       3.75
  output external delay                                  -1.20       2.55
  data required time                                                 2.55
  --------------------------------------------------------------------------
  data required time                                                 2.55
  data arrival time                                                 -0.37
  --------------------------------------------------------------------------
  slack (MET)                                                        2.18


  Startpoint: vortex/g_clusters[0].cluster/g_sockets[0].socket/mem_arb/req_arb/g_input_select.g_arbiter.g_out_buf[0].out_buf/g_eb2.stream_buffer/g_buffer.data_out_r_reg[602]
              (rising edge-triggered flip-flop clocked by CLK)
  Endpoint: m_axi_awaddr[0][23]
            (output port clocked by CLK)
  Path Group: REGOUT
  Path Type: max

  Des/Clust/Port     Wire Load Model       Library
  ------------------------------------------------
  Vortex_axi         5K_hvratio_1_1        NangateOpenCellLibrary_ss0p95v125c

  Point                                                   Incr       Path
  --------------------------------------------------------------------------
  clock CLK (rise edge)                                   0.00       0.00
  clock network delay (ideal)                             0.00       0.00
  vortex/g_clusters[0].cluster/g_sockets[0].socket/mem_arb/req_arb/g_input_select.g_arbiter.g_out_buf[0].out_buf/g_eb2.stream_buffer/g_buffer.data_out_r_reg[602]/CK (DFF_X1)
                                                          0.00 #     0.00 r
  vortex/g_clusters[0].cluster/g_sockets[0].socket/mem_arb/req_arb/g_input_select.g_arbiter.g_out_buf[0].out_buf/g_eb2.stream_buffer/g_buffer.data_out_r_reg[602]/Q (DFF_X1)
                                                          0.36       0.36 r
  m_axi_awaddr[0][23] (out)                               0.01       0.37 r
  data arrival time                                                  0.37

  clock CLK (rise edge)                                   4.00       4.00
  clock network delay (ideal)                             0.00       4.00
  clock uncertainty                                      -0.25       3.75
  output external delay                                  -1.20       2.55
  data required time                                                 2.55
  --------------------------------------------------------------------------
  data required time                                                 2.55
  data arrival time                                                 -0.37
  --------------------------------------------------------------------------
  slack (MET)                                                        2.18


  Startpoint: vortex/g_clusters[0].cluster/g_sockets[0].socket/mem_arb/req_arb/g_input_select.g_arbiter.g_out_buf[0].out_buf/g_eb2.stream_buffer/g_buffer.data_out_r_reg[601]
              (rising edge-triggered flip-flop clocked by CLK)
  Endpoint: m_axi_awaddr[0][22]
            (output port clocked by CLK)
  Path Group: REGOUT
  Path Type: max

  Des/Clust/Port     Wire Load Model       Library
  ------------------------------------------------
  Vortex_axi         5K_hvratio_1_1        NangateOpenCellLibrary_ss0p95v125c

  Point                                                   Incr       Path
  --------------------------------------------------------------------------
  clock CLK (rise edge)                                   0.00       0.00
  clock network delay (ideal)                             0.00       0.00
  vortex/g_clusters[0].cluster/g_sockets[0].socket/mem_arb/req_arb/g_input_select.g_arbiter.g_out_buf[0].out_buf/g_eb2.stream_buffer/g_buffer.data_out_r_reg[601]/CK (DFF_X1)
                                                          0.00 #     0.00 r
  vortex/g_clusters[0].cluster/g_sockets[0].socket/mem_arb/req_arb/g_input_select.g_arbiter.g_out_buf[0].out_buf/g_eb2.stream_buffer/g_buffer.data_out_r_reg[601]/Q (DFF_X1)
                                                          0.36       0.36 r
  m_axi_awaddr[0][22] (out)                               0.01       0.37 r
  data arrival time                                                  0.37

  clock CLK (rise edge)                                   4.00       4.00
  clock network delay (ideal)                             0.00       4.00
  clock uncertainty                                      -0.25       3.75
  output external delay                                  -1.20       2.55
  data required time                                                 2.55
  --------------------------------------------------------------------------
  data required time                                                 2.55
  data arrival time                                                 -0.37
  --------------------------------------------------------------------------
  slack (MET)                                                        2.18


  Startpoint: vortex/g_clusters[0].cluster/g_sockets[0].socket/mem_arb/req_arb/g_input_select.g_arbiter.g_out_buf[0].out_buf/g_eb2.stream_buffer/g_buffer.data_out_r_reg[600]
              (rising edge-triggered flip-flop clocked by CLK)
  Endpoint: m_axi_awaddr[0][21]
            (output port clocked by CLK)
  Path Group: REGOUT
  Path Type: max

  Des/Clust/Port     Wire Load Model       Library
  ------------------------------------------------
  Vortex_axi         5K_hvratio_1_1        NangateOpenCellLibrary_ss0p95v125c

  Point                                                   Incr       Path
  --------------------------------------------------------------------------
  clock CLK (rise edge)                                   0.00       0.00
  clock network delay (ideal)                             0.00       0.00
  vortex/g_clusters[0].cluster/g_sockets[0].socket/mem_arb/req_arb/g_input_select.g_arbiter.g_out_buf[0].out_buf/g_eb2.stream_buffer/g_buffer.data_out_r_reg[600]/CK (DFF_X1)
                                                          0.00 #     0.00 r
  vortex/g_clusters[0].cluster/g_sockets[0].socket/mem_arb/req_arb/g_input_select.g_arbiter.g_out_buf[0].out_buf/g_eb2.stream_buffer/g_buffer.data_out_r_reg[600]/Q (DFF_X1)
                                                          0.36       0.36 r
  m_axi_awaddr[0][21] (out)                               0.01       0.37 r
  data arrival time                                                  0.37

  clock CLK (rise edge)                                   4.00       4.00
  clock network delay (ideal)                             0.00       4.00
  clock uncertainty                                      -0.25       3.75
  output external delay                                  -1.20       2.55
  data required time                                                 2.55
  --------------------------------------------------------------------------
  data required time                                                 2.55
  data arrival time                                                 -0.37
  --------------------------------------------------------------------------
  slack (MET)                                                        2.18


  Startpoint: vortex/g_clusters[0].cluster/g_sockets[0].socket/mem_arb/req_arb/g_input_select.g_arbiter.g_out_buf[0].out_buf/g_eb2.stream_buffer/g_buffer.data_out_r_reg[599]
              (rising edge-triggered flip-flop clocked by CLK)
  Endpoint: m_axi_awaddr[0][20]
            (output port clocked by CLK)
  Path Group: REGOUT
  Path Type: max

  Des/Clust/Port     Wire Load Model       Library
  ------------------------------------------------
  Vortex_axi         5K_hvratio_1_1        NangateOpenCellLibrary_ss0p95v125c

  Point                                                   Incr       Path
  --------------------------------------------------------------------------
  clock CLK (rise edge)                                   0.00       0.00
  clock network delay (ideal)                             0.00       0.00
  vortex/g_clusters[0].cluster/g_sockets[0].socket/mem_arb/req_arb/g_input_select.g_arbiter.g_out_buf[0].out_buf/g_eb2.stream_buffer/g_buffer.data_out_r_reg[599]/CK (DFF_X1)
                                                          0.00 #     0.00 r
  vortex/g_clusters[0].cluster/g_sockets[0].socket/mem_arb/req_arb/g_input_select.g_arbiter.g_out_buf[0].out_buf/g_eb2.stream_buffer/g_buffer.data_out_r_reg[599]/Q (DFF_X1)
                                                          0.36       0.36 r
  m_axi_awaddr[0][20] (out)                               0.01       0.37 r
  data arrival time                                                  0.37

  clock CLK (rise edge)                                   4.00       4.00
  clock network delay (ideal)                             0.00       4.00
  clock uncertainty                                      -0.25       3.75
  output external delay                                  -1.20       2.55
  data required time                                                 2.55
  --------------------------------------------------------------------------
  data required time                                                 2.55
  data arrival time                                                 -0.37
  --------------------------------------------------------------------------
  slack (MET)                                                        2.18


  Startpoint: vortex/g_clusters[0].cluster/g_sockets[0].socket/mem_arb/req_arb/g_input_select.g_arbiter.g_out_buf[0].out_buf/g_eb2.stream_buffer/g_buffer.data_out_r_reg[598]
              (rising edge-triggered flip-flop clocked by CLK)
  Endpoint: m_axi_awaddr[0][19]
            (output port clocked by CLK)
  Path Group: REGOUT
  Path Type: max

  Des/Clust/Port     Wire Load Model       Library
  ------------------------------------------------
  Vortex_axi         5K_hvratio_1_1        NangateOpenCellLibrary_ss0p95v125c

  Point                                                   Incr       Path
  --------------------------------------------------------------------------
  clock CLK (rise edge)                                   0.00       0.00
  clock network delay (ideal)                             0.00       0.00
  vortex/g_clusters[0].cluster/g_sockets[0].socket/mem_arb/req_arb/g_input_select.g_arbiter.g_out_buf[0].out_buf/g_eb2.stream_buffer/g_buffer.data_out_r_reg[598]/CK (DFF_X1)
                                                          0.00 #     0.00 r
  vortex/g_clusters[0].cluster/g_sockets[0].socket/mem_arb/req_arb/g_input_select.g_arbiter.g_out_buf[0].out_buf/g_eb2.stream_buffer/g_buffer.data_out_r_reg[598]/Q (DFF_X1)
                                                          0.36       0.36 r
  m_axi_awaddr[0][19] (out)                               0.01       0.37 r
  data arrival time                                                  0.37

  clock CLK (rise edge)                                   4.00       4.00
  clock network delay (ideal)                             0.00       4.00
  clock uncertainty                                      -0.25       3.75
  output external delay                                  -1.20       2.55
  data required time                                                 2.55
  --------------------------------------------------------------------------
  data required time                                                 2.55
  data arrival time                                                 -0.37
  --------------------------------------------------------------------------
  slack (MET)                                                        2.18


  Startpoint: vortex/g_clusters[0].cluster/g_sockets[0].socket/mem_arb/req_arb/g_input_select.g_arbiter.g_out_buf[0].out_buf/g_eb2.stream_buffer/g_buffer.data_out_r_reg[597]
              (rising edge-triggered flip-flop clocked by CLK)
  Endpoint: m_axi_awaddr[0][18]
            (output port clocked by CLK)
  Path Group: REGOUT
  Path Type: max

  Des/Clust/Port     Wire Load Model       Library
  ------------------------------------------------
  Vortex_axi         5K_hvratio_1_1        NangateOpenCellLibrary_ss0p95v125c

  Point                                                   Incr       Path
  --------------------------------------------------------------------------
  clock CLK (rise edge)                                   0.00       0.00
  clock network delay (ideal)                             0.00       0.00
  vortex/g_clusters[0].cluster/g_sockets[0].socket/mem_arb/req_arb/g_input_select.g_arbiter.g_out_buf[0].out_buf/g_eb2.stream_buffer/g_buffer.data_out_r_reg[597]/CK (DFF_X1)
                                                          0.00 #     0.00 r
  vortex/g_clusters[0].cluster/g_sockets[0].socket/mem_arb/req_arb/g_input_select.g_arbiter.g_out_buf[0].out_buf/g_eb2.stream_buffer/g_buffer.data_out_r_reg[597]/Q (DFF_X1)
                                                          0.36       0.36 r
  m_axi_awaddr[0][18] (out)                               0.01       0.37 r
  data arrival time                                                  0.37

  clock CLK (rise edge)                                   4.00       4.00
  clock network delay (ideal)                             0.00       4.00
  clock uncertainty                                      -0.25       3.75
  output external delay                                  -1.20       2.55
  data required time                                                 2.55
  --------------------------------------------------------------------------
  data required time                                                 2.55
  data arrival time                                                 -0.37
  --------------------------------------------------------------------------
  slack (MET)                                                        2.18


  Startpoint: vortex/g_clusters[0].cluster/g_sockets[0].socket/mem_arb/req_arb/g_input_select.g_arbiter.g_out_buf[0].out_buf/g_eb2.stream_buffer/g_buffer.data_out_r_reg[596]
              (rising edge-triggered flip-flop clocked by CLK)
  Endpoint: m_axi_awaddr[0][17]
            (output port clocked by CLK)
  Path Group: REGOUT
  Path Type: max

  Des/Clust/Port     Wire Load Model       Library
  ------------------------------------------------
  Vortex_axi         5K_hvratio_1_1        NangateOpenCellLibrary_ss0p95v125c

  Point                                                   Incr       Path
  --------------------------------------------------------------------------
  clock CLK (rise edge)                                   0.00       0.00
  clock network delay (ideal)                             0.00       0.00
  vortex/g_clusters[0].cluster/g_sockets[0].socket/mem_arb/req_arb/g_input_select.g_arbiter.g_out_buf[0].out_buf/g_eb2.stream_buffer/g_buffer.data_out_r_reg[596]/CK (DFF_X1)
                                                          0.00 #     0.00 r
  vortex/g_clusters[0].cluster/g_sockets[0].socket/mem_arb/req_arb/g_input_select.g_arbiter.g_out_buf[0].out_buf/g_eb2.stream_buffer/g_buffer.data_out_r_reg[596]/Q (DFF_X1)
                                                          0.36       0.36 r
  m_axi_awaddr[0][17] (out)                               0.01       0.37 r
  data arrival time                                                  0.37

  clock CLK (rise edge)                                   4.00       4.00
  clock network delay (ideal)                             0.00       4.00
  clock uncertainty                                      -0.25       3.75
  output external delay                                  -1.20       2.55
  data required time                                                 2.55
  --------------------------------------------------------------------------
  data required time                                                 2.55
  data arrival time                                                 -0.37
  --------------------------------------------------------------------------
  slack (MET)                                                        2.18


  Startpoint: vortex/g_clusters[0].cluster/g_sockets[0].socket/mem_arb/req_arb/g_input_select.g_arbiter.g_out_buf[0].out_buf/g_eb2.stream_buffer/g_buffer.data_out_r_reg[595]
              (rising edge-triggered flip-flop clocked by CLK)
  Endpoint: m_axi_awaddr[0][16]
            (output port clocked by CLK)
  Path Group: REGOUT
  Path Type: max

  Des/Clust/Port     Wire Load Model       Library
  ------------------------------------------------
  Vortex_axi         5K_hvratio_1_1        NangateOpenCellLibrary_ss0p95v125c

  Point                                                   Incr       Path
  --------------------------------------------------------------------------
  clock CLK (rise edge)                                   0.00       0.00
  clock network delay (ideal)                             0.00       0.00
  vortex/g_clusters[0].cluster/g_sockets[0].socket/mem_arb/req_arb/g_input_select.g_arbiter.g_out_buf[0].out_buf/g_eb2.stream_buffer/g_buffer.data_out_r_reg[595]/CK (DFF_X1)
                                                          0.00 #     0.00 r
  vortex/g_clusters[0].cluster/g_sockets[0].socket/mem_arb/req_arb/g_input_select.g_arbiter.g_out_buf[0].out_buf/g_eb2.stream_buffer/g_buffer.data_out_r_reg[595]/Q (DFF_X1)
                                                          0.36       0.36 r
  m_axi_awaddr[0][16] (out)                               0.01       0.37 r
  data arrival time                                                  0.37

  clock CLK (rise edge)                                   4.00       4.00
  clock network delay (ideal)                             0.00       4.00
  clock uncertainty                                      -0.25       3.75
  output external delay                                  -1.20       2.55
  data required time                                                 2.55
  --------------------------------------------------------------------------
  data required time                                                 2.55
  data arrival time                                                 -0.37
  --------------------------------------------------------------------------
  slack (MET)                                                        2.18


  Startpoint: vortex/g_clusters[0].cluster/g_sockets[0].socket/mem_arb/req_arb/g_input_select.g_arbiter.g_out_buf[0].out_buf/g_eb2.stream_buffer/g_buffer.data_out_r_reg[594]
              (rising edge-triggered flip-flop clocked by CLK)
  Endpoint: m_axi_awaddr[0][15]
            (output port clocked by CLK)
  Path Group: REGOUT
  Path Type: max

  Des/Clust/Port     Wire Load Model       Library
  ------------------------------------------------
  Vortex_axi         5K_hvratio_1_1        NangateOpenCellLibrary_ss0p95v125c

  Point                                                   Incr       Path
  --------------------------------------------------------------------------
  clock CLK (rise edge)                                   0.00       0.00
  clock network delay (ideal)                             0.00       0.00
  vortex/g_clusters[0].cluster/g_sockets[0].socket/mem_arb/req_arb/g_input_select.g_arbiter.g_out_buf[0].out_buf/g_eb2.stream_buffer/g_buffer.data_out_r_reg[594]/CK (DFF_X1)
                                                          0.00 #     0.00 r
  vortex/g_clusters[0].cluster/g_sockets[0].socket/mem_arb/req_arb/g_input_select.g_arbiter.g_out_buf[0].out_buf/g_eb2.stream_buffer/g_buffer.data_out_r_reg[594]/Q (DFF_X1)
                                                          0.36       0.36 r
  m_axi_awaddr[0][15] (out)                               0.01       0.37 r
  data arrival time                                                  0.37

  clock CLK (rise edge)                                   4.00       4.00
  clock network delay (ideal)                             0.00       4.00
  clock uncertainty                                      -0.25       3.75
  output external delay                                  -1.20       2.55
  data required time                                                 2.55
  --------------------------------------------------------------------------
  data required time                                                 2.55
  data arrival time                                                 -0.37
  --------------------------------------------------------------------------
  slack (MET)                                                        2.18


  Startpoint: vortex/g_clusters[0].cluster/g_sockets[0].socket/mem_arb/req_arb/g_input_select.g_arbiter.g_out_buf[0].out_buf/g_eb2.stream_buffer/g_buffer.data_out_r_reg[593]
              (rising edge-triggered flip-flop clocked by CLK)
  Endpoint: m_axi_awaddr[0][14]
            (output port clocked by CLK)
  Path Group: REGOUT
  Path Type: max

  Des/Clust/Port     Wire Load Model       Library
  ------------------------------------------------
  Vortex_axi         5K_hvratio_1_1        NangateOpenCellLibrary_ss0p95v125c

  Point                                                   Incr       Path
  --------------------------------------------------------------------------
  clock CLK (rise edge)                                   0.00       0.00
  clock network delay (ideal)                             0.00       0.00
  vortex/g_clusters[0].cluster/g_sockets[0].socket/mem_arb/req_arb/g_input_select.g_arbiter.g_out_buf[0].out_buf/g_eb2.stream_buffer/g_buffer.data_out_r_reg[593]/CK (DFF_X1)
                                                          0.00 #     0.00 r
  vortex/g_clusters[0].cluster/g_sockets[0].socket/mem_arb/req_arb/g_input_select.g_arbiter.g_out_buf[0].out_buf/g_eb2.stream_buffer/g_buffer.data_out_r_reg[593]/Q (DFF_X1)
                                                          0.36       0.36 r
  m_axi_awaddr[0][14] (out)                               0.01       0.37 r
  data arrival time                                                  0.37

  clock CLK (rise edge)                                   4.00       4.00
  clock network delay (ideal)                             0.00       4.00
  clock uncertainty                                      -0.25       3.75
  output external delay                                  -1.20       2.55
  data required time                                                 2.55
  --------------------------------------------------------------------------
  data required time                                                 2.55
  data arrival time                                                 -0.37
  --------------------------------------------------------------------------
  slack (MET)                                                        2.18


  Startpoint: vortex/g_clusters[0].cluster/g_sockets[0].socket/mem_arb/req_arb/g_input_select.g_arbiter.g_out_buf[0].out_buf/g_eb2.stream_buffer/g_buffer.data_out_r_reg[592]
              (rising edge-triggered flip-flop clocked by CLK)
  Endpoint: m_axi_awaddr[0][13]
            (output port clocked by CLK)
  Path Group: REGOUT
  Path Type: max

  Des/Clust/Port     Wire Load Model       Library
  ------------------------------------------------
  Vortex_axi         5K_hvratio_1_1        NangateOpenCellLibrary_ss0p95v125c

  Point                                                   Incr       Path
  --------------------------------------------------------------------------
  clock CLK (rise edge)                                   0.00       0.00
  clock network delay (ideal)                             0.00       0.00
  vortex/g_clusters[0].cluster/g_sockets[0].socket/mem_arb/req_arb/g_input_select.g_arbiter.g_out_buf[0].out_buf/g_eb2.stream_buffer/g_buffer.data_out_r_reg[592]/CK (DFF_X1)
                                                          0.00 #     0.00 r
  vortex/g_clusters[0].cluster/g_sockets[0].socket/mem_arb/req_arb/g_input_select.g_arbiter.g_out_buf[0].out_buf/g_eb2.stream_buffer/g_buffer.data_out_r_reg[592]/Q (DFF_X1)
                                                          0.36       0.36 r
  m_axi_awaddr[0][13] (out)                               0.01       0.37 r
  data arrival time                                                  0.37

  clock CLK (rise edge)                                   4.00       4.00
  clock network delay (ideal)                             0.00       4.00
  clock uncertainty                                      -0.25       3.75
  output external delay                                  -1.20       2.55
  data required time                                                 2.55
  --------------------------------------------------------------------------
  data required time                                                 2.55
  data arrival time                                                 -0.37
  --------------------------------------------------------------------------
  slack (MET)                                                        2.18


  Startpoint: vortex/g_clusters[0].cluster/g_sockets[0].socket/mem_arb/req_arb/g_input_select.g_arbiter.g_out_buf[0].out_buf/g_eb2.stream_buffer/g_buffer.data_out_r_reg[591]
              (rising edge-triggered flip-flop clocked by CLK)
  Endpoint: m_axi_awaddr[0][12]
            (output port clocked by CLK)
  Path Group: REGOUT
  Path Type: max

  Des/Clust/Port     Wire Load Model       Library
  ------------------------------------------------
  Vortex_axi         5K_hvratio_1_1        NangateOpenCellLibrary_ss0p95v125c

  Point                                                   Incr       Path
  --------------------------------------------------------------------------
  clock CLK (rise edge)                                   0.00       0.00
  clock network delay (ideal)                             0.00       0.00
  vortex/g_clusters[0].cluster/g_sockets[0].socket/mem_arb/req_arb/g_input_select.g_arbiter.g_out_buf[0].out_buf/g_eb2.stream_buffer/g_buffer.data_out_r_reg[591]/CK (DFF_X1)
                                                          0.00 #     0.00 r
  vortex/g_clusters[0].cluster/g_sockets[0].socket/mem_arb/req_arb/g_input_select.g_arbiter.g_out_buf[0].out_buf/g_eb2.stream_buffer/g_buffer.data_out_r_reg[591]/Q (DFF_X1)
                                                          0.36       0.36 r
  m_axi_awaddr[0][12] (out)                               0.01       0.37 r
  data arrival time                                                  0.37

  clock CLK (rise edge)                                   4.00       4.00
  clock network delay (ideal)                             0.00       4.00
  clock uncertainty                                      -0.25       3.75
  output external delay                                  -1.20       2.55
  data required time                                                 2.55
  --------------------------------------------------------------------------
  data required time                                                 2.55
  data arrival time                                                 -0.37
  --------------------------------------------------------------------------
  slack (MET)                                                        2.18


  Startpoint: vortex/g_clusters[0].cluster/g_sockets[0].socket/mem_arb/req_arb/g_input_select.g_arbiter.g_out_buf[0].out_buf/g_eb2.stream_buffer/g_buffer.data_out_r_reg[590]
              (rising edge-triggered flip-flop clocked by CLK)
  Endpoint: m_axi_awaddr[0][11]
            (output port clocked by CLK)
  Path Group: REGOUT
  Path Type: max

  Des/Clust/Port     Wire Load Model       Library
  ------------------------------------------------
  Vortex_axi         5K_hvratio_1_1        NangateOpenCellLibrary_ss0p95v125c

  Point                                                   Incr       Path
  --------------------------------------------------------------------------
  clock CLK (rise edge)                                   0.00       0.00
  clock network delay (ideal)                             0.00       0.00
  vortex/g_clusters[0].cluster/g_sockets[0].socket/mem_arb/req_arb/g_input_select.g_arbiter.g_out_buf[0].out_buf/g_eb2.stream_buffer/g_buffer.data_out_r_reg[590]/CK (DFF_X1)
                                                          0.00 #     0.00 r
  vortex/g_clusters[0].cluster/g_sockets[0].socket/mem_arb/req_arb/g_input_select.g_arbiter.g_out_buf[0].out_buf/g_eb2.stream_buffer/g_buffer.data_out_r_reg[590]/Q (DFF_X1)
                                                          0.36       0.36 r
  m_axi_awaddr[0][11] (out)                               0.01       0.37 r
  data arrival time                                                  0.37

  clock CLK (rise edge)                                   4.00       4.00
  clock network delay (ideal)                             0.00       4.00
  clock uncertainty                                      -0.25       3.75
  output external delay                                  -1.20       2.55
  data required time                                                 2.55
  --------------------------------------------------------------------------
  data required time                                                 2.55
  data arrival time                                                 -0.37
  --------------------------------------------------------------------------
  slack (MET)                                                        2.18


  Startpoint: vortex/g_clusters[0].cluster/g_sockets[0].socket/mem_arb/req_arb/g_input_select.g_arbiter.g_out_buf[0].out_buf/g_eb2.stream_buffer/g_buffer.data_out_r_reg[589]
              (rising edge-triggered flip-flop clocked by CLK)
  Endpoint: m_axi_awaddr[0][10]
            (output port clocked by CLK)
  Path Group: REGOUT
  Path Type: max

  Des/Clust/Port     Wire Load Model       Library
  ------------------------------------------------
  Vortex_axi         5K_hvratio_1_1        NangateOpenCellLibrary_ss0p95v125c

  Point                                                   Incr       Path
  --------------------------------------------------------------------------
  clock CLK (rise edge)                                   0.00       0.00
  clock network delay (ideal)                             0.00       0.00
  vortex/g_clusters[0].cluster/g_sockets[0].socket/mem_arb/req_arb/g_input_select.g_arbiter.g_out_buf[0].out_buf/g_eb2.stream_buffer/g_buffer.data_out_r_reg[589]/CK (DFF_X1)
                                                          0.00 #     0.00 r
  vortex/g_clusters[0].cluster/g_sockets[0].socket/mem_arb/req_arb/g_input_select.g_arbiter.g_out_buf[0].out_buf/g_eb2.stream_buffer/g_buffer.data_out_r_reg[589]/Q (DFF_X1)
                                                          0.36       0.36 r
  m_axi_awaddr[0][10] (out)                               0.01       0.37 r
  data arrival time                                                  0.37

  clock CLK (rise edge)                                   4.00       4.00
  clock network delay (ideal)                             0.00       4.00
  clock uncertainty                                      -0.25       3.75
  output external delay                                  -1.20       2.55
  data required time                                                 2.55
  --------------------------------------------------------------------------
  data required time                                                 2.55
  data arrival time                                                 -0.37
  --------------------------------------------------------------------------
  slack (MET)                                                        2.18


  Startpoint: vortex/g_clusters[0].cluster/g_sockets[0].socket/mem_arb/req_arb/g_input_select.g_arbiter.g_out_buf[0].out_buf/g_eb2.stream_buffer/g_buffer.data_out_r_reg[588]
              (rising edge-triggered flip-flop clocked by CLK)
  Endpoint: m_axi_awaddr[0][9]
            (output port clocked by CLK)
  Path Group: REGOUT
  Path Type: max

  Des/Clust/Port     Wire Load Model       Library
  ------------------------------------------------
  Vortex_axi         5K_hvratio_1_1        NangateOpenCellLibrary_ss0p95v125c

  Point                                                   Incr       Path
  --------------------------------------------------------------------------
  clock CLK (rise edge)                                   0.00       0.00
  clock network delay (ideal)                             0.00       0.00
  vortex/g_clusters[0].cluster/g_sockets[0].socket/mem_arb/req_arb/g_input_select.g_arbiter.g_out_buf[0].out_buf/g_eb2.stream_buffer/g_buffer.data_out_r_reg[588]/CK (DFF_X1)
                                                          0.00 #     0.00 r
  vortex/g_clusters[0].cluster/g_sockets[0].socket/mem_arb/req_arb/g_input_select.g_arbiter.g_out_buf[0].out_buf/g_eb2.stream_buffer/g_buffer.data_out_r_reg[588]/Q (DFF_X1)
                                                          0.36       0.36 r
  m_axi_awaddr[0][9] (out)                                0.01       0.37 r
  data arrival time                                                  0.37

  clock CLK (rise edge)                                   4.00       4.00
  clock network delay (ideal)                             0.00       4.00
  clock uncertainty                                      -0.25       3.75
  output external delay                                  -1.20       2.55
  data required time                                                 2.55
  --------------------------------------------------------------------------
  data required time                                                 2.55
  data arrival time                                                 -0.37
  --------------------------------------------------------------------------
  slack (MET)                                                        2.18


  Startpoint: vortex/g_clusters[0].cluster/g_sockets[0].socket/mem_arb/req_arb/g_input_select.g_arbiter.g_out_buf[0].out_buf/g_eb2.stream_buffer/g_buffer.data_out_r_reg[587]
              (rising edge-triggered flip-flop clocked by CLK)
  Endpoint: m_axi_awaddr[0][8]
            (output port clocked by CLK)
  Path Group: REGOUT
  Path Type: max

  Des/Clust/Port     Wire Load Model       Library
  ------------------------------------------------
  Vortex_axi         5K_hvratio_1_1        NangateOpenCellLibrary_ss0p95v125c

  Point                                                   Incr       Path
  --------------------------------------------------------------------------
  clock CLK (rise edge)                                   0.00       0.00
  clock network delay (ideal)                             0.00       0.00
  vortex/g_clusters[0].cluster/g_sockets[0].socket/mem_arb/req_arb/g_input_select.g_arbiter.g_out_buf[0].out_buf/g_eb2.stream_buffer/g_buffer.data_out_r_reg[587]/CK (DFF_X1)
                                                          0.00 #     0.00 r
  vortex/g_clusters[0].cluster/g_sockets[0].socket/mem_arb/req_arb/g_input_select.g_arbiter.g_out_buf[0].out_buf/g_eb2.stream_buffer/g_buffer.data_out_r_reg[587]/Q (DFF_X1)
                                                          0.36       0.36 r
  m_axi_awaddr[0][8] (out)                                0.01       0.37 r
  data arrival time                                                  0.37

  clock CLK (rise edge)                                   4.00       4.00
  clock network delay (ideal)                             0.00       4.00
  clock uncertainty                                      -0.25       3.75
  output external delay                                  -1.20       2.55
  data required time                                                 2.55
  --------------------------------------------------------------------------
  data required time                                                 2.55
  data arrival time                                                 -0.37
  --------------------------------------------------------------------------
  slack (MET)                                                        2.18


  Startpoint: vortex/g_clusters[0].cluster/g_sockets[0].socket/mem_arb/req_arb/g_input_select.g_arbiter.g_out_buf[0].out_buf/g_eb2.stream_buffer/g_buffer.data_out_r_reg[586]
              (rising edge-triggered flip-flop clocked by CLK)
  Endpoint: m_axi_awaddr[0][7]
            (output port clocked by CLK)
  Path Group: REGOUT
  Path Type: max

  Des/Clust/Port     Wire Load Model       Library
  ------------------------------------------------
  Vortex_axi         5K_hvratio_1_1        NangateOpenCellLibrary_ss0p95v125c

  Point                                                   Incr       Path
  --------------------------------------------------------------------------
  clock CLK (rise edge)                                   0.00       0.00
  clock network delay (ideal)                             0.00       0.00
  vortex/g_clusters[0].cluster/g_sockets[0].socket/mem_arb/req_arb/g_input_select.g_arbiter.g_out_buf[0].out_buf/g_eb2.stream_buffer/g_buffer.data_out_r_reg[586]/CK (DFF_X1)
                                                          0.00 #     0.00 r
  vortex/g_clusters[0].cluster/g_sockets[0].socket/mem_arb/req_arb/g_input_select.g_arbiter.g_out_buf[0].out_buf/g_eb2.stream_buffer/g_buffer.data_out_r_reg[586]/Q (DFF_X1)
                                                          0.36       0.36 r
  m_axi_awaddr[0][7] (out)                                0.01       0.37 r
  data arrival time                                                  0.37

  clock CLK (rise edge)                                   4.00       4.00
  clock network delay (ideal)                             0.00       4.00
  clock uncertainty                                      -0.25       3.75
  output external delay                                  -1.20       2.55
  data required time                                                 2.55
  --------------------------------------------------------------------------
  data required time                                                 2.55
  data arrival time                                                 -0.37
  --------------------------------------------------------------------------
  slack (MET)                                                        2.18


  Startpoint: vortex/g_clusters[0].cluster/g_sockets[0].socket/mem_arb/req_arb/g_input_select.g_arbiter.g_out_buf[0].out_buf/g_eb2.stream_buffer/g_buffer.data_out_r_reg[585]
              (rising edge-triggered flip-flop clocked by CLK)
  Endpoint: m_axi_awaddr[0][6]
            (output port clocked by CLK)
  Path Group: REGOUT
  Path Type: max

  Des/Clust/Port     Wire Load Model       Library
  ------------------------------------------------
  Vortex_axi         5K_hvratio_1_1        NangateOpenCellLibrary_ss0p95v125c

  Point                                                   Incr       Path
  --------------------------------------------------------------------------
  clock CLK (rise edge)                                   0.00       0.00
  clock network delay (ideal)                             0.00       0.00
  vortex/g_clusters[0].cluster/g_sockets[0].socket/mem_arb/req_arb/g_input_select.g_arbiter.g_out_buf[0].out_buf/g_eb2.stream_buffer/g_buffer.data_out_r_reg[585]/CK (DFF_X1)
                                                          0.00 #     0.00 r
  vortex/g_clusters[0].cluster/g_sockets[0].socket/mem_arb/req_arb/g_input_select.g_arbiter.g_out_buf[0].out_buf/g_eb2.stream_buffer/g_buffer.data_out_r_reg[585]/Q (DFF_X1)
                                                          0.36       0.36 r
  m_axi_awaddr[0][6] (out)                                0.01       0.37 r
  data arrival time                                                  0.37

  clock CLK (rise edge)                                   4.00       4.00
  clock network delay (ideal)                             0.00       4.00
  clock uncertainty                                      -0.25       3.75
  output external delay                                  -1.20       2.55
  data required time                                                 2.55
  --------------------------------------------------------------------------
  data required time                                                 2.55
  data arrival time                                                 -0.37
  --------------------------------------------------------------------------
  slack (MET)                                                        2.18


  Startpoint: vortex/g_clusters[0].cluster/g_sockets[0].socket/mem_arb/req_arb/g_input_select.g_arbiter.g_out_buf[0].out_buf/g_eb2.stream_buffer/g_buffer.data_out_r_reg[6]
              (rising edge-triggered flip-flop clocked by CLK)
  Endpoint: m_axi_awid[0][7]
            (output port clocked by CLK)
  Path Group: REGOUT
  Path Type: max

  Des/Clust/Port     Wire Load Model       Library
  ------------------------------------------------
  Vortex_axi         5K_hvratio_1_1        NangateOpenCellLibrary_ss0p95v125c

  Point                                                   Incr       Path
  --------------------------------------------------------------------------
  clock CLK (rise edge)                                   0.00       0.00
  clock network delay (ideal)                             0.00       0.00
  vortex/g_clusters[0].cluster/g_sockets[0].socket/mem_arb/req_arb/g_input_select.g_arbiter.g_out_buf[0].out_buf/g_eb2.stream_buffer/g_buffer.data_out_r_reg[6]/CK (DFF_X1)
                                                          0.00 #     0.00 r
  vortex/g_clusters[0].cluster/g_sockets[0].socket/mem_arb/req_arb/g_input_select.g_arbiter.g_out_buf[0].out_buf/g_eb2.stream_buffer/g_buffer.data_out_r_reg[6]/Q (DFF_X1)
                                                          0.36       0.36 r
  m_axi_awid[0][7] (out)                                  0.01       0.37 r
  data arrival time                                                  0.37

  clock CLK (rise edge)                                   4.00       4.00
  clock network delay (ideal)                             0.00       4.00
  clock uncertainty                                      -0.25       3.75
  output external delay                                  -1.20       2.55
  data required time                                                 2.55
  --------------------------------------------------------------------------
  data required time                                                 2.55
  data arrival time                                                 -0.37
  --------------------------------------------------------------------------
  slack (MET)                                                        2.18


  Startpoint: vortex/g_clusters[0].cluster/g_sockets[0].socket/mem_arb/req_arb/g_input_select.g_arbiter.g_out_buf[0].out_buf/g_eb2.stream_buffer/g_buffer.data_out_r_reg[5]
              (rising edge-triggered flip-flop clocked by CLK)
  Endpoint: m_axi_awid[0][6]
            (output port clocked by CLK)
  Path Group: REGOUT
  Path Type: max

  Des/Clust/Port     Wire Load Model       Library
  ------------------------------------------------
  Vortex_axi         5K_hvratio_1_1        NangateOpenCellLibrary_ss0p95v125c

  Point                                                   Incr       Path
  --------------------------------------------------------------------------
  clock CLK (rise edge)                                   0.00       0.00
  clock network delay (ideal)                             0.00       0.00
  vortex/g_clusters[0].cluster/g_sockets[0].socket/mem_arb/req_arb/g_input_select.g_arbiter.g_out_buf[0].out_buf/g_eb2.stream_buffer/g_buffer.data_out_r_reg[5]/CK (DFF_X1)
                                                          0.00 #     0.00 r
  vortex/g_clusters[0].cluster/g_sockets[0].socket/mem_arb/req_arb/g_input_select.g_arbiter.g_out_buf[0].out_buf/g_eb2.stream_buffer/g_buffer.data_out_r_reg[5]/Q (DFF_X1)
                                                          0.36       0.36 r
  m_axi_awid[0][6] (out)                                  0.01       0.37 r
  data arrival time                                                  0.37

  clock CLK (rise edge)                                   4.00       4.00
  clock network delay (ideal)                             0.00       4.00
  clock uncertainty                                      -0.25       3.75
  output external delay                                  -1.20       2.55
  data required time                                                 2.55
  --------------------------------------------------------------------------
  data required time                                                 2.55
  data arrival time                                                 -0.37
  --------------------------------------------------------------------------
  slack (MET)                                                        2.18


  Startpoint: vortex/g_clusters[0].cluster/g_sockets[0].socket/mem_arb/req_arb/g_input_select.g_arbiter.g_out_buf[0].out_buf/g_eb2.stream_buffer/g_buffer.data_out_r_reg[4]
              (rising edge-triggered flip-flop clocked by CLK)
  Endpoint: m_axi_awid[0][5]
            (output port clocked by CLK)
  Path Group: REGOUT
  Path Type: max

  Des/Clust/Port     Wire Load Model       Library
  ------------------------------------------------
  Vortex_axi         5K_hvratio_1_1        NangateOpenCellLibrary_ss0p95v125c

  Point                                                   Incr       Path
  --------------------------------------------------------------------------
  clock CLK (rise edge)                                   0.00       0.00
  clock network delay (ideal)                             0.00       0.00
  vortex/g_clusters[0].cluster/g_sockets[0].socket/mem_arb/req_arb/g_input_select.g_arbiter.g_out_buf[0].out_buf/g_eb2.stream_buffer/g_buffer.data_out_r_reg[4]/CK (DFF_X1)
                                                          0.00 #     0.00 r
  vortex/g_clusters[0].cluster/g_sockets[0].socket/mem_arb/req_arb/g_input_select.g_arbiter.g_out_buf[0].out_buf/g_eb2.stream_buffer/g_buffer.data_out_r_reg[4]/Q (DFF_X1)
                                                          0.36       0.36 r
  m_axi_awid[0][5] (out)                                  0.01       0.37 r
  data arrival time                                                  0.37

  clock CLK (rise edge)                                   4.00       4.00
  clock network delay (ideal)                             0.00       4.00
  clock uncertainty                                      -0.25       3.75
  output external delay                                  -1.20       2.55
  data required time                                                 2.55
  --------------------------------------------------------------------------
  data required time                                                 2.55
  data arrival time                                                 -0.37
  --------------------------------------------------------------------------
  slack (MET)                                                        2.18


  Startpoint: vortex/g_clusters[0].cluster/g_sockets[0].socket/mem_arb/req_arb/g_input_select.g_arbiter.g_out_buf[0].out_buf/g_eb2.stream_buffer/g_buffer.data_out_r_reg[3]
              (rising edge-triggered flip-flop clocked by CLK)
  Endpoint: m_axi_awid[0][4]
            (output port clocked by CLK)
  Path Group: REGOUT
  Path Type: max

  Des/Clust/Port     Wire Load Model       Library
  ------------------------------------------------
  Vortex_axi         5K_hvratio_1_1        NangateOpenCellLibrary_ss0p95v125c

  Point                                                   Incr       Path
  --------------------------------------------------------------------------
  clock CLK (rise edge)                                   0.00       0.00
  clock network delay (ideal)                             0.00       0.00
  vortex/g_clusters[0].cluster/g_sockets[0].socket/mem_arb/req_arb/g_input_select.g_arbiter.g_out_buf[0].out_buf/g_eb2.stream_buffer/g_buffer.data_out_r_reg[3]/CK (DFF_X1)
                                                          0.00 #     0.00 r
  vortex/g_clusters[0].cluster/g_sockets[0].socket/mem_arb/req_arb/g_input_select.g_arbiter.g_out_buf[0].out_buf/g_eb2.stream_buffer/g_buffer.data_out_r_reg[3]/Q (DFF_X1)
                                                          0.36       0.36 r
  m_axi_awid[0][4] (out)                                  0.01       0.37 r
  data arrival time                                                  0.37

  clock CLK (rise edge)                                   4.00       4.00
  clock network delay (ideal)                             0.00       4.00
  clock uncertainty                                      -0.25       3.75
  output external delay                                  -1.20       2.55
  data required time                                                 2.55
  --------------------------------------------------------------------------
  data required time                                                 2.55
  data arrival time                                                 -0.37
  --------------------------------------------------------------------------
  slack (MET)                                                        2.18


  Startpoint: vortex/g_clusters[0].cluster/g_sockets[0].socket/mem_arb/req_arb/g_input_select.g_arbiter.g_out_buf[0].out_buf/g_eb2.stream_buffer/g_buffer.data_out_r_reg[2]
              (rising edge-triggered flip-flop clocked by CLK)
  Endpoint: m_axi_awid[0][3]
            (output port clocked by CLK)
  Path Group: REGOUT
  Path Type: max

  Des/Clust/Port     Wire Load Model       Library
  ------------------------------------------------
  Vortex_axi         5K_hvratio_1_1        NangateOpenCellLibrary_ss0p95v125c

  Point                                                   Incr       Path
  --------------------------------------------------------------------------
  clock CLK (rise edge)                                   0.00       0.00
  clock network delay (ideal)                             0.00       0.00
  vortex/g_clusters[0].cluster/g_sockets[0].socket/mem_arb/req_arb/g_input_select.g_arbiter.g_out_buf[0].out_buf/g_eb2.stream_buffer/g_buffer.data_out_r_reg[2]/CK (DFF_X1)
                                                          0.00 #     0.00 r
  vortex/g_clusters[0].cluster/g_sockets[0].socket/mem_arb/req_arb/g_input_select.g_arbiter.g_out_buf[0].out_buf/g_eb2.stream_buffer/g_buffer.data_out_r_reg[2]/Q (DFF_X1)
                                                          0.36       0.36 r
  m_axi_awid[0][3] (out)                                  0.01       0.37 r
  data arrival time                                                  0.37

  clock CLK (rise edge)                                   4.00       4.00
  clock network delay (ideal)                             0.00       4.00
  clock uncertainty                                      -0.25       3.75
  output external delay                                  -1.20       2.55
  data required time                                                 2.55
  --------------------------------------------------------------------------
  data required time                                                 2.55
  data arrival time                                                 -0.37
  --------------------------------------------------------------------------
  slack (MET)                                                        2.18


  Startpoint: vortex/g_clusters[0].cluster/g_sockets[0].socket/mem_arb/req_arb/g_input_select.g_arbiter.g_out_buf[0].out_buf/g_eb2.stream_buffer/g_buffer.data_out_r_reg[1]
              (rising edge-triggered flip-flop clocked by CLK)
  Endpoint: m_axi_awid[0][2]
            (output port clocked by CLK)
  Path Group: REGOUT
  Path Type: max

  Des/Clust/Port     Wire Load Model       Library
  ------------------------------------------------
  Vortex_axi         5K_hvratio_1_1        NangateOpenCellLibrary_ss0p95v125c

  Point                                                   Incr       Path
  --------------------------------------------------------------------------
  clock CLK (rise edge)                                   0.00       0.00
  clock network delay (ideal)                             0.00       0.00
  vortex/g_clusters[0].cluster/g_sockets[0].socket/mem_arb/req_arb/g_input_select.g_arbiter.g_out_buf[0].out_buf/g_eb2.stream_buffer/g_buffer.data_out_r_reg[1]/CK (DFF_X1)
                                                          0.00 #     0.00 r
  vortex/g_clusters[0].cluster/g_sockets[0].socket/mem_arb/req_arb/g_input_select.g_arbiter.g_out_buf[0].out_buf/g_eb2.stream_buffer/g_buffer.data_out_r_reg[1]/Q (DFF_X1)
                                                          0.36       0.36 r
  m_axi_awid[0][2] (out)                                  0.01       0.37 r
  data arrival time                                                  0.37

  clock CLK (rise edge)                                   4.00       4.00
  clock network delay (ideal)                             0.00       4.00
  clock uncertainty                                      -0.25       3.75
  output external delay                                  -1.20       2.55
  data required time                                                 2.55
  --------------------------------------------------------------------------
  data required time                                                 2.55
  data arrival time                                                 -0.37
  --------------------------------------------------------------------------
  slack (MET)                                                        2.18


  Startpoint: vortex/g_clusters[0].cluster/g_sockets[0].socket/mem_arb/req_arb/g_input_select.g_arbiter.g_out_buf[0].out_buf/g_eb2.stream_buffer/g_buffer.data_out_r_reg[0]
              (rising edge-triggered flip-flop clocked by CLK)
  Endpoint: m_axi_awid[0][1]
            (output port clocked by CLK)
  Path Group: REGOUT
  Path Type: max

  Des/Clust/Port     Wire Load Model       Library
  ------------------------------------------------
  Vortex_axi         5K_hvratio_1_1        NangateOpenCellLibrary_ss0p95v125c

  Point                                                   Incr       Path
  --------------------------------------------------------------------------
  clock CLK (rise edge)                                   0.00       0.00
  clock network delay (ideal)                             0.00       0.00
  vortex/g_clusters[0].cluster/g_sockets[0].socket/mem_arb/req_arb/g_input_select.g_arbiter.g_out_buf[0].out_buf/g_eb2.stream_buffer/g_buffer.data_out_r_reg[0]/CK (DFF_X1)
                                                          0.00 #     0.00 r
  vortex/g_clusters[0].cluster/g_sockets[0].socket/mem_arb/req_arb/g_input_select.g_arbiter.g_out_buf[0].out_buf/g_eb2.stream_buffer/g_buffer.data_out_r_reg[0]/Q (DFF_X1)
                                                          0.36       0.36 r
  m_axi_awid[0][1] (out)                                  0.01       0.37 r
  data arrival time                                                  0.37

  clock CLK (rise edge)                                   4.00       4.00
  clock network delay (ideal)                             0.00       4.00
  clock uncertainty                                      -0.25       3.75
  output external delay                                  -1.20       2.55
  data required time                                                 2.55
  --------------------------------------------------------------------------
  data required time                                                 2.55
  data arrival time                                                 -0.37
  --------------------------------------------------------------------------
  slack (MET)                                                        2.18


  Startpoint: vortex/g_clusters[0].cluster/g_sockets[0].socket/mem_arb/req_arb/g_input_select.g_arbiter.g_out_buf[0].out_buf/g_eb2.stream_buffer/g_buffer.data_out_r_reg[612]
              (rising edge-triggered flip-flop clocked by CLK)
  Endpoint: m_axi_awid[0][0]
            (output port clocked by CLK)
  Path Group: REGOUT
  Path Type: max

  Des/Clust/Port     Wire Load Model       Library
  ------------------------------------------------
  Vortex_axi         5K_hvratio_1_1        NangateOpenCellLibrary_ss0p95v125c

  Point                                                   Incr       Path
  --------------------------------------------------------------------------
  clock CLK (rise edge)                                   0.00       0.00
  clock network delay (ideal)                             0.00       0.00
  vortex/g_clusters[0].cluster/g_sockets[0].socket/mem_arb/req_arb/g_input_select.g_arbiter.g_out_buf[0].out_buf/g_eb2.stream_buffer/g_buffer.data_out_r_reg[612]/CK (DFF_X1)
                                                          0.00 #     0.00 r
  vortex/g_clusters[0].cluster/g_sockets[0].socket/mem_arb/req_arb/g_input_select.g_arbiter.g_out_buf[0].out_buf/g_eb2.stream_buffer/g_buffer.data_out_r_reg[612]/Q (DFF_X1)
                                                          0.36       0.36 r
  m_axi_awid[0][0] (out)                                  0.01       0.37 r
  data arrival time                                                  0.37

  clock CLK (rise edge)                                   4.00       4.00
  clock network delay (ideal)                             0.00       4.00
  clock uncertainty                                      -0.25       3.75
  output external delay                                  -1.20       2.55
  data required time                                                 2.55
  --------------------------------------------------------------------------
  data required time                                                 2.55
  data arrival time                                                 -0.37
  --------------------------------------------------------------------------
  slack (MET)                                                        2.18


  Startpoint: vortex/g_clusters[0].cluster/g_sockets[0].socket/mem_arb/req_arb/g_input_select.g_arbiter.g_out_buf[0].out_buf/g_eb2.stream_buffer/g_buffer.data_out_r_reg[610]
              (rising edge-triggered flip-flop clocked by CLK)
  Endpoint: m_axi_araddr[0][31]
            (output port clocked by CLK)
  Path Group: REGOUT
  Path Type: max

  Des/Clust/Port     Wire Load Model       Library
  ------------------------------------------------
  Vortex_axi         5K_hvratio_1_1        NangateOpenCellLibrary_ss0p95v125c

  Point                                                   Incr       Path
  --------------------------------------------------------------------------
  clock CLK (rise edge)                                   0.00       0.00
  clock network delay (ideal)                             0.00       0.00
  vortex/g_clusters[0].cluster/g_sockets[0].socket/mem_arb/req_arb/g_input_select.g_arbiter.g_out_buf[0].out_buf/g_eb2.stream_buffer/g_buffer.data_out_r_reg[610]/CK (DFF_X1)
                                                          0.00 #     0.00 r
  vortex/g_clusters[0].cluster/g_sockets[0].socket/mem_arb/req_arb/g_input_select.g_arbiter.g_out_buf[0].out_buf/g_eb2.stream_buffer/g_buffer.data_out_r_reg[610]/Q (DFF_X1)
                                                          0.36       0.36 r
  m_axi_araddr[0][31] (out)                               0.01       0.37 r
  data arrival time                                                  0.37

  clock CLK (rise edge)                                   4.00       4.00
  clock network delay (ideal)                             0.00       4.00
  clock uncertainty                                      -0.25       3.75
  output external delay                                  -1.20       2.55
  data required time                                                 2.55
  --------------------------------------------------------------------------
  data required time                                                 2.55
  data arrival time                                                 -0.37
  --------------------------------------------------------------------------
  slack (MET)                                                        2.18


  Startpoint: vortex/g_clusters[0].cluster/g_sockets[0].socket/mem_arb/req_arb/g_input_select.g_arbiter.g_out_buf[0].out_buf/g_eb2.stream_buffer/g_buffer.data_out_r_reg[609]
              (rising edge-triggered flip-flop clocked by CLK)
  Endpoint: m_axi_araddr[0][30]
            (output port clocked by CLK)
  Path Group: REGOUT
  Path Type: max

  Des/Clust/Port     Wire Load Model       Library
  ------------------------------------------------
  Vortex_axi         5K_hvratio_1_1        NangateOpenCellLibrary_ss0p95v125c

  Point                                                   Incr       Path
  --------------------------------------------------------------------------
  clock CLK (rise edge)                                   0.00       0.00
  clock network delay (ideal)                             0.00       0.00
  vortex/g_clusters[0].cluster/g_sockets[0].socket/mem_arb/req_arb/g_input_select.g_arbiter.g_out_buf[0].out_buf/g_eb2.stream_buffer/g_buffer.data_out_r_reg[609]/CK (DFF_X1)
                                                          0.00 #     0.00 r
  vortex/g_clusters[0].cluster/g_sockets[0].socket/mem_arb/req_arb/g_input_select.g_arbiter.g_out_buf[0].out_buf/g_eb2.stream_buffer/g_buffer.data_out_r_reg[609]/Q (DFF_X1)
                                                          0.36       0.36 r
  m_axi_araddr[0][30] (out)                               0.01       0.37 r
  data arrival time                                                  0.37

  clock CLK (rise edge)                                   4.00       4.00
  clock network delay (ideal)                             0.00       4.00
  clock uncertainty                                      -0.25       3.75
  output external delay                                  -1.20       2.55
  data required time                                                 2.55
  --------------------------------------------------------------------------
  data required time                                                 2.55
  data arrival time                                                 -0.37
  --------------------------------------------------------------------------
  slack (MET)                                                        2.18


  Startpoint: vortex/g_clusters[0].cluster/g_sockets[0].socket/mem_arb/req_arb/g_input_select.g_arbiter.g_out_buf[0].out_buf/g_eb2.stream_buffer/g_buffer.data_out_r_reg[608]
              (rising edge-triggered flip-flop clocked by CLK)
  Endpoint: m_axi_araddr[0][29]
            (output port clocked by CLK)
  Path Group: REGOUT
  Path Type: max

  Des/Clust/Port     Wire Load Model       Library
  ------------------------------------------------
  Vortex_axi         5K_hvratio_1_1        NangateOpenCellLibrary_ss0p95v125c

  Point                                                   Incr       Path
  --------------------------------------------------------------------------
  clock CLK (rise edge)                                   0.00       0.00
  clock network delay (ideal)                             0.00       0.00
  vortex/g_clusters[0].cluster/g_sockets[0].socket/mem_arb/req_arb/g_input_select.g_arbiter.g_out_buf[0].out_buf/g_eb2.stream_buffer/g_buffer.data_out_r_reg[608]/CK (DFF_X1)
                                                          0.00 #     0.00 r
  vortex/g_clusters[0].cluster/g_sockets[0].socket/mem_arb/req_arb/g_input_select.g_arbiter.g_out_buf[0].out_buf/g_eb2.stream_buffer/g_buffer.data_out_r_reg[608]/Q (DFF_X1)
                                                          0.36       0.36 r
  m_axi_araddr[0][29] (out)                               0.01       0.37 r
  data arrival time                                                  0.37

  clock CLK (rise edge)                                   4.00       4.00
  clock network delay (ideal)                             0.00       4.00
  clock uncertainty                                      -0.25       3.75
  output external delay                                  -1.20       2.55
  data required time                                                 2.55
  --------------------------------------------------------------------------
  data required time                                                 2.55
  data arrival time                                                 -0.37
  --------------------------------------------------------------------------
  slack (MET)                                                        2.18


  Startpoint: vortex/g_clusters[0].cluster/g_sockets[0].socket/mem_arb/req_arb/g_input_select.g_arbiter.g_out_buf[0].out_buf/g_eb2.stream_buffer/g_buffer.data_out_r_reg[607]
              (rising edge-triggered flip-flop clocked by CLK)
  Endpoint: m_axi_araddr[0][28]
            (output port clocked by CLK)
  Path Group: REGOUT
  Path Type: max

  Des/Clust/Port     Wire Load Model       Library
  ------------------------------------------------
  Vortex_axi         5K_hvratio_1_1        NangateOpenCellLibrary_ss0p95v125c

  Point                                                   Incr       Path
  --------------------------------------------------------------------------
  clock CLK (rise edge)                                   0.00       0.00
  clock network delay (ideal)                             0.00       0.00
  vortex/g_clusters[0].cluster/g_sockets[0].socket/mem_arb/req_arb/g_input_select.g_arbiter.g_out_buf[0].out_buf/g_eb2.stream_buffer/g_buffer.data_out_r_reg[607]/CK (DFF_X1)
                                                          0.00 #     0.00 r
  vortex/g_clusters[0].cluster/g_sockets[0].socket/mem_arb/req_arb/g_input_select.g_arbiter.g_out_buf[0].out_buf/g_eb2.stream_buffer/g_buffer.data_out_r_reg[607]/Q (DFF_X1)
                                                          0.36       0.36 r
  m_axi_araddr[0][28] (out)                               0.01       0.37 r
  data arrival time                                                  0.37

  clock CLK (rise edge)                                   4.00       4.00
  clock network delay (ideal)                             0.00       4.00
  clock uncertainty                                      -0.25       3.75
  output external delay                                  -1.20       2.55
  data required time                                                 2.55
  --------------------------------------------------------------------------
  data required time                                                 2.55
  data arrival time                                                 -0.37
  --------------------------------------------------------------------------
  slack (MET)                                                        2.18


  Startpoint: vortex/g_clusters[0].cluster/g_sockets[0].socket/mem_arb/req_arb/g_input_select.g_arbiter.g_out_buf[0].out_buf/g_eb2.stream_buffer/g_buffer.data_out_r_reg[606]
              (rising edge-triggered flip-flop clocked by CLK)
  Endpoint: m_axi_araddr[0][27]
            (output port clocked by CLK)
  Path Group: REGOUT
  Path Type: max

  Des/Clust/Port     Wire Load Model       Library
  ------------------------------------------------
  Vortex_axi         5K_hvratio_1_1        NangateOpenCellLibrary_ss0p95v125c

  Point                                                   Incr       Path
  --------------------------------------------------------------------------
  clock CLK (rise edge)                                   0.00       0.00
  clock network delay (ideal)                             0.00       0.00
  vortex/g_clusters[0].cluster/g_sockets[0].socket/mem_arb/req_arb/g_input_select.g_arbiter.g_out_buf[0].out_buf/g_eb2.stream_buffer/g_buffer.data_out_r_reg[606]/CK (DFF_X1)
                                                          0.00 #     0.00 r
  vortex/g_clusters[0].cluster/g_sockets[0].socket/mem_arb/req_arb/g_input_select.g_arbiter.g_out_buf[0].out_buf/g_eb2.stream_buffer/g_buffer.data_out_r_reg[606]/Q (DFF_X1)
                                                          0.36       0.36 r
  m_axi_araddr[0][27] (out)                               0.01       0.37 r
  data arrival time                                                  0.37

  clock CLK (rise edge)                                   4.00       4.00
  clock network delay (ideal)                             0.00       4.00
  clock uncertainty                                      -0.25       3.75
  output external delay                                  -1.20       2.55
  data required time                                                 2.55
  --------------------------------------------------------------------------
  data required time                                                 2.55
  data arrival time                                                 -0.37
  --------------------------------------------------------------------------
  slack (MET)                                                        2.18


  Startpoint: vortex/g_clusters[0].cluster/g_sockets[0].socket/mem_arb/req_arb/g_input_select.g_arbiter.g_out_buf[0].out_buf/g_eb2.stream_buffer/g_buffer.data_out_r_reg[605]
              (rising edge-triggered flip-flop clocked by CLK)
  Endpoint: m_axi_araddr[0][26]
            (output port clocked by CLK)
  Path Group: REGOUT
  Path Type: max

  Des/Clust/Port     Wire Load Model       Library
  ------------------------------------------------
  Vortex_axi         5K_hvratio_1_1        NangateOpenCellLibrary_ss0p95v125c

  Point                                                   Incr       Path
  --------------------------------------------------------------------------
  clock CLK (rise edge)                                   0.00       0.00
  clock network delay (ideal)                             0.00       0.00
  vortex/g_clusters[0].cluster/g_sockets[0].socket/mem_arb/req_arb/g_input_select.g_arbiter.g_out_buf[0].out_buf/g_eb2.stream_buffer/g_buffer.data_out_r_reg[605]/CK (DFF_X1)
                                                          0.00 #     0.00 r
  vortex/g_clusters[0].cluster/g_sockets[0].socket/mem_arb/req_arb/g_input_select.g_arbiter.g_out_buf[0].out_buf/g_eb2.stream_buffer/g_buffer.data_out_r_reg[605]/Q (DFF_X1)
                                                          0.36       0.36 r
  m_axi_araddr[0][26] (out)                               0.01       0.37 r
  data arrival time                                                  0.37

  clock CLK (rise edge)                                   4.00       4.00
  clock network delay (ideal)                             0.00       4.00
  clock uncertainty                                      -0.25       3.75
  output external delay                                  -1.20       2.55
  data required time                                                 2.55
  --------------------------------------------------------------------------
  data required time                                                 2.55
  data arrival time                                                 -0.37
  --------------------------------------------------------------------------
  slack (MET)                                                        2.18


  Startpoint: vortex/g_clusters[0].cluster/g_sockets[0].socket/mem_arb/req_arb/g_input_select.g_arbiter.g_out_buf[0].out_buf/g_eb2.stream_buffer/g_buffer.data_out_r_reg[604]
              (rising edge-triggered flip-flop clocked by CLK)
  Endpoint: m_axi_araddr[0][25]
            (output port clocked by CLK)
  Path Group: REGOUT
  Path Type: max

  Des/Clust/Port     Wire Load Model       Library
  ------------------------------------------------
  Vortex_axi         5K_hvratio_1_1        NangateOpenCellLibrary_ss0p95v125c

  Point                                                   Incr       Path
  --------------------------------------------------------------------------
  clock CLK (rise edge)                                   0.00       0.00
  clock network delay (ideal)                             0.00       0.00
  vortex/g_clusters[0].cluster/g_sockets[0].socket/mem_arb/req_arb/g_input_select.g_arbiter.g_out_buf[0].out_buf/g_eb2.stream_buffer/g_buffer.data_out_r_reg[604]/CK (DFF_X1)
                                                          0.00 #     0.00 r
  vortex/g_clusters[0].cluster/g_sockets[0].socket/mem_arb/req_arb/g_input_select.g_arbiter.g_out_buf[0].out_buf/g_eb2.stream_buffer/g_buffer.data_out_r_reg[604]/Q (DFF_X1)
                                                          0.36       0.36 r
  m_axi_araddr[0][25] (out)                               0.01       0.37 r
  data arrival time                                                  0.37

  clock CLK (rise edge)                                   4.00       4.00
  clock network delay (ideal)                             0.00       4.00
  clock uncertainty                                      -0.25       3.75
  output external delay                                  -1.20       2.55
  data required time                                                 2.55
  --------------------------------------------------------------------------
  data required time                                                 2.55
  data arrival time                                                 -0.37
  --------------------------------------------------------------------------
  slack (MET)                                                        2.18


  Startpoint: vortex/g_clusters[0].cluster/g_sockets[0].socket/mem_arb/req_arb/g_input_select.g_arbiter.g_out_buf[0].out_buf/g_eb2.stream_buffer/g_buffer.data_out_r_reg[603]
              (rising edge-triggered flip-flop clocked by CLK)
  Endpoint: m_axi_araddr[0][24]
            (output port clocked by CLK)
  Path Group: REGOUT
  Path Type: max

  Des/Clust/Port     Wire Load Model       Library
  ------------------------------------------------
  Vortex_axi         5K_hvratio_1_1        NangateOpenCellLibrary_ss0p95v125c

  Point                                                   Incr       Path
  --------------------------------------------------------------------------
  clock CLK (rise edge)                                   0.00       0.00
  clock network delay (ideal)                             0.00       0.00
  vortex/g_clusters[0].cluster/g_sockets[0].socket/mem_arb/req_arb/g_input_select.g_arbiter.g_out_buf[0].out_buf/g_eb2.stream_buffer/g_buffer.data_out_r_reg[603]/CK (DFF_X1)
                                                          0.00 #     0.00 r
  vortex/g_clusters[0].cluster/g_sockets[0].socket/mem_arb/req_arb/g_input_select.g_arbiter.g_out_buf[0].out_buf/g_eb2.stream_buffer/g_buffer.data_out_r_reg[603]/Q (DFF_X1)
                                                          0.36       0.36 r
  m_axi_araddr[0][24] (out)                               0.01       0.37 r
  data arrival time                                                  0.37

  clock CLK (rise edge)                                   4.00       4.00
  clock network delay (ideal)                             0.00       4.00
  clock uncertainty                                      -0.25       3.75
  output external delay                                  -1.20       2.55
  data required time                                                 2.55
  --------------------------------------------------------------------------
  data required time                                                 2.55
  data arrival time                                                 -0.37
  --------------------------------------------------------------------------
  slack (MET)                                                        2.18


  Startpoint: vortex/g_clusters[0].cluster/g_sockets[0].socket/mem_arb/req_arb/g_input_select.g_arbiter.g_out_buf[0].out_buf/g_eb2.stream_buffer/g_buffer.data_out_r_reg[602]
              (rising edge-triggered flip-flop clocked by CLK)
  Endpoint: m_axi_araddr[0][23]
            (output port clocked by CLK)
  Path Group: REGOUT
  Path Type: max

  Des/Clust/Port     Wire Load Model       Library
  ------------------------------------------------
  Vortex_axi         5K_hvratio_1_1        NangateOpenCellLibrary_ss0p95v125c

  Point                                                   Incr       Path
  --------------------------------------------------------------------------
  clock CLK (rise edge)                                   0.00       0.00
  clock network delay (ideal)                             0.00       0.00
  vortex/g_clusters[0].cluster/g_sockets[0].socket/mem_arb/req_arb/g_input_select.g_arbiter.g_out_buf[0].out_buf/g_eb2.stream_buffer/g_buffer.data_out_r_reg[602]/CK (DFF_X1)
                                                          0.00 #     0.00 r
  vortex/g_clusters[0].cluster/g_sockets[0].socket/mem_arb/req_arb/g_input_select.g_arbiter.g_out_buf[0].out_buf/g_eb2.stream_buffer/g_buffer.data_out_r_reg[602]/Q (DFF_X1)
                                                          0.36       0.36 r
  m_axi_araddr[0][23] (out)                               0.01       0.37 r
  data arrival time                                                  0.37

  clock CLK (rise edge)                                   4.00       4.00
  clock network delay (ideal)                             0.00       4.00
  clock uncertainty                                      -0.25       3.75
  output external delay                                  -1.20       2.55
  data required time                                                 2.55
  --------------------------------------------------------------------------
  data required time                                                 2.55
  data arrival time                                                 -0.37
  --------------------------------------------------------------------------
  slack (MET)                                                        2.18


  Startpoint: vortex/g_clusters[0].cluster/g_sockets[0].socket/mem_arb/req_arb/g_input_select.g_arbiter.g_out_buf[0].out_buf/g_eb2.stream_buffer/g_buffer.data_out_r_reg[601]
              (rising edge-triggered flip-flop clocked by CLK)
  Endpoint: m_axi_araddr[0][22]
            (output port clocked by CLK)
  Path Group: REGOUT
  Path Type: max

  Des/Clust/Port     Wire Load Model       Library
  ------------------------------------------------
  Vortex_axi         5K_hvratio_1_1        NangateOpenCellLibrary_ss0p95v125c

  Point                                                   Incr       Path
  --------------------------------------------------------------------------
  clock CLK (rise edge)                                   0.00       0.00
  clock network delay (ideal)                             0.00       0.00
  vortex/g_clusters[0].cluster/g_sockets[0].socket/mem_arb/req_arb/g_input_select.g_arbiter.g_out_buf[0].out_buf/g_eb2.stream_buffer/g_buffer.data_out_r_reg[601]/CK (DFF_X1)
                                                          0.00 #     0.00 r
  vortex/g_clusters[0].cluster/g_sockets[0].socket/mem_arb/req_arb/g_input_select.g_arbiter.g_out_buf[0].out_buf/g_eb2.stream_buffer/g_buffer.data_out_r_reg[601]/Q (DFF_X1)
                                                          0.36       0.36 r
  m_axi_araddr[0][22] (out)                               0.01       0.37 r
  data arrival time                                                  0.37

  clock CLK (rise edge)                                   4.00       4.00
  clock network delay (ideal)                             0.00       4.00
  clock uncertainty                                      -0.25       3.75
  output external delay                                  -1.20       2.55
  data required time                                                 2.55
  --------------------------------------------------------------------------
  data required time                                                 2.55
  data arrival time                                                 -0.37
  --------------------------------------------------------------------------
  slack (MET)                                                        2.18


  Startpoint: vortex/g_clusters[0].cluster/g_sockets[0].socket/mem_arb/req_arb/g_input_select.g_arbiter.g_out_buf[0].out_buf/g_eb2.stream_buffer/g_buffer.data_out_r_reg[600]
              (rising edge-triggered flip-flop clocked by CLK)
  Endpoint: m_axi_araddr[0][21]
            (output port clocked by CLK)
  Path Group: REGOUT
  Path Type: max

  Des/Clust/Port     Wire Load Model       Library
  ------------------------------------------------
  Vortex_axi         5K_hvratio_1_1        NangateOpenCellLibrary_ss0p95v125c

  Point                                                   Incr       Path
  --------------------------------------------------------------------------
  clock CLK (rise edge)                                   0.00       0.00
  clock network delay (ideal)                             0.00       0.00
  vortex/g_clusters[0].cluster/g_sockets[0].socket/mem_arb/req_arb/g_input_select.g_arbiter.g_out_buf[0].out_buf/g_eb2.stream_buffer/g_buffer.data_out_r_reg[600]/CK (DFF_X1)
                                                          0.00 #     0.00 r
  vortex/g_clusters[0].cluster/g_sockets[0].socket/mem_arb/req_arb/g_input_select.g_arbiter.g_out_buf[0].out_buf/g_eb2.stream_buffer/g_buffer.data_out_r_reg[600]/Q (DFF_X1)
                                                          0.36       0.36 r
  m_axi_araddr[0][21] (out)                               0.01       0.37 r
  data arrival time                                                  0.37

  clock CLK (rise edge)                                   4.00       4.00
  clock network delay (ideal)                             0.00       4.00
  clock uncertainty                                      -0.25       3.75
  output external delay                                  -1.20       2.55
  data required time                                                 2.55
  --------------------------------------------------------------------------
  data required time                                                 2.55
  data arrival time                                                 -0.37
  --------------------------------------------------------------------------
  slack (MET)                                                        2.18


  Startpoint: vortex/g_clusters[0].cluster/g_sockets[0].socket/mem_arb/req_arb/g_input_select.g_arbiter.g_out_buf[0].out_buf/g_eb2.stream_buffer/g_buffer.data_out_r_reg[599]
              (rising edge-triggered flip-flop clocked by CLK)
  Endpoint: m_axi_araddr[0][20]
            (output port clocked by CLK)
  Path Group: REGOUT
  Path Type: max

  Des/Clust/Port     Wire Load Model       Library
  ------------------------------------------------
  Vortex_axi         5K_hvratio_1_1        NangateOpenCellLibrary_ss0p95v125c

  Point                                                   Incr       Path
  --------------------------------------------------------------------------
  clock CLK (rise edge)                                   0.00       0.00
  clock network delay (ideal)                             0.00       0.00
  vortex/g_clusters[0].cluster/g_sockets[0].socket/mem_arb/req_arb/g_input_select.g_arbiter.g_out_buf[0].out_buf/g_eb2.stream_buffer/g_buffer.data_out_r_reg[599]/CK (DFF_X1)
                                                          0.00 #     0.00 r
  vortex/g_clusters[0].cluster/g_sockets[0].socket/mem_arb/req_arb/g_input_select.g_arbiter.g_out_buf[0].out_buf/g_eb2.stream_buffer/g_buffer.data_out_r_reg[599]/Q (DFF_X1)
                                                          0.36       0.36 r
  m_axi_araddr[0][20] (out)                               0.01       0.37 r
  data arrival time                                                  0.37

  clock CLK (rise edge)                                   4.00       4.00
  clock network delay (ideal)                             0.00       4.00
  clock uncertainty                                      -0.25       3.75
  output external delay                                  -1.20       2.55
  data required time                                                 2.55
  --------------------------------------------------------------------------
  data required time                                                 2.55
  data arrival time                                                 -0.37
  --------------------------------------------------------------------------
  slack (MET)                                                        2.18


  Startpoint: vortex/g_clusters[0].cluster/g_sockets[0].socket/mem_arb/req_arb/g_input_select.g_arbiter.g_out_buf[0].out_buf/g_eb2.stream_buffer/g_buffer.data_out_r_reg[598]
              (rising edge-triggered flip-flop clocked by CLK)
  Endpoint: m_axi_araddr[0][19]
            (output port clocked by CLK)
  Path Group: REGOUT
  Path Type: max

  Des/Clust/Port     Wire Load Model       Library
  ------------------------------------------------
  Vortex_axi         5K_hvratio_1_1        NangateOpenCellLibrary_ss0p95v125c

  Point                                                   Incr       Path
  --------------------------------------------------------------------------
  clock CLK (rise edge)                                   0.00       0.00
  clock network delay (ideal)                             0.00       0.00
  vortex/g_clusters[0].cluster/g_sockets[0].socket/mem_arb/req_arb/g_input_select.g_arbiter.g_out_buf[0].out_buf/g_eb2.stream_buffer/g_buffer.data_out_r_reg[598]/CK (DFF_X1)
                                                          0.00 #     0.00 r
  vortex/g_clusters[0].cluster/g_sockets[0].socket/mem_arb/req_arb/g_input_select.g_arbiter.g_out_buf[0].out_buf/g_eb2.stream_buffer/g_buffer.data_out_r_reg[598]/Q (DFF_X1)
                                                          0.36       0.36 r
  m_axi_araddr[0][19] (out)                               0.01       0.37 r
  data arrival time                                                  0.37

  clock CLK (rise edge)                                   4.00       4.00
  clock network delay (ideal)                             0.00       4.00
  clock uncertainty                                      -0.25       3.75
  output external delay                                  -1.20       2.55
  data required time                                                 2.55
  --------------------------------------------------------------------------
  data required time                                                 2.55
  data arrival time                                                 -0.37
  --------------------------------------------------------------------------
  slack (MET)                                                        2.18


  Startpoint: vortex/g_clusters[0].cluster/g_sockets[0].socket/mem_arb/req_arb/g_input_select.g_arbiter.g_out_buf[0].out_buf/g_eb2.stream_buffer/g_buffer.data_out_r_reg[597]
              (rising edge-triggered flip-flop clocked by CLK)
  Endpoint: m_axi_araddr[0][18]
            (output port clocked by CLK)
  Path Group: REGOUT
  Path Type: max

  Des/Clust/Port     Wire Load Model       Library
  ------------------------------------------------
  Vortex_axi         5K_hvratio_1_1        NangateOpenCellLibrary_ss0p95v125c

  Point                                                   Incr       Path
  --------------------------------------------------------------------------
  clock CLK (rise edge)                                   0.00       0.00
  clock network delay (ideal)                             0.00       0.00
  vortex/g_clusters[0].cluster/g_sockets[0].socket/mem_arb/req_arb/g_input_select.g_arbiter.g_out_buf[0].out_buf/g_eb2.stream_buffer/g_buffer.data_out_r_reg[597]/CK (DFF_X1)
                                                          0.00 #     0.00 r
  vortex/g_clusters[0].cluster/g_sockets[0].socket/mem_arb/req_arb/g_input_select.g_arbiter.g_out_buf[0].out_buf/g_eb2.stream_buffer/g_buffer.data_out_r_reg[597]/Q (DFF_X1)
                                                          0.36       0.36 r
  m_axi_araddr[0][18] (out)                               0.01       0.37 r
  data arrival time                                                  0.37

  clock CLK (rise edge)                                   4.00       4.00
  clock network delay (ideal)                             0.00       4.00
  clock uncertainty                                      -0.25       3.75
  output external delay                                  -1.20       2.55
  data required time                                                 2.55
  --------------------------------------------------------------------------
  data required time                                                 2.55
  data arrival time                                                 -0.37
  --------------------------------------------------------------------------
  slack (MET)                                                        2.18


  Startpoint: vortex/g_clusters[0].cluster/g_sockets[0].socket/mem_arb/req_arb/g_input_select.g_arbiter.g_out_buf[0].out_buf/g_eb2.stream_buffer/g_buffer.data_out_r_reg[596]
              (rising edge-triggered flip-flop clocked by CLK)
  Endpoint: m_axi_araddr[0][17]
            (output port clocked by CLK)
  Path Group: REGOUT
  Path Type: max

  Des/Clust/Port     Wire Load Model       Library
  ------------------------------------------------
  Vortex_axi         5K_hvratio_1_1        NangateOpenCellLibrary_ss0p95v125c

  Point                                                   Incr       Path
  --------------------------------------------------------------------------
  clock CLK (rise edge)                                   0.00       0.00
  clock network delay (ideal)                             0.00       0.00
  vortex/g_clusters[0].cluster/g_sockets[0].socket/mem_arb/req_arb/g_input_select.g_arbiter.g_out_buf[0].out_buf/g_eb2.stream_buffer/g_buffer.data_out_r_reg[596]/CK (DFF_X1)
                                                          0.00 #     0.00 r
  vortex/g_clusters[0].cluster/g_sockets[0].socket/mem_arb/req_arb/g_input_select.g_arbiter.g_out_buf[0].out_buf/g_eb2.stream_buffer/g_buffer.data_out_r_reg[596]/Q (DFF_X1)
                                                          0.36       0.36 r
  m_axi_araddr[0][17] (out)                               0.01       0.37 r
  data arrival time                                                  0.37

  clock CLK (rise edge)                                   4.00       4.00
  clock network delay (ideal)                             0.00       4.00
  clock uncertainty                                      -0.25       3.75
  output external delay                                  -1.20       2.55
  data required time                                                 2.55
  --------------------------------------------------------------------------
  data required time                                                 2.55
  data arrival time                                                 -0.37
  --------------------------------------------------------------------------
  slack (MET)                                                        2.18


  Startpoint: vortex/g_clusters[0].cluster/g_sockets[0].socket/mem_arb/req_arb/g_input_select.g_arbiter.g_out_buf[0].out_buf/g_eb2.stream_buffer/g_buffer.data_out_r_reg[595]
              (rising edge-triggered flip-flop clocked by CLK)
  Endpoint: m_axi_araddr[0][16]
            (output port clocked by CLK)
  Path Group: REGOUT
  Path Type: max

  Des/Clust/Port     Wire Load Model       Library
  ------------------------------------------------
  Vortex_axi         5K_hvratio_1_1        NangateOpenCellLibrary_ss0p95v125c

  Point                                                   Incr       Path
  --------------------------------------------------------------------------
  clock CLK (rise edge)                                   0.00       0.00
  clock network delay (ideal)                             0.00       0.00
  vortex/g_clusters[0].cluster/g_sockets[0].socket/mem_arb/req_arb/g_input_select.g_arbiter.g_out_buf[0].out_buf/g_eb2.stream_buffer/g_buffer.data_out_r_reg[595]/CK (DFF_X1)
                                                          0.00 #     0.00 r
  vortex/g_clusters[0].cluster/g_sockets[0].socket/mem_arb/req_arb/g_input_select.g_arbiter.g_out_buf[0].out_buf/g_eb2.stream_buffer/g_buffer.data_out_r_reg[595]/Q (DFF_X1)
                                                          0.36       0.36 r
  m_axi_araddr[0][16] (out)                               0.01       0.37 r
  data arrival time                                                  0.37

  clock CLK (rise edge)                                   4.00       4.00
  clock network delay (ideal)                             0.00       4.00
  clock uncertainty                                      -0.25       3.75
  output external delay                                  -1.20       2.55
  data required time                                                 2.55
  --------------------------------------------------------------------------
  data required time                                                 2.55
  data arrival time                                                 -0.37
  --------------------------------------------------------------------------
  slack (MET)                                                        2.18


  Startpoint: vortex/g_clusters[0].cluster/g_sockets[0].socket/mem_arb/req_arb/g_input_select.g_arbiter.g_out_buf[0].out_buf/g_eb2.stream_buffer/g_buffer.data_out_r_reg[594]
              (rising edge-triggered flip-flop clocked by CLK)
  Endpoint: m_axi_araddr[0][15]
            (output port clocked by CLK)
  Path Group: REGOUT
  Path Type: max

  Des/Clust/Port     Wire Load Model       Library
  ------------------------------------------------
  Vortex_axi         5K_hvratio_1_1        NangateOpenCellLibrary_ss0p95v125c

  Point                                                   Incr       Path
  --------------------------------------------------------------------------
  clock CLK (rise edge)                                   0.00       0.00
  clock network delay (ideal)                             0.00       0.00
  vortex/g_clusters[0].cluster/g_sockets[0].socket/mem_arb/req_arb/g_input_select.g_arbiter.g_out_buf[0].out_buf/g_eb2.stream_buffer/g_buffer.data_out_r_reg[594]/CK (DFF_X1)
                                                          0.00 #     0.00 r
  vortex/g_clusters[0].cluster/g_sockets[0].socket/mem_arb/req_arb/g_input_select.g_arbiter.g_out_buf[0].out_buf/g_eb2.stream_buffer/g_buffer.data_out_r_reg[594]/Q (DFF_X1)
                                                          0.36       0.36 r
  m_axi_araddr[0][15] (out)                               0.01       0.37 r
  data arrival time                                                  0.37

  clock CLK (rise edge)                                   4.00       4.00
  clock network delay (ideal)                             0.00       4.00
  clock uncertainty                                      -0.25       3.75
  output external delay                                  -1.20       2.55
  data required time                                                 2.55
  --------------------------------------------------------------------------
  data required time                                                 2.55
  data arrival time                                                 -0.37
  --------------------------------------------------------------------------
  slack (MET)                                                        2.18


  Startpoint: vortex/g_clusters[0].cluster/g_sockets[0].socket/mem_arb/req_arb/g_input_select.g_arbiter.g_out_buf[0].out_buf/g_eb2.stream_buffer/g_buffer.data_out_r_reg[593]
              (rising edge-triggered flip-flop clocked by CLK)
  Endpoint: m_axi_araddr[0][14]
            (output port clocked by CLK)
  Path Group: REGOUT
  Path Type: max

  Des/Clust/Port     Wire Load Model       Library
  ------------------------------------------------
  Vortex_axi         5K_hvratio_1_1        NangateOpenCellLibrary_ss0p95v125c

  Point                                                   Incr       Path
  --------------------------------------------------------------------------
  clock CLK (rise edge)                                   0.00       0.00
  clock network delay (ideal)                             0.00       0.00
  vortex/g_clusters[0].cluster/g_sockets[0].socket/mem_arb/req_arb/g_input_select.g_arbiter.g_out_buf[0].out_buf/g_eb2.stream_buffer/g_buffer.data_out_r_reg[593]/CK (DFF_X1)
                                                          0.00 #     0.00 r
  vortex/g_clusters[0].cluster/g_sockets[0].socket/mem_arb/req_arb/g_input_select.g_arbiter.g_out_buf[0].out_buf/g_eb2.stream_buffer/g_buffer.data_out_r_reg[593]/Q (DFF_X1)
                                                          0.36       0.36 r
  m_axi_araddr[0][14] (out)                               0.01       0.37 r
  data arrival time                                                  0.37

  clock CLK (rise edge)                                   4.00       4.00
  clock network delay (ideal)                             0.00       4.00
  clock uncertainty                                      -0.25       3.75
  output external delay                                  -1.20       2.55
  data required time                                                 2.55
  --------------------------------------------------------------------------
  data required time                                                 2.55
  data arrival time                                                 -0.37
  --------------------------------------------------------------------------
  slack (MET)                                                        2.18


  Startpoint: vortex/g_clusters[0].cluster/g_sockets[0].socket/mem_arb/req_arb/g_input_select.g_arbiter.g_out_buf[0].out_buf/g_eb2.stream_buffer/g_buffer.data_out_r_reg[592]
              (rising edge-triggered flip-flop clocked by CLK)
  Endpoint: m_axi_araddr[0][13]
            (output port clocked by CLK)
  Path Group: REGOUT
  Path Type: max

  Des/Clust/Port     Wire Load Model       Library
  ------------------------------------------------
  Vortex_axi         5K_hvratio_1_1        NangateOpenCellLibrary_ss0p95v125c

  Point                                                   Incr       Path
  --------------------------------------------------------------------------
  clock CLK (rise edge)                                   0.00       0.00
  clock network delay (ideal)                             0.00       0.00
  vortex/g_clusters[0].cluster/g_sockets[0].socket/mem_arb/req_arb/g_input_select.g_arbiter.g_out_buf[0].out_buf/g_eb2.stream_buffer/g_buffer.data_out_r_reg[592]/CK (DFF_X1)
                                                          0.00 #     0.00 r
  vortex/g_clusters[0].cluster/g_sockets[0].socket/mem_arb/req_arb/g_input_select.g_arbiter.g_out_buf[0].out_buf/g_eb2.stream_buffer/g_buffer.data_out_r_reg[592]/Q (DFF_X1)
                                                          0.36       0.36 r
  m_axi_araddr[0][13] (out)                               0.01       0.37 r
  data arrival time                                                  0.37

  clock CLK (rise edge)                                   4.00       4.00
  clock network delay (ideal)                             0.00       4.00
  clock uncertainty                                      -0.25       3.75
  output external delay                                  -1.20       2.55
  data required time                                                 2.55
  --------------------------------------------------------------------------
  data required time                                                 2.55
  data arrival time                                                 -0.37
  --------------------------------------------------------------------------
  slack (MET)                                                        2.18


  Startpoint: vortex/g_clusters[0].cluster/g_sockets[0].socket/mem_arb/req_arb/g_input_select.g_arbiter.g_out_buf[0].out_buf/g_eb2.stream_buffer/g_buffer.data_out_r_reg[591]
              (rising edge-triggered flip-flop clocked by CLK)
  Endpoint: m_axi_araddr[0][12]
            (output port clocked by CLK)
  Path Group: REGOUT
  Path Type: max

  Des/Clust/Port     Wire Load Model       Library
  ------------------------------------------------
  Vortex_axi         5K_hvratio_1_1        NangateOpenCellLibrary_ss0p95v125c

  Point                                                   Incr       Path
  --------------------------------------------------------------------------
  clock CLK (rise edge)                                   0.00       0.00
  clock network delay (ideal)                             0.00       0.00
  vortex/g_clusters[0].cluster/g_sockets[0].socket/mem_arb/req_arb/g_input_select.g_arbiter.g_out_buf[0].out_buf/g_eb2.stream_buffer/g_buffer.data_out_r_reg[591]/CK (DFF_X1)
                                                          0.00 #     0.00 r
  vortex/g_clusters[0].cluster/g_sockets[0].socket/mem_arb/req_arb/g_input_select.g_arbiter.g_out_buf[0].out_buf/g_eb2.stream_buffer/g_buffer.data_out_r_reg[591]/Q (DFF_X1)
                                                          0.36       0.36 r
  m_axi_araddr[0][12] (out)                               0.01       0.37 r
  data arrival time                                                  0.37

  clock CLK (rise edge)                                   4.00       4.00
  clock network delay (ideal)                             0.00       4.00
  clock uncertainty                                      -0.25       3.75
  output external delay                                  -1.20       2.55
  data required time                                                 2.55
  --------------------------------------------------------------------------
  data required time                                                 2.55
  data arrival time                                                 -0.37
  --------------------------------------------------------------------------
  slack (MET)                                                        2.18


  Startpoint: vortex/g_clusters[0].cluster/g_sockets[0].socket/mem_arb/req_arb/g_input_select.g_arbiter.g_out_buf[0].out_buf/g_eb2.stream_buffer/g_buffer.data_out_r_reg[590]
              (rising edge-triggered flip-flop clocked by CLK)
  Endpoint: m_axi_araddr[0][11]
            (output port clocked by CLK)
  Path Group: REGOUT
  Path Type: max

  Des/Clust/Port     Wire Load Model       Library
  ------------------------------------------------
  Vortex_axi         5K_hvratio_1_1        NangateOpenCellLibrary_ss0p95v125c

  Point                                                   Incr       Path
  --------------------------------------------------------------------------
  clock CLK (rise edge)                                   0.00       0.00
  clock network delay (ideal)                             0.00       0.00
  vortex/g_clusters[0].cluster/g_sockets[0].socket/mem_arb/req_arb/g_input_select.g_arbiter.g_out_buf[0].out_buf/g_eb2.stream_buffer/g_buffer.data_out_r_reg[590]/CK (DFF_X1)
                                                          0.00 #     0.00 r
  vortex/g_clusters[0].cluster/g_sockets[0].socket/mem_arb/req_arb/g_input_select.g_arbiter.g_out_buf[0].out_buf/g_eb2.stream_buffer/g_buffer.data_out_r_reg[590]/Q (DFF_X1)
                                                          0.36       0.36 r
  m_axi_araddr[0][11] (out)                               0.01       0.37 r
  data arrival time                                                  0.37

  clock CLK (rise edge)                                   4.00       4.00
  clock network delay (ideal)                             0.00       4.00
  clock uncertainty                                      -0.25       3.75
  output external delay                                  -1.20       2.55
  data required time                                                 2.55
  --------------------------------------------------------------------------
  data required time                                                 2.55
  data arrival time                                                 -0.37
  --------------------------------------------------------------------------
  slack (MET)                                                        2.18


  Startpoint: vortex/g_clusters[0].cluster/g_sockets[0].socket/mem_arb/req_arb/g_input_select.g_arbiter.g_out_buf[0].out_buf/g_eb2.stream_buffer/g_buffer.data_out_r_reg[589]
              (rising edge-triggered flip-flop clocked by CLK)
  Endpoint: m_axi_araddr[0][10]
            (output port clocked by CLK)
  Path Group: REGOUT
  Path Type: max

  Des/Clust/Port     Wire Load Model       Library
  ------------------------------------------------
  Vortex_axi         5K_hvratio_1_1        NangateOpenCellLibrary_ss0p95v125c

  Point                                                   Incr       Path
  --------------------------------------------------------------------------
  clock CLK (rise edge)                                   0.00       0.00
  clock network delay (ideal)                             0.00       0.00
  vortex/g_clusters[0].cluster/g_sockets[0].socket/mem_arb/req_arb/g_input_select.g_arbiter.g_out_buf[0].out_buf/g_eb2.stream_buffer/g_buffer.data_out_r_reg[589]/CK (DFF_X1)
                                                          0.00 #     0.00 r
  vortex/g_clusters[0].cluster/g_sockets[0].socket/mem_arb/req_arb/g_input_select.g_arbiter.g_out_buf[0].out_buf/g_eb2.stream_buffer/g_buffer.data_out_r_reg[589]/Q (DFF_X1)
                                                          0.36       0.36 r
  m_axi_araddr[0][10] (out)                               0.01       0.37 r
  data arrival time                                                  0.37

  clock CLK (rise edge)                                   4.00       4.00
  clock network delay (ideal)                             0.00       4.00
  clock uncertainty                                      -0.25       3.75
  output external delay                                  -1.20       2.55
  data required time                                                 2.55
  --------------------------------------------------------------------------
  data required time                                                 2.55
  data arrival time                                                 -0.37
  --------------------------------------------------------------------------
  slack (MET)                                                        2.18


  Startpoint: vortex/g_clusters[0].cluster/g_sockets[0].socket/mem_arb/req_arb/g_input_select.g_arbiter.g_out_buf[0].out_buf/g_eb2.stream_buffer/g_buffer.data_out_r_reg[588]
              (rising edge-triggered flip-flop clocked by CLK)
  Endpoint: m_axi_araddr[0][9]
            (output port clocked by CLK)
  Path Group: REGOUT
  Path Type: max

  Des/Clust/Port     Wire Load Model       Library
  ------------------------------------------------
  Vortex_axi         5K_hvratio_1_1        NangateOpenCellLibrary_ss0p95v125c

  Point                                                   Incr       Path
  --------------------------------------------------------------------------
  clock CLK (rise edge)                                   0.00       0.00
  clock network delay (ideal)                             0.00       0.00
  vortex/g_clusters[0].cluster/g_sockets[0].socket/mem_arb/req_arb/g_input_select.g_arbiter.g_out_buf[0].out_buf/g_eb2.stream_buffer/g_buffer.data_out_r_reg[588]/CK (DFF_X1)
                                                          0.00 #     0.00 r
  vortex/g_clusters[0].cluster/g_sockets[0].socket/mem_arb/req_arb/g_input_select.g_arbiter.g_out_buf[0].out_buf/g_eb2.stream_buffer/g_buffer.data_out_r_reg[588]/Q (DFF_X1)
                                                          0.36       0.36 r
  m_axi_araddr[0][9] (out)                                0.01       0.37 r
  data arrival time                                                  0.37

  clock CLK (rise edge)                                   4.00       4.00
  clock network delay (ideal)                             0.00       4.00
  clock uncertainty                                      -0.25       3.75
  output external delay                                  -1.20       2.55
  data required time                                                 2.55
  --------------------------------------------------------------------------
  data required time                                                 2.55
  data arrival time                                                 -0.37
  --------------------------------------------------------------------------
  slack (MET)                                                        2.18


  Startpoint: vortex/g_clusters[0].cluster/g_sockets[0].socket/mem_arb/req_arb/g_input_select.g_arbiter.g_out_buf[0].out_buf/g_eb2.stream_buffer/g_buffer.data_out_r_reg[587]
              (rising edge-triggered flip-flop clocked by CLK)
  Endpoint: m_axi_araddr[0][8]
            (output port clocked by CLK)
  Path Group: REGOUT
  Path Type: max

  Des/Clust/Port     Wire Load Model       Library
  ------------------------------------------------
  Vortex_axi         5K_hvratio_1_1        NangateOpenCellLibrary_ss0p95v125c

  Point                                                   Incr       Path
  --------------------------------------------------------------------------
  clock CLK (rise edge)                                   0.00       0.00
  clock network delay (ideal)                             0.00       0.00
  vortex/g_clusters[0].cluster/g_sockets[0].socket/mem_arb/req_arb/g_input_select.g_arbiter.g_out_buf[0].out_buf/g_eb2.stream_buffer/g_buffer.data_out_r_reg[587]/CK (DFF_X1)
                                                          0.00 #     0.00 r
  vortex/g_clusters[0].cluster/g_sockets[0].socket/mem_arb/req_arb/g_input_select.g_arbiter.g_out_buf[0].out_buf/g_eb2.stream_buffer/g_buffer.data_out_r_reg[587]/Q (DFF_X1)
                                                          0.36       0.36 r
  m_axi_araddr[0][8] (out)                                0.01       0.37 r
  data arrival time                                                  0.37

  clock CLK (rise edge)                                   4.00       4.00
  clock network delay (ideal)                             0.00       4.00
  clock uncertainty                                      -0.25       3.75
  output external delay                                  -1.20       2.55
  data required time                                                 2.55
  --------------------------------------------------------------------------
  data required time                                                 2.55
  data arrival time                                                 -0.37
  --------------------------------------------------------------------------
  slack (MET)                                                        2.18


  Startpoint: vortex/g_clusters[0].cluster/g_sockets[0].socket/mem_arb/req_arb/g_input_select.g_arbiter.g_out_buf[0].out_buf/g_eb2.stream_buffer/g_buffer.data_out_r_reg[586]
              (rising edge-triggered flip-flop clocked by CLK)
  Endpoint: m_axi_araddr[0][7]
            (output port clocked by CLK)
  Path Group: REGOUT
  Path Type: max

  Des/Clust/Port     Wire Load Model       Library
  ------------------------------------------------
  Vortex_axi         5K_hvratio_1_1        NangateOpenCellLibrary_ss0p95v125c

  Point                                                   Incr       Path
  --------------------------------------------------------------------------
  clock CLK (rise edge)                                   0.00       0.00
  clock network delay (ideal)                             0.00       0.00
  vortex/g_clusters[0].cluster/g_sockets[0].socket/mem_arb/req_arb/g_input_select.g_arbiter.g_out_buf[0].out_buf/g_eb2.stream_buffer/g_buffer.data_out_r_reg[586]/CK (DFF_X1)
                                                          0.00 #     0.00 r
  vortex/g_clusters[0].cluster/g_sockets[0].socket/mem_arb/req_arb/g_input_select.g_arbiter.g_out_buf[0].out_buf/g_eb2.stream_buffer/g_buffer.data_out_r_reg[586]/Q (DFF_X1)
                                                          0.36       0.36 r
  m_axi_araddr[0][7] (out)                                0.01       0.37 r
  data arrival time                                                  0.37

  clock CLK (rise edge)                                   4.00       4.00
  clock network delay (ideal)                             0.00       4.00
  clock uncertainty                                      -0.25       3.75
  output external delay                                  -1.20       2.55
  data required time                                                 2.55
  --------------------------------------------------------------------------
  data required time                                                 2.55
  data arrival time                                                 -0.37
  --------------------------------------------------------------------------
  slack (MET)                                                        2.18


  Startpoint: vortex/g_clusters[0].cluster/g_sockets[0].socket/mem_arb/req_arb/g_input_select.g_arbiter.g_out_buf[0].out_buf/g_eb2.stream_buffer/g_buffer.data_out_r_reg[585]
              (rising edge-triggered flip-flop clocked by CLK)
  Endpoint: m_axi_araddr[0][6]
            (output port clocked by CLK)
  Path Group: REGOUT
  Path Type: max

  Des/Clust/Port     Wire Load Model       Library
  ------------------------------------------------
  Vortex_axi         5K_hvratio_1_1        NangateOpenCellLibrary_ss0p95v125c

  Point                                                   Incr       Path
  --------------------------------------------------------------------------
  clock CLK (rise edge)                                   0.00       0.00
  clock network delay (ideal)                             0.00       0.00
  vortex/g_clusters[0].cluster/g_sockets[0].socket/mem_arb/req_arb/g_input_select.g_arbiter.g_out_buf[0].out_buf/g_eb2.stream_buffer/g_buffer.data_out_r_reg[585]/CK (DFF_X1)
                                                          0.00 #     0.00 r
  vortex/g_clusters[0].cluster/g_sockets[0].socket/mem_arb/req_arb/g_input_select.g_arbiter.g_out_buf[0].out_buf/g_eb2.stream_buffer/g_buffer.data_out_r_reg[585]/Q (DFF_X1)
                                                          0.36       0.36 r
  m_axi_araddr[0][6] (out)                                0.01       0.37 r
  data arrival time                                                  0.37

  clock CLK (rise edge)                                   4.00       4.00
  clock network delay (ideal)                             0.00       4.00
  clock uncertainty                                      -0.25       3.75
  output external delay                                  -1.20       2.55
  data required time                                                 2.55
  --------------------------------------------------------------------------
  data required time                                                 2.55
  data arrival time                                                 -0.37
  --------------------------------------------------------------------------
  slack (MET)                                                        2.18


  Startpoint: vortex/g_clusters[0].cluster/g_sockets[0].socket/mem_arb/req_arb/g_input_select.g_arbiter.g_out_buf[0].out_buf/g_eb2.stream_buffer/g_buffer.data_out_r_reg[6]
              (rising edge-triggered flip-flop clocked by CLK)
  Endpoint: m_axi_arid[0][7]
            (output port clocked by CLK)
  Path Group: REGOUT
  Path Type: max

  Des/Clust/Port     Wire Load Model       Library
  ------------------------------------------------
  Vortex_axi         5K_hvratio_1_1        NangateOpenCellLibrary_ss0p95v125c

  Point                                                   Incr       Path
  --------------------------------------------------------------------------
  clock CLK (rise edge)                                   0.00       0.00
  clock network delay (ideal)                             0.00       0.00
  vortex/g_clusters[0].cluster/g_sockets[0].socket/mem_arb/req_arb/g_input_select.g_arbiter.g_out_buf[0].out_buf/g_eb2.stream_buffer/g_buffer.data_out_r_reg[6]/CK (DFF_X1)
                                                          0.00 #     0.00 r
  vortex/g_clusters[0].cluster/g_sockets[0].socket/mem_arb/req_arb/g_input_select.g_arbiter.g_out_buf[0].out_buf/g_eb2.stream_buffer/g_buffer.data_out_r_reg[6]/Q (DFF_X1)
                                                          0.36       0.36 r
  m_axi_arid[0][7] (out)                                  0.01       0.37 r
  data arrival time                                                  0.37

  clock CLK (rise edge)                                   4.00       4.00
  clock network delay (ideal)                             0.00       4.00
  clock uncertainty                                      -0.25       3.75
  output external delay                                  -1.20       2.55
  data required time                                                 2.55
  --------------------------------------------------------------------------
  data required time                                                 2.55
  data arrival time                                                 -0.37
  --------------------------------------------------------------------------
  slack (MET)                                                        2.18


  Startpoint: vortex/g_clusters[0].cluster/g_sockets[0].socket/mem_arb/req_arb/g_input_select.g_arbiter.g_out_buf[0].out_buf/g_eb2.stream_buffer/g_buffer.data_out_r_reg[5]
              (rising edge-triggered flip-flop clocked by CLK)
  Endpoint: m_axi_arid[0][6]
            (output port clocked by CLK)
  Path Group: REGOUT
  Path Type: max

  Des/Clust/Port     Wire Load Model       Library
  ------------------------------------------------
  Vortex_axi         5K_hvratio_1_1        NangateOpenCellLibrary_ss0p95v125c

  Point                                                   Incr       Path
  --------------------------------------------------------------------------
  clock CLK (rise edge)                                   0.00       0.00
  clock network delay (ideal)                             0.00       0.00
  vortex/g_clusters[0].cluster/g_sockets[0].socket/mem_arb/req_arb/g_input_select.g_arbiter.g_out_buf[0].out_buf/g_eb2.stream_buffer/g_buffer.data_out_r_reg[5]/CK (DFF_X1)
                                                          0.00 #     0.00 r
  vortex/g_clusters[0].cluster/g_sockets[0].socket/mem_arb/req_arb/g_input_select.g_arbiter.g_out_buf[0].out_buf/g_eb2.stream_buffer/g_buffer.data_out_r_reg[5]/Q (DFF_X1)
                                                          0.36       0.36 r
  m_axi_arid[0][6] (out)                                  0.01       0.37 r
  data arrival time                                                  0.37

  clock CLK (rise edge)                                   4.00       4.00
  clock network delay (ideal)                             0.00       4.00
  clock uncertainty                                      -0.25       3.75
  output external delay                                  -1.20       2.55
  data required time                                                 2.55
  --------------------------------------------------------------------------
  data required time                                                 2.55
  data arrival time                                                 -0.37
  --------------------------------------------------------------------------
  slack (MET)                                                        2.18


  Startpoint: vortex/g_clusters[0].cluster/g_sockets[0].socket/mem_arb/req_arb/g_input_select.g_arbiter.g_out_buf[0].out_buf/g_eb2.stream_buffer/g_buffer.data_out_r_reg[4]
              (rising edge-triggered flip-flop clocked by CLK)
  Endpoint: m_axi_arid[0][5]
            (output port clocked by CLK)
  Path Group: REGOUT
  Path Type: max

  Des/Clust/Port     Wire Load Model       Library
  ------------------------------------------------
  Vortex_axi         5K_hvratio_1_1        NangateOpenCellLibrary_ss0p95v125c

  Point                                                   Incr       Path
  --------------------------------------------------------------------------
  clock CLK (rise edge)                                   0.00       0.00
  clock network delay (ideal)                             0.00       0.00
  vortex/g_clusters[0].cluster/g_sockets[0].socket/mem_arb/req_arb/g_input_select.g_arbiter.g_out_buf[0].out_buf/g_eb2.stream_buffer/g_buffer.data_out_r_reg[4]/CK (DFF_X1)
                                                          0.00 #     0.00 r
  vortex/g_clusters[0].cluster/g_sockets[0].socket/mem_arb/req_arb/g_input_select.g_arbiter.g_out_buf[0].out_buf/g_eb2.stream_buffer/g_buffer.data_out_r_reg[4]/Q (DFF_X1)
                                                          0.36       0.36 r
  m_axi_arid[0][5] (out)                                  0.01       0.37 r
  data arrival time                                                  0.37

  clock CLK (rise edge)                                   4.00       4.00
  clock network delay (ideal)                             0.00       4.00
  clock uncertainty                                      -0.25       3.75
  output external delay                                  -1.20       2.55
  data required time                                                 2.55
  --------------------------------------------------------------------------
  data required time                                                 2.55
  data arrival time                                                 -0.37
  --------------------------------------------------------------------------
  slack (MET)                                                        2.18


  Startpoint: vortex/g_clusters[0].cluster/g_sockets[0].socket/mem_arb/req_arb/g_input_select.g_arbiter.g_out_buf[0].out_buf/g_eb2.stream_buffer/g_buffer.data_out_r_reg[3]
              (rising edge-triggered flip-flop clocked by CLK)
  Endpoint: m_axi_arid[0][4]
            (output port clocked by CLK)
  Path Group: REGOUT
  Path Type: max

  Des/Clust/Port     Wire Load Model       Library
  ------------------------------------------------
  Vortex_axi         5K_hvratio_1_1        NangateOpenCellLibrary_ss0p95v125c

  Point                                                   Incr       Path
  --------------------------------------------------------------------------
  clock CLK (rise edge)                                   0.00       0.00
  clock network delay (ideal)                             0.00       0.00
  vortex/g_clusters[0].cluster/g_sockets[0].socket/mem_arb/req_arb/g_input_select.g_arbiter.g_out_buf[0].out_buf/g_eb2.stream_buffer/g_buffer.data_out_r_reg[3]/CK (DFF_X1)
                                                          0.00 #     0.00 r
  vortex/g_clusters[0].cluster/g_sockets[0].socket/mem_arb/req_arb/g_input_select.g_arbiter.g_out_buf[0].out_buf/g_eb2.stream_buffer/g_buffer.data_out_r_reg[3]/Q (DFF_X1)
                                                          0.36       0.36 r
  m_axi_arid[0][4] (out)                                  0.01       0.37 r
  data arrival time                                                  0.37

  clock CLK (rise edge)                                   4.00       4.00
  clock network delay (ideal)                             0.00       4.00
  clock uncertainty                                      -0.25       3.75
  output external delay                                  -1.20       2.55
  data required time                                                 2.55
  --------------------------------------------------------------------------
  data required time                                                 2.55
  data arrival time                                                 -0.37
  --------------------------------------------------------------------------
  slack (MET)                                                        2.18


  Startpoint: vortex/g_clusters[0].cluster/g_sockets[0].socket/mem_arb/req_arb/g_input_select.g_arbiter.g_out_buf[0].out_buf/g_eb2.stream_buffer/g_buffer.data_out_r_reg[2]
              (rising edge-triggered flip-flop clocked by CLK)
  Endpoint: m_axi_arid[0][3]
            (output port clocked by CLK)
  Path Group: REGOUT
  Path Type: max

  Des/Clust/Port     Wire Load Model       Library
  ------------------------------------------------
  Vortex_axi         5K_hvratio_1_1        NangateOpenCellLibrary_ss0p95v125c

  Point                                                   Incr       Path
  --------------------------------------------------------------------------
  clock CLK (rise edge)                                   0.00       0.00
  clock network delay (ideal)                             0.00       0.00
  vortex/g_clusters[0].cluster/g_sockets[0].socket/mem_arb/req_arb/g_input_select.g_arbiter.g_out_buf[0].out_buf/g_eb2.stream_buffer/g_buffer.data_out_r_reg[2]/CK (DFF_X1)
                                                          0.00 #     0.00 r
  vortex/g_clusters[0].cluster/g_sockets[0].socket/mem_arb/req_arb/g_input_select.g_arbiter.g_out_buf[0].out_buf/g_eb2.stream_buffer/g_buffer.data_out_r_reg[2]/Q (DFF_X1)
                                                          0.36       0.36 r
  m_axi_arid[0][3] (out)                                  0.01       0.37 r
  data arrival time                                                  0.37

  clock CLK (rise edge)                                   4.00       4.00
  clock network delay (ideal)                             0.00       4.00
  clock uncertainty                                      -0.25       3.75
  output external delay                                  -1.20       2.55
  data required time                                                 2.55
  --------------------------------------------------------------------------
  data required time                                                 2.55
  data arrival time                                                 -0.37
  --------------------------------------------------------------------------
  slack (MET)                                                        2.18


  Startpoint: vortex/g_clusters[0].cluster/g_sockets[0].socket/mem_arb/req_arb/g_input_select.g_arbiter.g_out_buf[0].out_buf/g_eb2.stream_buffer/g_buffer.data_out_r_reg[1]
              (rising edge-triggered flip-flop clocked by CLK)
  Endpoint: m_axi_arid[0][2]
            (output port clocked by CLK)
  Path Group: REGOUT
  Path Type: max

  Des/Clust/Port     Wire Load Model       Library
  ------------------------------------------------
  Vortex_axi         5K_hvratio_1_1        NangateOpenCellLibrary_ss0p95v125c

  Point                                                   Incr       Path
  --------------------------------------------------------------------------
  clock CLK (rise edge)                                   0.00       0.00
  clock network delay (ideal)                             0.00       0.00
  vortex/g_clusters[0].cluster/g_sockets[0].socket/mem_arb/req_arb/g_input_select.g_arbiter.g_out_buf[0].out_buf/g_eb2.stream_buffer/g_buffer.data_out_r_reg[1]/CK (DFF_X1)
                                                          0.00 #     0.00 r
  vortex/g_clusters[0].cluster/g_sockets[0].socket/mem_arb/req_arb/g_input_select.g_arbiter.g_out_buf[0].out_buf/g_eb2.stream_buffer/g_buffer.data_out_r_reg[1]/Q (DFF_X1)
                                                          0.36       0.36 r
  m_axi_arid[0][2] (out)                                  0.01       0.37 r
  data arrival time                                                  0.37

  clock CLK (rise edge)                                   4.00       4.00
  clock network delay (ideal)                             0.00       4.00
  clock uncertainty                                      -0.25       3.75
  output external delay                                  -1.20       2.55
  data required time                                                 2.55
  --------------------------------------------------------------------------
  data required time                                                 2.55
  data arrival time                                                 -0.37
  --------------------------------------------------------------------------
  slack (MET)                                                        2.18


  Startpoint: vortex/g_clusters[0].cluster/g_sockets[0].socket/mem_arb/req_arb/g_input_select.g_arbiter.g_out_buf[0].out_buf/g_eb2.stream_buffer/g_buffer.data_out_r_reg[0]
              (rising edge-triggered flip-flop clocked by CLK)
  Endpoint: m_axi_arid[0][1]
            (output port clocked by CLK)
  Path Group: REGOUT
  Path Type: max

  Des/Clust/Port     Wire Load Model       Library
  ------------------------------------------------
  Vortex_axi         5K_hvratio_1_1        NangateOpenCellLibrary_ss0p95v125c

  Point                                                   Incr       Path
  --------------------------------------------------------------------------
  clock CLK (rise edge)                                   0.00       0.00
  clock network delay (ideal)                             0.00       0.00
  vortex/g_clusters[0].cluster/g_sockets[0].socket/mem_arb/req_arb/g_input_select.g_arbiter.g_out_buf[0].out_buf/g_eb2.stream_buffer/g_buffer.data_out_r_reg[0]/CK (DFF_X1)
                                                          0.00 #     0.00 r
  vortex/g_clusters[0].cluster/g_sockets[0].socket/mem_arb/req_arb/g_input_select.g_arbiter.g_out_buf[0].out_buf/g_eb2.stream_buffer/g_buffer.data_out_r_reg[0]/Q (DFF_X1)
                                                          0.36       0.36 r
  m_axi_arid[0][1] (out)                                  0.01       0.37 r
  data arrival time                                                  0.37

  clock CLK (rise edge)                                   4.00       4.00
  clock network delay (ideal)                             0.00       4.00
  clock uncertainty                                      -0.25       3.75
  output external delay                                  -1.20       2.55
  data required time                                                 2.55
  --------------------------------------------------------------------------
  data required time                                                 2.55
  data arrival time                                                 -0.37
  --------------------------------------------------------------------------
  slack (MET)                                                        2.18


  Startpoint: vortex/g_clusters[0].cluster/g_sockets[0].socket/mem_arb/req_arb/g_input_select.g_arbiter.g_out_buf[0].out_buf/g_eb2.stream_buffer/g_buffer.data_out_r_reg[612]
              (rising edge-triggered flip-flop clocked by CLK)
  Endpoint: m_axi_arid[0][0]
            (output port clocked by CLK)
  Path Group: REGOUT
  Path Type: max

  Des/Clust/Port     Wire Load Model       Library
  ------------------------------------------------
  Vortex_axi         5K_hvratio_1_1        NangateOpenCellLibrary_ss0p95v125c

  Point                                                   Incr       Path
  --------------------------------------------------------------------------
  clock CLK (rise edge)                                   0.00       0.00
  clock network delay (ideal)                             0.00       0.00
  vortex/g_clusters[0].cluster/g_sockets[0].socket/mem_arb/req_arb/g_input_select.g_arbiter.g_out_buf[0].out_buf/g_eb2.stream_buffer/g_buffer.data_out_r_reg[612]/CK (DFF_X1)
                                                          0.00 #     0.00 r
  vortex/g_clusters[0].cluster/g_sockets[0].socket/mem_arb/req_arb/g_input_select.g_arbiter.g_out_buf[0].out_buf/g_eb2.stream_buffer/g_buffer.data_out_r_reg[612]/Q (DFF_X1)
                                                          0.36       0.36 r
  m_axi_arid[0][0] (out)                                  0.01       0.37 r
  data arrival time                                                  0.37

  clock CLK (rise edge)                                   4.00       4.00
  clock network delay (ideal)                             0.00       4.00
  clock uncertainty                                      -0.25       3.75
  output external delay                                  -1.20       2.55
  data required time                                                 2.55
  --------------------------------------------------------------------------
  data required time                                                 2.55
  data arrival time                                                 -0.37
  --------------------------------------------------------------------------
  slack (MET)                                                        2.18


  Startpoint: vortex/g_clusters[0].cluster/g_sockets[0].socket/mem_arb/req_arb/g_input_select.g_arbiter.g_out_buf[0].out_buf/g_eb2.stream_buffer/g_buffer.data_out_r_reg[101]
              (rising edge-triggered flip-flop clocked by CLK)
  Endpoint: m_axi_wdata[0][28]
            (output port clocked by CLK)
  Path Group: REGOUT
  Path Type: max

  Des/Clust/Port     Wire Load Model       Library
  ------------------------------------------------
  Vortex_axi         5K_hvratio_1_1        NangateOpenCellLibrary_ss0p95v125c

  Point                                                   Incr       Path
  --------------------------------------------------------------------------
  clock CLK (rise edge)                                   0.00       0.00
  clock network delay (ideal)                             0.00       0.00
  vortex/g_clusters[0].cluster/g_sockets[0].socket/mem_arb/req_arb/g_input_select.g_arbiter.g_out_buf[0].out_buf/g_eb2.stream_buffer/g_buffer.data_out_r_reg[101]/CK (DFF_X1)
                                                          0.00 #     0.00 r
  vortex/g_clusters[0].cluster/g_sockets[0].socket/mem_arb/req_arb/g_input_select.g_arbiter.g_out_buf[0].out_buf/g_eb2.stream_buffer/g_buffer.data_out_r_reg[101]/Q (DFF_X1)
                                                          0.36       0.36 r
  m_axi_wdata[0][28] (out)                                0.01       0.36 r
  data arrival time                                                  0.36

  clock CLK (rise edge)                                   4.00       4.00
  clock network delay (ideal)                             0.00       4.00
  clock uncertainty                                      -0.25       3.75
  output external delay                                  -1.20       2.55
  data required time                                                 2.55
  --------------------------------------------------------------------------
  data required time                                                 2.55
  data arrival time                                                 -0.36
  --------------------------------------------------------------------------
  slack (MET)                                                        2.19


  Startpoint: vortex/g_clusters[0].cluster/g_sockets[0].socket/mem_arb/req_arb/g_input_select.g_arbiter.g_out_buf[0].out_buf/g_eb2.stream_buffer/g_buffer.data_out_r_reg[100]
              (rising edge-triggered flip-flop clocked by CLK)
  Endpoint: m_axi_wdata[0][27]
            (output port clocked by CLK)
  Path Group: REGOUT
  Path Type: max

  Des/Clust/Port     Wire Load Model       Library
  ------------------------------------------------
  Vortex_axi         5K_hvratio_1_1        NangateOpenCellLibrary_ss0p95v125c

  Point                                                   Incr       Path
  --------------------------------------------------------------------------
  clock CLK (rise edge)                                   0.00       0.00
  clock network delay (ideal)                             0.00       0.00
  vortex/g_clusters[0].cluster/g_sockets[0].socket/mem_arb/req_arb/g_input_select.g_arbiter.g_out_buf[0].out_buf/g_eb2.stream_buffer/g_buffer.data_out_r_reg[100]/CK (DFF_X1)
                                                          0.00 #     0.00 r
  vortex/g_clusters[0].cluster/g_sockets[0].socket/mem_arb/req_arb/g_input_select.g_arbiter.g_out_buf[0].out_buf/g_eb2.stream_buffer/g_buffer.data_out_r_reg[100]/Q (DFF_X1)
                                                          0.36       0.36 r
  m_axi_wdata[0][27] (out)                                0.01       0.36 r
  data arrival time                                                  0.36

  clock CLK (rise edge)                                   4.00       4.00
  clock network delay (ideal)                             0.00       4.00
  clock uncertainty                                      -0.25       3.75
  output external delay                                  -1.20       2.55
  data required time                                                 2.55
  --------------------------------------------------------------------------
  data required time                                                 2.55
  data arrival time                                                 -0.36
  --------------------------------------------------------------------------
  slack (MET)                                                        2.19


  Startpoint: vortex/g_clusters[0].cluster/g_sockets[0].socket/mem_arb/req_arb/g_input_select.g_arbiter.g_out_buf[0].out_buf/g_eb2.stream_buffer/g_buffer.data_out_r_reg[99]
              (rising edge-triggered flip-flop clocked by CLK)
  Endpoint: m_axi_wdata[0][26]
            (output port clocked by CLK)
  Path Group: REGOUT
  Path Type: max

  Des/Clust/Port     Wire Load Model       Library
  ------------------------------------------------
  Vortex_axi         5K_hvratio_1_1        NangateOpenCellLibrary_ss0p95v125c

  Point                                                   Incr       Path
  --------------------------------------------------------------------------
  clock CLK (rise edge)                                   0.00       0.00
  clock network delay (ideal)                             0.00       0.00
  vortex/g_clusters[0].cluster/g_sockets[0].socket/mem_arb/req_arb/g_input_select.g_arbiter.g_out_buf[0].out_buf/g_eb2.stream_buffer/g_buffer.data_out_r_reg[99]/CK (DFF_X1)
                                                          0.00 #     0.00 r
  vortex/g_clusters[0].cluster/g_sockets[0].socket/mem_arb/req_arb/g_input_select.g_arbiter.g_out_buf[0].out_buf/g_eb2.stream_buffer/g_buffer.data_out_r_reg[99]/Q (DFF_X1)
                                                          0.36       0.36 r
  m_axi_wdata[0][26] (out)                                0.01       0.36 r
  data arrival time                                                  0.36

  clock CLK (rise edge)                                   4.00       4.00
  clock network delay (ideal)                             0.00       4.00
  clock uncertainty                                      -0.25       3.75
  output external delay                                  -1.20       2.55
  data required time                                                 2.55
  --------------------------------------------------------------------------
  data required time                                                 2.55
  data arrival time                                                 -0.36
  --------------------------------------------------------------------------
  slack (MET)                                                        2.19


  Startpoint: vortex/g_clusters[0].cluster/g_sockets[0].socket/mem_arb/req_arb/g_input_select.g_arbiter.g_out_buf[0].out_buf/g_eb2.stream_buffer/g_buffer.data_out_r_reg[98]
              (rising edge-triggered flip-flop clocked by CLK)
  Endpoint: m_axi_wdata[0][25]
            (output port clocked by CLK)
  Path Group: REGOUT
  Path Type: max

  Des/Clust/Port     Wire Load Model       Library
  ------------------------------------------------
  Vortex_axi         5K_hvratio_1_1        NangateOpenCellLibrary_ss0p95v125c

  Point                                                   Incr       Path
  --------------------------------------------------------------------------
  clock CLK (rise edge)                                   0.00       0.00
  clock network delay (ideal)                             0.00       0.00
  vortex/g_clusters[0].cluster/g_sockets[0].socket/mem_arb/req_arb/g_input_select.g_arbiter.g_out_buf[0].out_buf/g_eb2.stream_buffer/g_buffer.data_out_r_reg[98]/CK (DFF_X1)
                                                          0.00 #     0.00 r
  vortex/g_clusters[0].cluster/g_sockets[0].socket/mem_arb/req_arb/g_input_select.g_arbiter.g_out_buf[0].out_buf/g_eb2.stream_buffer/g_buffer.data_out_r_reg[98]/Q (DFF_X1)
                                                          0.36       0.36 r
  m_axi_wdata[0][25] (out)                                0.01       0.36 r
  data arrival time                                                  0.36

  clock CLK (rise edge)                                   4.00       4.00
  clock network delay (ideal)                             0.00       4.00
  clock uncertainty                                      -0.25       3.75
  output external delay                                  -1.20       2.55
  data required time                                                 2.55
  --------------------------------------------------------------------------
  data required time                                                 2.55
  data arrival time                                                 -0.36
  --------------------------------------------------------------------------
  slack (MET)                                                        2.19


  Startpoint: vortex/g_clusters[0].cluster/g_sockets[0].socket/mem_arb/req_arb/g_input_select.g_arbiter.g_out_buf[0].out_buf/g_eb2.stream_buffer/g_buffer.data_out_r_reg[97]
              (rising edge-triggered flip-flop clocked by CLK)
  Endpoint: m_axi_wdata[0][24]
            (output port clocked by CLK)
  Path Group: REGOUT
  Path Type: max

  Des/Clust/Port     Wire Load Model       Library
  ------------------------------------------------
  Vortex_axi         5K_hvratio_1_1        NangateOpenCellLibrary_ss0p95v125c

  Point                                                   Incr       Path
  --------------------------------------------------------------------------
  clock CLK (rise edge)                                   0.00       0.00
  clock network delay (ideal)                             0.00       0.00
  vortex/g_clusters[0].cluster/g_sockets[0].socket/mem_arb/req_arb/g_input_select.g_arbiter.g_out_buf[0].out_buf/g_eb2.stream_buffer/g_buffer.data_out_r_reg[97]/CK (DFF_X1)
                                                          0.00 #     0.00 r
  vortex/g_clusters[0].cluster/g_sockets[0].socket/mem_arb/req_arb/g_input_select.g_arbiter.g_out_buf[0].out_buf/g_eb2.stream_buffer/g_buffer.data_out_r_reg[97]/Q (DFF_X1)
                                                          0.36       0.36 r
  m_axi_wdata[0][24] (out)                                0.01       0.36 r
  data arrival time                                                  0.36

  clock CLK (rise edge)                                   4.00       4.00
  clock network delay (ideal)                             0.00       4.00
  clock uncertainty                                      -0.25       3.75
  output external delay                                  -1.20       2.55
  data required time                                                 2.55
  --------------------------------------------------------------------------
  data required time                                                 2.55
  data arrival time                                                 -0.36
  --------------------------------------------------------------------------
  slack (MET)                                                        2.19


  Startpoint: vortex/g_clusters[0].cluster/g_sockets[0].socket/mem_arb/req_arb/g_input_select.g_arbiter.g_out_buf[0].out_buf/g_eb2.stream_buffer/g_buffer.data_out_r_reg[96]
              (rising edge-triggered flip-flop clocked by CLK)
  Endpoint: m_axi_wdata[0][23]
            (output port clocked by CLK)
  Path Group: REGOUT
  Path Type: max

  Des/Clust/Port     Wire Load Model       Library
  ------------------------------------------------
  Vortex_axi         5K_hvratio_1_1        NangateOpenCellLibrary_ss0p95v125c

  Point                                                   Incr       Path
  --------------------------------------------------------------------------
  clock CLK (rise edge)                                   0.00       0.00
  clock network delay (ideal)                             0.00       0.00
  vortex/g_clusters[0].cluster/g_sockets[0].socket/mem_arb/req_arb/g_input_select.g_arbiter.g_out_buf[0].out_buf/g_eb2.stream_buffer/g_buffer.data_out_r_reg[96]/CK (DFF_X1)
                                                          0.00 #     0.00 r
  vortex/g_clusters[0].cluster/g_sockets[0].socket/mem_arb/req_arb/g_input_select.g_arbiter.g_out_buf[0].out_buf/g_eb2.stream_buffer/g_buffer.data_out_r_reg[96]/Q (DFF_X1)
                                                          0.36       0.36 r
  m_axi_wdata[0][23] (out)                                0.01       0.36 r
  data arrival time                                                  0.36

  clock CLK (rise edge)                                   4.00       4.00
  clock network delay (ideal)                             0.00       4.00
  clock uncertainty                                      -0.25       3.75
  output external delay                                  -1.20       2.55
  data required time                                                 2.55
  --------------------------------------------------------------------------
  data required time                                                 2.55
  data arrival time                                                 -0.36
  --------------------------------------------------------------------------
  slack (MET)                                                        2.19


  Startpoint: vortex/g_clusters[0].cluster/g_sockets[0].socket/mem_arb/req_arb/g_input_select.g_arbiter.g_out_buf[0].out_buf/g_eb2.stream_buffer/g_buffer.data_out_r_reg[95]
              (rising edge-triggered flip-flop clocked by CLK)
  Endpoint: m_axi_wdata[0][22]
            (output port clocked by CLK)
  Path Group: REGOUT
  Path Type: max

  Des/Clust/Port     Wire Load Model       Library
  ------------------------------------------------
  Vortex_axi         5K_hvratio_1_1        NangateOpenCellLibrary_ss0p95v125c

  Point                                                   Incr       Path
  --------------------------------------------------------------------------
  clock CLK (rise edge)                                   0.00       0.00
  clock network delay (ideal)                             0.00       0.00
  vortex/g_clusters[0].cluster/g_sockets[0].socket/mem_arb/req_arb/g_input_select.g_arbiter.g_out_buf[0].out_buf/g_eb2.stream_buffer/g_buffer.data_out_r_reg[95]/CK (DFF_X1)
                                                          0.00 #     0.00 r
  vortex/g_clusters[0].cluster/g_sockets[0].socket/mem_arb/req_arb/g_input_select.g_arbiter.g_out_buf[0].out_buf/g_eb2.stream_buffer/g_buffer.data_out_r_reg[95]/Q (DFF_X1)
                                                          0.36       0.36 r
  m_axi_wdata[0][22] (out)                                0.01       0.36 r
  data arrival time                                                  0.36

  clock CLK (rise edge)                                   4.00       4.00
  clock network delay (ideal)                             0.00       4.00
  clock uncertainty                                      -0.25       3.75
  output external delay                                  -1.20       2.55
  data required time                                                 2.55
  --------------------------------------------------------------------------
  data required time                                                 2.55
  data arrival time                                                 -0.36
  --------------------------------------------------------------------------
  slack (MET)                                                        2.19


  Startpoint: vortex/g_clusters[0].cluster/g_sockets[0].socket/mem_arb/req_arb/g_input_select.g_arbiter.g_out_buf[0].out_buf/g_eb2.stream_buffer/g_buffer.data_out_r_reg[94]
              (rising edge-triggered flip-flop clocked by CLK)
  Endpoint: m_axi_wdata[0][21]
            (output port clocked by CLK)
  Path Group: REGOUT
  Path Type: max

  Des/Clust/Port     Wire Load Model       Library
  ------------------------------------------------
  Vortex_axi         5K_hvratio_1_1        NangateOpenCellLibrary_ss0p95v125c

  Point                                                   Incr       Path
  --------------------------------------------------------------------------
  clock CLK (rise edge)                                   0.00       0.00
  clock network delay (ideal)                             0.00       0.00
  vortex/g_clusters[0].cluster/g_sockets[0].socket/mem_arb/req_arb/g_input_select.g_arbiter.g_out_buf[0].out_buf/g_eb2.stream_buffer/g_buffer.data_out_r_reg[94]/CK (DFF_X1)
                                                          0.00 #     0.00 r
  vortex/g_clusters[0].cluster/g_sockets[0].socket/mem_arb/req_arb/g_input_select.g_arbiter.g_out_buf[0].out_buf/g_eb2.stream_buffer/g_buffer.data_out_r_reg[94]/Q (DFF_X1)
                                                          0.36       0.36 r
  m_axi_wdata[0][21] (out)                                0.01       0.36 r
  data arrival time                                                  0.36

  clock CLK (rise edge)                                   4.00       4.00
  clock network delay (ideal)                             0.00       4.00
  clock uncertainty                                      -0.25       3.75
  output external delay                                  -1.20       2.55
  data required time                                                 2.55
  --------------------------------------------------------------------------
  data required time                                                 2.55
  data arrival time                                                 -0.36
  --------------------------------------------------------------------------
  slack (MET)                                                        2.19


  Startpoint: vortex/g_clusters[0].cluster/g_sockets[0].socket/mem_arb/req_arb/g_input_select.g_arbiter.g_out_buf[0].out_buf/g_eb2.stream_buffer/g_buffer.data_out_r_reg[93]
              (rising edge-triggered flip-flop clocked by CLK)
  Endpoint: m_axi_wdata[0][20]
            (output port clocked by CLK)
  Path Group: REGOUT
  Path Type: max

  Des/Clust/Port     Wire Load Model       Library
  ------------------------------------------------
  Vortex_axi         5K_hvratio_1_1        NangateOpenCellLibrary_ss0p95v125c

  Point                                                   Incr       Path
  --------------------------------------------------------------------------
  clock CLK (rise edge)                                   0.00       0.00
  clock network delay (ideal)                             0.00       0.00
  vortex/g_clusters[0].cluster/g_sockets[0].socket/mem_arb/req_arb/g_input_select.g_arbiter.g_out_buf[0].out_buf/g_eb2.stream_buffer/g_buffer.data_out_r_reg[93]/CK (DFF_X1)
                                                          0.00 #     0.00 r
  vortex/g_clusters[0].cluster/g_sockets[0].socket/mem_arb/req_arb/g_input_select.g_arbiter.g_out_buf[0].out_buf/g_eb2.stream_buffer/g_buffer.data_out_r_reg[93]/Q (DFF_X1)
                                                          0.36       0.36 r
  m_axi_wdata[0][20] (out)                                0.01       0.36 r
  data arrival time                                                  0.36

  clock CLK (rise edge)                                   4.00       4.00
  clock network delay (ideal)                             0.00       4.00
  clock uncertainty                                      -0.25       3.75
  output external delay                                  -1.20       2.55
  data required time                                                 2.55
  --------------------------------------------------------------------------
  data required time                                                 2.55
  data arrival time                                                 -0.36
  --------------------------------------------------------------------------
  slack (MET)                                                        2.19


  Startpoint: vortex/g_clusters[0].cluster/g_sockets[0].socket/mem_arb/req_arb/g_input_select.g_arbiter.g_out_buf[0].out_buf/g_eb2.stream_buffer/g_buffer.data_out_r_reg[92]
              (rising edge-triggered flip-flop clocked by CLK)
  Endpoint: m_axi_wdata[0][19]
            (output port clocked by CLK)
  Path Group: REGOUT
  Path Type: max

  Des/Clust/Port     Wire Load Model       Library
  ------------------------------------------------
  Vortex_axi         5K_hvratio_1_1        NangateOpenCellLibrary_ss0p95v125c

  Point                                                   Incr       Path
  --------------------------------------------------------------------------
  clock CLK (rise edge)                                   0.00       0.00
  clock network delay (ideal)                             0.00       0.00
  vortex/g_clusters[0].cluster/g_sockets[0].socket/mem_arb/req_arb/g_input_select.g_arbiter.g_out_buf[0].out_buf/g_eb2.stream_buffer/g_buffer.data_out_r_reg[92]/CK (DFF_X1)
                                                          0.00 #     0.00 r
  vortex/g_clusters[0].cluster/g_sockets[0].socket/mem_arb/req_arb/g_input_select.g_arbiter.g_out_buf[0].out_buf/g_eb2.stream_buffer/g_buffer.data_out_r_reg[92]/Q (DFF_X1)
                                                          0.36       0.36 r
  m_axi_wdata[0][19] (out)                                0.01       0.36 r
  data arrival time                                                  0.36

  clock CLK (rise edge)                                   4.00       4.00
  clock network delay (ideal)                             0.00       4.00
  clock uncertainty                                      -0.25       3.75
  output external delay                                  -1.20       2.55
  data required time                                                 2.55
  --------------------------------------------------------------------------
  data required time                                                 2.55
  data arrival time                                                 -0.36
  --------------------------------------------------------------------------
  slack (MET)                                                        2.19


  Startpoint: vortex/g_clusters[0].cluster/g_sockets[0].socket/mem_arb/req_arb/g_input_select.g_arbiter.g_out_buf[0].out_buf/g_eb2.stream_buffer/g_buffer.data_out_r_reg[91]
              (rising edge-triggered flip-flop clocked by CLK)
  Endpoint: m_axi_wdata[0][18]
            (output port clocked by CLK)
  Path Group: REGOUT
  Path Type: max

  Des/Clust/Port     Wire Load Model       Library
  ------------------------------------------------
  Vortex_axi         5K_hvratio_1_1        NangateOpenCellLibrary_ss0p95v125c

  Point                                                   Incr       Path
  --------------------------------------------------------------------------
  clock CLK (rise edge)                                   0.00       0.00
  clock network delay (ideal)                             0.00       0.00
  vortex/g_clusters[0].cluster/g_sockets[0].socket/mem_arb/req_arb/g_input_select.g_arbiter.g_out_buf[0].out_buf/g_eb2.stream_buffer/g_buffer.data_out_r_reg[91]/CK (DFF_X1)
                                                          0.00 #     0.00 r
  vortex/g_clusters[0].cluster/g_sockets[0].socket/mem_arb/req_arb/g_input_select.g_arbiter.g_out_buf[0].out_buf/g_eb2.stream_buffer/g_buffer.data_out_r_reg[91]/Q (DFF_X1)
                                                          0.36       0.36 r
  m_axi_wdata[0][18] (out)                                0.01       0.36 r
  data arrival time                                                  0.36

  clock CLK (rise edge)                                   4.00       4.00
  clock network delay (ideal)                             0.00       4.00
  clock uncertainty                                      -0.25       3.75
  output external delay                                  -1.20       2.55
  data required time                                                 2.55
  --------------------------------------------------------------------------
  data required time                                                 2.55
  data arrival time                                                 -0.36
  --------------------------------------------------------------------------
  slack (MET)                                                        2.19


  Startpoint: vortex/g_clusters[0].cluster/g_sockets[0].socket/mem_arb/req_arb/g_input_select.g_arbiter.g_out_buf[0].out_buf/g_eb2.stream_buffer/g_buffer.data_out_r_reg[90]
              (rising edge-triggered flip-flop clocked by CLK)
  Endpoint: m_axi_wdata[0][17]
            (output port clocked by CLK)
  Path Group: REGOUT
  Path Type: max

  Des/Clust/Port     Wire Load Model       Library
  ------------------------------------------------
  Vortex_axi         5K_hvratio_1_1        NangateOpenCellLibrary_ss0p95v125c

  Point                                                   Incr       Path
  --------------------------------------------------------------------------
  clock CLK (rise edge)                                   0.00       0.00
  clock network delay (ideal)                             0.00       0.00
  vortex/g_clusters[0].cluster/g_sockets[0].socket/mem_arb/req_arb/g_input_select.g_arbiter.g_out_buf[0].out_buf/g_eb2.stream_buffer/g_buffer.data_out_r_reg[90]/CK (DFF_X1)
                                                          0.00 #     0.00 r
  vortex/g_clusters[0].cluster/g_sockets[0].socket/mem_arb/req_arb/g_input_select.g_arbiter.g_out_buf[0].out_buf/g_eb2.stream_buffer/g_buffer.data_out_r_reg[90]/Q (DFF_X1)
                                                          0.36       0.36 r
  m_axi_wdata[0][17] (out)                                0.01       0.36 r
  data arrival time                                                  0.36

  clock CLK (rise edge)                                   4.00       4.00
  clock network delay (ideal)                             0.00       4.00
  clock uncertainty                                      -0.25       3.75
  output external delay                                  -1.20       2.55
  data required time                                                 2.55
  --------------------------------------------------------------------------
  data required time                                                 2.55
  data arrival time                                                 -0.36
  --------------------------------------------------------------------------
  slack (MET)                                                        2.19


  Startpoint: vortex/g_clusters[0].cluster/g_sockets[0].socket/mem_arb/req_arb/g_input_select.g_arbiter.g_out_buf[0].out_buf/g_eb2.stream_buffer/g_buffer.data_out_r_reg[89]
              (rising edge-triggered flip-flop clocked by CLK)
  Endpoint: m_axi_wdata[0][16]
            (output port clocked by CLK)
  Path Group: REGOUT
  Path Type: max

  Des/Clust/Port     Wire Load Model       Library
  ------------------------------------------------
  Vortex_axi         5K_hvratio_1_1        NangateOpenCellLibrary_ss0p95v125c

  Point                                                   Incr       Path
  --------------------------------------------------------------------------
  clock CLK (rise edge)                                   0.00       0.00
  clock network delay (ideal)                             0.00       0.00
  vortex/g_clusters[0].cluster/g_sockets[0].socket/mem_arb/req_arb/g_input_select.g_arbiter.g_out_buf[0].out_buf/g_eb2.stream_buffer/g_buffer.data_out_r_reg[89]/CK (DFF_X1)
                                                          0.00 #     0.00 r
  vortex/g_clusters[0].cluster/g_sockets[0].socket/mem_arb/req_arb/g_input_select.g_arbiter.g_out_buf[0].out_buf/g_eb2.stream_buffer/g_buffer.data_out_r_reg[89]/Q (DFF_X1)
                                                          0.36       0.36 r
  m_axi_wdata[0][16] (out)                                0.01       0.36 r
  data arrival time                                                  0.36

  clock CLK (rise edge)                                   4.00       4.00
  clock network delay (ideal)                             0.00       4.00
  clock uncertainty                                      -0.25       3.75
  output external delay                                  -1.20       2.55
  data required time                                                 2.55
  --------------------------------------------------------------------------
  data required time                                                 2.55
  data arrival time                                                 -0.36
  --------------------------------------------------------------------------
  slack (MET)                                                        2.19


  Startpoint: vortex/g_clusters[0].cluster/g_sockets[0].socket/mem_arb/req_arb/g_input_select.g_arbiter.g_out_buf[0].out_buf/g_eb2.stream_buffer/g_buffer.data_out_r_reg[88]
              (rising edge-triggered flip-flop clocked by CLK)
  Endpoint: m_axi_wdata[0][15]
            (output port clocked by CLK)
  Path Group: REGOUT
  Path Type: max

  Des/Clust/Port     Wire Load Model       Library
  ------------------------------------------------
  Vortex_axi         5K_hvratio_1_1        NangateOpenCellLibrary_ss0p95v125c

  Point                                                   Incr       Path
  --------------------------------------------------------------------------
  clock CLK (rise edge)                                   0.00       0.00
  clock network delay (ideal)                             0.00       0.00
  vortex/g_clusters[0].cluster/g_sockets[0].socket/mem_arb/req_arb/g_input_select.g_arbiter.g_out_buf[0].out_buf/g_eb2.stream_buffer/g_buffer.data_out_r_reg[88]/CK (DFF_X1)
                                                          0.00 #     0.00 r
  vortex/g_clusters[0].cluster/g_sockets[0].socket/mem_arb/req_arb/g_input_select.g_arbiter.g_out_buf[0].out_buf/g_eb2.stream_buffer/g_buffer.data_out_r_reg[88]/Q (DFF_X1)
                                                          0.36       0.36 r
  m_axi_wdata[0][15] (out)                                0.01       0.36 r
  data arrival time                                                  0.36

  clock CLK (rise edge)                                   4.00       4.00
  clock network delay (ideal)                             0.00       4.00
  clock uncertainty                                      -0.25       3.75
  output external delay                                  -1.20       2.55
  data required time                                                 2.55
  --------------------------------------------------------------------------
  data required time                                                 2.55
  data arrival time                                                 -0.36
  --------------------------------------------------------------------------
  slack (MET)                                                        2.19


  Startpoint: vortex/g_clusters[0].cluster/g_sockets[0].socket/mem_arb/req_arb/g_input_select.g_arbiter.g_out_buf[0].out_buf/g_eb2.stream_buffer/g_buffer.data_out_r_reg[87]
              (rising edge-triggered flip-flop clocked by CLK)
  Endpoint: m_axi_wdata[0][14]
            (output port clocked by CLK)
  Path Group: REGOUT
  Path Type: max

  Des/Clust/Port     Wire Load Model       Library
  ------------------------------------------------
  Vortex_axi         5K_hvratio_1_1        NangateOpenCellLibrary_ss0p95v125c

  Point                                                   Incr       Path
  --------------------------------------------------------------------------
  clock CLK (rise edge)                                   0.00       0.00
  clock network delay (ideal)                             0.00       0.00
  vortex/g_clusters[0].cluster/g_sockets[0].socket/mem_arb/req_arb/g_input_select.g_arbiter.g_out_buf[0].out_buf/g_eb2.stream_buffer/g_buffer.data_out_r_reg[87]/CK (DFF_X1)
                                                          0.00 #     0.00 r
  vortex/g_clusters[0].cluster/g_sockets[0].socket/mem_arb/req_arb/g_input_select.g_arbiter.g_out_buf[0].out_buf/g_eb2.stream_buffer/g_buffer.data_out_r_reg[87]/Q (DFF_X1)
                                                          0.36       0.36 r
  m_axi_wdata[0][14] (out)                                0.01       0.36 r
  data arrival time                                                  0.36

  clock CLK (rise edge)                                   4.00       4.00
  clock network delay (ideal)                             0.00       4.00
  clock uncertainty                                      -0.25       3.75
  output external delay                                  -1.20       2.55
  data required time                                                 2.55
  --------------------------------------------------------------------------
  data required time                                                 2.55
  data arrival time                                                 -0.36
  --------------------------------------------------------------------------
  slack (MET)                                                        2.19


  Startpoint: vortex/g_clusters[0].cluster/g_sockets[0].socket/mem_arb/req_arb/g_input_select.g_arbiter.g_out_buf[0].out_buf/g_eb2.stream_buffer/g_buffer.data_out_r_reg[86]
              (rising edge-triggered flip-flop clocked by CLK)
  Endpoint: m_axi_wdata[0][13]
            (output port clocked by CLK)
  Path Group: REGOUT
  Path Type: max

  Des/Clust/Port     Wire Load Model       Library
  ------------------------------------------------
  Vortex_axi         5K_hvratio_1_1        NangateOpenCellLibrary_ss0p95v125c

  Point                                                   Incr       Path
  --------------------------------------------------------------------------
  clock CLK (rise edge)                                   0.00       0.00
  clock network delay (ideal)                             0.00       0.00
  vortex/g_clusters[0].cluster/g_sockets[0].socket/mem_arb/req_arb/g_input_select.g_arbiter.g_out_buf[0].out_buf/g_eb2.stream_buffer/g_buffer.data_out_r_reg[86]/CK (DFF_X1)
                                                          0.00 #     0.00 r
  vortex/g_clusters[0].cluster/g_sockets[0].socket/mem_arb/req_arb/g_input_select.g_arbiter.g_out_buf[0].out_buf/g_eb2.stream_buffer/g_buffer.data_out_r_reg[86]/Q (DFF_X1)
                                                          0.36       0.36 r
  m_axi_wdata[0][13] (out)                                0.01       0.36 r
  data arrival time                                                  0.36

  clock CLK (rise edge)                                   4.00       4.00
  clock network delay (ideal)                             0.00       4.00
  clock uncertainty                                      -0.25       3.75
  output external delay                                  -1.20       2.55
  data required time                                                 2.55
  --------------------------------------------------------------------------
  data required time                                                 2.55
  data arrival time                                                 -0.36
  --------------------------------------------------------------------------
  slack (MET)                                                        2.19


  Startpoint: vortex/g_clusters[0].cluster/g_sockets[0].socket/mem_arb/req_arb/g_input_select.g_arbiter.g_out_buf[0].out_buf/g_eb2.stream_buffer/g_buffer.data_out_r_reg[85]
              (rising edge-triggered flip-flop clocked by CLK)
  Endpoint: m_axi_wdata[0][12]
            (output port clocked by CLK)
  Path Group: REGOUT
  Path Type: max

  Des/Clust/Port     Wire Load Model       Library
  ------------------------------------------------
  Vortex_axi         5K_hvratio_1_1        NangateOpenCellLibrary_ss0p95v125c

  Point                                                   Incr       Path
  --------------------------------------------------------------------------
  clock CLK (rise edge)                                   0.00       0.00
  clock network delay (ideal)                             0.00       0.00
  vortex/g_clusters[0].cluster/g_sockets[0].socket/mem_arb/req_arb/g_input_select.g_arbiter.g_out_buf[0].out_buf/g_eb2.stream_buffer/g_buffer.data_out_r_reg[85]/CK (DFF_X1)
                                                          0.00 #     0.00 r
  vortex/g_clusters[0].cluster/g_sockets[0].socket/mem_arb/req_arb/g_input_select.g_arbiter.g_out_buf[0].out_buf/g_eb2.stream_buffer/g_buffer.data_out_r_reg[85]/Q (DFF_X1)
                                                          0.36       0.36 r
  m_axi_wdata[0][12] (out)                                0.01       0.36 r
  data arrival time                                                  0.36

  clock CLK (rise edge)                                   4.00       4.00
  clock network delay (ideal)                             0.00       4.00
  clock uncertainty                                      -0.25       3.75
  output external delay                                  -1.20       2.55
  data required time                                                 2.55
  --------------------------------------------------------------------------
  data required time                                                 2.55
  data arrival time                                                 -0.36
  --------------------------------------------------------------------------
  slack (MET)                                                        2.19


  Startpoint: vortex/g_clusters[0].cluster/g_sockets[0].socket/mem_arb/req_arb/g_input_select.g_arbiter.g_out_buf[0].out_buf/g_eb2.stream_buffer/g_buffer.data_out_r_reg[84]
              (rising edge-triggered flip-flop clocked by CLK)
  Endpoint: m_axi_wdata[0][11]
            (output port clocked by CLK)
  Path Group: REGOUT
  Path Type: max

  Des/Clust/Port     Wire Load Model       Library
  ------------------------------------------------
  Vortex_axi         5K_hvratio_1_1        NangateOpenCellLibrary_ss0p95v125c

  Point                                                   Incr       Path
  --------------------------------------------------------------------------
  clock CLK (rise edge)                                   0.00       0.00
  clock network delay (ideal)                             0.00       0.00
  vortex/g_clusters[0].cluster/g_sockets[0].socket/mem_arb/req_arb/g_input_select.g_arbiter.g_out_buf[0].out_buf/g_eb2.stream_buffer/g_buffer.data_out_r_reg[84]/CK (DFF_X1)
                                                          0.00 #     0.00 r
  vortex/g_clusters[0].cluster/g_sockets[0].socket/mem_arb/req_arb/g_input_select.g_arbiter.g_out_buf[0].out_buf/g_eb2.stream_buffer/g_buffer.data_out_r_reg[84]/Q (DFF_X1)
                                                          0.36       0.36 r
  m_axi_wdata[0][11] (out)                                0.01       0.36 r
  data arrival time                                                  0.36

  clock CLK (rise edge)                                   4.00       4.00
  clock network delay (ideal)                             0.00       4.00
  clock uncertainty                                      -0.25       3.75
  output external delay                                  -1.20       2.55
  data required time                                                 2.55
  --------------------------------------------------------------------------
  data required time                                                 2.55
  data arrival time                                                 -0.36
  --------------------------------------------------------------------------
  slack (MET)                                                        2.19


  Startpoint: vortex/g_clusters[0].cluster/g_sockets[0].socket/mem_arb/req_arb/g_input_select.g_arbiter.g_out_buf[0].out_buf/g_eb2.stream_buffer/g_buffer.data_out_r_reg[83]
              (rising edge-triggered flip-flop clocked by CLK)
  Endpoint: m_axi_wdata[0][10]
            (output port clocked by CLK)
  Path Group: REGOUT
  Path Type: max

  Des/Clust/Port     Wire Load Model       Library
  ------------------------------------------------
  Vortex_axi         5K_hvratio_1_1        NangateOpenCellLibrary_ss0p95v125c

  Point                                                   Incr       Path
  --------------------------------------------------------------------------
  clock CLK (rise edge)                                   0.00       0.00
  clock network delay (ideal)                             0.00       0.00
  vortex/g_clusters[0].cluster/g_sockets[0].socket/mem_arb/req_arb/g_input_select.g_arbiter.g_out_buf[0].out_buf/g_eb2.stream_buffer/g_buffer.data_out_r_reg[83]/CK (DFF_X1)
                                                          0.00 #     0.00 r
  vortex/g_clusters[0].cluster/g_sockets[0].socket/mem_arb/req_arb/g_input_select.g_arbiter.g_out_buf[0].out_buf/g_eb2.stream_buffer/g_buffer.data_out_r_reg[83]/Q (DFF_X1)
                                                          0.36       0.36 r
  m_axi_wdata[0][10] (out)                                0.01       0.36 r
  data arrival time                                                  0.36

  clock CLK (rise edge)                                   4.00       4.00
  clock network delay (ideal)                             0.00       4.00
  clock uncertainty                                      -0.25       3.75
  output external delay                                  -1.20       2.55
  data required time                                                 2.55
  --------------------------------------------------------------------------
  data required time                                                 2.55
  data arrival time                                                 -0.36
  --------------------------------------------------------------------------
  slack (MET)                                                        2.19


  Startpoint: vortex/g_clusters[0].cluster/g_sockets[0].socket/mem_arb/req_arb/g_input_select.g_arbiter.g_out_buf[0].out_buf/g_eb2.stream_buffer/g_buffer.data_out_r_reg[82]
              (rising edge-triggered flip-flop clocked by CLK)
  Endpoint: m_axi_wdata[0][9]
            (output port clocked by CLK)
  Path Group: REGOUT
  Path Type: max

  Des/Clust/Port     Wire Load Model       Library
  ------------------------------------------------
  Vortex_axi         5K_hvratio_1_1        NangateOpenCellLibrary_ss0p95v125c

  Point                                                   Incr       Path
  --------------------------------------------------------------------------
  clock CLK (rise edge)                                   0.00       0.00
  clock network delay (ideal)                             0.00       0.00
  vortex/g_clusters[0].cluster/g_sockets[0].socket/mem_arb/req_arb/g_input_select.g_arbiter.g_out_buf[0].out_buf/g_eb2.stream_buffer/g_buffer.data_out_r_reg[82]/CK (DFF_X1)
                                                          0.00 #     0.00 r
  vortex/g_clusters[0].cluster/g_sockets[0].socket/mem_arb/req_arb/g_input_select.g_arbiter.g_out_buf[0].out_buf/g_eb2.stream_buffer/g_buffer.data_out_r_reg[82]/Q (DFF_X1)
                                                          0.36       0.36 r
  m_axi_wdata[0][9] (out)                                 0.01       0.36 r
  data arrival time                                                  0.36

  clock CLK (rise edge)                                   4.00       4.00
  clock network delay (ideal)                             0.00       4.00
  clock uncertainty                                      -0.25       3.75
  output external delay                                  -1.20       2.55
  data required time                                                 2.55
  --------------------------------------------------------------------------
  data required time                                                 2.55
  data arrival time                                                 -0.36
  --------------------------------------------------------------------------
  slack (MET)                                                        2.19


  Startpoint: vortex/g_clusters[0].cluster/g_sockets[0].socket/mem_arb/req_arb/g_input_select.g_arbiter.g_out_buf[0].out_buf/g_eb2.stream_buffer/g_buffer.data_out_r_reg[81]
              (rising edge-triggered flip-flop clocked by CLK)
  Endpoint: m_axi_wdata[0][8]
            (output port clocked by CLK)
  Path Group: REGOUT
  Path Type: max

  Des/Clust/Port     Wire Load Model       Library
  ------------------------------------------------
  Vortex_axi         5K_hvratio_1_1        NangateOpenCellLibrary_ss0p95v125c

  Point                                                   Incr       Path
  --------------------------------------------------------------------------
  clock CLK (rise edge)                                   0.00       0.00
  clock network delay (ideal)                             0.00       0.00
  vortex/g_clusters[0].cluster/g_sockets[0].socket/mem_arb/req_arb/g_input_select.g_arbiter.g_out_buf[0].out_buf/g_eb2.stream_buffer/g_buffer.data_out_r_reg[81]/CK (DFF_X1)
                                                          0.00 #     0.00 r
  vortex/g_clusters[0].cluster/g_sockets[0].socket/mem_arb/req_arb/g_input_select.g_arbiter.g_out_buf[0].out_buf/g_eb2.stream_buffer/g_buffer.data_out_r_reg[81]/Q (DFF_X1)
                                                          0.36       0.36 r
  m_axi_wdata[0][8] (out)                                 0.01       0.36 r
  data arrival time                                                  0.36

  clock CLK (rise edge)                                   4.00       4.00
  clock network delay (ideal)                             0.00       4.00
  clock uncertainty                                      -0.25       3.75
  output external delay                                  -1.20       2.55
  data required time                                                 2.55
  --------------------------------------------------------------------------
  data required time                                                 2.55
  data arrival time                                                 -0.36
  --------------------------------------------------------------------------
  slack (MET)                                                        2.19


  Startpoint: vortex/g_clusters[0].cluster/g_sockets[0].socket/mem_arb/req_arb/g_input_select.g_arbiter.g_out_buf[0].out_buf/g_eb2.stream_buffer/g_buffer.data_out_r_reg[80]
              (rising edge-triggered flip-flop clocked by CLK)
  Endpoint: m_axi_wdata[0][7]
            (output port clocked by CLK)
  Path Group: REGOUT
  Path Type: max

  Des/Clust/Port     Wire Load Model       Library
  ------------------------------------------------
  Vortex_axi         5K_hvratio_1_1        NangateOpenCellLibrary_ss0p95v125c

  Point                                                   Incr       Path
  --------------------------------------------------------------------------
  clock CLK (rise edge)                                   0.00       0.00
  clock network delay (ideal)                             0.00       0.00
  vortex/g_clusters[0].cluster/g_sockets[0].socket/mem_arb/req_arb/g_input_select.g_arbiter.g_out_buf[0].out_buf/g_eb2.stream_buffer/g_buffer.data_out_r_reg[80]/CK (DFF_X1)
                                                          0.00 #     0.00 r
  vortex/g_clusters[0].cluster/g_sockets[0].socket/mem_arb/req_arb/g_input_select.g_arbiter.g_out_buf[0].out_buf/g_eb2.stream_buffer/g_buffer.data_out_r_reg[80]/Q (DFF_X1)
                                                          0.36       0.36 r
  m_axi_wdata[0][7] (out)                                 0.01       0.36 r
  data arrival time                                                  0.36

  clock CLK (rise edge)                                   4.00       4.00
  clock network delay (ideal)                             0.00       4.00
  clock uncertainty                                      -0.25       3.75
  output external delay                                  -1.20       2.55
  data required time                                                 2.55
  --------------------------------------------------------------------------
  data required time                                                 2.55
  data arrival time                                                 -0.36
  --------------------------------------------------------------------------
  slack (MET)                                                        2.19


  Startpoint: vortex/g_clusters[0].cluster/g_sockets[0].socket/mem_arb/req_arb/g_input_select.g_arbiter.g_out_buf[0].out_buf/g_eb2.stream_buffer/g_buffer.data_out_r_reg[79]
              (rising edge-triggered flip-flop clocked by CLK)
  Endpoint: m_axi_wdata[0][6]
            (output port clocked by CLK)
  Path Group: REGOUT
  Path Type: max

  Des/Clust/Port     Wire Load Model       Library
  ------------------------------------------------
  Vortex_axi         5K_hvratio_1_1        NangateOpenCellLibrary_ss0p95v125c

  Point                                                   Incr       Path
  --------------------------------------------------------------------------
  clock CLK (rise edge)                                   0.00       0.00
  clock network delay (ideal)                             0.00       0.00
  vortex/g_clusters[0].cluster/g_sockets[0].socket/mem_arb/req_arb/g_input_select.g_arbiter.g_out_buf[0].out_buf/g_eb2.stream_buffer/g_buffer.data_out_r_reg[79]/CK (DFF_X1)
                                                          0.00 #     0.00 r
  vortex/g_clusters[0].cluster/g_sockets[0].socket/mem_arb/req_arb/g_input_select.g_arbiter.g_out_buf[0].out_buf/g_eb2.stream_buffer/g_buffer.data_out_r_reg[79]/Q (DFF_X1)
                                                          0.36       0.36 r
  m_axi_wdata[0][6] (out)                                 0.01       0.36 r
  data arrival time                                                  0.36

  clock CLK (rise edge)                                   4.00       4.00
  clock network delay (ideal)                             0.00       4.00
  clock uncertainty                                      -0.25       3.75
  output external delay                                  -1.20       2.55
  data required time                                                 2.55
  --------------------------------------------------------------------------
  data required time                                                 2.55
  data arrival time                                                 -0.36
  --------------------------------------------------------------------------
  slack (MET)                                                        2.19


  Startpoint: vortex/g_clusters[0].cluster/g_sockets[0].socket/mem_arb/req_arb/g_input_select.g_arbiter.g_out_buf[0].out_buf/g_eb2.stream_buffer/g_buffer.data_out_r_reg[78]
              (rising edge-triggered flip-flop clocked by CLK)
  Endpoint: m_axi_wdata[0][5]
            (output port clocked by CLK)
  Path Group: REGOUT
  Path Type: max

  Des/Clust/Port     Wire Load Model       Library
  ------------------------------------------------
  Vortex_axi         5K_hvratio_1_1        NangateOpenCellLibrary_ss0p95v125c

  Point                                                   Incr       Path
  --------------------------------------------------------------------------
  clock CLK (rise edge)                                   0.00       0.00
  clock network delay (ideal)                             0.00       0.00
  vortex/g_clusters[0].cluster/g_sockets[0].socket/mem_arb/req_arb/g_input_select.g_arbiter.g_out_buf[0].out_buf/g_eb2.stream_buffer/g_buffer.data_out_r_reg[78]/CK (DFF_X1)
                                                          0.00 #     0.00 r
  vortex/g_clusters[0].cluster/g_sockets[0].socket/mem_arb/req_arb/g_input_select.g_arbiter.g_out_buf[0].out_buf/g_eb2.stream_buffer/g_buffer.data_out_r_reg[78]/Q (DFF_X1)
                                                          0.36       0.36 r
  m_axi_wdata[0][5] (out)                                 0.01       0.36 r
  data arrival time                                                  0.36

  clock CLK (rise edge)                                   4.00       4.00
  clock network delay (ideal)                             0.00       4.00
  clock uncertainty                                      -0.25       3.75
  output external delay                                  -1.20       2.55
  data required time                                                 2.55
  --------------------------------------------------------------------------
  data required time                                                 2.55
  data arrival time                                                 -0.36
  --------------------------------------------------------------------------
  slack (MET)                                                        2.19


  Startpoint: vortex/g_clusters[0].cluster/g_sockets[0].socket/mem_arb/req_arb/g_input_select.g_arbiter.g_out_buf[0].out_buf/g_eb2.stream_buffer/g_buffer.data_out_r_reg[77]
              (rising edge-triggered flip-flop clocked by CLK)
  Endpoint: m_axi_wdata[0][4]
            (output port clocked by CLK)
  Path Group: REGOUT
  Path Type: max

  Des/Clust/Port     Wire Load Model       Library
  ------------------------------------------------
  Vortex_axi         5K_hvratio_1_1        NangateOpenCellLibrary_ss0p95v125c

  Point                                                   Incr       Path
  --------------------------------------------------------------------------
  clock CLK (rise edge)                                   0.00       0.00
  clock network delay (ideal)                             0.00       0.00
  vortex/g_clusters[0].cluster/g_sockets[0].socket/mem_arb/req_arb/g_input_select.g_arbiter.g_out_buf[0].out_buf/g_eb2.stream_buffer/g_buffer.data_out_r_reg[77]/CK (DFF_X1)
                                                          0.00 #     0.00 r
  vortex/g_clusters[0].cluster/g_sockets[0].socket/mem_arb/req_arb/g_input_select.g_arbiter.g_out_buf[0].out_buf/g_eb2.stream_buffer/g_buffer.data_out_r_reg[77]/Q (DFF_X1)
                                                          0.36       0.36 r
  m_axi_wdata[0][4] (out)                                 0.01       0.36 r
  data arrival time                                                  0.36

  clock CLK (rise edge)                                   4.00       4.00
  clock network delay (ideal)                             0.00       4.00
  clock uncertainty                                      -0.25       3.75
  output external delay                                  -1.20       2.55
  data required time                                                 2.55
  --------------------------------------------------------------------------
  data required time                                                 2.55
  data arrival time                                                 -0.36
  --------------------------------------------------------------------------
  slack (MET)                                                        2.19


  Startpoint: vortex/g_clusters[0].cluster/g_sockets[0].socket/mem_arb/req_arb/g_input_select.g_arbiter.g_out_buf[0].out_buf/g_eb2.stream_buffer/g_buffer.data_out_r_reg[76]
              (rising edge-triggered flip-flop clocked by CLK)
  Endpoint: m_axi_wdata[0][3]
            (output port clocked by CLK)
  Path Group: REGOUT
  Path Type: max

  Des/Clust/Port     Wire Load Model       Library
  ------------------------------------------------
  Vortex_axi         5K_hvratio_1_1        NangateOpenCellLibrary_ss0p95v125c

  Point                                                   Incr       Path
  --------------------------------------------------------------------------
  clock CLK (rise edge)                                   0.00       0.00
  clock network delay (ideal)                             0.00       0.00
  vortex/g_clusters[0].cluster/g_sockets[0].socket/mem_arb/req_arb/g_input_select.g_arbiter.g_out_buf[0].out_buf/g_eb2.stream_buffer/g_buffer.data_out_r_reg[76]/CK (DFF_X1)
                                                          0.00 #     0.00 r
  vortex/g_clusters[0].cluster/g_sockets[0].socket/mem_arb/req_arb/g_input_select.g_arbiter.g_out_buf[0].out_buf/g_eb2.stream_buffer/g_buffer.data_out_r_reg[76]/Q (DFF_X1)
                                                          0.36       0.36 r
  m_axi_wdata[0][3] (out)                                 0.01       0.36 r
  data arrival time                                                  0.36

  clock CLK (rise edge)                                   4.00       4.00
  clock network delay (ideal)                             0.00       4.00
  clock uncertainty                                      -0.25       3.75
  output external delay                                  -1.20       2.55
  data required time                                                 2.55
  --------------------------------------------------------------------------
  data required time                                                 2.55
  data arrival time                                                 -0.36
  --------------------------------------------------------------------------
  slack (MET)                                                        2.19


  Startpoint: vortex/g_clusters[0].cluster/g_sockets[0].socket/mem_arb/req_arb/g_input_select.g_arbiter.g_out_buf[0].out_buf/g_eb2.stream_buffer/g_buffer.data_out_r_reg[75]
              (rising edge-triggered flip-flop clocked by CLK)
  Endpoint: m_axi_wdata[0][2]
            (output port clocked by CLK)
  Path Group: REGOUT
  Path Type: max

  Des/Clust/Port     Wire Load Model       Library
  ------------------------------------------------
  Vortex_axi         5K_hvratio_1_1        NangateOpenCellLibrary_ss0p95v125c

  Point                                                   Incr       Path
  --------------------------------------------------------------------------
  clock CLK (rise edge)                                   0.00       0.00
  clock network delay (ideal)                             0.00       0.00
  vortex/g_clusters[0].cluster/g_sockets[0].socket/mem_arb/req_arb/g_input_select.g_arbiter.g_out_buf[0].out_buf/g_eb2.stream_buffer/g_buffer.data_out_r_reg[75]/CK (DFF_X1)
                                                          0.00 #     0.00 r
  vortex/g_clusters[0].cluster/g_sockets[0].socket/mem_arb/req_arb/g_input_select.g_arbiter.g_out_buf[0].out_buf/g_eb2.stream_buffer/g_buffer.data_out_r_reg[75]/Q (DFF_X1)
                                                          0.36       0.36 r
  m_axi_wdata[0][2] (out)                                 0.01       0.36 r
  data arrival time                                                  0.36

  clock CLK (rise edge)                                   4.00       4.00
  clock network delay (ideal)                             0.00       4.00
  clock uncertainty                                      -0.25       3.75
  output external delay                                  -1.20       2.55
  data required time                                                 2.55
  --------------------------------------------------------------------------
  data required time                                                 2.55
  data arrival time                                                 -0.36
  --------------------------------------------------------------------------
  slack (MET)                                                        2.19


  Startpoint: vortex/g_clusters[0].cluster/g_sockets[0].socket/mem_arb/req_arb/g_input_select.g_arbiter.g_out_buf[0].out_buf/g_eb2.stream_buffer/g_buffer.data_out_r_reg[74]
              (rising edge-triggered flip-flop clocked by CLK)
  Endpoint: m_axi_wdata[0][1]
            (output port clocked by CLK)
  Path Group: REGOUT
  Path Type: max

  Des/Clust/Port     Wire Load Model       Library
  ------------------------------------------------
  Vortex_axi         5K_hvratio_1_1        NangateOpenCellLibrary_ss0p95v125c

  Point                                                   Incr       Path
  --------------------------------------------------------------------------
  clock CLK (rise edge)                                   0.00       0.00
  clock network delay (ideal)                             0.00       0.00
  vortex/g_clusters[0].cluster/g_sockets[0].socket/mem_arb/req_arb/g_input_select.g_arbiter.g_out_buf[0].out_buf/g_eb2.stream_buffer/g_buffer.data_out_r_reg[74]/CK (DFF_X1)
                                                          0.00 #     0.00 r
  vortex/g_clusters[0].cluster/g_sockets[0].socket/mem_arb/req_arb/g_input_select.g_arbiter.g_out_buf[0].out_buf/g_eb2.stream_buffer/g_buffer.data_out_r_reg[74]/Q (DFF_X1)
                                                          0.36       0.36 r
  m_axi_wdata[0][1] (out)                                 0.01       0.36 r
  data arrival time                                                  0.36

  clock CLK (rise edge)                                   4.00       4.00
  clock network delay (ideal)                             0.00       4.00
  clock uncertainty                                      -0.25       3.75
  output external delay                                  -1.20       2.55
  data required time                                                 2.55
  --------------------------------------------------------------------------
  data required time                                                 2.55
  data arrival time                                                 -0.36
  --------------------------------------------------------------------------
  slack (MET)                                                        2.19


  Startpoint: vortex/g_clusters[0].cluster/g_sockets[0].socket/mem_arb/req_arb/g_input_select.g_arbiter.g_out_buf[0].out_buf/g_eb2.stream_buffer/g_buffer.data_out_r_reg[73]
              (rising edge-triggered flip-flop clocked by CLK)
  Endpoint: m_axi_wdata[0][0]
            (output port clocked by CLK)
  Path Group: REGOUT
  Path Type: max

  Des/Clust/Port     Wire Load Model       Library
  ------------------------------------------------
  Vortex_axi         5K_hvratio_1_1        NangateOpenCellLibrary_ss0p95v125c

  Point                                                   Incr       Path
  --------------------------------------------------------------------------
  clock CLK (rise edge)                                   0.00       0.00
  clock network delay (ideal)                             0.00       0.00
  vortex/g_clusters[0].cluster/g_sockets[0].socket/mem_arb/req_arb/g_input_select.g_arbiter.g_out_buf[0].out_buf/g_eb2.stream_buffer/g_buffer.data_out_r_reg[73]/CK (DFF_X1)
                                                          0.00 #     0.00 r
  vortex/g_clusters[0].cluster/g_sockets[0].socket/mem_arb/req_arb/g_input_select.g_arbiter.g_out_buf[0].out_buf/g_eb2.stream_buffer/g_buffer.data_out_r_reg[73]/Q (DFF_X1)
                                                          0.36       0.36 r
  m_axi_wdata[0][0] (out)                                 0.01       0.36 r
  data arrival time                                                  0.36

  clock CLK (rise edge)                                   4.00       4.00
  clock network delay (ideal)                             0.00       4.00
  clock uncertainty                                      -0.25       3.75
  output external delay                                  -1.20       2.55
  data required time                                                 2.55
  --------------------------------------------------------------------------
  data required time                                                 2.55
  data arrival time                                                 -0.36
  --------------------------------------------------------------------------
  slack (MET)                                                        2.19


1
