 
****************************************
Report : timing
        -path full
        -delay min
        -max_paths 100
Design : VX_issue
Version: K-2015.06
Date   : Wed Jun  3 00:53:34 2026
****************************************

 # A fanout number of 1000 was used for high fanout net computations.

Operating Conditions: low_temp   Library: NangateOpenCellLibrary_ff1p25vn40c
Wire Load Model Mode: top

  Startpoint: g_slices[0].issue_slice/ibuffer/g_instr_bufs[0].instr_buf/g_ebN.fifo_queue/g_depth_n.g_out_reg.data_out_r_reg[27]
              (rising edge-triggered flip-flop clocked by CLK)
  Endpoint: g_slices[0].issue_slice/scoreboard/g_stanging_bufs[0].stanging_buf/g_register.g_pipe_regs[0].pipe_register/g_shift_register/g_shift.pipe_reg[0][27]
            (rising edge-triggered flip-flop clocked by CLK)
  Path Group: CLK
  Path Type: min

  Des/Clust/Port     Wire Load Model       Library
  ------------------------------------------------
  VX_issue           5K_hvratio_1_1        NangateOpenCellLibrary_tt1p1v25c

  Point                                                   Incr       Path
  --------------------------------------------------------------------------
  clock CLK (rise edge)                                   0.00       0.00
  clock network delay (ideal)                             0.00       0.00
  g_slices[0].issue_slice/ibuffer/g_instr_bufs[0].instr_buf/g_ebN.fifo_queue/g_depth_n.g_out_reg.data_out_r_reg[27]/CK (DFF_X1)
                                                          0.00 #     0.00 r
  g_slices[0].issue_slice/ibuffer/g_instr_bufs[0].instr_buf/g_ebN.fifo_queue/g_depth_n.g_out_reg.data_out_r_reg[27]/QN (DFF_X1)
                                                          0.08       0.08 r
  U141289/ZN (OAI22_X1)                                   0.02       0.11 f
  g_slices[0].issue_slice/scoreboard/g_stanging_bufs[0].stanging_buf/g_register.g_pipe_regs[0].pipe_register/g_shift_register/g_shift.pipe_reg[0][27]/D (DFF_X1)
                                                          0.01       0.12 f
  data arrival time                                                  0.12

  clock CLK (rise edge)                                   0.00       0.00
  clock network delay (ideal)                             0.00       0.00
  clock uncertainty                                       0.05       0.05
  g_slices[0].issue_slice/scoreboard/g_stanging_bufs[0].stanging_buf/g_register.g_pipe_regs[0].pipe_register/g_shift_register/g_shift.pipe_reg[0][27]/CK (DFF_X1)
                                                          0.00       0.05 r
  library hold time                                       0.01       0.06
  data required time                                                 0.06
  --------------------------------------------------------------------------
  data required time                                                 0.06
  data arrival time                                                 -0.12
  --------------------------------------------------------------------------
  slack (MET)                                                        0.06


  Startpoint: g_slices[0].issue_slice/operands/g_collectors[0].opc_unit/pipe_reg1/g_register.g_pipe_regs[0].pipe_register/g_shift_register/g_shift.pipe_reg[0][22]
              (rising edge-triggered flip-flop clocked by CLK)
  Endpoint: g_slices[0].issue_slice/operands/g_collectors[0].opc_unit/pipe_reg1/g_register.g_pipe_regs[0].pipe_register/g_shift_register/g_shift.pipe_reg[0][22]
            (rising edge-triggered flip-flop clocked by CLK)
  Path Group: CLK
  Path Type: min

  Des/Clust/Port     Wire Load Model       Library
  ------------------------------------------------
  VX_issue           5K_hvratio_1_1        NangateOpenCellLibrary_tt1p1v25c

  Point                                                   Incr       Path
  --------------------------------------------------------------------------
  clock CLK (rise edge)                                   0.00       0.00
  clock network delay (ideal)                             0.00       0.00
  g_slices[0].issue_slice/operands/g_collectors[0].opc_unit/pipe_reg1/g_register.g_pipe_regs[0].pipe_register/g_shift_register/g_shift.pipe_reg[0][22]/CK (DFF_X1)
                                                          0.00 #     0.00 r
  g_slices[0].issue_slice/operands/g_collectors[0].opc_unit/pipe_reg1/g_register.g_pipe_regs[0].pipe_register/g_shift_register/g_shift.pipe_reg[0][22]/QN (DFF_X1)
                                                          0.08       0.08 f
  U143832/ZN (AOI22_X1)                                   0.04       0.12 r
  g_slices[0].issue_slice/operands/g_collectors[0].opc_unit/pipe_reg1/g_register.g_pipe_regs[0].pipe_register/g_shift_register/g_shift.pipe_reg[0][22]/D (DFF_X1)
                                                          0.01       0.13 r
  data arrival time                                                  0.13

  clock CLK (rise edge)                                   0.00       0.00
  clock network delay (ideal)                             0.00       0.00
  clock uncertainty                                       0.05       0.05
  g_slices[0].issue_slice/operands/g_collectors[0].opc_unit/pipe_reg1/g_register.g_pipe_regs[0].pipe_register/g_shift_register/g_shift.pipe_reg[0][22]/CK (DFF_X1)
                                                          0.00       0.05 r
  library hold time                                       0.02       0.07
  data required time                                                 0.07
  --------------------------------------------------------------------------
  data required time                                                 0.07
  data arrival time                                                 -0.13
  --------------------------------------------------------------------------
  slack (MET)                                                        0.06


  Startpoint: g_slices[0].issue_slice/operands/g_collectors[0].opc_unit/pipe_reg1/g_register.g_pipe_regs[0].pipe_register/g_shift_register/g_shift.pipe_reg[0][10]
              (rising edge-triggered flip-flop clocked by CLK)
  Endpoint: g_slices[0].issue_slice/operands/g_collectors[0].opc_unit/pipe_reg1/g_register.g_pipe_regs[0].pipe_register/g_shift_register/g_shift.pipe_reg[0][10]
            (rising edge-triggered flip-flop clocked by CLK)
  Path Group: CLK
  Path Type: min

  Des/Clust/Port     Wire Load Model       Library
  ------------------------------------------------
  VX_issue           5K_hvratio_1_1        NangateOpenCellLibrary_tt1p1v25c

  Point                                                   Incr       Path
  --------------------------------------------------------------------------
  clock CLK (rise edge)                                   0.00       0.00
  clock network delay (ideal)                             0.00       0.00
  g_slices[0].issue_slice/operands/g_collectors[0].opc_unit/pipe_reg1/g_register.g_pipe_regs[0].pipe_register/g_shift_register/g_shift.pipe_reg[0][10]/CK (DFF_X1)
                                                          0.00 #     0.00 r
  g_slices[0].issue_slice/operands/g_collectors[0].opc_unit/pipe_reg1/g_register.g_pipe_regs[0].pipe_register/g_shift_register/g_shift.pipe_reg[0][10]/QN (DFF_X1)
                                                          0.08       0.08 f
  U143882/ZN (AOI22_X1)                                   0.04       0.12 r
  g_slices[0].issue_slice/operands/g_collectors[0].opc_unit/pipe_reg1/g_register.g_pipe_regs[0].pipe_register/g_shift_register/g_shift.pipe_reg[0][10]/D (DFF_X1)
                                                          0.01       0.13 r
  data arrival time                                                  0.13

  clock CLK (rise edge)                                   0.00       0.00
  clock network delay (ideal)                             0.00       0.00
  clock uncertainty                                       0.05       0.05
  g_slices[0].issue_slice/operands/g_collectors[0].opc_unit/pipe_reg1/g_register.g_pipe_regs[0].pipe_register/g_shift_register/g_shift.pipe_reg[0][10]/CK (DFF_X1)
                                                          0.00       0.05 r
  library hold time                                       0.02       0.07
  data required time                                                 0.07
  --------------------------------------------------------------------------
  data required time                                                 0.07
  data arrival time                                                 -0.13
  --------------------------------------------------------------------------
  slack (MET)                                                        0.06


  Startpoint: g_slices[0].issue_slice/operands/g_collectors[0].opc_unit/pipe_reg2/g_register.g_pipe_regs[0].pipe_register/g_shift_register/g_shift.pipe_reg[0][99]
              (rising edge-triggered flip-flop clocked by CLK)
  Endpoint: g_slices[0].issue_slice/operands/g_collectors[0].opc_unit/pipe_reg2/g_register.g_pipe_regs[0].pipe_register/g_shift_register/g_shift.pipe_reg[0][99]
            (rising edge-triggered flip-flop clocked by CLK)
  Path Group: CLK
  Path Type: min

  Des/Clust/Port     Wire Load Model       Library
  ------------------------------------------------
  VX_issue           5K_hvratio_1_1        NangateOpenCellLibrary_tt1p1v25c

  Point                                                   Incr       Path
  --------------------------------------------------------------------------
  clock CLK (rise edge)                                   0.00       0.00
  clock network delay (ideal)                             0.00       0.00
  g_slices[0].issue_slice/operands/g_collectors[0].opc_unit/pipe_reg2/g_register.g_pipe_regs[0].pipe_register/g_shift_register/g_shift.pipe_reg[0][99]/CK (DFF_X1)
                                                          0.00 #     0.00 r
  g_slices[0].issue_slice/operands/g_collectors[0].opc_unit/pipe_reg2/g_register.g_pipe_regs[0].pipe_register/g_shift_register/g_shift.pipe_reg[0][99]/QN (DFF_X1)
                                                          0.08       0.08 f
  U146154/ZN (AOI22_X1)                                   0.04       0.12 r
  g_slices[0].issue_slice/operands/g_collectors[0].opc_unit/pipe_reg2/g_register.g_pipe_regs[0].pipe_register/g_shift_register/g_shift.pipe_reg[0][99]/D (DFF_X1)
                                                          0.01       0.13 r
  data arrival time                                                  0.13

  clock CLK (rise edge)                                   0.00       0.00
  clock network delay (ideal)                             0.00       0.00
  clock uncertainty                                       0.05       0.05
  g_slices[0].issue_slice/operands/g_collectors[0].opc_unit/pipe_reg2/g_register.g_pipe_regs[0].pipe_register/g_shift_register/g_shift.pipe_reg[0][99]/CK (DFF_X1)
                                                          0.00       0.05 r
  library hold time                                       0.02       0.07
  data required time                                                 0.07
  --------------------------------------------------------------------------
  data required time                                                 0.07
  data arrival time                                                 -0.13
  --------------------------------------------------------------------------
  slack (MET)                                                        0.06


  Startpoint: g_slices[0].issue_slice/operands/g_collectors[0].opc_unit/opd_fetched_st1_reg[1]
              (rising edge-triggered flip-flop clocked by CLK)
  Endpoint: g_slices[0].issue_slice/operands/g_collectors[0].opc_unit/opd_fetched_st1_reg[1]
            (rising edge-triggered flip-flop clocked by CLK)
  Path Group: CLK
  Path Type: min

  Des/Clust/Port     Wire Load Model       Library
  ------------------------------------------------
  VX_issue           5K_hvratio_1_1        NangateOpenCellLibrary_tt1p1v25c

  Point                                                   Incr       Path
  --------------------------------------------------------------------------
  clock CLK (rise edge)                                   0.00       0.00
  clock network delay (ideal)                             0.00       0.00
  g_slices[0].issue_slice/operands/g_collectors[0].opc_unit/opd_fetched_st1_reg[1]/CK (DFF_X1)
                                                          0.00 #     0.00 r
  g_slices[0].issue_slice/operands/g_collectors[0].opc_unit/opd_fetched_st1_reg[1]/QN (DFF_X1)
                                                          0.08       0.08 r
  U100250/ZN (AOI21_X1)                                   0.03       0.11 f
  g_slices[0].issue_slice/operands/g_collectors[0].opc_unit/opd_fetched_st1_reg[1]/D (DFF_X1)
                                                          0.01       0.12 f
  data arrival time                                                  0.12

  clock CLK (rise edge)                                   0.00       0.00
  clock network delay (ideal)                             0.00       0.00
  clock uncertainty                                       0.05       0.05
  g_slices[0].issue_slice/operands/g_collectors[0].opc_unit/opd_fetched_st1_reg[1]/CK (DFF_X1)
                                                          0.00       0.05 r
  library hold time                                       0.01       0.06
  data required time                                                 0.06
  --------------------------------------------------------------------------
  data required time                                                 0.06
  data arrival time                                                 -0.12
  --------------------------------------------------------------------------
  slack (MET)                                                        0.06


  Startpoint: g_slices[0].issue_slice/scoreboard/g_stanging_bufs[3].stanging_buf/g_register.g_pipe_regs[0].pipe_register/g_shift_register/g_shift.pipe_reg[0][11]
              (rising edge-triggered flip-flop clocked by CLK)
  Endpoint: g_slices[0].issue_slice/scoreboard/g_stanging_bufs[3].stanging_buf/g_register.g_pipe_regs[0].pipe_register/g_shift_register/g_shift.pipe_reg[0][11]
            (rising edge-triggered flip-flop clocked by CLK)
  Path Group: CLK
  Path Type: min

  Des/Clust/Port     Wire Load Model       Library
  ------------------------------------------------
  VX_issue           5K_hvratio_1_1        NangateOpenCellLibrary_tt1p1v25c

  Point                                                   Incr       Path
  --------------------------------------------------------------------------
  clock CLK (rise edge)                                   0.00       0.00
  clock network delay (ideal)                             0.00       0.00
  g_slices[0].issue_slice/scoreboard/g_stanging_bufs[3].stanging_buf/g_register.g_pipe_regs[0].pipe_register/g_shift_register/g_shift.pipe_reg[0][11]/CK (DFF_X1)
                                                          0.00 #     0.00 r
  g_slices[0].issue_slice/scoreboard/g_stanging_bufs[3].stanging_buf/g_register.g_pipe_regs[0].pipe_register/g_shift_register/g_shift.pipe_reg[0][11]/QN (DFF_X1)
                                                          0.08       0.08 r
  U140274/ZN (OAI21_X1)                                   0.03       0.11 f
  g_slices[0].issue_slice/scoreboard/g_stanging_bufs[3].stanging_buf/g_register.g_pipe_regs[0].pipe_register/g_shift_register/g_shift.pipe_reg[0][11]/D (DFF_X1)
                                                          0.01       0.12 f
  data arrival time                                                  0.12

  clock CLK (rise edge)                                   0.00       0.00
  clock network delay (ideal)                             0.00       0.00
  clock uncertainty                                       0.05       0.05
  g_slices[0].issue_slice/scoreboard/g_stanging_bufs[3].stanging_buf/g_register.g_pipe_regs[0].pipe_register/g_shift_register/g_shift.pipe_reg[0][11]/CK (DFF_X1)
                                                          0.00       0.05 r
  library hold time                                       0.01       0.06
  data required time                                                 0.06
  --------------------------------------------------------------------------
  data required time                                                 0.06
  data arrival time                                                 -0.12
  --------------------------------------------------------------------------
  slack (MET)                                                        0.06


  Startpoint: g_slices[0].issue_slice/ibuffer/g_instr_bufs[1].instr_buf/g_ebN.fifo_queue/pending_size/g_size_gt1.full_r_reg
              (rising edge-triggered flip-flop clocked by CLK)
  Endpoint: g_slices[0].issue_slice/ibuffer/g_instr_bufs[1].instr_buf/g_ebN.fifo_queue/pending_size/g_size_gt1.full_r_reg
            (rising edge-triggered flip-flop clocked by CLK)
  Path Group: CLK
  Path Type: min

  Des/Clust/Port     Wire Load Model       Library
  ------------------------------------------------
  VX_issue           5K_hvratio_1_1        NangateOpenCellLibrary_tt1p1v25c

  Point                                                   Incr       Path
  --------------------------------------------------------------------------
  clock CLK (rise edge)                                   0.00       0.00
  clock network delay (ideal)                             0.00       0.00
  g_slices[0].issue_slice/ibuffer/g_instr_bufs[1].instr_buf/g_ebN.fifo_queue/pending_size/g_size_gt1.full_r_reg/CK (DFF_X1)
                                                          0.00 #     0.00 r
  g_slices[0].issue_slice/ibuffer/g_instr_bufs[1].instr_buf/g_ebN.fifo_queue/pending_size/g_size_gt1.full_r_reg/QN (DFF_X1)
                                                          0.08       0.08 r
  U141373/ZN (AOI211_X1)                                  0.03       0.11 f
  g_slices[0].issue_slice/ibuffer/g_instr_bufs[1].instr_buf/g_ebN.fifo_queue/pending_size/g_size_gt1.full_r_reg/D (DFF_X1)
                                                          0.01       0.12 f
  data arrival time                                                  0.12

  clock CLK (rise edge)                                   0.00       0.00
  clock network delay (ideal)                             0.00       0.00
  clock uncertainty                                       0.05       0.05
  g_slices[0].issue_slice/ibuffer/g_instr_bufs[1].instr_buf/g_ebN.fifo_queue/pending_size/g_size_gt1.full_r_reg/CK (DFF_X1)
                                                          0.00       0.05 r
  library hold time                                       0.01       0.06
  data required time                                                 0.06
  --------------------------------------------------------------------------
  data required time                                                 0.06
  data arrival time                                                 -0.12
  --------------------------------------------------------------------------
  slack (MET)                                                        0.06


  Startpoint: g_slices[0].issue_slice/operands/g_collectors[0].opc_unit/pipe_reg1/g_register.g_pipe_regs[0].pipe_register/g_shift_register/g_shift.pipe_reg[0][18]
              (rising edge-triggered flip-flop clocked by CLK)
  Endpoint: g_slices[0].issue_slice/operands/g_collectors[0].opc_unit/pipe_reg1/g_register.g_pipe_regs[0].pipe_register/g_shift_register/g_shift.pipe_reg[0][18]
            (rising edge-triggered flip-flop clocked by CLK)
  Path Group: CLK
  Path Type: min

  Des/Clust/Port     Wire Load Model       Library
  ------------------------------------------------
  VX_issue           5K_hvratio_1_1        NangateOpenCellLibrary_tt1p1v25c

  Point                                                   Incr       Path
  --------------------------------------------------------------------------
  clock CLK (rise edge)                                   0.00       0.00
  clock network delay (ideal)                             0.00       0.00
  g_slices[0].issue_slice/operands/g_collectors[0].opc_unit/pipe_reg1/g_register.g_pipe_regs[0].pipe_register/g_shift_register/g_shift.pipe_reg[0][18]/CK (DFF_X1)
                                                          0.00 #     0.00 r
  g_slices[0].issue_slice/operands/g_collectors[0].opc_unit/pipe_reg1/g_register.g_pipe_regs[0].pipe_register/g_shift_register/g_shift.pipe_reg[0][18]/QN (DFF_X1)
                                                          0.08       0.08 r
  U143850/ZN (AOI21_X1)                                   0.03       0.11 f
  g_slices[0].issue_slice/operands/g_collectors[0].opc_unit/pipe_reg1/g_register.g_pipe_regs[0].pipe_register/g_shift_register/g_shift.pipe_reg[0][18]/D (DFF_X1)
                                                          0.01       0.12 f
  data arrival time                                                  0.12

  clock CLK (rise edge)                                   0.00       0.00
  clock network delay (ideal)                             0.00       0.00
  clock uncertainty                                       0.05       0.05
  g_slices[0].issue_slice/operands/g_collectors[0].opc_unit/pipe_reg1/g_register.g_pipe_regs[0].pipe_register/g_shift_register/g_shift.pipe_reg[0][18]/CK (DFF_X1)
                                                          0.00       0.05 r
  library hold time                                       0.01       0.06
  data required time                                                 0.06
  --------------------------------------------------------------------------
  data required time                                                 0.06
  data arrival time                                                 -0.12
  --------------------------------------------------------------------------
  slack (MET)                                                        0.06


  Startpoint: g_slices[0].issue_slice/operands/g_collectors[0].opc_unit/pipe_reg1/g_register.g_pipe_regs[0].pipe_register/g_shift_register/g_shift.pipe_reg[0][14]
              (rising edge-triggered flip-flop clocked by CLK)
  Endpoint: g_slices[0].issue_slice/operands/g_collectors[0].opc_unit/pipe_reg1/g_register.g_pipe_regs[0].pipe_register/g_shift_register/g_shift.pipe_reg[0][14]
            (rising edge-triggered flip-flop clocked by CLK)
  Path Group: CLK
  Path Type: min

  Des/Clust/Port     Wire Load Model       Library
  ------------------------------------------------
  VX_issue           5K_hvratio_1_1        NangateOpenCellLibrary_tt1p1v25c

  Point                                                   Incr       Path
  --------------------------------------------------------------------------
  clock CLK (rise edge)                                   0.00       0.00
  clock network delay (ideal)                             0.00       0.00
  g_slices[0].issue_slice/operands/g_collectors[0].opc_unit/pipe_reg1/g_register.g_pipe_regs[0].pipe_register/g_shift_register/g_shift.pipe_reg[0][14]/CK (DFF_X1)
                                                          0.00 #     0.00 r
  g_slices[0].issue_slice/operands/g_collectors[0].opc_unit/pipe_reg1/g_register.g_pipe_regs[0].pipe_register/g_shift_register/g_shift.pipe_reg[0][14]/QN (DFF_X1)
                                                          0.08       0.08 r
  U143865/ZN (AOI21_X1)                                   0.03       0.11 f
  g_slices[0].issue_slice/operands/g_collectors[0].opc_unit/pipe_reg1/g_register.g_pipe_regs[0].pipe_register/g_shift_register/g_shift.pipe_reg[0][14]/D (DFF_X1)
                                                          0.01       0.12 f
  data arrival time                                                  0.12

  clock CLK (rise edge)                                   0.00       0.00
  clock network delay (ideal)                             0.00       0.00
  clock uncertainty                                       0.05       0.05
  g_slices[0].issue_slice/operands/g_collectors[0].opc_unit/pipe_reg1/g_register.g_pipe_regs[0].pipe_register/g_shift_register/g_shift.pipe_reg[0][14]/CK (DFF_X1)
                                                          0.00       0.05 r
  library hold time                                       0.01       0.06
  data required time                                                 0.06
  --------------------------------------------------------------------------
  data required time                                                 0.06
  data arrival time                                                 -0.12
  --------------------------------------------------------------------------
  slack (MET)                                                        0.06


  Startpoint: g_slices[0].issue_slice/ibuffer/g_instr_bufs[1].instr_buf/g_ebN.fifo_queue/pending_size/g_size_gt1.alm_empty_r_reg
              (rising edge-triggered flip-flop clocked by CLK)
  Endpoint: g_slices[0].issue_slice/ibuffer/g_instr_bufs[1].instr_buf/g_ebN.fifo_queue/pending_size/g_size_gt1.alm_empty_r_reg
            (rising edge-triggered flip-flop clocked by CLK)
  Path Group: CLK
  Path Type: min

  Des/Clust/Port     Wire Load Model       Library
  ------------------------------------------------
  VX_issue           5K_hvratio_1_1        NangateOpenCellLibrary_tt1p1v25c

  Point                                                   Incr       Path
  --------------------------------------------------------------------------
  clock CLK (rise edge)                                   0.00       0.00
  clock network delay (ideal)                             0.00       0.00
  g_slices[0].issue_slice/ibuffer/g_instr_bufs[1].instr_buf/g_ebN.fifo_queue/pending_size/g_size_gt1.alm_empty_r_reg/CK (DFF_X1)
                                                          0.00 #     0.00 r
  g_slices[0].issue_slice/ibuffer/g_instr_bufs[1].instr_buf/g_ebN.fifo_queue/pending_size/g_size_gt1.alm_empty_r_reg/QN (DFF_X1)
                                                          0.08       0.08 r
  U144329/ZN (OAI21_X1)                                   0.03       0.11 f
  g_slices[0].issue_slice/ibuffer/g_instr_bufs[1].instr_buf/g_ebN.fifo_queue/pending_size/g_size_gt1.alm_empty_r_reg/D (DFF_X1)
                                                          0.01       0.12 f
  data arrival time                                                  0.12

  clock CLK (rise edge)                                   0.00       0.00
  clock network delay (ideal)                             0.00       0.00
  clock uncertainty                                       0.05       0.05
  g_slices[0].issue_slice/ibuffer/g_instr_bufs[1].instr_buf/g_ebN.fifo_queue/pending_size/g_size_gt1.alm_empty_r_reg/CK (DFF_X1)
                                                          0.00       0.05 r
  library hold time                                       0.01       0.06
  data required time                                                 0.06
  --------------------------------------------------------------------------
  data required time                                                 0.06
  data arrival time                                                 -0.12
  --------------------------------------------------------------------------
  slack (MET)                                                        0.06


  Startpoint: g_slices[0].issue_slice/scoreboard/g_stanging_bufs[3].stanging_buf/g_register.g_pipe_regs[0].pipe_register/g_shift_register/g_shift.pipe_reg[0][5]
              (rising edge-triggered flip-flop clocked by CLK)
  Endpoint: g_slices[0].issue_slice/scoreboard/g_stanging_bufs[3].stanging_buf/g_register.g_pipe_regs[0].pipe_register/g_shift_register/g_shift.pipe_reg[0][5]
            (rising edge-triggered flip-flop clocked by CLK)
  Path Group: CLK
  Path Type: min

  Des/Clust/Port     Wire Load Model       Library
  ------------------------------------------------
  VX_issue           5K_hvratio_1_1        NangateOpenCellLibrary_tt1p1v25c

  Point                                                   Incr       Path
  --------------------------------------------------------------------------
  clock CLK (rise edge)                                   0.00       0.00
  clock network delay (ideal)                             0.00       0.00
  g_slices[0].issue_slice/scoreboard/g_stanging_bufs[3].stanging_buf/g_register.g_pipe_regs[0].pipe_register/g_shift_register/g_shift.pipe_reg[0][5]/CK (DFF_X1)
                                                          0.00 #     0.00 r
  g_slices[0].issue_slice/scoreboard/g_stanging_bufs[3].stanging_buf/g_register.g_pipe_regs[0].pipe_register/g_shift_register/g_shift.pipe_reg[0][5]/QN (DFF_X1)
                                                          0.08       0.08 r
  U140267/ZN (OAI21_X1)                                   0.03       0.11 f
  g_slices[0].issue_slice/scoreboard/g_stanging_bufs[3].stanging_buf/g_register.g_pipe_regs[0].pipe_register/g_shift_register/g_shift.pipe_reg[0][5]/D (DFF_X1)
                                                          0.01       0.12 f
  data arrival time                                                  0.12

  clock CLK (rise edge)                                   0.00       0.00
  clock network delay (ideal)                             0.00       0.00
  clock uncertainty                                       0.05       0.05
  g_slices[0].issue_slice/scoreboard/g_stanging_bufs[3].stanging_buf/g_register.g_pipe_regs[0].pipe_register/g_shift_register/g_shift.pipe_reg[0][5]/CK (DFF_X1)
                                                          0.00       0.05 r
  library hold time                                       0.01       0.06
  data required time                                                 0.06
  --------------------------------------------------------------------------
  data required time                                                 0.06
  data arrival time                                                 -0.12
  --------------------------------------------------------------------------
  slack (MET)                                                        0.06


  Startpoint: g_slices[0].issue_slice/scoreboard/out_arb/g_input_select.g_arbiter.g_out_buf[0].out_buf/g_eb2.stream_buffer/g_buffer.buffer_r_reg[28]
              (rising edge-triggered flip-flop clocked by CLK)
  Endpoint: g_slices[0].issue_slice/scoreboard/out_arb/g_input_select.g_arbiter.g_out_buf[0].out_buf/g_eb2.stream_buffer/g_buffer.buffer_r_reg[28]
            (rising edge-triggered flip-flop clocked by CLK)
  Path Group: CLK
  Path Type: min

  Des/Clust/Port     Wire Load Model       Library
  ------------------------------------------------
  VX_issue           5K_hvratio_1_1        NangateOpenCellLibrary_tt1p1v25c

  Point                                                   Incr       Path
  --------------------------------------------------------------------------
  clock CLK (rise edge)                                   0.00       0.00
  clock network delay (ideal)                             0.00       0.00
  g_slices[0].issue_slice/scoreboard/out_arb/g_input_select.g_arbiter.g_out_buf[0].out_buf/g_eb2.stream_buffer/g_buffer.buffer_r_reg[28]/CK (DFF_X1)
                                                          0.00 #     0.00 r
  g_slices[0].issue_slice/scoreboard/out_arb/g_input_select.g_arbiter.g_out_buf[0].out_buf/g_eb2.stream_buffer/g_buffer.buffer_r_reg[28]/QN (DFF_X1)
                                                          0.08       0.08 r
  U143522/ZN (AOI22_X1)                                   0.03       0.11 f
  g_slices[0].issue_slice/scoreboard/out_arb/g_input_select.g_arbiter.g_out_buf[0].out_buf/g_eb2.stream_buffer/g_buffer.buffer_r_reg[28]/D (DFF_X1)
                                                          0.01       0.12 f
  data arrival time                                                  0.12

  clock CLK (rise edge)                                   0.00       0.00
  clock network delay (ideal)                             0.00       0.00
  clock uncertainty                                       0.05       0.05
  g_slices[0].issue_slice/scoreboard/out_arb/g_input_select.g_arbiter.g_out_buf[0].out_buf/g_eb2.stream_buffer/g_buffer.buffer_r_reg[28]/CK (DFF_X1)
                                                          0.00       0.05 r
  library hold time                                       0.01       0.06
  data required time                                                 0.06
  --------------------------------------------------------------------------
  data required time                                                 0.06
  data arrival time                                                 -0.12
  --------------------------------------------------------------------------
  slack (MET)                                                        0.06


  Startpoint: g_slices[0].issue_slice/scoreboard/out_arb/g_input_select.g_arbiter.g_out_buf[0].out_buf/g_eb2.stream_buffer/g_buffer.buffer_r_reg[29]
              (rising edge-triggered flip-flop clocked by CLK)
  Endpoint: g_slices[0].issue_slice/scoreboard/out_arb/g_input_select.g_arbiter.g_out_buf[0].out_buf/g_eb2.stream_buffer/g_buffer.buffer_r_reg[29]
            (rising edge-triggered flip-flop clocked by CLK)
  Path Group: CLK
  Path Type: min

  Des/Clust/Port     Wire Load Model       Library
  ------------------------------------------------
  VX_issue           5K_hvratio_1_1        NangateOpenCellLibrary_tt1p1v25c

  Point                                                   Incr       Path
  --------------------------------------------------------------------------
  clock CLK (rise edge)                                   0.00       0.00
  clock network delay (ideal)                             0.00       0.00
  g_slices[0].issue_slice/scoreboard/out_arb/g_input_select.g_arbiter.g_out_buf[0].out_buf/g_eb2.stream_buffer/g_buffer.buffer_r_reg[29]/CK (DFF_X1)
                                                          0.00 #     0.00 r
  g_slices[0].issue_slice/scoreboard/out_arb/g_input_select.g_arbiter.g_out_buf[0].out_buf/g_eb2.stream_buffer/g_buffer.buffer_r_reg[29]/QN (DFF_X1)
                                                          0.08       0.08 r
  U143526/ZN (AOI22_X1)                                   0.03       0.11 f
  g_slices[0].issue_slice/scoreboard/out_arb/g_input_select.g_arbiter.g_out_buf[0].out_buf/g_eb2.stream_buffer/g_buffer.buffer_r_reg[29]/D (DFF_X1)
                                                          0.01       0.12 f
  data arrival time                                                  0.12

  clock CLK (rise edge)                                   0.00       0.00
  clock network delay (ideal)                             0.00       0.00
  clock uncertainty                                       0.05       0.05
  g_slices[0].issue_slice/scoreboard/out_arb/g_input_select.g_arbiter.g_out_buf[0].out_buf/g_eb2.stream_buffer/g_buffer.buffer_r_reg[29]/CK (DFF_X1)
                                                          0.00       0.05 r
  library hold time                                       0.01       0.06
  data required time                                                 0.06
  --------------------------------------------------------------------------
  data required time                                                 0.06
  data arrival time                                                 -0.12
  --------------------------------------------------------------------------
  slack (MET)                                                        0.06


  Startpoint: g_slices[0].issue_slice/scoreboard/out_arb/g_input_select.g_arbiter.g_out_buf[0].out_buf/g_eb2.stream_buffer/g_buffer.buffer_r_reg[30]
              (rising edge-triggered flip-flop clocked by CLK)
  Endpoint: g_slices[0].issue_slice/scoreboard/out_arb/g_input_select.g_arbiter.g_out_buf[0].out_buf/g_eb2.stream_buffer/g_buffer.buffer_r_reg[30]
            (rising edge-triggered flip-flop clocked by CLK)
  Path Group: CLK
  Path Type: min

  Des/Clust/Port     Wire Load Model       Library
  ------------------------------------------------
  VX_issue           5K_hvratio_1_1        NangateOpenCellLibrary_tt1p1v25c

  Point                                                   Incr       Path
  --------------------------------------------------------------------------
  clock CLK (rise edge)                                   0.00       0.00
  clock network delay (ideal)                             0.00       0.00
  g_slices[0].issue_slice/scoreboard/out_arb/g_input_select.g_arbiter.g_out_buf[0].out_buf/g_eb2.stream_buffer/g_buffer.buffer_r_reg[30]/CK (DFF_X1)
                                                          0.00 #     0.00 r
  g_slices[0].issue_slice/scoreboard/out_arb/g_input_select.g_arbiter.g_out_buf[0].out_buf/g_eb2.stream_buffer/g_buffer.buffer_r_reg[30]/QN (DFF_X1)
                                                          0.08       0.08 r
  U143530/ZN (AOI22_X1)                                   0.03       0.11 f
  g_slices[0].issue_slice/scoreboard/out_arb/g_input_select.g_arbiter.g_out_buf[0].out_buf/g_eb2.stream_buffer/g_buffer.buffer_r_reg[30]/D (DFF_X1)
                                                          0.01       0.12 f
  data arrival time                                                  0.12

  clock CLK (rise edge)                                   0.00       0.00
  clock network delay (ideal)                             0.00       0.00
  clock uncertainty                                       0.05       0.05
  g_slices[0].issue_slice/scoreboard/out_arb/g_input_select.g_arbiter.g_out_buf[0].out_buf/g_eb2.stream_buffer/g_buffer.buffer_r_reg[30]/CK (DFF_X1)
                                                          0.00       0.05 r
  library hold time                                       0.01       0.06
  data required time                                                 0.06
  --------------------------------------------------------------------------
  data required time                                                 0.06
  data arrival time                                                 -0.12
  --------------------------------------------------------------------------
  slack (MET)                                                        0.06


  Startpoint: g_slices[0].issue_slice/scoreboard/out_arb/g_input_select.g_arbiter.g_out_buf[0].out_buf/g_eb2.stream_buffer/g_buffer.buffer_r_reg[31]
              (rising edge-triggered flip-flop clocked by CLK)
  Endpoint: g_slices[0].issue_slice/scoreboard/out_arb/g_input_select.g_arbiter.g_out_buf[0].out_buf/g_eb2.stream_buffer/g_buffer.buffer_r_reg[31]
            (rising edge-triggered flip-flop clocked by CLK)
  Path Group: CLK
  Path Type: min

  Des/Clust/Port     Wire Load Model       Library
  ------------------------------------------------
  VX_issue           5K_hvratio_1_1        NangateOpenCellLibrary_tt1p1v25c

  Point                                                   Incr       Path
  --------------------------------------------------------------------------
  clock CLK (rise edge)                                   0.00       0.00
  clock network delay (ideal)                             0.00       0.00
  g_slices[0].issue_slice/scoreboard/out_arb/g_input_select.g_arbiter.g_out_buf[0].out_buf/g_eb2.stream_buffer/g_buffer.buffer_r_reg[31]/CK (DFF_X1)
                                                          0.00 #     0.00 r
  g_slices[0].issue_slice/scoreboard/out_arb/g_input_select.g_arbiter.g_out_buf[0].out_buf/g_eb2.stream_buffer/g_buffer.buffer_r_reg[31]/QN (DFF_X1)
                                                          0.08       0.08 r
  U143534/ZN (AOI22_X1)                                   0.03       0.11 f
  g_slices[0].issue_slice/scoreboard/out_arb/g_input_select.g_arbiter.g_out_buf[0].out_buf/g_eb2.stream_buffer/g_buffer.buffer_r_reg[31]/D (DFF_X1)
                                                          0.01       0.12 f
  data arrival time                                                  0.12

  clock CLK (rise edge)                                   0.00       0.00
  clock network delay (ideal)                             0.00       0.00
  clock uncertainty                                       0.05       0.05
  g_slices[0].issue_slice/scoreboard/out_arb/g_input_select.g_arbiter.g_out_buf[0].out_buf/g_eb2.stream_buffer/g_buffer.buffer_r_reg[31]/CK (DFF_X1)
                                                          0.00       0.05 r
  library hold time                                       0.01       0.06
  data required time                                                 0.06
  --------------------------------------------------------------------------
  data required time                                                 0.06
  data arrival time                                                 -0.12
  --------------------------------------------------------------------------
  slack (MET)                                                        0.06


  Startpoint: g_slices[0].issue_slice/scoreboard/out_arb/g_input_select.g_arbiter.g_out_buf[0].out_buf/g_eb2.stream_buffer/g_buffer.buffer_r_reg[32]
              (rising edge-triggered flip-flop clocked by CLK)
  Endpoint: g_slices[0].issue_slice/scoreboard/out_arb/g_input_select.g_arbiter.g_out_buf[0].out_buf/g_eb2.stream_buffer/g_buffer.buffer_r_reg[32]
            (rising edge-triggered flip-flop clocked by CLK)
  Path Group: CLK
  Path Type: min

  Des/Clust/Port     Wire Load Model       Library
  ------------------------------------------------
  VX_issue           5K_hvratio_1_1        NangateOpenCellLibrary_tt1p1v25c

  Point                                                   Incr       Path
  --------------------------------------------------------------------------
  clock CLK (rise edge)                                   0.00       0.00
  clock network delay (ideal)                             0.00       0.00
  g_slices[0].issue_slice/scoreboard/out_arb/g_input_select.g_arbiter.g_out_buf[0].out_buf/g_eb2.stream_buffer/g_buffer.buffer_r_reg[32]/CK (DFF_X1)
                                                          0.00 #     0.00 r
  g_slices[0].issue_slice/scoreboard/out_arb/g_input_select.g_arbiter.g_out_buf[0].out_buf/g_eb2.stream_buffer/g_buffer.buffer_r_reg[32]/QN (DFF_X1)
                                                          0.08       0.08 r
  U143538/ZN (AOI22_X1)                                   0.03       0.11 f
  g_slices[0].issue_slice/scoreboard/out_arb/g_input_select.g_arbiter.g_out_buf[0].out_buf/g_eb2.stream_buffer/g_buffer.buffer_r_reg[32]/D (DFF_X1)
                                                          0.01       0.12 f
  data arrival time                                                  0.12

  clock CLK (rise edge)                                   0.00       0.00
  clock network delay (ideal)                             0.00       0.00
  clock uncertainty                                       0.05       0.05
  g_slices[0].issue_slice/scoreboard/out_arb/g_input_select.g_arbiter.g_out_buf[0].out_buf/g_eb2.stream_buffer/g_buffer.buffer_r_reg[32]/CK (DFF_X1)
                                                          0.00       0.05 r
  library hold time                                       0.01       0.06
  data required time                                                 0.06
  --------------------------------------------------------------------------
  data required time                                                 0.06
  data arrival time                                                 -0.12
  --------------------------------------------------------------------------
  slack (MET)                                                        0.06


  Startpoint: g_slices[0].issue_slice/scoreboard/out_arb/g_input_select.g_arbiter.g_out_buf[0].out_buf/g_eb2.stream_buffer/g_buffer.buffer_r_reg[33]
              (rising edge-triggered flip-flop clocked by CLK)
  Endpoint: g_slices[0].issue_slice/scoreboard/out_arb/g_input_select.g_arbiter.g_out_buf[0].out_buf/g_eb2.stream_buffer/g_buffer.buffer_r_reg[33]
            (rising edge-triggered flip-flop clocked by CLK)
  Path Group: CLK
  Path Type: min

  Des/Clust/Port     Wire Load Model       Library
  ------------------------------------------------
  VX_issue           5K_hvratio_1_1        NangateOpenCellLibrary_tt1p1v25c

  Point                                                   Incr       Path
  --------------------------------------------------------------------------
  clock CLK (rise edge)                                   0.00       0.00
  clock network delay (ideal)                             0.00       0.00
  g_slices[0].issue_slice/scoreboard/out_arb/g_input_select.g_arbiter.g_out_buf[0].out_buf/g_eb2.stream_buffer/g_buffer.buffer_r_reg[33]/CK (DFF_X1)
                                                          0.00 #     0.00 r
  g_slices[0].issue_slice/scoreboard/out_arb/g_input_select.g_arbiter.g_out_buf[0].out_buf/g_eb2.stream_buffer/g_buffer.buffer_r_reg[33]/QN (DFF_X1)
                                                          0.08       0.08 r
  U143542/ZN (AOI22_X1)                                   0.03       0.11 f
  g_slices[0].issue_slice/scoreboard/out_arb/g_input_select.g_arbiter.g_out_buf[0].out_buf/g_eb2.stream_buffer/g_buffer.buffer_r_reg[33]/D (DFF_X1)
                                                          0.01       0.12 f
  data arrival time                                                  0.12

  clock CLK (rise edge)                                   0.00       0.00
  clock network delay (ideal)                             0.00       0.00
  clock uncertainty                                       0.05       0.05
  g_slices[0].issue_slice/scoreboard/out_arb/g_input_select.g_arbiter.g_out_buf[0].out_buf/g_eb2.stream_buffer/g_buffer.buffer_r_reg[33]/CK (DFF_X1)
                                                          0.00       0.05 r
  library hold time                                       0.01       0.06
  data required time                                                 0.06
  --------------------------------------------------------------------------
  data required time                                                 0.06
  data arrival time                                                 -0.12
  --------------------------------------------------------------------------
  slack (MET)                                                        0.06


  Startpoint: g_slices[0].issue_slice/scoreboard/out_arb/g_input_select.g_arbiter.g_out_buf[0].out_buf/g_eb2.stream_buffer/g_buffer.buffer_r_reg[34]
              (rising edge-triggered flip-flop clocked by CLK)
  Endpoint: g_slices[0].issue_slice/scoreboard/out_arb/g_input_select.g_arbiter.g_out_buf[0].out_buf/g_eb2.stream_buffer/g_buffer.buffer_r_reg[34]
            (rising edge-triggered flip-flop clocked by CLK)
  Path Group: CLK
  Path Type: min

  Des/Clust/Port     Wire Load Model       Library
  ------------------------------------------------
  VX_issue           5K_hvratio_1_1        NangateOpenCellLibrary_tt1p1v25c

  Point                                                   Incr       Path
  --------------------------------------------------------------------------
  clock CLK (rise edge)                                   0.00       0.00
  clock network delay (ideal)                             0.00       0.00
  g_slices[0].issue_slice/scoreboard/out_arb/g_input_select.g_arbiter.g_out_buf[0].out_buf/g_eb2.stream_buffer/g_buffer.buffer_r_reg[34]/CK (DFF_X1)
                                                          0.00 #     0.00 r
  g_slices[0].issue_slice/scoreboard/out_arb/g_input_select.g_arbiter.g_out_buf[0].out_buf/g_eb2.stream_buffer/g_buffer.buffer_r_reg[34]/QN (DFF_X1)
                                                          0.08       0.08 r
  U143546/ZN (AOI22_X1)                                   0.03       0.11 f
  g_slices[0].issue_slice/scoreboard/out_arb/g_input_select.g_arbiter.g_out_buf[0].out_buf/g_eb2.stream_buffer/g_buffer.buffer_r_reg[34]/D (DFF_X1)
                                                          0.01       0.12 f
  data arrival time                                                  0.12

  clock CLK (rise edge)                                   0.00       0.00
  clock network delay (ideal)                             0.00       0.00
  clock uncertainty                                       0.05       0.05
  g_slices[0].issue_slice/scoreboard/out_arb/g_input_select.g_arbiter.g_out_buf[0].out_buf/g_eb2.stream_buffer/g_buffer.buffer_r_reg[34]/CK (DFF_X1)
                                                          0.00       0.05 r
  library hold time                                       0.01       0.06
  data required time                                                 0.06
  --------------------------------------------------------------------------
  data required time                                                 0.06
  data arrival time                                                 -0.12
  --------------------------------------------------------------------------
  slack (MET)                                                        0.06


  Startpoint: g_slices[0].issue_slice/scoreboard/out_arb/g_input_select.g_arbiter.g_out_buf[0].out_buf/g_eb2.stream_buffer/g_buffer.buffer_r_reg[35]
              (rising edge-triggered flip-flop clocked by CLK)
  Endpoint: g_slices[0].issue_slice/scoreboard/out_arb/g_input_select.g_arbiter.g_out_buf[0].out_buf/g_eb2.stream_buffer/g_buffer.buffer_r_reg[35]
            (rising edge-triggered flip-flop clocked by CLK)
  Path Group: CLK
  Path Type: min

  Des/Clust/Port     Wire Load Model       Library
  ------------------------------------------------
  VX_issue           5K_hvratio_1_1        NangateOpenCellLibrary_tt1p1v25c

  Point                                                   Incr       Path
  --------------------------------------------------------------------------
  clock CLK (rise edge)                                   0.00       0.00
  clock network delay (ideal)                             0.00       0.00
  g_slices[0].issue_slice/scoreboard/out_arb/g_input_select.g_arbiter.g_out_buf[0].out_buf/g_eb2.stream_buffer/g_buffer.buffer_r_reg[35]/CK (DFF_X1)
                                                          0.00 #     0.00 r
  g_slices[0].issue_slice/scoreboard/out_arb/g_input_select.g_arbiter.g_out_buf[0].out_buf/g_eb2.stream_buffer/g_buffer.buffer_r_reg[35]/QN (DFF_X1)
                                                          0.08       0.08 r
  U143550/ZN (AOI22_X1)                                   0.03       0.11 f
  g_slices[0].issue_slice/scoreboard/out_arb/g_input_select.g_arbiter.g_out_buf[0].out_buf/g_eb2.stream_buffer/g_buffer.buffer_r_reg[35]/D (DFF_X1)
                                                          0.01       0.12 f
  data arrival time                                                  0.12

  clock CLK (rise edge)                                   0.00       0.00
  clock network delay (ideal)                             0.00       0.00
  clock uncertainty                                       0.05       0.05
  g_slices[0].issue_slice/scoreboard/out_arb/g_input_select.g_arbiter.g_out_buf[0].out_buf/g_eb2.stream_buffer/g_buffer.buffer_r_reg[35]/CK (DFF_X1)
                                                          0.00       0.05 r
  library hold time                                       0.01       0.06
  data required time                                                 0.06
  --------------------------------------------------------------------------
  data required time                                                 0.06
  data arrival time                                                 -0.12
  --------------------------------------------------------------------------
  slack (MET)                                                        0.06


  Startpoint: g_slices[0].issue_slice/scoreboard/out_arb/g_input_select.g_arbiter.g_out_buf[0].out_buf/g_eb2.stream_buffer/g_buffer.buffer_r_reg[36]
              (rising edge-triggered flip-flop clocked by CLK)
  Endpoint: g_slices[0].issue_slice/scoreboard/out_arb/g_input_select.g_arbiter.g_out_buf[0].out_buf/g_eb2.stream_buffer/g_buffer.buffer_r_reg[36]
            (rising edge-triggered flip-flop clocked by CLK)
  Path Group: CLK
  Path Type: min

  Des/Clust/Port     Wire Load Model       Library
  ------------------------------------------------
  VX_issue           5K_hvratio_1_1        NangateOpenCellLibrary_tt1p1v25c

  Point                                                   Incr       Path
  --------------------------------------------------------------------------
  clock CLK (rise edge)                                   0.00       0.00
  clock network delay (ideal)                             0.00       0.00
  g_slices[0].issue_slice/scoreboard/out_arb/g_input_select.g_arbiter.g_out_buf[0].out_buf/g_eb2.stream_buffer/g_buffer.buffer_r_reg[36]/CK (DFF_X1)
                                                          0.00 #     0.00 r
  g_slices[0].issue_slice/scoreboard/out_arb/g_input_select.g_arbiter.g_out_buf[0].out_buf/g_eb2.stream_buffer/g_buffer.buffer_r_reg[36]/QN (DFF_X1)
                                                          0.08       0.08 r
  U143554/ZN (AOI22_X1)                                   0.03       0.11 f
  g_slices[0].issue_slice/scoreboard/out_arb/g_input_select.g_arbiter.g_out_buf[0].out_buf/g_eb2.stream_buffer/g_buffer.buffer_r_reg[36]/D (DFF_X1)
                                                          0.01       0.12 f
  data arrival time                                                  0.12

  clock CLK (rise edge)                                   0.00       0.00
  clock network delay (ideal)                             0.00       0.00
  clock uncertainty                                       0.05       0.05
  g_slices[0].issue_slice/scoreboard/out_arb/g_input_select.g_arbiter.g_out_buf[0].out_buf/g_eb2.stream_buffer/g_buffer.buffer_r_reg[36]/CK (DFF_X1)
                                                          0.00       0.05 r
  library hold time                                       0.01       0.06
  data required time                                                 0.06
  --------------------------------------------------------------------------
  data required time                                                 0.06
  data arrival time                                                 -0.12
  --------------------------------------------------------------------------
  slack (MET)                                                        0.06


  Startpoint: g_slices[0].issue_slice/scoreboard/out_arb/g_input_select.g_arbiter.g_out_buf[0].out_buf/g_eb2.stream_buffer/g_buffer.buffer_r_reg[37]
              (rising edge-triggered flip-flop clocked by CLK)
  Endpoint: g_slices[0].issue_slice/scoreboard/out_arb/g_input_select.g_arbiter.g_out_buf[0].out_buf/g_eb2.stream_buffer/g_buffer.buffer_r_reg[37]
            (rising edge-triggered flip-flop clocked by CLK)
  Path Group: CLK
  Path Type: min

  Des/Clust/Port     Wire Load Model       Library
  ------------------------------------------------
  VX_issue           5K_hvratio_1_1        NangateOpenCellLibrary_tt1p1v25c

  Point                                                   Incr       Path
  --------------------------------------------------------------------------
  clock CLK (rise edge)                                   0.00       0.00
  clock network delay (ideal)                             0.00       0.00
  g_slices[0].issue_slice/scoreboard/out_arb/g_input_select.g_arbiter.g_out_buf[0].out_buf/g_eb2.stream_buffer/g_buffer.buffer_r_reg[37]/CK (DFF_X1)
                                                          0.00 #     0.00 r
  g_slices[0].issue_slice/scoreboard/out_arb/g_input_select.g_arbiter.g_out_buf[0].out_buf/g_eb2.stream_buffer/g_buffer.buffer_r_reg[37]/QN (DFF_X1)
                                                          0.08       0.08 r
  U143558/ZN (AOI22_X1)                                   0.03       0.11 f
  g_slices[0].issue_slice/scoreboard/out_arb/g_input_select.g_arbiter.g_out_buf[0].out_buf/g_eb2.stream_buffer/g_buffer.buffer_r_reg[37]/D (DFF_X1)
                                                          0.01       0.12 f
  data arrival time                                                  0.12

  clock CLK (rise edge)                                   0.00       0.00
  clock network delay (ideal)                             0.00       0.00
  clock uncertainty                                       0.05       0.05
  g_slices[0].issue_slice/scoreboard/out_arb/g_input_select.g_arbiter.g_out_buf[0].out_buf/g_eb2.stream_buffer/g_buffer.buffer_r_reg[37]/CK (DFF_X1)
                                                          0.00       0.05 r
  library hold time                                       0.01       0.06
  data required time                                                 0.06
  --------------------------------------------------------------------------
  data required time                                                 0.06
  data arrival time                                                 -0.12
  --------------------------------------------------------------------------
  slack (MET)                                                        0.06


  Startpoint: g_slices[0].issue_slice/scoreboard/out_arb/g_input_select.g_arbiter.g_out_buf[0].out_buf/g_eb2.stream_buffer/g_buffer.buffer_r_reg[38]
              (rising edge-triggered flip-flop clocked by CLK)
  Endpoint: g_slices[0].issue_slice/scoreboard/out_arb/g_input_select.g_arbiter.g_out_buf[0].out_buf/g_eb2.stream_buffer/g_buffer.buffer_r_reg[38]
            (rising edge-triggered flip-flop clocked by CLK)
  Path Group: CLK
  Path Type: min

  Des/Clust/Port     Wire Load Model       Library
  ------------------------------------------------
  VX_issue           5K_hvratio_1_1        NangateOpenCellLibrary_tt1p1v25c

  Point                                                   Incr       Path
  --------------------------------------------------------------------------
  clock CLK (rise edge)                                   0.00       0.00
  clock network delay (ideal)                             0.00       0.00
  g_slices[0].issue_slice/scoreboard/out_arb/g_input_select.g_arbiter.g_out_buf[0].out_buf/g_eb2.stream_buffer/g_buffer.buffer_r_reg[38]/CK (DFF_X1)
                                                          0.00 #     0.00 r
  g_slices[0].issue_slice/scoreboard/out_arb/g_input_select.g_arbiter.g_out_buf[0].out_buf/g_eb2.stream_buffer/g_buffer.buffer_r_reg[38]/QN (DFF_X1)
                                                          0.08       0.08 r
  U143562/ZN (AOI22_X1)                                   0.03       0.11 f
  g_slices[0].issue_slice/scoreboard/out_arb/g_input_select.g_arbiter.g_out_buf[0].out_buf/g_eb2.stream_buffer/g_buffer.buffer_r_reg[38]/D (DFF_X1)
                                                          0.01       0.12 f
  data arrival time                                                  0.12

  clock CLK (rise edge)                                   0.00       0.00
  clock network delay (ideal)                             0.00       0.00
  clock uncertainty                                       0.05       0.05
  g_slices[0].issue_slice/scoreboard/out_arb/g_input_select.g_arbiter.g_out_buf[0].out_buf/g_eb2.stream_buffer/g_buffer.buffer_r_reg[38]/CK (DFF_X1)
                                                          0.00       0.05 r
  library hold time                                       0.01       0.06
  data required time                                                 0.06
  --------------------------------------------------------------------------
  data required time                                                 0.06
  data arrival time                                                 -0.12
  --------------------------------------------------------------------------
  slack (MET)                                                        0.06


  Startpoint: g_slices[0].issue_slice/scoreboard/out_arb/g_input_select.g_arbiter.g_out_buf[0].out_buf/g_eb2.stream_buffer/g_buffer.buffer_r_reg[39]
              (rising edge-triggered flip-flop clocked by CLK)
  Endpoint: g_slices[0].issue_slice/scoreboard/out_arb/g_input_select.g_arbiter.g_out_buf[0].out_buf/g_eb2.stream_buffer/g_buffer.buffer_r_reg[39]
            (rising edge-triggered flip-flop clocked by CLK)
  Path Group: CLK
  Path Type: min

  Des/Clust/Port     Wire Load Model       Library
  ------------------------------------------------
  VX_issue           5K_hvratio_1_1        NangateOpenCellLibrary_tt1p1v25c

  Point                                                   Incr       Path
  --------------------------------------------------------------------------
  clock CLK (rise edge)                                   0.00       0.00
  clock network delay (ideal)                             0.00       0.00
  g_slices[0].issue_slice/scoreboard/out_arb/g_input_select.g_arbiter.g_out_buf[0].out_buf/g_eb2.stream_buffer/g_buffer.buffer_r_reg[39]/CK (DFF_X1)
                                                          0.00 #     0.00 r
  g_slices[0].issue_slice/scoreboard/out_arb/g_input_select.g_arbiter.g_out_buf[0].out_buf/g_eb2.stream_buffer/g_buffer.buffer_r_reg[39]/QN (DFF_X1)
                                                          0.08       0.08 r
  U143566/ZN (AOI22_X1)                                   0.03       0.11 f
  g_slices[0].issue_slice/scoreboard/out_arb/g_input_select.g_arbiter.g_out_buf[0].out_buf/g_eb2.stream_buffer/g_buffer.buffer_r_reg[39]/D (DFF_X1)
                                                          0.01       0.12 f
  data arrival time                                                  0.12

  clock CLK (rise edge)                                   0.00       0.00
  clock network delay (ideal)                             0.00       0.00
  clock uncertainty                                       0.05       0.05
  g_slices[0].issue_slice/scoreboard/out_arb/g_input_select.g_arbiter.g_out_buf[0].out_buf/g_eb2.stream_buffer/g_buffer.buffer_r_reg[39]/CK (DFF_X1)
                                                          0.00       0.05 r
  library hold time                                       0.01       0.06
  data required time                                                 0.06
  --------------------------------------------------------------------------
  data required time                                                 0.06
  data arrival time                                                 -0.12
  --------------------------------------------------------------------------
  slack (MET)                                                        0.06


  Startpoint: g_slices[0].issue_slice/scoreboard/out_arb/g_input_select.g_arbiter.g_out_buf[0].out_buf/g_eb2.stream_buffer/g_buffer.buffer_r_reg[40]
              (rising edge-triggered flip-flop clocked by CLK)
  Endpoint: g_slices[0].issue_slice/scoreboard/out_arb/g_input_select.g_arbiter.g_out_buf[0].out_buf/g_eb2.stream_buffer/g_buffer.buffer_r_reg[40]
            (rising edge-triggered flip-flop clocked by CLK)
  Path Group: CLK
  Path Type: min

  Des/Clust/Port     Wire Load Model       Library
  ------------------------------------------------
  VX_issue           5K_hvratio_1_1        NangateOpenCellLibrary_tt1p1v25c

  Point                                                   Incr       Path
  --------------------------------------------------------------------------
  clock CLK (rise edge)                                   0.00       0.00
  clock network delay (ideal)                             0.00       0.00
  g_slices[0].issue_slice/scoreboard/out_arb/g_input_select.g_arbiter.g_out_buf[0].out_buf/g_eb2.stream_buffer/g_buffer.buffer_r_reg[40]/CK (DFF_X1)
                                                          0.00 #     0.00 r
  g_slices[0].issue_slice/scoreboard/out_arb/g_input_select.g_arbiter.g_out_buf[0].out_buf/g_eb2.stream_buffer/g_buffer.buffer_r_reg[40]/QN (DFF_X1)
                                                          0.08       0.08 r
  U143570/ZN (AOI22_X1)                                   0.03       0.11 f
  g_slices[0].issue_slice/scoreboard/out_arb/g_input_select.g_arbiter.g_out_buf[0].out_buf/g_eb2.stream_buffer/g_buffer.buffer_r_reg[40]/D (DFF_X1)
                                                          0.01       0.12 f
  data arrival time                                                  0.12

  clock CLK (rise edge)                                   0.00       0.00
  clock network delay (ideal)                             0.00       0.00
  clock uncertainty                                       0.05       0.05
  g_slices[0].issue_slice/scoreboard/out_arb/g_input_select.g_arbiter.g_out_buf[0].out_buf/g_eb2.stream_buffer/g_buffer.buffer_r_reg[40]/CK (DFF_X1)
                                                          0.00       0.05 r
  library hold time                                       0.01       0.06
  data required time                                                 0.06
  --------------------------------------------------------------------------
  data required time                                                 0.06
  data arrival time                                                 -0.12
  --------------------------------------------------------------------------
  slack (MET)                                                        0.06


  Startpoint: g_slices[0].issue_slice/scoreboard/out_arb/g_input_select.g_arbiter.g_out_buf[0].out_buf/g_eb2.stream_buffer/g_buffer.buffer_r_reg[41]
              (rising edge-triggered flip-flop clocked by CLK)
  Endpoint: g_slices[0].issue_slice/scoreboard/out_arb/g_input_select.g_arbiter.g_out_buf[0].out_buf/g_eb2.stream_buffer/g_buffer.buffer_r_reg[41]
            (rising edge-triggered flip-flop clocked by CLK)
  Path Group: CLK
  Path Type: min

  Des/Clust/Port     Wire Load Model       Library
  ------------------------------------------------
  VX_issue           5K_hvratio_1_1        NangateOpenCellLibrary_tt1p1v25c

  Point                                                   Incr       Path
  --------------------------------------------------------------------------
  clock CLK (rise edge)                                   0.00       0.00
  clock network delay (ideal)                             0.00       0.00
  g_slices[0].issue_slice/scoreboard/out_arb/g_input_select.g_arbiter.g_out_buf[0].out_buf/g_eb2.stream_buffer/g_buffer.buffer_r_reg[41]/CK (DFF_X1)
                                                          0.00 #     0.00 r
  g_slices[0].issue_slice/scoreboard/out_arb/g_input_select.g_arbiter.g_out_buf[0].out_buf/g_eb2.stream_buffer/g_buffer.buffer_r_reg[41]/QN (DFF_X1)
                                                          0.08       0.08 r
  U143574/ZN (AOI22_X1)                                   0.03       0.11 f
  g_slices[0].issue_slice/scoreboard/out_arb/g_input_select.g_arbiter.g_out_buf[0].out_buf/g_eb2.stream_buffer/g_buffer.buffer_r_reg[41]/D (DFF_X1)
                                                          0.01       0.12 f
  data arrival time                                                  0.12

  clock CLK (rise edge)                                   0.00       0.00
  clock network delay (ideal)                             0.00       0.00
  clock uncertainty                                       0.05       0.05
  g_slices[0].issue_slice/scoreboard/out_arb/g_input_select.g_arbiter.g_out_buf[0].out_buf/g_eb2.stream_buffer/g_buffer.buffer_r_reg[41]/CK (DFF_X1)
                                                          0.00       0.05 r
  library hold time                                       0.01       0.06
  data required time                                                 0.06
  --------------------------------------------------------------------------
  data required time                                                 0.06
  data arrival time                                                 -0.12
  --------------------------------------------------------------------------
  slack (MET)                                                        0.06


  Startpoint: g_slices[0].issue_slice/scoreboard/out_arb/g_input_select.g_arbiter.g_out_buf[0].out_buf/g_eb2.stream_buffer/g_buffer.buffer_r_reg[42]
              (rising edge-triggered flip-flop clocked by CLK)
  Endpoint: g_slices[0].issue_slice/scoreboard/out_arb/g_input_select.g_arbiter.g_out_buf[0].out_buf/g_eb2.stream_buffer/g_buffer.buffer_r_reg[42]
            (rising edge-triggered flip-flop clocked by CLK)
  Path Group: CLK
  Path Type: min

  Des/Clust/Port     Wire Load Model       Library
  ------------------------------------------------
  VX_issue           5K_hvratio_1_1        NangateOpenCellLibrary_tt1p1v25c

  Point                                                   Incr       Path
  --------------------------------------------------------------------------
  clock CLK (rise edge)                                   0.00       0.00
  clock network delay (ideal)                             0.00       0.00
  g_slices[0].issue_slice/scoreboard/out_arb/g_input_select.g_arbiter.g_out_buf[0].out_buf/g_eb2.stream_buffer/g_buffer.buffer_r_reg[42]/CK (DFF_X1)
                                                          0.00 #     0.00 r
  g_slices[0].issue_slice/scoreboard/out_arb/g_input_select.g_arbiter.g_out_buf[0].out_buf/g_eb2.stream_buffer/g_buffer.buffer_r_reg[42]/QN (DFF_X1)
                                                          0.08       0.08 r
  U143578/ZN (AOI22_X1)                                   0.03       0.11 f
  g_slices[0].issue_slice/scoreboard/out_arb/g_input_select.g_arbiter.g_out_buf[0].out_buf/g_eb2.stream_buffer/g_buffer.buffer_r_reg[42]/D (DFF_X1)
                                                          0.01       0.12 f
  data arrival time                                                  0.12

  clock CLK (rise edge)                                   0.00       0.00
  clock network delay (ideal)                             0.00       0.00
  clock uncertainty                                       0.05       0.05
  g_slices[0].issue_slice/scoreboard/out_arb/g_input_select.g_arbiter.g_out_buf[0].out_buf/g_eb2.stream_buffer/g_buffer.buffer_r_reg[42]/CK (DFF_X1)
                                                          0.00       0.05 r
  library hold time                                       0.01       0.06
  data required time                                                 0.06
  --------------------------------------------------------------------------
  data required time                                                 0.06
  data arrival time                                                 -0.12
  --------------------------------------------------------------------------
  slack (MET)                                                        0.06


  Startpoint: g_slices[0].issue_slice/scoreboard/out_arb/g_input_select.g_arbiter.g_out_buf[0].out_buf/g_eb2.stream_buffer/g_buffer.buffer_r_reg[43]
              (rising edge-triggered flip-flop clocked by CLK)
  Endpoint: g_slices[0].issue_slice/scoreboard/out_arb/g_input_select.g_arbiter.g_out_buf[0].out_buf/g_eb2.stream_buffer/g_buffer.buffer_r_reg[43]
            (rising edge-triggered flip-flop clocked by CLK)
  Path Group: CLK
  Path Type: min

  Des/Clust/Port     Wire Load Model       Library
  ------------------------------------------------
  VX_issue           5K_hvratio_1_1        NangateOpenCellLibrary_tt1p1v25c

  Point                                                   Incr       Path
  --------------------------------------------------------------------------
  clock CLK (rise edge)                                   0.00       0.00
  clock network delay (ideal)                             0.00       0.00
  g_slices[0].issue_slice/scoreboard/out_arb/g_input_select.g_arbiter.g_out_buf[0].out_buf/g_eb2.stream_buffer/g_buffer.buffer_r_reg[43]/CK (DFF_X1)
                                                          0.00 #     0.00 r
  g_slices[0].issue_slice/scoreboard/out_arb/g_input_select.g_arbiter.g_out_buf[0].out_buf/g_eb2.stream_buffer/g_buffer.buffer_r_reg[43]/QN (DFF_X1)
                                                          0.08       0.08 r
  U143582/ZN (AOI22_X1)                                   0.03       0.11 f
  g_slices[0].issue_slice/scoreboard/out_arb/g_input_select.g_arbiter.g_out_buf[0].out_buf/g_eb2.stream_buffer/g_buffer.buffer_r_reg[43]/D (DFF_X1)
                                                          0.01       0.12 f
  data arrival time                                                  0.12

  clock CLK (rise edge)                                   0.00       0.00
  clock network delay (ideal)                             0.00       0.00
  clock uncertainty                                       0.05       0.05
  g_slices[0].issue_slice/scoreboard/out_arb/g_input_select.g_arbiter.g_out_buf[0].out_buf/g_eb2.stream_buffer/g_buffer.buffer_r_reg[43]/CK (DFF_X1)
                                                          0.00       0.05 r
  library hold time                                       0.01       0.06
  data required time                                                 0.06
  --------------------------------------------------------------------------
  data required time                                                 0.06
  data arrival time                                                 -0.12
  --------------------------------------------------------------------------
  slack (MET)                                                        0.06


  Startpoint: g_slices[0].issue_slice/scoreboard/out_arb/g_input_select.g_arbiter.g_out_buf[0].out_buf/g_eb2.stream_buffer/g_buffer.buffer_r_reg[44]
              (rising edge-triggered flip-flop clocked by CLK)
  Endpoint: g_slices[0].issue_slice/scoreboard/out_arb/g_input_select.g_arbiter.g_out_buf[0].out_buf/g_eb2.stream_buffer/g_buffer.buffer_r_reg[44]
            (rising edge-triggered flip-flop clocked by CLK)
  Path Group: CLK
  Path Type: min

  Des/Clust/Port     Wire Load Model       Library
  ------------------------------------------------
  VX_issue           5K_hvratio_1_1        NangateOpenCellLibrary_tt1p1v25c

  Point                                                   Incr       Path
  --------------------------------------------------------------------------
  clock CLK (rise edge)                                   0.00       0.00
  clock network delay (ideal)                             0.00       0.00
  g_slices[0].issue_slice/scoreboard/out_arb/g_input_select.g_arbiter.g_out_buf[0].out_buf/g_eb2.stream_buffer/g_buffer.buffer_r_reg[44]/CK (DFF_X1)
                                                          0.00 #     0.00 r
  g_slices[0].issue_slice/scoreboard/out_arb/g_input_select.g_arbiter.g_out_buf[0].out_buf/g_eb2.stream_buffer/g_buffer.buffer_r_reg[44]/QN (DFF_X1)
                                                          0.08       0.08 r
  U143586/ZN (AOI22_X1)                                   0.03       0.11 f
  g_slices[0].issue_slice/scoreboard/out_arb/g_input_select.g_arbiter.g_out_buf[0].out_buf/g_eb2.stream_buffer/g_buffer.buffer_r_reg[44]/D (DFF_X1)
                                                          0.01       0.12 f
  data arrival time                                                  0.12

  clock CLK (rise edge)                                   0.00       0.00
  clock network delay (ideal)                             0.00       0.00
  clock uncertainty                                       0.05       0.05
  g_slices[0].issue_slice/scoreboard/out_arb/g_input_select.g_arbiter.g_out_buf[0].out_buf/g_eb2.stream_buffer/g_buffer.buffer_r_reg[44]/CK (DFF_X1)
                                                          0.00       0.05 r
  library hold time                                       0.01       0.06
  data required time                                                 0.06
  --------------------------------------------------------------------------
  data required time                                                 0.06
  data arrival time                                                 -0.12
  --------------------------------------------------------------------------
  slack (MET)                                                        0.06


  Startpoint: g_slices[0].issue_slice/scoreboard/out_arb/g_input_select.g_arbiter.g_out_buf[0].out_buf/g_eb2.stream_buffer/g_buffer.buffer_r_reg[45]
              (rising edge-triggered flip-flop clocked by CLK)
  Endpoint: g_slices[0].issue_slice/scoreboard/out_arb/g_input_select.g_arbiter.g_out_buf[0].out_buf/g_eb2.stream_buffer/g_buffer.buffer_r_reg[45]
            (rising edge-triggered flip-flop clocked by CLK)
  Path Group: CLK
  Path Type: min

  Des/Clust/Port     Wire Load Model       Library
  ------------------------------------------------
  VX_issue           5K_hvratio_1_1        NangateOpenCellLibrary_tt1p1v25c

  Point                                                   Incr       Path
  --------------------------------------------------------------------------
  clock CLK (rise edge)                                   0.00       0.00
  clock network delay (ideal)                             0.00       0.00
  g_slices[0].issue_slice/scoreboard/out_arb/g_input_select.g_arbiter.g_out_buf[0].out_buf/g_eb2.stream_buffer/g_buffer.buffer_r_reg[45]/CK (DFF_X1)
                                                          0.00 #     0.00 r
  g_slices[0].issue_slice/scoreboard/out_arb/g_input_select.g_arbiter.g_out_buf[0].out_buf/g_eb2.stream_buffer/g_buffer.buffer_r_reg[45]/QN (DFF_X1)
                                                          0.08       0.08 r
  U143590/ZN (AOI22_X1)                                   0.03       0.11 f
  g_slices[0].issue_slice/scoreboard/out_arb/g_input_select.g_arbiter.g_out_buf[0].out_buf/g_eb2.stream_buffer/g_buffer.buffer_r_reg[45]/D (DFF_X1)
                                                          0.01       0.12 f
  data arrival time                                                  0.12

  clock CLK (rise edge)                                   0.00       0.00
  clock network delay (ideal)                             0.00       0.00
  clock uncertainty                                       0.05       0.05
  g_slices[0].issue_slice/scoreboard/out_arb/g_input_select.g_arbiter.g_out_buf[0].out_buf/g_eb2.stream_buffer/g_buffer.buffer_r_reg[45]/CK (DFF_X1)
                                                          0.00       0.05 r
  library hold time                                       0.01       0.06
  data required time                                                 0.06
  --------------------------------------------------------------------------
  data required time                                                 0.06
  data arrival time                                                 -0.12
  --------------------------------------------------------------------------
  slack (MET)                                                        0.06


  Startpoint: g_slices[0].issue_slice/scoreboard/out_arb/g_input_select.g_arbiter.g_out_buf[0].out_buf/g_eb2.stream_buffer/g_buffer.buffer_r_reg[46]
              (rising edge-triggered flip-flop clocked by CLK)
  Endpoint: g_slices[0].issue_slice/scoreboard/out_arb/g_input_select.g_arbiter.g_out_buf[0].out_buf/g_eb2.stream_buffer/g_buffer.buffer_r_reg[46]
            (rising edge-triggered flip-flop clocked by CLK)
  Path Group: CLK
  Path Type: min

  Des/Clust/Port     Wire Load Model       Library
  ------------------------------------------------
  VX_issue           5K_hvratio_1_1        NangateOpenCellLibrary_tt1p1v25c

  Point                                                   Incr       Path
  --------------------------------------------------------------------------
  clock CLK (rise edge)                                   0.00       0.00
  clock network delay (ideal)                             0.00       0.00
  g_slices[0].issue_slice/scoreboard/out_arb/g_input_select.g_arbiter.g_out_buf[0].out_buf/g_eb2.stream_buffer/g_buffer.buffer_r_reg[46]/CK (DFF_X1)
                                                          0.00 #     0.00 r
  g_slices[0].issue_slice/scoreboard/out_arb/g_input_select.g_arbiter.g_out_buf[0].out_buf/g_eb2.stream_buffer/g_buffer.buffer_r_reg[46]/QN (DFF_X1)
                                                          0.08       0.08 r
  U143594/ZN (AOI22_X1)                                   0.03       0.11 f
  g_slices[0].issue_slice/scoreboard/out_arb/g_input_select.g_arbiter.g_out_buf[0].out_buf/g_eb2.stream_buffer/g_buffer.buffer_r_reg[46]/D (DFF_X1)
                                                          0.01       0.12 f
  data arrival time                                                  0.12

  clock CLK (rise edge)                                   0.00       0.00
  clock network delay (ideal)                             0.00       0.00
  clock uncertainty                                       0.05       0.05
  g_slices[0].issue_slice/scoreboard/out_arb/g_input_select.g_arbiter.g_out_buf[0].out_buf/g_eb2.stream_buffer/g_buffer.buffer_r_reg[46]/CK (DFF_X1)
                                                          0.00       0.05 r
  library hold time                                       0.01       0.06
  data required time                                                 0.06
  --------------------------------------------------------------------------
  data required time                                                 0.06
  data arrival time                                                 -0.12
  --------------------------------------------------------------------------
  slack (MET)                                                        0.06


  Startpoint: g_slices[0].issue_slice/scoreboard/out_arb/g_input_select.g_arbiter.g_out_buf[0].out_buf/g_eb2.stream_buffer/g_buffer.buffer_r_reg[47]
              (rising edge-triggered flip-flop clocked by CLK)
  Endpoint: g_slices[0].issue_slice/scoreboard/out_arb/g_input_select.g_arbiter.g_out_buf[0].out_buf/g_eb2.stream_buffer/g_buffer.buffer_r_reg[47]
            (rising edge-triggered flip-flop clocked by CLK)
  Path Group: CLK
  Path Type: min

  Des/Clust/Port     Wire Load Model       Library
  ------------------------------------------------
  VX_issue           5K_hvratio_1_1        NangateOpenCellLibrary_tt1p1v25c

  Point                                                   Incr       Path
  --------------------------------------------------------------------------
  clock CLK (rise edge)                                   0.00       0.00
  clock network delay (ideal)                             0.00       0.00
  g_slices[0].issue_slice/scoreboard/out_arb/g_input_select.g_arbiter.g_out_buf[0].out_buf/g_eb2.stream_buffer/g_buffer.buffer_r_reg[47]/CK (DFF_X1)
                                                          0.00 #     0.00 r
  g_slices[0].issue_slice/scoreboard/out_arb/g_input_select.g_arbiter.g_out_buf[0].out_buf/g_eb2.stream_buffer/g_buffer.buffer_r_reg[47]/QN (DFF_X1)
                                                          0.08       0.08 r
  U143598/ZN (AOI22_X1)                                   0.03       0.11 f
  g_slices[0].issue_slice/scoreboard/out_arb/g_input_select.g_arbiter.g_out_buf[0].out_buf/g_eb2.stream_buffer/g_buffer.buffer_r_reg[47]/D (DFF_X1)
                                                          0.01       0.12 f
  data arrival time                                                  0.12

  clock CLK (rise edge)                                   0.00       0.00
  clock network delay (ideal)                             0.00       0.00
  clock uncertainty                                       0.05       0.05
  g_slices[0].issue_slice/scoreboard/out_arb/g_input_select.g_arbiter.g_out_buf[0].out_buf/g_eb2.stream_buffer/g_buffer.buffer_r_reg[47]/CK (DFF_X1)
                                                          0.00       0.05 r
  library hold time                                       0.01       0.06
  data required time                                                 0.06
  --------------------------------------------------------------------------
  data required time                                                 0.06
  data arrival time                                                 -0.12
  --------------------------------------------------------------------------
  slack (MET)                                                        0.06


  Startpoint: g_slices[0].issue_slice/scoreboard/out_arb/g_input_select.g_arbiter.g_out_buf[0].out_buf/g_eb2.stream_buffer/g_buffer.buffer_r_reg[48]
              (rising edge-triggered flip-flop clocked by CLK)
  Endpoint: g_slices[0].issue_slice/scoreboard/out_arb/g_input_select.g_arbiter.g_out_buf[0].out_buf/g_eb2.stream_buffer/g_buffer.buffer_r_reg[48]
            (rising edge-triggered flip-flop clocked by CLK)
  Path Group: CLK
  Path Type: min

  Des/Clust/Port     Wire Load Model       Library
  ------------------------------------------------
  VX_issue           5K_hvratio_1_1        NangateOpenCellLibrary_tt1p1v25c

  Point                                                   Incr       Path
  --------------------------------------------------------------------------
  clock CLK (rise edge)                                   0.00       0.00
  clock network delay (ideal)                             0.00       0.00
  g_slices[0].issue_slice/scoreboard/out_arb/g_input_select.g_arbiter.g_out_buf[0].out_buf/g_eb2.stream_buffer/g_buffer.buffer_r_reg[48]/CK (DFF_X1)
                                                          0.00 #     0.00 r
  g_slices[0].issue_slice/scoreboard/out_arb/g_input_select.g_arbiter.g_out_buf[0].out_buf/g_eb2.stream_buffer/g_buffer.buffer_r_reg[48]/QN (DFF_X1)
                                                          0.08       0.08 r
  U143602/ZN (AOI22_X1)                                   0.03       0.11 f
  g_slices[0].issue_slice/scoreboard/out_arb/g_input_select.g_arbiter.g_out_buf[0].out_buf/g_eb2.stream_buffer/g_buffer.buffer_r_reg[48]/D (DFF_X1)
                                                          0.01       0.12 f
  data arrival time                                                  0.12

  clock CLK (rise edge)                                   0.00       0.00
  clock network delay (ideal)                             0.00       0.00
  clock uncertainty                                       0.05       0.05
  g_slices[0].issue_slice/scoreboard/out_arb/g_input_select.g_arbiter.g_out_buf[0].out_buf/g_eb2.stream_buffer/g_buffer.buffer_r_reg[48]/CK (DFF_X1)
                                                          0.00       0.05 r
  library hold time                                       0.01       0.06
  data required time                                                 0.06
  --------------------------------------------------------------------------
  data required time                                                 0.06
  data arrival time                                                 -0.12
  --------------------------------------------------------------------------
  slack (MET)                                                        0.06


  Startpoint: g_slices[0].issue_slice/scoreboard/out_arb/g_input_select.g_arbiter.g_out_buf[0].out_buf/g_eb2.stream_buffer/g_buffer.buffer_r_reg[49]
              (rising edge-triggered flip-flop clocked by CLK)
  Endpoint: g_slices[0].issue_slice/scoreboard/out_arb/g_input_select.g_arbiter.g_out_buf[0].out_buf/g_eb2.stream_buffer/g_buffer.buffer_r_reg[49]
            (rising edge-triggered flip-flop clocked by CLK)
  Path Group: CLK
  Path Type: min

  Des/Clust/Port     Wire Load Model       Library
  ------------------------------------------------
  VX_issue           5K_hvratio_1_1        NangateOpenCellLibrary_tt1p1v25c

  Point                                                   Incr       Path
  --------------------------------------------------------------------------
  clock CLK (rise edge)                                   0.00       0.00
  clock network delay (ideal)                             0.00       0.00
  g_slices[0].issue_slice/scoreboard/out_arb/g_input_select.g_arbiter.g_out_buf[0].out_buf/g_eb2.stream_buffer/g_buffer.buffer_r_reg[49]/CK (DFF_X1)
                                                          0.00 #     0.00 r
  g_slices[0].issue_slice/scoreboard/out_arb/g_input_select.g_arbiter.g_out_buf[0].out_buf/g_eb2.stream_buffer/g_buffer.buffer_r_reg[49]/QN (DFF_X1)
                                                          0.08       0.08 r
  U143606/ZN (AOI22_X1)                                   0.03       0.11 f
  g_slices[0].issue_slice/scoreboard/out_arb/g_input_select.g_arbiter.g_out_buf[0].out_buf/g_eb2.stream_buffer/g_buffer.buffer_r_reg[49]/D (DFF_X1)
                                                          0.01       0.12 f
  data arrival time                                                  0.12

  clock CLK (rise edge)                                   0.00       0.00
  clock network delay (ideal)                             0.00       0.00
  clock uncertainty                                       0.05       0.05
  g_slices[0].issue_slice/scoreboard/out_arb/g_input_select.g_arbiter.g_out_buf[0].out_buf/g_eb2.stream_buffer/g_buffer.buffer_r_reg[49]/CK (DFF_X1)
                                                          0.00       0.05 r
  library hold time                                       0.01       0.06
  data required time                                                 0.06
  --------------------------------------------------------------------------
  data required time                                                 0.06
  data arrival time                                                 -0.12
  --------------------------------------------------------------------------
  slack (MET)                                                        0.06


  Startpoint: g_slices[0].issue_slice/scoreboard/out_arb/g_input_select.g_arbiter.g_out_buf[0].out_buf/g_eb2.stream_buffer/g_buffer.buffer_r_reg[50]
              (rising edge-triggered flip-flop clocked by CLK)
  Endpoint: g_slices[0].issue_slice/scoreboard/out_arb/g_input_select.g_arbiter.g_out_buf[0].out_buf/g_eb2.stream_buffer/g_buffer.buffer_r_reg[50]
            (rising edge-triggered flip-flop clocked by CLK)
  Path Group: CLK
  Path Type: min

  Des/Clust/Port     Wire Load Model       Library
  ------------------------------------------------
  VX_issue           5K_hvratio_1_1        NangateOpenCellLibrary_tt1p1v25c

  Point                                                   Incr       Path
  --------------------------------------------------------------------------
  clock CLK (rise edge)                                   0.00       0.00
  clock network delay (ideal)                             0.00       0.00
  g_slices[0].issue_slice/scoreboard/out_arb/g_input_select.g_arbiter.g_out_buf[0].out_buf/g_eb2.stream_buffer/g_buffer.buffer_r_reg[50]/CK (DFF_X1)
                                                          0.00 #     0.00 r
  g_slices[0].issue_slice/scoreboard/out_arb/g_input_select.g_arbiter.g_out_buf[0].out_buf/g_eb2.stream_buffer/g_buffer.buffer_r_reg[50]/QN (DFF_X1)
                                                          0.08       0.08 r
  U143610/ZN (AOI22_X1)                                   0.03       0.11 f
  g_slices[0].issue_slice/scoreboard/out_arb/g_input_select.g_arbiter.g_out_buf[0].out_buf/g_eb2.stream_buffer/g_buffer.buffer_r_reg[50]/D (DFF_X1)
                                                          0.01       0.12 f
  data arrival time                                                  0.12

  clock CLK (rise edge)                                   0.00       0.00
  clock network delay (ideal)                             0.00       0.00
  clock uncertainty                                       0.05       0.05
  g_slices[0].issue_slice/scoreboard/out_arb/g_input_select.g_arbiter.g_out_buf[0].out_buf/g_eb2.stream_buffer/g_buffer.buffer_r_reg[50]/CK (DFF_X1)
                                                          0.00       0.05 r
  library hold time                                       0.01       0.06
  data required time                                                 0.06
  --------------------------------------------------------------------------
  data required time                                                 0.06
  data arrival time                                                 -0.12
  --------------------------------------------------------------------------
  slack (MET)                                                        0.06


  Startpoint: g_slices[0].issue_slice/scoreboard/out_arb/g_input_select.g_arbiter.g_out_buf[0].out_buf/g_eb2.stream_buffer/g_buffer.buffer_r_reg[51]
              (rising edge-triggered flip-flop clocked by CLK)
  Endpoint: g_slices[0].issue_slice/scoreboard/out_arb/g_input_select.g_arbiter.g_out_buf[0].out_buf/g_eb2.stream_buffer/g_buffer.buffer_r_reg[51]
            (rising edge-triggered flip-flop clocked by CLK)
  Path Group: CLK
  Path Type: min

  Des/Clust/Port     Wire Load Model       Library
  ------------------------------------------------
  VX_issue           5K_hvratio_1_1        NangateOpenCellLibrary_tt1p1v25c

  Point                                                   Incr       Path
  --------------------------------------------------------------------------
  clock CLK (rise edge)                                   0.00       0.00
  clock network delay (ideal)                             0.00       0.00
  g_slices[0].issue_slice/scoreboard/out_arb/g_input_select.g_arbiter.g_out_buf[0].out_buf/g_eb2.stream_buffer/g_buffer.buffer_r_reg[51]/CK (DFF_X1)
                                                          0.00 #     0.00 r
  g_slices[0].issue_slice/scoreboard/out_arb/g_input_select.g_arbiter.g_out_buf[0].out_buf/g_eb2.stream_buffer/g_buffer.buffer_r_reg[51]/QN (DFF_X1)
                                                          0.08       0.08 r
  U143614/ZN (AOI22_X1)                                   0.03       0.11 f
  g_slices[0].issue_slice/scoreboard/out_arb/g_input_select.g_arbiter.g_out_buf[0].out_buf/g_eb2.stream_buffer/g_buffer.buffer_r_reg[51]/D (DFF_X1)
                                                          0.01       0.12 f
  data arrival time                                                  0.12

  clock CLK (rise edge)                                   0.00       0.00
  clock network delay (ideal)                             0.00       0.00
  clock uncertainty                                       0.05       0.05
  g_slices[0].issue_slice/scoreboard/out_arb/g_input_select.g_arbiter.g_out_buf[0].out_buf/g_eb2.stream_buffer/g_buffer.buffer_r_reg[51]/CK (DFF_X1)
                                                          0.00       0.05 r
  library hold time                                       0.01       0.06
  data required time                                                 0.06
  --------------------------------------------------------------------------
  data required time                                                 0.06
  data arrival time                                                 -0.12
  --------------------------------------------------------------------------
  slack (MET)                                                        0.06


  Startpoint: g_slices[0].issue_slice/scoreboard/out_arb/g_input_select.g_arbiter.g_out_buf[0].out_buf/g_eb2.stream_buffer/g_buffer.buffer_r_reg[52]
              (rising edge-triggered flip-flop clocked by CLK)
  Endpoint: g_slices[0].issue_slice/scoreboard/out_arb/g_input_select.g_arbiter.g_out_buf[0].out_buf/g_eb2.stream_buffer/g_buffer.buffer_r_reg[52]
            (rising edge-triggered flip-flop clocked by CLK)
  Path Group: CLK
  Path Type: min

  Des/Clust/Port     Wire Load Model       Library
  ------------------------------------------------
  VX_issue           5K_hvratio_1_1        NangateOpenCellLibrary_tt1p1v25c

  Point                                                   Incr       Path
  --------------------------------------------------------------------------
  clock CLK (rise edge)                                   0.00       0.00
  clock network delay (ideal)                             0.00       0.00
  g_slices[0].issue_slice/scoreboard/out_arb/g_input_select.g_arbiter.g_out_buf[0].out_buf/g_eb2.stream_buffer/g_buffer.buffer_r_reg[52]/CK (DFF_X1)
                                                          0.00 #     0.00 r
  g_slices[0].issue_slice/scoreboard/out_arb/g_input_select.g_arbiter.g_out_buf[0].out_buf/g_eb2.stream_buffer/g_buffer.buffer_r_reg[52]/QN (DFF_X1)
                                                          0.08       0.08 r
  U143618/ZN (AOI22_X1)                                   0.03       0.11 f
  g_slices[0].issue_slice/scoreboard/out_arb/g_input_select.g_arbiter.g_out_buf[0].out_buf/g_eb2.stream_buffer/g_buffer.buffer_r_reg[52]/D (DFF_X1)
                                                          0.01       0.12 f
  data arrival time                                                  0.12

  clock CLK (rise edge)                                   0.00       0.00
  clock network delay (ideal)                             0.00       0.00
  clock uncertainty                                       0.05       0.05
  g_slices[0].issue_slice/scoreboard/out_arb/g_input_select.g_arbiter.g_out_buf[0].out_buf/g_eb2.stream_buffer/g_buffer.buffer_r_reg[52]/CK (DFF_X1)
                                                          0.00       0.05 r
  library hold time                                       0.01       0.06
  data required time                                                 0.06
  --------------------------------------------------------------------------
  data required time                                                 0.06
  data arrival time                                                 -0.12
  --------------------------------------------------------------------------
  slack (MET)                                                        0.06


  Startpoint: g_slices[0].issue_slice/scoreboard/out_arb/g_input_select.g_arbiter.g_out_buf[0].out_buf/g_eb2.stream_buffer/g_buffer.buffer_r_reg[53]
              (rising edge-triggered flip-flop clocked by CLK)
  Endpoint: g_slices[0].issue_slice/scoreboard/out_arb/g_input_select.g_arbiter.g_out_buf[0].out_buf/g_eb2.stream_buffer/g_buffer.buffer_r_reg[53]
            (rising edge-triggered flip-flop clocked by CLK)
  Path Group: CLK
  Path Type: min

  Des/Clust/Port     Wire Load Model       Library
  ------------------------------------------------
  VX_issue           5K_hvratio_1_1        NangateOpenCellLibrary_tt1p1v25c

  Point                                                   Incr       Path
  --------------------------------------------------------------------------
  clock CLK (rise edge)                                   0.00       0.00
  clock network delay (ideal)                             0.00       0.00
  g_slices[0].issue_slice/scoreboard/out_arb/g_input_select.g_arbiter.g_out_buf[0].out_buf/g_eb2.stream_buffer/g_buffer.buffer_r_reg[53]/CK (DFF_X1)
                                                          0.00 #     0.00 r
  g_slices[0].issue_slice/scoreboard/out_arb/g_input_select.g_arbiter.g_out_buf[0].out_buf/g_eb2.stream_buffer/g_buffer.buffer_r_reg[53]/QN (DFF_X1)
                                                          0.08       0.08 r
  U143622/ZN (AOI22_X1)                                   0.03       0.11 f
  g_slices[0].issue_slice/scoreboard/out_arb/g_input_select.g_arbiter.g_out_buf[0].out_buf/g_eb2.stream_buffer/g_buffer.buffer_r_reg[53]/D (DFF_X1)
                                                          0.01       0.12 f
  data arrival time                                                  0.12

  clock CLK (rise edge)                                   0.00       0.00
  clock network delay (ideal)                             0.00       0.00
  clock uncertainty                                       0.05       0.05
  g_slices[0].issue_slice/scoreboard/out_arb/g_input_select.g_arbiter.g_out_buf[0].out_buf/g_eb2.stream_buffer/g_buffer.buffer_r_reg[53]/CK (DFF_X1)
                                                          0.00       0.05 r
  library hold time                                       0.01       0.06
  data required time                                                 0.06
  --------------------------------------------------------------------------
  data required time                                                 0.06
  data arrival time                                                 -0.12
  --------------------------------------------------------------------------
  slack (MET)                                                        0.06


  Startpoint: g_slices[0].issue_slice/scoreboard/out_arb/g_input_select.g_arbiter.g_out_buf[0].out_buf/g_eb2.stream_buffer/g_buffer.buffer_r_reg[54]
              (rising edge-triggered flip-flop clocked by CLK)
  Endpoint: g_slices[0].issue_slice/scoreboard/out_arb/g_input_select.g_arbiter.g_out_buf[0].out_buf/g_eb2.stream_buffer/g_buffer.buffer_r_reg[54]
            (rising edge-triggered flip-flop clocked by CLK)
  Path Group: CLK
  Path Type: min

  Des/Clust/Port     Wire Load Model       Library
  ------------------------------------------------
  VX_issue           5K_hvratio_1_1        NangateOpenCellLibrary_tt1p1v25c

  Point                                                   Incr       Path
  --------------------------------------------------------------------------
  clock CLK (rise edge)                                   0.00       0.00
  clock network delay (ideal)                             0.00       0.00
  g_slices[0].issue_slice/scoreboard/out_arb/g_input_select.g_arbiter.g_out_buf[0].out_buf/g_eb2.stream_buffer/g_buffer.buffer_r_reg[54]/CK (DFF_X1)
                                                          0.00 #     0.00 r
  g_slices[0].issue_slice/scoreboard/out_arb/g_input_select.g_arbiter.g_out_buf[0].out_buf/g_eb2.stream_buffer/g_buffer.buffer_r_reg[54]/QN (DFF_X1)
                                                          0.08       0.08 r
  U143626/ZN (AOI22_X1)                                   0.03       0.11 f
  g_slices[0].issue_slice/scoreboard/out_arb/g_input_select.g_arbiter.g_out_buf[0].out_buf/g_eb2.stream_buffer/g_buffer.buffer_r_reg[54]/D (DFF_X1)
                                                          0.01       0.12 f
  data arrival time                                                  0.12

  clock CLK (rise edge)                                   0.00       0.00
  clock network delay (ideal)                             0.00       0.00
  clock uncertainty                                       0.05       0.05
  g_slices[0].issue_slice/scoreboard/out_arb/g_input_select.g_arbiter.g_out_buf[0].out_buf/g_eb2.stream_buffer/g_buffer.buffer_r_reg[54]/CK (DFF_X1)
                                                          0.00       0.05 r
  library hold time                                       0.01       0.06
  data required time                                                 0.06
  --------------------------------------------------------------------------
  data required time                                                 0.06
  data arrival time                                                 -0.12
  --------------------------------------------------------------------------
  slack (MET)                                                        0.06


  Startpoint: g_slices[0].issue_slice/scoreboard/out_arb/g_input_select.g_arbiter.g_out_buf[0].out_buf/g_eb2.stream_buffer/g_buffer.buffer_r_reg[55]
              (rising edge-triggered flip-flop clocked by CLK)
  Endpoint: g_slices[0].issue_slice/scoreboard/out_arb/g_input_select.g_arbiter.g_out_buf[0].out_buf/g_eb2.stream_buffer/g_buffer.buffer_r_reg[55]
            (rising edge-triggered flip-flop clocked by CLK)
  Path Group: CLK
  Path Type: min

  Des/Clust/Port     Wire Load Model       Library
  ------------------------------------------------
  VX_issue           5K_hvratio_1_1        NangateOpenCellLibrary_tt1p1v25c

  Point                                                   Incr       Path
  --------------------------------------------------------------------------
  clock CLK (rise edge)                                   0.00       0.00
  clock network delay (ideal)                             0.00       0.00
  g_slices[0].issue_slice/scoreboard/out_arb/g_input_select.g_arbiter.g_out_buf[0].out_buf/g_eb2.stream_buffer/g_buffer.buffer_r_reg[55]/CK (DFF_X1)
                                                          0.00 #     0.00 r
  g_slices[0].issue_slice/scoreboard/out_arb/g_input_select.g_arbiter.g_out_buf[0].out_buf/g_eb2.stream_buffer/g_buffer.buffer_r_reg[55]/QN (DFF_X1)
                                                          0.08       0.08 r
  U143630/ZN (AOI22_X1)                                   0.03       0.11 f
  g_slices[0].issue_slice/scoreboard/out_arb/g_input_select.g_arbiter.g_out_buf[0].out_buf/g_eb2.stream_buffer/g_buffer.buffer_r_reg[55]/D (DFF_X1)
                                                          0.01       0.12 f
  data arrival time                                                  0.12

  clock CLK (rise edge)                                   0.00       0.00
  clock network delay (ideal)                             0.00       0.00
  clock uncertainty                                       0.05       0.05
  g_slices[0].issue_slice/scoreboard/out_arb/g_input_select.g_arbiter.g_out_buf[0].out_buf/g_eb2.stream_buffer/g_buffer.buffer_r_reg[55]/CK (DFF_X1)
                                                          0.00       0.05 r
  library hold time                                       0.01       0.06
  data required time                                                 0.06
  --------------------------------------------------------------------------
  data required time                                                 0.06
  data arrival time                                                 -0.12
  --------------------------------------------------------------------------
  slack (MET)                                                        0.06


  Startpoint: g_slices[0].issue_slice/scoreboard/out_arb/g_input_select.g_arbiter.g_out_buf[0].out_buf/g_eb2.stream_buffer/g_buffer.buffer_r_reg[56]
              (rising edge-triggered flip-flop clocked by CLK)
  Endpoint: g_slices[0].issue_slice/scoreboard/out_arb/g_input_select.g_arbiter.g_out_buf[0].out_buf/g_eb2.stream_buffer/g_buffer.buffer_r_reg[56]
            (rising edge-triggered flip-flop clocked by CLK)
  Path Group: CLK
  Path Type: min

  Des/Clust/Port     Wire Load Model       Library
  ------------------------------------------------
  VX_issue           5K_hvratio_1_1        NangateOpenCellLibrary_tt1p1v25c

  Point                                                   Incr       Path
  --------------------------------------------------------------------------
  clock CLK (rise edge)                                   0.00       0.00
  clock network delay (ideal)                             0.00       0.00
  g_slices[0].issue_slice/scoreboard/out_arb/g_input_select.g_arbiter.g_out_buf[0].out_buf/g_eb2.stream_buffer/g_buffer.buffer_r_reg[56]/CK (DFF_X1)
                                                          0.00 #     0.00 r
  g_slices[0].issue_slice/scoreboard/out_arb/g_input_select.g_arbiter.g_out_buf[0].out_buf/g_eb2.stream_buffer/g_buffer.buffer_r_reg[56]/QN (DFF_X1)
                                                          0.08       0.08 r
  U143634/ZN (AOI22_X1)                                   0.03       0.11 f
  g_slices[0].issue_slice/scoreboard/out_arb/g_input_select.g_arbiter.g_out_buf[0].out_buf/g_eb2.stream_buffer/g_buffer.buffer_r_reg[56]/D (DFF_X1)
                                                          0.01       0.12 f
  data arrival time                                                  0.12

  clock CLK (rise edge)                                   0.00       0.00
  clock network delay (ideal)                             0.00       0.00
  clock uncertainty                                       0.05       0.05
  g_slices[0].issue_slice/scoreboard/out_arb/g_input_select.g_arbiter.g_out_buf[0].out_buf/g_eb2.stream_buffer/g_buffer.buffer_r_reg[56]/CK (DFF_X1)
                                                          0.00       0.05 r
  library hold time                                       0.01       0.06
  data required time                                                 0.06
  --------------------------------------------------------------------------
  data required time                                                 0.06
  data arrival time                                                 -0.12
  --------------------------------------------------------------------------
  slack (MET)                                                        0.06


  Startpoint: g_slices[0].issue_slice/scoreboard/out_arb/g_input_select.g_arbiter.g_out_buf[0].out_buf/g_eb2.stream_buffer/g_buffer.buffer_r_reg[57]
              (rising edge-triggered flip-flop clocked by CLK)
  Endpoint: g_slices[0].issue_slice/scoreboard/out_arb/g_input_select.g_arbiter.g_out_buf[0].out_buf/g_eb2.stream_buffer/g_buffer.buffer_r_reg[57]
            (rising edge-triggered flip-flop clocked by CLK)
  Path Group: CLK
  Path Type: min

  Des/Clust/Port     Wire Load Model       Library
  ------------------------------------------------
  VX_issue           5K_hvratio_1_1        NangateOpenCellLibrary_tt1p1v25c

  Point                                                   Incr       Path
  --------------------------------------------------------------------------
  clock CLK (rise edge)                                   0.00       0.00
  clock network delay (ideal)                             0.00       0.00
  g_slices[0].issue_slice/scoreboard/out_arb/g_input_select.g_arbiter.g_out_buf[0].out_buf/g_eb2.stream_buffer/g_buffer.buffer_r_reg[57]/CK (DFF_X1)
                                                          0.00 #     0.00 r
  g_slices[0].issue_slice/scoreboard/out_arb/g_input_select.g_arbiter.g_out_buf[0].out_buf/g_eb2.stream_buffer/g_buffer.buffer_r_reg[57]/QN (DFF_X1)
                                                          0.08       0.08 r
  U143638/ZN (AOI22_X1)                                   0.03       0.11 f
  g_slices[0].issue_slice/scoreboard/out_arb/g_input_select.g_arbiter.g_out_buf[0].out_buf/g_eb2.stream_buffer/g_buffer.buffer_r_reg[57]/D (DFF_X1)
                                                          0.01       0.12 f
  data arrival time                                                  0.12

  clock CLK (rise edge)                                   0.00       0.00
  clock network delay (ideal)                             0.00       0.00
  clock uncertainty                                       0.05       0.05
  g_slices[0].issue_slice/scoreboard/out_arb/g_input_select.g_arbiter.g_out_buf[0].out_buf/g_eb2.stream_buffer/g_buffer.buffer_r_reg[57]/CK (DFF_X1)
                                                          0.00       0.05 r
  library hold time                                       0.01       0.06
  data required time                                                 0.06
  --------------------------------------------------------------------------
  data required time                                                 0.06
  data arrival time                                                 -0.12
  --------------------------------------------------------------------------
  slack (MET)                                                        0.06


  Startpoint: g_slices[0].issue_slice/scoreboard/out_arb/g_input_select.g_arbiter.g_out_buf[0].out_buf/g_eb2.stream_buffer/g_buffer.buffer_r_reg[58]
              (rising edge-triggered flip-flop clocked by CLK)
  Endpoint: g_slices[0].issue_slice/scoreboard/out_arb/g_input_select.g_arbiter.g_out_buf[0].out_buf/g_eb2.stream_buffer/g_buffer.buffer_r_reg[58]
            (rising edge-triggered flip-flop clocked by CLK)
  Path Group: CLK
  Path Type: min

  Des/Clust/Port     Wire Load Model       Library
  ------------------------------------------------
  VX_issue           5K_hvratio_1_1        NangateOpenCellLibrary_tt1p1v25c

  Point                                                   Incr       Path
  --------------------------------------------------------------------------
  clock CLK (rise edge)                                   0.00       0.00
  clock network delay (ideal)                             0.00       0.00
  g_slices[0].issue_slice/scoreboard/out_arb/g_input_select.g_arbiter.g_out_buf[0].out_buf/g_eb2.stream_buffer/g_buffer.buffer_r_reg[58]/CK (DFF_X1)
                                                          0.00 #     0.00 r
  g_slices[0].issue_slice/scoreboard/out_arb/g_input_select.g_arbiter.g_out_buf[0].out_buf/g_eb2.stream_buffer/g_buffer.buffer_r_reg[58]/QN (DFF_X1)
                                                          0.08       0.08 r
  U143642/ZN (AOI22_X1)                                   0.03       0.11 f
  g_slices[0].issue_slice/scoreboard/out_arb/g_input_select.g_arbiter.g_out_buf[0].out_buf/g_eb2.stream_buffer/g_buffer.buffer_r_reg[58]/D (DFF_X1)
                                                          0.01       0.12 f
  data arrival time                                                  0.12

  clock CLK (rise edge)                                   0.00       0.00
  clock network delay (ideal)                             0.00       0.00
  clock uncertainty                                       0.05       0.05
  g_slices[0].issue_slice/scoreboard/out_arb/g_input_select.g_arbiter.g_out_buf[0].out_buf/g_eb2.stream_buffer/g_buffer.buffer_r_reg[58]/CK (DFF_X1)
                                                          0.00       0.05 r
  library hold time                                       0.01       0.06
  data required time                                                 0.06
  --------------------------------------------------------------------------
  data required time                                                 0.06
  data arrival time                                                 -0.12
  --------------------------------------------------------------------------
  slack (MET)                                                        0.06


  Startpoint: g_slices[0].issue_slice/scoreboard/out_arb/g_input_select.g_arbiter.g_out_buf[0].out_buf/g_eb2.stream_buffer/g_buffer.buffer_r_reg[59]
              (rising edge-triggered flip-flop clocked by CLK)
  Endpoint: g_slices[0].issue_slice/scoreboard/out_arb/g_input_select.g_arbiter.g_out_buf[0].out_buf/g_eb2.stream_buffer/g_buffer.buffer_r_reg[59]
            (rising edge-triggered flip-flop clocked by CLK)
  Path Group: CLK
  Path Type: min

  Des/Clust/Port     Wire Load Model       Library
  ------------------------------------------------
  VX_issue           5K_hvratio_1_1        NangateOpenCellLibrary_tt1p1v25c

  Point                                                   Incr       Path
  --------------------------------------------------------------------------
  clock CLK (rise edge)                                   0.00       0.00
  clock network delay (ideal)                             0.00       0.00
  g_slices[0].issue_slice/scoreboard/out_arb/g_input_select.g_arbiter.g_out_buf[0].out_buf/g_eb2.stream_buffer/g_buffer.buffer_r_reg[59]/CK (DFF_X1)
                                                          0.00 #     0.00 r
  g_slices[0].issue_slice/scoreboard/out_arb/g_input_select.g_arbiter.g_out_buf[0].out_buf/g_eb2.stream_buffer/g_buffer.buffer_r_reg[59]/QN (DFF_X1)
                                                          0.08       0.08 r
  U143646/ZN (AOI22_X1)                                   0.03       0.11 f
  g_slices[0].issue_slice/scoreboard/out_arb/g_input_select.g_arbiter.g_out_buf[0].out_buf/g_eb2.stream_buffer/g_buffer.buffer_r_reg[59]/D (DFF_X1)
                                                          0.01       0.12 f
  data arrival time                                                  0.12

  clock CLK (rise edge)                                   0.00       0.00
  clock network delay (ideal)                             0.00       0.00
  clock uncertainty                                       0.05       0.05
  g_slices[0].issue_slice/scoreboard/out_arb/g_input_select.g_arbiter.g_out_buf[0].out_buf/g_eb2.stream_buffer/g_buffer.buffer_r_reg[59]/CK (DFF_X1)
                                                          0.00       0.05 r
  library hold time                                       0.01       0.06
  data required time                                                 0.06
  --------------------------------------------------------------------------
  data required time                                                 0.06
  data arrival time                                                 -0.12
  --------------------------------------------------------------------------
  slack (MET)                                                        0.06


  Startpoint: g_slices[0].issue_slice/scoreboard/out_arb/g_input_select.g_arbiter.g_out_buf[0].out_buf/g_eb2.stream_buffer/g_buffer.buffer_r_reg[60]
              (rising edge-triggered flip-flop clocked by CLK)
  Endpoint: g_slices[0].issue_slice/scoreboard/out_arb/g_input_select.g_arbiter.g_out_buf[0].out_buf/g_eb2.stream_buffer/g_buffer.buffer_r_reg[60]
            (rising edge-triggered flip-flop clocked by CLK)
  Path Group: CLK
  Path Type: min

  Des/Clust/Port     Wire Load Model       Library
  ------------------------------------------------
  VX_issue           5K_hvratio_1_1        NangateOpenCellLibrary_tt1p1v25c

  Point                                                   Incr       Path
  --------------------------------------------------------------------------
  clock CLK (rise edge)                                   0.00       0.00
  clock network delay (ideal)                             0.00       0.00
  g_slices[0].issue_slice/scoreboard/out_arb/g_input_select.g_arbiter.g_out_buf[0].out_buf/g_eb2.stream_buffer/g_buffer.buffer_r_reg[60]/CK (DFF_X1)
                                                          0.00 #     0.00 r
  g_slices[0].issue_slice/scoreboard/out_arb/g_input_select.g_arbiter.g_out_buf[0].out_buf/g_eb2.stream_buffer/g_buffer.buffer_r_reg[60]/QN (DFF_X1)
                                                          0.08       0.08 r
  U143650/ZN (AOI22_X1)                                   0.03       0.11 f
  g_slices[0].issue_slice/scoreboard/out_arb/g_input_select.g_arbiter.g_out_buf[0].out_buf/g_eb2.stream_buffer/g_buffer.buffer_r_reg[60]/D (DFF_X1)
                                                          0.01       0.12 f
  data arrival time                                                  0.12

  clock CLK (rise edge)                                   0.00       0.00
  clock network delay (ideal)                             0.00       0.00
  clock uncertainty                                       0.05       0.05
  g_slices[0].issue_slice/scoreboard/out_arb/g_input_select.g_arbiter.g_out_buf[0].out_buf/g_eb2.stream_buffer/g_buffer.buffer_r_reg[60]/CK (DFF_X1)
                                                          0.00       0.05 r
  library hold time                                       0.01       0.06
  data required time                                                 0.06
  --------------------------------------------------------------------------
  data required time                                                 0.06
  data arrival time                                                 -0.12
  --------------------------------------------------------------------------
  slack (MET)                                                        0.06


  Startpoint: g_slices[0].issue_slice/scoreboard/out_arb/g_input_select.g_arbiter.g_out_buf[0].out_buf/g_eb2.stream_buffer/g_buffer.buffer_r_reg[61]
              (rising edge-triggered flip-flop clocked by CLK)
  Endpoint: g_slices[0].issue_slice/scoreboard/out_arb/g_input_select.g_arbiter.g_out_buf[0].out_buf/g_eb2.stream_buffer/g_buffer.buffer_r_reg[61]
            (rising edge-triggered flip-flop clocked by CLK)
  Path Group: CLK
  Path Type: min

  Des/Clust/Port     Wire Load Model       Library
  ------------------------------------------------
  VX_issue           5K_hvratio_1_1        NangateOpenCellLibrary_tt1p1v25c

  Point                                                   Incr       Path
  --------------------------------------------------------------------------
  clock CLK (rise edge)                                   0.00       0.00
  clock network delay (ideal)                             0.00       0.00
  g_slices[0].issue_slice/scoreboard/out_arb/g_input_select.g_arbiter.g_out_buf[0].out_buf/g_eb2.stream_buffer/g_buffer.buffer_r_reg[61]/CK (DFF_X1)
                                                          0.00 #     0.00 r
  g_slices[0].issue_slice/scoreboard/out_arb/g_input_select.g_arbiter.g_out_buf[0].out_buf/g_eb2.stream_buffer/g_buffer.buffer_r_reg[61]/QN (DFF_X1)
                                                          0.08       0.08 r
  U143654/ZN (AOI22_X1)                                   0.03       0.11 f
  g_slices[0].issue_slice/scoreboard/out_arb/g_input_select.g_arbiter.g_out_buf[0].out_buf/g_eb2.stream_buffer/g_buffer.buffer_r_reg[61]/D (DFF_X1)
                                                          0.01       0.12 f
  data arrival time                                                  0.12

  clock CLK (rise edge)                                   0.00       0.00
  clock network delay (ideal)                             0.00       0.00
  clock uncertainty                                       0.05       0.05
  g_slices[0].issue_slice/scoreboard/out_arb/g_input_select.g_arbiter.g_out_buf[0].out_buf/g_eb2.stream_buffer/g_buffer.buffer_r_reg[61]/CK (DFF_X1)
                                                          0.00       0.05 r
  library hold time                                       0.01       0.06
  data required time                                                 0.06
  --------------------------------------------------------------------------
  data required time                                                 0.06
  data arrival time                                                 -0.12
  --------------------------------------------------------------------------
  slack (MET)                                                        0.06


  Startpoint: g_slices[0].issue_slice/scoreboard/out_arb/g_input_select.g_arbiter.g_out_buf[0].out_buf/g_eb2.stream_buffer/g_buffer.buffer_r_reg[62]
              (rising edge-triggered flip-flop clocked by CLK)
  Endpoint: g_slices[0].issue_slice/scoreboard/out_arb/g_input_select.g_arbiter.g_out_buf[0].out_buf/g_eb2.stream_buffer/g_buffer.buffer_r_reg[62]
            (rising edge-triggered flip-flop clocked by CLK)
  Path Group: CLK
  Path Type: min

  Des/Clust/Port     Wire Load Model       Library
  ------------------------------------------------
  VX_issue           5K_hvratio_1_1        NangateOpenCellLibrary_tt1p1v25c

  Point                                                   Incr       Path
  --------------------------------------------------------------------------
  clock CLK (rise edge)                                   0.00       0.00
  clock network delay (ideal)                             0.00       0.00
  g_slices[0].issue_slice/scoreboard/out_arb/g_input_select.g_arbiter.g_out_buf[0].out_buf/g_eb2.stream_buffer/g_buffer.buffer_r_reg[62]/CK (DFF_X1)
                                                          0.00 #     0.00 r
  g_slices[0].issue_slice/scoreboard/out_arb/g_input_select.g_arbiter.g_out_buf[0].out_buf/g_eb2.stream_buffer/g_buffer.buffer_r_reg[62]/QN (DFF_X1)
                                                          0.08       0.08 r
  U143658/ZN (AOI22_X1)                                   0.03       0.11 f
  g_slices[0].issue_slice/scoreboard/out_arb/g_input_select.g_arbiter.g_out_buf[0].out_buf/g_eb2.stream_buffer/g_buffer.buffer_r_reg[62]/D (DFF_X1)
                                                          0.01       0.12 f
  data arrival time                                                  0.12

  clock CLK (rise edge)                                   0.00       0.00
  clock network delay (ideal)                             0.00       0.00
  clock uncertainty                                       0.05       0.05
  g_slices[0].issue_slice/scoreboard/out_arb/g_input_select.g_arbiter.g_out_buf[0].out_buf/g_eb2.stream_buffer/g_buffer.buffer_r_reg[62]/CK (DFF_X1)
                                                          0.00       0.05 r
  library hold time                                       0.01       0.06
  data required time                                                 0.06
  --------------------------------------------------------------------------
  data required time                                                 0.06
  data arrival time                                                 -0.12
  --------------------------------------------------------------------------
  slack (MET)                                                        0.06


  Startpoint: g_slices[0].issue_slice/scoreboard/out_arb/g_input_select.g_arbiter.g_out_buf[0].out_buf/g_eb2.stream_buffer/g_buffer.buffer_r_reg[63]
              (rising edge-triggered flip-flop clocked by CLK)
  Endpoint: g_slices[0].issue_slice/scoreboard/out_arb/g_input_select.g_arbiter.g_out_buf[0].out_buf/g_eb2.stream_buffer/g_buffer.buffer_r_reg[63]
            (rising edge-triggered flip-flop clocked by CLK)
  Path Group: CLK
  Path Type: min

  Des/Clust/Port     Wire Load Model       Library
  ------------------------------------------------
  VX_issue           5K_hvratio_1_1        NangateOpenCellLibrary_tt1p1v25c

  Point                                                   Incr       Path
  --------------------------------------------------------------------------
  clock CLK (rise edge)                                   0.00       0.00
  clock network delay (ideal)                             0.00       0.00
  g_slices[0].issue_slice/scoreboard/out_arb/g_input_select.g_arbiter.g_out_buf[0].out_buf/g_eb2.stream_buffer/g_buffer.buffer_r_reg[63]/CK (DFF_X1)
                                                          0.00 #     0.00 r
  g_slices[0].issue_slice/scoreboard/out_arb/g_input_select.g_arbiter.g_out_buf[0].out_buf/g_eb2.stream_buffer/g_buffer.buffer_r_reg[63]/QN (DFF_X1)
                                                          0.08       0.08 r
  U143662/ZN (AOI22_X1)                                   0.03       0.11 f
  g_slices[0].issue_slice/scoreboard/out_arb/g_input_select.g_arbiter.g_out_buf[0].out_buf/g_eb2.stream_buffer/g_buffer.buffer_r_reg[63]/D (DFF_X1)
                                                          0.01       0.12 f
  data arrival time                                                  0.12

  clock CLK (rise edge)                                   0.00       0.00
  clock network delay (ideal)                             0.00       0.00
  clock uncertainty                                       0.05       0.05
  g_slices[0].issue_slice/scoreboard/out_arb/g_input_select.g_arbiter.g_out_buf[0].out_buf/g_eb2.stream_buffer/g_buffer.buffer_r_reg[63]/CK (DFF_X1)
                                                          0.00       0.05 r
  library hold time                                       0.01       0.06
  data required time                                                 0.06
  --------------------------------------------------------------------------
  data required time                                                 0.06
  data arrival time                                                 -0.12
  --------------------------------------------------------------------------
  slack (MET)                                                        0.06


  Startpoint: g_slices[0].issue_slice/scoreboard/out_arb/g_input_select.g_arbiter.g_out_buf[0].out_buf/g_eb2.stream_buffer/g_buffer.buffer_r_reg[64]
              (rising edge-triggered flip-flop clocked by CLK)
  Endpoint: g_slices[0].issue_slice/scoreboard/out_arb/g_input_select.g_arbiter.g_out_buf[0].out_buf/g_eb2.stream_buffer/g_buffer.buffer_r_reg[64]
            (rising edge-triggered flip-flop clocked by CLK)
  Path Group: CLK
  Path Type: min

  Des/Clust/Port     Wire Load Model       Library
  ------------------------------------------------
  VX_issue           5K_hvratio_1_1        NangateOpenCellLibrary_tt1p1v25c

  Point                                                   Incr       Path
  --------------------------------------------------------------------------
  clock CLK (rise edge)                                   0.00       0.00
  clock network delay (ideal)                             0.00       0.00
  g_slices[0].issue_slice/scoreboard/out_arb/g_input_select.g_arbiter.g_out_buf[0].out_buf/g_eb2.stream_buffer/g_buffer.buffer_r_reg[64]/CK (DFF_X1)
                                                          0.00 #     0.00 r
  g_slices[0].issue_slice/scoreboard/out_arb/g_input_select.g_arbiter.g_out_buf[0].out_buf/g_eb2.stream_buffer/g_buffer.buffer_r_reg[64]/QN (DFF_X1)
                                                          0.08       0.08 r
  U143666/ZN (AOI22_X1)                                   0.03       0.11 f
  g_slices[0].issue_slice/scoreboard/out_arb/g_input_select.g_arbiter.g_out_buf[0].out_buf/g_eb2.stream_buffer/g_buffer.buffer_r_reg[64]/D (DFF_X1)
                                                          0.01       0.12 f
  data arrival time                                                  0.12

  clock CLK (rise edge)                                   0.00       0.00
  clock network delay (ideal)                             0.00       0.00
  clock uncertainty                                       0.05       0.05
  g_slices[0].issue_slice/scoreboard/out_arb/g_input_select.g_arbiter.g_out_buf[0].out_buf/g_eb2.stream_buffer/g_buffer.buffer_r_reg[64]/CK (DFF_X1)
                                                          0.00       0.05 r
  library hold time                                       0.01       0.06
  data required time                                                 0.06
  --------------------------------------------------------------------------
  data required time                                                 0.06
  data arrival time                                                 -0.12
  --------------------------------------------------------------------------
  slack (MET)                                                        0.06


  Startpoint: g_slices[0].issue_slice/scoreboard/out_arb/g_input_select.g_arbiter.g_out_buf[0].out_buf/g_eb2.stream_buffer/g_buffer.buffer_r_reg[65]
              (rising edge-triggered flip-flop clocked by CLK)
  Endpoint: g_slices[0].issue_slice/scoreboard/out_arb/g_input_select.g_arbiter.g_out_buf[0].out_buf/g_eb2.stream_buffer/g_buffer.buffer_r_reg[65]
            (rising edge-triggered flip-flop clocked by CLK)
  Path Group: CLK
  Path Type: min

  Des/Clust/Port     Wire Load Model       Library
  ------------------------------------------------
  VX_issue           5K_hvratio_1_1        NangateOpenCellLibrary_tt1p1v25c

  Point                                                   Incr       Path
  --------------------------------------------------------------------------
  clock CLK (rise edge)                                   0.00       0.00
  clock network delay (ideal)                             0.00       0.00
  g_slices[0].issue_slice/scoreboard/out_arb/g_input_select.g_arbiter.g_out_buf[0].out_buf/g_eb2.stream_buffer/g_buffer.buffer_r_reg[65]/CK (DFF_X1)
                                                          0.00 #     0.00 r
  g_slices[0].issue_slice/scoreboard/out_arb/g_input_select.g_arbiter.g_out_buf[0].out_buf/g_eb2.stream_buffer/g_buffer.buffer_r_reg[65]/QN (DFF_X1)
                                                          0.08       0.08 r
  U143670/ZN (AOI22_X1)                                   0.03       0.11 f
  g_slices[0].issue_slice/scoreboard/out_arb/g_input_select.g_arbiter.g_out_buf[0].out_buf/g_eb2.stream_buffer/g_buffer.buffer_r_reg[65]/D (DFF_X1)
                                                          0.01       0.12 f
  data arrival time                                                  0.12

  clock CLK (rise edge)                                   0.00       0.00
  clock network delay (ideal)                             0.00       0.00
  clock uncertainty                                       0.05       0.05
  g_slices[0].issue_slice/scoreboard/out_arb/g_input_select.g_arbiter.g_out_buf[0].out_buf/g_eb2.stream_buffer/g_buffer.buffer_r_reg[65]/CK (DFF_X1)
                                                          0.00       0.05 r
  library hold time                                       0.01       0.06
  data required time                                                 0.06
  --------------------------------------------------------------------------
  data required time                                                 0.06
  data arrival time                                                 -0.12
  --------------------------------------------------------------------------
  slack (MET)                                                        0.06


  Startpoint: g_slices[0].issue_slice/scoreboard/out_arb/g_input_select.g_arbiter.g_out_buf[0].out_buf/g_eb2.stream_buffer/g_buffer.buffer_r_reg[66]
              (rising edge-triggered flip-flop clocked by CLK)
  Endpoint: g_slices[0].issue_slice/scoreboard/out_arb/g_input_select.g_arbiter.g_out_buf[0].out_buf/g_eb2.stream_buffer/g_buffer.buffer_r_reg[66]
            (rising edge-triggered flip-flop clocked by CLK)
  Path Group: CLK
  Path Type: min

  Des/Clust/Port     Wire Load Model       Library
  ------------------------------------------------
  VX_issue           5K_hvratio_1_1        NangateOpenCellLibrary_tt1p1v25c

  Point                                                   Incr       Path
  --------------------------------------------------------------------------
  clock CLK (rise edge)                                   0.00       0.00
  clock network delay (ideal)                             0.00       0.00
  g_slices[0].issue_slice/scoreboard/out_arb/g_input_select.g_arbiter.g_out_buf[0].out_buf/g_eb2.stream_buffer/g_buffer.buffer_r_reg[66]/CK (DFF_X1)
                                                          0.00 #     0.00 r
  g_slices[0].issue_slice/scoreboard/out_arb/g_input_select.g_arbiter.g_out_buf[0].out_buf/g_eb2.stream_buffer/g_buffer.buffer_r_reg[66]/QN (DFF_X1)
                                                          0.08       0.08 r
  U143674/ZN (AOI22_X1)                                   0.03       0.11 f
  g_slices[0].issue_slice/scoreboard/out_arb/g_input_select.g_arbiter.g_out_buf[0].out_buf/g_eb2.stream_buffer/g_buffer.buffer_r_reg[66]/D (DFF_X1)
                                                          0.01       0.12 f
  data arrival time                                                  0.12

  clock CLK (rise edge)                                   0.00       0.00
  clock network delay (ideal)                             0.00       0.00
  clock uncertainty                                       0.05       0.05
  g_slices[0].issue_slice/scoreboard/out_arb/g_input_select.g_arbiter.g_out_buf[0].out_buf/g_eb2.stream_buffer/g_buffer.buffer_r_reg[66]/CK (DFF_X1)
                                                          0.00       0.05 r
  library hold time                                       0.01       0.06
  data required time                                                 0.06
  --------------------------------------------------------------------------
  data required time                                                 0.06
  data arrival time                                                 -0.12
  --------------------------------------------------------------------------
  slack (MET)                                                        0.06


  Startpoint: g_slices[0].issue_slice/scoreboard/out_arb/g_input_select.g_arbiter.g_out_buf[0].out_buf/g_eb2.stream_buffer/g_buffer.buffer_r_reg[67]
              (rising edge-triggered flip-flop clocked by CLK)
  Endpoint: g_slices[0].issue_slice/scoreboard/out_arb/g_input_select.g_arbiter.g_out_buf[0].out_buf/g_eb2.stream_buffer/g_buffer.buffer_r_reg[67]
            (rising edge-triggered flip-flop clocked by CLK)
  Path Group: CLK
  Path Type: min

  Des/Clust/Port     Wire Load Model       Library
  ------------------------------------------------
  VX_issue           5K_hvratio_1_1        NangateOpenCellLibrary_tt1p1v25c

  Point                                                   Incr       Path
  --------------------------------------------------------------------------
  clock CLK (rise edge)                                   0.00       0.00
  clock network delay (ideal)                             0.00       0.00
  g_slices[0].issue_slice/scoreboard/out_arb/g_input_select.g_arbiter.g_out_buf[0].out_buf/g_eb2.stream_buffer/g_buffer.buffer_r_reg[67]/CK (DFF_X1)
                                                          0.00 #     0.00 r
  g_slices[0].issue_slice/scoreboard/out_arb/g_input_select.g_arbiter.g_out_buf[0].out_buf/g_eb2.stream_buffer/g_buffer.buffer_r_reg[67]/QN (DFF_X1)
                                                          0.08       0.08 r
  U143678/ZN (AOI22_X1)                                   0.03       0.11 f
  g_slices[0].issue_slice/scoreboard/out_arb/g_input_select.g_arbiter.g_out_buf[0].out_buf/g_eb2.stream_buffer/g_buffer.buffer_r_reg[67]/D (DFF_X1)
                                                          0.01       0.12 f
  data arrival time                                                  0.12

  clock CLK (rise edge)                                   0.00       0.00
  clock network delay (ideal)                             0.00       0.00
  clock uncertainty                                       0.05       0.05
  g_slices[0].issue_slice/scoreboard/out_arb/g_input_select.g_arbiter.g_out_buf[0].out_buf/g_eb2.stream_buffer/g_buffer.buffer_r_reg[67]/CK (DFF_X1)
                                                          0.00       0.05 r
  library hold time                                       0.01       0.06
  data required time                                                 0.06
  --------------------------------------------------------------------------
  data required time                                                 0.06
  data arrival time                                                 -0.12
  --------------------------------------------------------------------------
  slack (MET)                                                        0.06


  Startpoint: g_slices[0].issue_slice/scoreboard/out_arb/g_input_select.g_arbiter.g_out_buf[0].out_buf/g_eb2.stream_buffer/g_buffer.buffer_r_reg[68]
              (rising edge-triggered flip-flop clocked by CLK)
  Endpoint: g_slices[0].issue_slice/scoreboard/out_arb/g_input_select.g_arbiter.g_out_buf[0].out_buf/g_eb2.stream_buffer/g_buffer.buffer_r_reg[68]
            (rising edge-triggered flip-flop clocked by CLK)
  Path Group: CLK
  Path Type: min

  Des/Clust/Port     Wire Load Model       Library
  ------------------------------------------------
  VX_issue           5K_hvratio_1_1        NangateOpenCellLibrary_tt1p1v25c

  Point                                                   Incr       Path
  --------------------------------------------------------------------------
  clock CLK (rise edge)                                   0.00       0.00
  clock network delay (ideal)                             0.00       0.00
  g_slices[0].issue_slice/scoreboard/out_arb/g_input_select.g_arbiter.g_out_buf[0].out_buf/g_eb2.stream_buffer/g_buffer.buffer_r_reg[68]/CK (DFF_X1)
                                                          0.00 #     0.00 r
  g_slices[0].issue_slice/scoreboard/out_arb/g_input_select.g_arbiter.g_out_buf[0].out_buf/g_eb2.stream_buffer/g_buffer.buffer_r_reg[68]/QN (DFF_X1)
                                                          0.08       0.08 r
  U143682/ZN (AOI22_X1)                                   0.03       0.11 f
  g_slices[0].issue_slice/scoreboard/out_arb/g_input_select.g_arbiter.g_out_buf[0].out_buf/g_eb2.stream_buffer/g_buffer.buffer_r_reg[68]/D (DFF_X1)
                                                          0.01       0.12 f
  data arrival time                                                  0.12

  clock CLK (rise edge)                                   0.00       0.00
  clock network delay (ideal)                             0.00       0.00
  clock uncertainty                                       0.05       0.05
  g_slices[0].issue_slice/scoreboard/out_arb/g_input_select.g_arbiter.g_out_buf[0].out_buf/g_eb2.stream_buffer/g_buffer.buffer_r_reg[68]/CK (DFF_X1)
                                                          0.00       0.05 r
  library hold time                                       0.01       0.06
  data required time                                                 0.06
  --------------------------------------------------------------------------
  data required time                                                 0.06
  data arrival time                                                 -0.12
  --------------------------------------------------------------------------
  slack (MET)                                                        0.06


  Startpoint: g_slices[0].issue_slice/scoreboard/out_arb/g_input_select.g_arbiter.g_out_buf[0].out_buf/g_eb2.stream_buffer/g_buffer.buffer_r_reg[69]
              (rising edge-triggered flip-flop clocked by CLK)
  Endpoint: g_slices[0].issue_slice/scoreboard/out_arb/g_input_select.g_arbiter.g_out_buf[0].out_buf/g_eb2.stream_buffer/g_buffer.buffer_r_reg[69]
            (rising edge-triggered flip-flop clocked by CLK)
  Path Group: CLK
  Path Type: min

  Des/Clust/Port     Wire Load Model       Library
  ------------------------------------------------
  VX_issue           5K_hvratio_1_1        NangateOpenCellLibrary_tt1p1v25c

  Point                                                   Incr       Path
  --------------------------------------------------------------------------
  clock CLK (rise edge)                                   0.00       0.00
  clock network delay (ideal)                             0.00       0.00
  g_slices[0].issue_slice/scoreboard/out_arb/g_input_select.g_arbiter.g_out_buf[0].out_buf/g_eb2.stream_buffer/g_buffer.buffer_r_reg[69]/CK (DFF_X1)
                                                          0.00 #     0.00 r
  g_slices[0].issue_slice/scoreboard/out_arb/g_input_select.g_arbiter.g_out_buf[0].out_buf/g_eb2.stream_buffer/g_buffer.buffer_r_reg[69]/QN (DFF_X1)
                                                          0.08       0.08 r
  U143686/ZN (AOI22_X1)                                   0.03       0.11 f
  g_slices[0].issue_slice/scoreboard/out_arb/g_input_select.g_arbiter.g_out_buf[0].out_buf/g_eb2.stream_buffer/g_buffer.buffer_r_reg[69]/D (DFF_X1)
                                                          0.01       0.12 f
  data arrival time                                                  0.12

  clock CLK (rise edge)                                   0.00       0.00
  clock network delay (ideal)                             0.00       0.00
  clock uncertainty                                       0.05       0.05
  g_slices[0].issue_slice/scoreboard/out_arb/g_input_select.g_arbiter.g_out_buf[0].out_buf/g_eb2.stream_buffer/g_buffer.buffer_r_reg[69]/CK (DFF_X1)
                                                          0.00       0.05 r
  library hold time                                       0.01       0.06
  data required time                                                 0.06
  --------------------------------------------------------------------------
  data required time                                                 0.06
  data arrival time                                                 -0.12
  --------------------------------------------------------------------------
  slack (MET)                                                        0.06


  Startpoint: g_slices[0].issue_slice/scoreboard/out_arb/g_input_select.g_arbiter.g_out_buf[0].out_buf/g_eb2.stream_buffer/g_buffer.buffer_r_reg[70]
              (rising edge-triggered flip-flop clocked by CLK)
  Endpoint: g_slices[0].issue_slice/scoreboard/out_arb/g_input_select.g_arbiter.g_out_buf[0].out_buf/g_eb2.stream_buffer/g_buffer.buffer_r_reg[70]
            (rising edge-triggered flip-flop clocked by CLK)
  Path Group: CLK
  Path Type: min

  Des/Clust/Port     Wire Load Model       Library
  ------------------------------------------------
  VX_issue           5K_hvratio_1_1        NangateOpenCellLibrary_tt1p1v25c

  Point                                                   Incr       Path
  --------------------------------------------------------------------------
  clock CLK (rise edge)                                   0.00       0.00
  clock network delay (ideal)                             0.00       0.00
  g_slices[0].issue_slice/scoreboard/out_arb/g_input_select.g_arbiter.g_out_buf[0].out_buf/g_eb2.stream_buffer/g_buffer.buffer_r_reg[70]/CK (DFF_X1)
                                                          0.00 #     0.00 r
  g_slices[0].issue_slice/scoreboard/out_arb/g_input_select.g_arbiter.g_out_buf[0].out_buf/g_eb2.stream_buffer/g_buffer.buffer_r_reg[70]/QN (DFF_X1)
                                                          0.08       0.08 r
  U143690/ZN (AOI22_X1)                                   0.03       0.11 f
  g_slices[0].issue_slice/scoreboard/out_arb/g_input_select.g_arbiter.g_out_buf[0].out_buf/g_eb2.stream_buffer/g_buffer.buffer_r_reg[70]/D (DFF_X1)
                                                          0.01       0.12 f
  data arrival time                                                  0.12

  clock CLK (rise edge)                                   0.00       0.00
  clock network delay (ideal)                             0.00       0.00
  clock uncertainty                                       0.05       0.05
  g_slices[0].issue_slice/scoreboard/out_arb/g_input_select.g_arbiter.g_out_buf[0].out_buf/g_eb2.stream_buffer/g_buffer.buffer_r_reg[70]/CK (DFF_X1)
                                                          0.00       0.05 r
  library hold time                                       0.01       0.06
  data required time                                                 0.06
  --------------------------------------------------------------------------
  data required time                                                 0.06
  data arrival time                                                 -0.12
  --------------------------------------------------------------------------
  slack (MET)                                                        0.06


  Startpoint: g_slices[0].issue_slice/scoreboard/out_arb/g_input_select.g_arbiter.g_out_buf[0].out_buf/g_eb2.stream_buffer/g_buffer.buffer_r_reg[71]
              (rising edge-triggered flip-flop clocked by CLK)
  Endpoint: g_slices[0].issue_slice/scoreboard/out_arb/g_input_select.g_arbiter.g_out_buf[0].out_buf/g_eb2.stream_buffer/g_buffer.buffer_r_reg[71]
            (rising edge-triggered flip-flop clocked by CLK)
  Path Group: CLK
  Path Type: min

  Des/Clust/Port     Wire Load Model       Library
  ------------------------------------------------
  VX_issue           5K_hvratio_1_1        NangateOpenCellLibrary_tt1p1v25c

  Point                                                   Incr       Path
  --------------------------------------------------------------------------
  clock CLK (rise edge)                                   0.00       0.00
  clock network delay (ideal)                             0.00       0.00
  g_slices[0].issue_slice/scoreboard/out_arb/g_input_select.g_arbiter.g_out_buf[0].out_buf/g_eb2.stream_buffer/g_buffer.buffer_r_reg[71]/CK (DFF_X1)
                                                          0.00 #     0.00 r
  g_slices[0].issue_slice/scoreboard/out_arb/g_input_select.g_arbiter.g_out_buf[0].out_buf/g_eb2.stream_buffer/g_buffer.buffer_r_reg[71]/QN (DFF_X1)
                                                          0.08       0.08 r
  U143694/ZN (AOI22_X1)                                   0.03       0.11 f
  g_slices[0].issue_slice/scoreboard/out_arb/g_input_select.g_arbiter.g_out_buf[0].out_buf/g_eb2.stream_buffer/g_buffer.buffer_r_reg[71]/D (DFF_X1)
                                                          0.01       0.12 f
  data arrival time                                                  0.12

  clock CLK (rise edge)                                   0.00       0.00
  clock network delay (ideal)                             0.00       0.00
  clock uncertainty                                       0.05       0.05
  g_slices[0].issue_slice/scoreboard/out_arb/g_input_select.g_arbiter.g_out_buf[0].out_buf/g_eb2.stream_buffer/g_buffer.buffer_r_reg[71]/CK (DFF_X1)
                                                          0.00       0.05 r
  library hold time                                       0.01       0.06
  data required time                                                 0.06
  --------------------------------------------------------------------------
  data required time                                                 0.06
  data arrival time                                                 -0.12
  --------------------------------------------------------------------------
  slack (MET)                                                        0.06


  Startpoint: g_slices[0].issue_slice/scoreboard/out_arb/g_input_select.g_arbiter.g_out_buf[0].out_buf/g_eb2.stream_buffer/g_buffer.buffer_r_reg[72]
              (rising edge-triggered flip-flop clocked by CLK)
  Endpoint: g_slices[0].issue_slice/scoreboard/out_arb/g_input_select.g_arbiter.g_out_buf[0].out_buf/g_eb2.stream_buffer/g_buffer.buffer_r_reg[72]
            (rising edge-triggered flip-flop clocked by CLK)
  Path Group: CLK
  Path Type: min

  Des/Clust/Port     Wire Load Model       Library
  ------------------------------------------------
  VX_issue           5K_hvratio_1_1        NangateOpenCellLibrary_tt1p1v25c

  Point                                                   Incr       Path
  --------------------------------------------------------------------------
  clock CLK (rise edge)                                   0.00       0.00
  clock network delay (ideal)                             0.00       0.00
  g_slices[0].issue_slice/scoreboard/out_arb/g_input_select.g_arbiter.g_out_buf[0].out_buf/g_eb2.stream_buffer/g_buffer.buffer_r_reg[72]/CK (DFF_X1)
                                                          0.00 #     0.00 r
  g_slices[0].issue_slice/scoreboard/out_arb/g_input_select.g_arbiter.g_out_buf[0].out_buf/g_eb2.stream_buffer/g_buffer.buffer_r_reg[72]/QN (DFF_X1)
                                                          0.08       0.08 r
  U143698/ZN (AOI22_X1)                                   0.03       0.11 f
  g_slices[0].issue_slice/scoreboard/out_arb/g_input_select.g_arbiter.g_out_buf[0].out_buf/g_eb2.stream_buffer/g_buffer.buffer_r_reg[72]/D (DFF_X1)
                                                          0.01       0.12 f
  data arrival time                                                  0.12

  clock CLK (rise edge)                                   0.00       0.00
  clock network delay (ideal)                             0.00       0.00
  clock uncertainty                                       0.05       0.05
  g_slices[0].issue_slice/scoreboard/out_arb/g_input_select.g_arbiter.g_out_buf[0].out_buf/g_eb2.stream_buffer/g_buffer.buffer_r_reg[72]/CK (DFF_X1)
                                                          0.00       0.05 r
  library hold time                                       0.01       0.06
  data required time                                                 0.06
  --------------------------------------------------------------------------
  data required time                                                 0.06
  data arrival time                                                 -0.12
  --------------------------------------------------------------------------
  slack (MET)                                                        0.06


  Startpoint: g_slices[0].issue_slice/scoreboard/out_arb/g_input_select.g_arbiter.g_out_buf[0].out_buf/g_eb2.stream_buffer/g_buffer.buffer_r_reg[73]
              (rising edge-triggered flip-flop clocked by CLK)
  Endpoint: g_slices[0].issue_slice/scoreboard/out_arb/g_input_select.g_arbiter.g_out_buf[0].out_buf/g_eb2.stream_buffer/g_buffer.buffer_r_reg[73]
            (rising edge-triggered flip-flop clocked by CLK)
  Path Group: CLK
  Path Type: min

  Des/Clust/Port     Wire Load Model       Library
  ------------------------------------------------
  VX_issue           5K_hvratio_1_1        NangateOpenCellLibrary_tt1p1v25c

  Point                                                   Incr       Path
  --------------------------------------------------------------------------
  clock CLK (rise edge)                                   0.00       0.00
  clock network delay (ideal)                             0.00       0.00
  g_slices[0].issue_slice/scoreboard/out_arb/g_input_select.g_arbiter.g_out_buf[0].out_buf/g_eb2.stream_buffer/g_buffer.buffer_r_reg[73]/CK (DFF_X1)
                                                          0.00 #     0.00 r
  g_slices[0].issue_slice/scoreboard/out_arb/g_input_select.g_arbiter.g_out_buf[0].out_buf/g_eb2.stream_buffer/g_buffer.buffer_r_reg[73]/QN (DFF_X1)
                                                          0.08       0.08 r
  U143703/ZN (AOI22_X1)                                   0.03       0.11 f
  g_slices[0].issue_slice/scoreboard/out_arb/g_input_select.g_arbiter.g_out_buf[0].out_buf/g_eb2.stream_buffer/g_buffer.buffer_r_reg[73]/D (DFF_X1)
                                                          0.01       0.12 f
  data arrival time                                                  0.12

  clock CLK (rise edge)                                   0.00       0.00
  clock network delay (ideal)                             0.00       0.00
  clock uncertainty                                       0.05       0.05
  g_slices[0].issue_slice/scoreboard/out_arb/g_input_select.g_arbiter.g_out_buf[0].out_buf/g_eb2.stream_buffer/g_buffer.buffer_r_reg[73]/CK (DFF_X1)
                                                          0.00       0.05 r
  library hold time                                       0.01       0.06
  data required time                                                 0.06
  --------------------------------------------------------------------------
  data required time                                                 0.06
  data arrival time                                                 -0.12
  --------------------------------------------------------------------------
  slack (MET)                                                        0.06


  Startpoint: g_slices[0].issue_slice/scoreboard/out_arb/g_input_select.g_arbiter.g_out_buf[0].out_buf/g_eb2.stream_buffer/g_buffer.buffer_r_reg[74]
              (rising edge-triggered flip-flop clocked by CLK)
  Endpoint: g_slices[0].issue_slice/scoreboard/out_arb/g_input_select.g_arbiter.g_out_buf[0].out_buf/g_eb2.stream_buffer/g_buffer.buffer_r_reg[74]
            (rising edge-triggered flip-flop clocked by CLK)
  Path Group: CLK
  Path Type: min

  Des/Clust/Port     Wire Load Model       Library
  ------------------------------------------------
  VX_issue           5K_hvratio_1_1        NangateOpenCellLibrary_tt1p1v25c

  Point                                                   Incr       Path
  --------------------------------------------------------------------------
  clock CLK (rise edge)                                   0.00       0.00
  clock network delay (ideal)                             0.00       0.00
  g_slices[0].issue_slice/scoreboard/out_arb/g_input_select.g_arbiter.g_out_buf[0].out_buf/g_eb2.stream_buffer/g_buffer.buffer_r_reg[74]/CK (DFF_X1)
                                                          0.00 #     0.00 r
  g_slices[0].issue_slice/scoreboard/out_arb/g_input_select.g_arbiter.g_out_buf[0].out_buf/g_eb2.stream_buffer/g_buffer.buffer_r_reg[74]/QN (DFF_X1)
                                                          0.08       0.08 r
  U143707/ZN (AOI22_X1)                                   0.03       0.11 f
  g_slices[0].issue_slice/scoreboard/out_arb/g_input_select.g_arbiter.g_out_buf[0].out_buf/g_eb2.stream_buffer/g_buffer.buffer_r_reg[74]/D (DFF_X1)
                                                          0.01       0.12 f
  data arrival time                                                  0.12

  clock CLK (rise edge)                                   0.00       0.00
  clock network delay (ideal)                             0.00       0.00
  clock uncertainty                                       0.05       0.05
  g_slices[0].issue_slice/scoreboard/out_arb/g_input_select.g_arbiter.g_out_buf[0].out_buf/g_eb2.stream_buffer/g_buffer.buffer_r_reg[74]/CK (DFF_X1)
                                                          0.00       0.05 r
  library hold time                                       0.01       0.06
  data required time                                                 0.06
  --------------------------------------------------------------------------
  data required time                                                 0.06
  data arrival time                                                 -0.12
  --------------------------------------------------------------------------
  slack (MET)                                                        0.06


  Startpoint: g_slices[0].issue_slice/scoreboard/out_arb/g_input_select.g_arbiter.g_out_buf[0].out_buf/g_eb2.stream_buffer/g_buffer.buffer_r_reg[75]
              (rising edge-triggered flip-flop clocked by CLK)
  Endpoint: g_slices[0].issue_slice/scoreboard/out_arb/g_input_select.g_arbiter.g_out_buf[0].out_buf/g_eb2.stream_buffer/g_buffer.buffer_r_reg[75]
            (rising edge-triggered flip-flop clocked by CLK)
  Path Group: CLK
  Path Type: min

  Des/Clust/Port     Wire Load Model       Library
  ------------------------------------------------
  VX_issue           5K_hvratio_1_1        NangateOpenCellLibrary_tt1p1v25c

  Point                                                   Incr       Path
  --------------------------------------------------------------------------
  clock CLK (rise edge)                                   0.00       0.00
  clock network delay (ideal)                             0.00       0.00
  g_slices[0].issue_slice/scoreboard/out_arb/g_input_select.g_arbiter.g_out_buf[0].out_buf/g_eb2.stream_buffer/g_buffer.buffer_r_reg[75]/CK (DFF_X1)
                                                          0.00 #     0.00 r
  g_slices[0].issue_slice/scoreboard/out_arb/g_input_select.g_arbiter.g_out_buf[0].out_buf/g_eb2.stream_buffer/g_buffer.buffer_r_reg[75]/QN (DFF_X1)
                                                          0.08       0.08 r
  U143712/ZN (AOI22_X1)                                   0.03       0.11 f
  g_slices[0].issue_slice/scoreboard/out_arb/g_input_select.g_arbiter.g_out_buf[0].out_buf/g_eb2.stream_buffer/g_buffer.buffer_r_reg[75]/D (DFF_X1)
                                                          0.01       0.12 f
  data arrival time                                                  0.12

  clock CLK (rise edge)                                   0.00       0.00
  clock network delay (ideal)                             0.00       0.00
  clock uncertainty                                       0.05       0.05
  g_slices[0].issue_slice/scoreboard/out_arb/g_input_select.g_arbiter.g_out_buf[0].out_buf/g_eb2.stream_buffer/g_buffer.buffer_r_reg[75]/CK (DFF_X1)
                                                          0.00       0.05 r
  library hold time                                       0.01       0.06
  data required time                                                 0.06
  --------------------------------------------------------------------------
  data required time                                                 0.06
  data arrival time                                                 -0.12
  --------------------------------------------------------------------------
  slack (MET)                                                        0.06


  Startpoint: g_slices[0].issue_slice/scoreboard/out_arb/g_input_select.g_arbiter.g_out_buf[0].out_buf/g_eb2.stream_buffer/g_buffer.buffer_r_reg[76]
              (rising edge-triggered flip-flop clocked by CLK)
  Endpoint: g_slices[0].issue_slice/scoreboard/out_arb/g_input_select.g_arbiter.g_out_buf[0].out_buf/g_eb2.stream_buffer/g_buffer.buffer_r_reg[76]
            (rising edge-triggered flip-flop clocked by CLK)
  Path Group: CLK
  Path Type: min

  Des/Clust/Port     Wire Load Model       Library
  ------------------------------------------------
  VX_issue           5K_hvratio_1_1        NangateOpenCellLibrary_tt1p1v25c

  Point                                                   Incr       Path
  --------------------------------------------------------------------------
  clock CLK (rise edge)                                   0.00       0.00
  clock network delay (ideal)                             0.00       0.00
  g_slices[0].issue_slice/scoreboard/out_arb/g_input_select.g_arbiter.g_out_buf[0].out_buf/g_eb2.stream_buffer/g_buffer.buffer_r_reg[76]/CK (DFF_X1)
                                                          0.00 #     0.00 r
  g_slices[0].issue_slice/scoreboard/out_arb/g_input_select.g_arbiter.g_out_buf[0].out_buf/g_eb2.stream_buffer/g_buffer.buffer_r_reg[76]/QN (DFF_X1)
                                                          0.08       0.08 r
  U143716/ZN (AOI22_X1)                                   0.03       0.11 f
  g_slices[0].issue_slice/scoreboard/out_arb/g_input_select.g_arbiter.g_out_buf[0].out_buf/g_eb2.stream_buffer/g_buffer.buffer_r_reg[76]/D (DFF_X1)
                                                          0.01       0.12 f
  data arrival time                                                  0.12

  clock CLK (rise edge)                                   0.00       0.00
  clock network delay (ideal)                             0.00       0.00
  clock uncertainty                                       0.05       0.05
  g_slices[0].issue_slice/scoreboard/out_arb/g_input_select.g_arbiter.g_out_buf[0].out_buf/g_eb2.stream_buffer/g_buffer.buffer_r_reg[76]/CK (DFF_X1)
                                                          0.00       0.05 r
  library hold time                                       0.01       0.06
  data required time                                                 0.06
  --------------------------------------------------------------------------
  data required time                                                 0.06
  data arrival time                                                 -0.12
  --------------------------------------------------------------------------
  slack (MET)                                                        0.06


  Startpoint: g_slices[0].issue_slice/scoreboard/out_arb/g_input_select.g_arbiter.g_out_buf[0].out_buf/g_eb2.stream_buffer/g_buffer.buffer_r_reg[77]
              (rising edge-triggered flip-flop clocked by CLK)
  Endpoint: g_slices[0].issue_slice/scoreboard/out_arb/g_input_select.g_arbiter.g_out_buf[0].out_buf/g_eb2.stream_buffer/g_buffer.buffer_r_reg[77]
            (rising edge-triggered flip-flop clocked by CLK)
  Path Group: CLK
  Path Type: min

  Des/Clust/Port     Wire Load Model       Library
  ------------------------------------------------
  VX_issue           5K_hvratio_1_1        NangateOpenCellLibrary_tt1p1v25c

  Point                                                   Incr       Path
  --------------------------------------------------------------------------
  clock CLK (rise edge)                                   0.00       0.00
  clock network delay (ideal)                             0.00       0.00
  g_slices[0].issue_slice/scoreboard/out_arb/g_input_select.g_arbiter.g_out_buf[0].out_buf/g_eb2.stream_buffer/g_buffer.buffer_r_reg[77]/CK (DFF_X1)
                                                          0.00 #     0.00 r
  g_slices[0].issue_slice/scoreboard/out_arb/g_input_select.g_arbiter.g_out_buf[0].out_buf/g_eb2.stream_buffer/g_buffer.buffer_r_reg[77]/QN (DFF_X1)
                                                          0.08       0.08 r
  U143720/ZN (AOI22_X1)                                   0.03       0.11 f
  g_slices[0].issue_slice/scoreboard/out_arb/g_input_select.g_arbiter.g_out_buf[0].out_buf/g_eb2.stream_buffer/g_buffer.buffer_r_reg[77]/D (DFF_X1)
                                                          0.01       0.12 f
  data arrival time                                                  0.12

  clock CLK (rise edge)                                   0.00       0.00
  clock network delay (ideal)                             0.00       0.00
  clock uncertainty                                       0.05       0.05
  g_slices[0].issue_slice/scoreboard/out_arb/g_input_select.g_arbiter.g_out_buf[0].out_buf/g_eb2.stream_buffer/g_buffer.buffer_r_reg[77]/CK (DFF_X1)
                                                          0.00       0.05 r
  library hold time                                       0.01       0.06
  data required time                                                 0.06
  --------------------------------------------------------------------------
  data required time                                                 0.06
  data arrival time                                                 -0.12
  --------------------------------------------------------------------------
  slack (MET)                                                        0.06


  Startpoint: g_slices[0].issue_slice/scoreboard/out_arb/g_input_select.g_arbiter.g_out_buf[0].out_buf/g_eb2.stream_buffer/g_buffer.buffer_r_reg[78]
              (rising edge-triggered flip-flop clocked by CLK)
  Endpoint: g_slices[0].issue_slice/scoreboard/out_arb/g_input_select.g_arbiter.g_out_buf[0].out_buf/g_eb2.stream_buffer/g_buffer.buffer_r_reg[78]
            (rising edge-triggered flip-flop clocked by CLK)
  Path Group: CLK
  Path Type: min

  Des/Clust/Port     Wire Load Model       Library
  ------------------------------------------------
  VX_issue           5K_hvratio_1_1        NangateOpenCellLibrary_tt1p1v25c

  Point                                                   Incr       Path
  --------------------------------------------------------------------------
  clock CLK (rise edge)                                   0.00       0.00
  clock network delay (ideal)                             0.00       0.00
  g_slices[0].issue_slice/scoreboard/out_arb/g_input_select.g_arbiter.g_out_buf[0].out_buf/g_eb2.stream_buffer/g_buffer.buffer_r_reg[78]/CK (DFF_X1)
                                                          0.00 #     0.00 r
  g_slices[0].issue_slice/scoreboard/out_arb/g_input_select.g_arbiter.g_out_buf[0].out_buf/g_eb2.stream_buffer/g_buffer.buffer_r_reg[78]/QN (DFF_X1)
                                                          0.08       0.08 r
  U143724/ZN (AOI22_X1)                                   0.03       0.11 f
  g_slices[0].issue_slice/scoreboard/out_arb/g_input_select.g_arbiter.g_out_buf[0].out_buf/g_eb2.stream_buffer/g_buffer.buffer_r_reg[78]/D (DFF_X1)
                                                          0.01       0.12 f
  data arrival time                                                  0.12

  clock CLK (rise edge)                                   0.00       0.00
  clock network delay (ideal)                             0.00       0.00
  clock uncertainty                                       0.05       0.05
  g_slices[0].issue_slice/scoreboard/out_arb/g_input_select.g_arbiter.g_out_buf[0].out_buf/g_eb2.stream_buffer/g_buffer.buffer_r_reg[78]/CK (DFF_X1)
                                                          0.00       0.05 r
  library hold time                                       0.01       0.06
  data required time                                                 0.06
  --------------------------------------------------------------------------
  data required time                                                 0.06
  data arrival time                                                 -0.12
  --------------------------------------------------------------------------
  slack (MET)                                                        0.06


  Startpoint: g_slices[0].issue_slice/scoreboard/out_arb/g_input_select.g_arbiter.g_out_buf[0].out_buf/g_eb2.stream_buffer/g_buffer.buffer_r_reg[79]
              (rising edge-triggered flip-flop clocked by CLK)
  Endpoint: g_slices[0].issue_slice/scoreboard/out_arb/g_input_select.g_arbiter.g_out_buf[0].out_buf/g_eb2.stream_buffer/g_buffer.buffer_r_reg[79]
            (rising edge-triggered flip-flop clocked by CLK)
  Path Group: CLK
  Path Type: min

  Des/Clust/Port     Wire Load Model       Library
  ------------------------------------------------
  VX_issue           5K_hvratio_1_1        NangateOpenCellLibrary_tt1p1v25c

  Point                                                   Incr       Path
  --------------------------------------------------------------------------
  clock CLK (rise edge)                                   0.00       0.00
  clock network delay (ideal)                             0.00       0.00
  g_slices[0].issue_slice/scoreboard/out_arb/g_input_select.g_arbiter.g_out_buf[0].out_buf/g_eb2.stream_buffer/g_buffer.buffer_r_reg[79]/CK (DFF_X1)
                                                          0.00 #     0.00 r
  g_slices[0].issue_slice/scoreboard/out_arb/g_input_select.g_arbiter.g_out_buf[0].out_buf/g_eb2.stream_buffer/g_buffer.buffer_r_reg[79]/QN (DFF_X1)
                                                          0.08       0.08 r
  U143728/ZN (AOI22_X1)                                   0.03       0.11 f
  g_slices[0].issue_slice/scoreboard/out_arb/g_input_select.g_arbiter.g_out_buf[0].out_buf/g_eb2.stream_buffer/g_buffer.buffer_r_reg[79]/D (DFF_X1)
                                                          0.01       0.12 f
  data arrival time                                                  0.12

  clock CLK (rise edge)                                   0.00       0.00
  clock network delay (ideal)                             0.00       0.00
  clock uncertainty                                       0.05       0.05
  g_slices[0].issue_slice/scoreboard/out_arb/g_input_select.g_arbiter.g_out_buf[0].out_buf/g_eb2.stream_buffer/g_buffer.buffer_r_reg[79]/CK (DFF_X1)
                                                          0.00       0.05 r
  library hold time                                       0.01       0.06
  data required time                                                 0.06
  --------------------------------------------------------------------------
  data required time                                                 0.06
  data arrival time                                                 -0.12
  --------------------------------------------------------------------------
  slack (MET)                                                        0.06


  Startpoint: g_slices[0].issue_slice/scoreboard/out_arb/g_input_select.g_arbiter.g_out_buf[0].out_buf/g_eb2.stream_buffer/g_buffer.buffer_r_reg[80]
              (rising edge-triggered flip-flop clocked by CLK)
  Endpoint: g_slices[0].issue_slice/scoreboard/out_arb/g_input_select.g_arbiter.g_out_buf[0].out_buf/g_eb2.stream_buffer/g_buffer.buffer_r_reg[80]
            (rising edge-triggered flip-flop clocked by CLK)
  Path Group: CLK
  Path Type: min

  Des/Clust/Port     Wire Load Model       Library
  ------------------------------------------------
  VX_issue           5K_hvratio_1_1        NangateOpenCellLibrary_tt1p1v25c

  Point                                                   Incr       Path
  --------------------------------------------------------------------------
  clock CLK (rise edge)                                   0.00       0.00
  clock network delay (ideal)                             0.00       0.00
  g_slices[0].issue_slice/scoreboard/out_arb/g_input_select.g_arbiter.g_out_buf[0].out_buf/g_eb2.stream_buffer/g_buffer.buffer_r_reg[80]/CK (DFF_X1)
                                                          0.00 #     0.00 r
  g_slices[0].issue_slice/scoreboard/out_arb/g_input_select.g_arbiter.g_out_buf[0].out_buf/g_eb2.stream_buffer/g_buffer.buffer_r_reg[80]/QN (DFF_X1)
                                                          0.08       0.08 r
  U143732/ZN (AOI22_X1)                                   0.03       0.11 f
  g_slices[0].issue_slice/scoreboard/out_arb/g_input_select.g_arbiter.g_out_buf[0].out_buf/g_eb2.stream_buffer/g_buffer.buffer_r_reg[80]/D (DFF_X1)
                                                          0.01       0.12 f
  data arrival time                                                  0.12

  clock CLK (rise edge)                                   0.00       0.00
  clock network delay (ideal)                             0.00       0.00
  clock uncertainty                                       0.05       0.05
  g_slices[0].issue_slice/scoreboard/out_arb/g_input_select.g_arbiter.g_out_buf[0].out_buf/g_eb2.stream_buffer/g_buffer.buffer_r_reg[80]/CK (DFF_X1)
                                                          0.00       0.05 r
  library hold time                                       0.01       0.06
  data required time                                                 0.06
  --------------------------------------------------------------------------
  data required time                                                 0.06
  data arrival time                                                 -0.12
  --------------------------------------------------------------------------
  slack (MET)                                                        0.06


  Startpoint: g_slices[0].issue_slice/scoreboard/out_arb/g_input_select.g_arbiter.g_out_buf[0].out_buf/g_eb2.stream_buffer/g_buffer.buffer_r_reg[81]
              (rising edge-triggered flip-flop clocked by CLK)
  Endpoint: g_slices[0].issue_slice/scoreboard/out_arb/g_input_select.g_arbiter.g_out_buf[0].out_buf/g_eb2.stream_buffer/g_buffer.buffer_r_reg[81]
            (rising edge-triggered flip-flop clocked by CLK)
  Path Group: CLK
  Path Type: min

  Des/Clust/Port     Wire Load Model       Library
  ------------------------------------------------
  VX_issue           5K_hvratio_1_1        NangateOpenCellLibrary_tt1p1v25c

  Point                                                   Incr       Path
  --------------------------------------------------------------------------
  clock CLK (rise edge)                                   0.00       0.00
  clock network delay (ideal)                             0.00       0.00
  g_slices[0].issue_slice/scoreboard/out_arb/g_input_select.g_arbiter.g_out_buf[0].out_buf/g_eb2.stream_buffer/g_buffer.buffer_r_reg[81]/CK (DFF_X1)
                                                          0.00 #     0.00 r
  g_slices[0].issue_slice/scoreboard/out_arb/g_input_select.g_arbiter.g_out_buf[0].out_buf/g_eb2.stream_buffer/g_buffer.buffer_r_reg[81]/QN (DFF_X1)
                                                          0.08       0.08 r
  U143736/ZN (AOI22_X1)                                   0.03       0.11 f
  g_slices[0].issue_slice/scoreboard/out_arb/g_input_select.g_arbiter.g_out_buf[0].out_buf/g_eb2.stream_buffer/g_buffer.buffer_r_reg[81]/D (DFF_X1)
                                                          0.01       0.12 f
  data arrival time                                                  0.12

  clock CLK (rise edge)                                   0.00       0.00
  clock network delay (ideal)                             0.00       0.00
  clock uncertainty                                       0.05       0.05
  g_slices[0].issue_slice/scoreboard/out_arb/g_input_select.g_arbiter.g_out_buf[0].out_buf/g_eb2.stream_buffer/g_buffer.buffer_r_reg[81]/CK (DFF_X1)
                                                          0.00       0.05 r
  library hold time                                       0.01       0.06
  data required time                                                 0.06
  --------------------------------------------------------------------------
  data required time                                                 0.06
  data arrival time                                                 -0.12
  --------------------------------------------------------------------------
  slack (MET)                                                        0.06


  Startpoint: g_slices[0].issue_slice/scoreboard/out_arb/g_input_select.g_arbiter.g_out_buf[0].out_buf/g_eb2.stream_buffer/g_buffer.buffer_r_reg[82]
              (rising edge-triggered flip-flop clocked by CLK)
  Endpoint: g_slices[0].issue_slice/scoreboard/out_arb/g_input_select.g_arbiter.g_out_buf[0].out_buf/g_eb2.stream_buffer/g_buffer.buffer_r_reg[82]
            (rising edge-triggered flip-flop clocked by CLK)
  Path Group: CLK
  Path Type: min

  Des/Clust/Port     Wire Load Model       Library
  ------------------------------------------------
  VX_issue           5K_hvratio_1_1        NangateOpenCellLibrary_tt1p1v25c

  Point                                                   Incr       Path
  --------------------------------------------------------------------------
  clock CLK (rise edge)                                   0.00       0.00
  clock network delay (ideal)                             0.00       0.00
  g_slices[0].issue_slice/scoreboard/out_arb/g_input_select.g_arbiter.g_out_buf[0].out_buf/g_eb2.stream_buffer/g_buffer.buffer_r_reg[82]/CK (DFF_X1)
                                                          0.00 #     0.00 r
  g_slices[0].issue_slice/scoreboard/out_arb/g_input_select.g_arbiter.g_out_buf[0].out_buf/g_eb2.stream_buffer/g_buffer.buffer_r_reg[82]/QN (DFF_X1)
                                                          0.08       0.08 r
  U143740/ZN (AOI22_X1)                                   0.03       0.11 f
  g_slices[0].issue_slice/scoreboard/out_arb/g_input_select.g_arbiter.g_out_buf[0].out_buf/g_eb2.stream_buffer/g_buffer.buffer_r_reg[82]/D (DFF_X1)
                                                          0.01       0.12 f
  data arrival time                                                  0.12

  clock CLK (rise edge)                                   0.00       0.00
  clock network delay (ideal)                             0.00       0.00
  clock uncertainty                                       0.05       0.05
  g_slices[0].issue_slice/scoreboard/out_arb/g_input_select.g_arbiter.g_out_buf[0].out_buf/g_eb2.stream_buffer/g_buffer.buffer_r_reg[82]/CK (DFF_X1)
                                                          0.00       0.05 r
  library hold time                                       0.01       0.06
  data required time                                                 0.06
  --------------------------------------------------------------------------
  data required time                                                 0.06
  data arrival time                                                 -0.12
  --------------------------------------------------------------------------
  slack (MET)                                                        0.06


  Startpoint: g_slices[0].issue_slice/scoreboard/out_arb/g_input_select.g_arbiter.g_out_buf[0].out_buf/g_eb2.stream_buffer/g_buffer.buffer_r_reg[83]
              (rising edge-triggered flip-flop clocked by CLK)
  Endpoint: g_slices[0].issue_slice/scoreboard/out_arb/g_input_select.g_arbiter.g_out_buf[0].out_buf/g_eb2.stream_buffer/g_buffer.buffer_r_reg[83]
            (rising edge-triggered flip-flop clocked by CLK)
  Path Group: CLK
  Path Type: min

  Des/Clust/Port     Wire Load Model       Library
  ------------------------------------------------
  VX_issue           5K_hvratio_1_1        NangateOpenCellLibrary_tt1p1v25c

  Point                                                   Incr       Path
  --------------------------------------------------------------------------
  clock CLK (rise edge)                                   0.00       0.00
  clock network delay (ideal)                             0.00       0.00
  g_slices[0].issue_slice/scoreboard/out_arb/g_input_select.g_arbiter.g_out_buf[0].out_buf/g_eb2.stream_buffer/g_buffer.buffer_r_reg[83]/CK (DFF_X1)
                                                          0.00 #     0.00 r
  g_slices[0].issue_slice/scoreboard/out_arb/g_input_select.g_arbiter.g_out_buf[0].out_buf/g_eb2.stream_buffer/g_buffer.buffer_r_reg[83]/QN (DFF_X1)
                                                          0.08       0.08 r
  U143744/ZN (AOI22_X1)                                   0.03       0.11 f
  g_slices[0].issue_slice/scoreboard/out_arb/g_input_select.g_arbiter.g_out_buf[0].out_buf/g_eb2.stream_buffer/g_buffer.buffer_r_reg[83]/D (DFF_X1)
                                                          0.01       0.12 f
  data arrival time                                                  0.12

  clock CLK (rise edge)                                   0.00       0.00
  clock network delay (ideal)                             0.00       0.00
  clock uncertainty                                       0.05       0.05
  g_slices[0].issue_slice/scoreboard/out_arb/g_input_select.g_arbiter.g_out_buf[0].out_buf/g_eb2.stream_buffer/g_buffer.buffer_r_reg[83]/CK (DFF_X1)
                                                          0.00       0.05 r
  library hold time                                       0.01       0.06
  data required time                                                 0.06
  --------------------------------------------------------------------------
  data required time                                                 0.06
  data arrival time                                                 -0.12
  --------------------------------------------------------------------------
  slack (MET)                                                        0.06


  Startpoint: g_slices[0].issue_slice/scoreboard/out_arb/g_input_select.g_arbiter.g_out_buf[0].out_buf/g_eb2.stream_buffer/g_buffer.buffer_r_reg[84]
              (rising edge-triggered flip-flop clocked by CLK)
  Endpoint: g_slices[0].issue_slice/scoreboard/out_arb/g_input_select.g_arbiter.g_out_buf[0].out_buf/g_eb2.stream_buffer/g_buffer.buffer_r_reg[84]
            (rising edge-triggered flip-flop clocked by CLK)
  Path Group: CLK
  Path Type: min

  Des/Clust/Port     Wire Load Model       Library
  ------------------------------------------------
  VX_issue           5K_hvratio_1_1        NangateOpenCellLibrary_tt1p1v25c

  Point                                                   Incr       Path
  --------------------------------------------------------------------------
  clock CLK (rise edge)                                   0.00       0.00
  clock network delay (ideal)                             0.00       0.00
  g_slices[0].issue_slice/scoreboard/out_arb/g_input_select.g_arbiter.g_out_buf[0].out_buf/g_eb2.stream_buffer/g_buffer.buffer_r_reg[84]/CK (DFF_X1)
                                                          0.00 #     0.00 r
  g_slices[0].issue_slice/scoreboard/out_arb/g_input_select.g_arbiter.g_out_buf[0].out_buf/g_eb2.stream_buffer/g_buffer.buffer_r_reg[84]/QN (DFF_X1)
                                                          0.08       0.08 r
  U143748/ZN (AOI22_X1)                                   0.03       0.11 f
  g_slices[0].issue_slice/scoreboard/out_arb/g_input_select.g_arbiter.g_out_buf[0].out_buf/g_eb2.stream_buffer/g_buffer.buffer_r_reg[84]/D (DFF_X1)
                                                          0.01       0.12 f
  data arrival time                                                  0.12

  clock CLK (rise edge)                                   0.00       0.00
  clock network delay (ideal)                             0.00       0.00
  clock uncertainty                                       0.05       0.05
  g_slices[0].issue_slice/scoreboard/out_arb/g_input_select.g_arbiter.g_out_buf[0].out_buf/g_eb2.stream_buffer/g_buffer.buffer_r_reg[84]/CK (DFF_X1)
                                                          0.00       0.05 r
  library hold time                                       0.01       0.06
  data required time                                                 0.06
  --------------------------------------------------------------------------
  data required time                                                 0.06
  data arrival time                                                 -0.12
  --------------------------------------------------------------------------
  slack (MET)                                                        0.06


  Startpoint: g_slices[0].issue_slice/scoreboard/out_arb/g_input_select.g_arbiter.g_out_buf[0].out_buf/g_eb2.stream_buffer/g_buffer.buffer_r_reg[85]
              (rising edge-triggered flip-flop clocked by CLK)
  Endpoint: g_slices[0].issue_slice/scoreboard/out_arb/g_input_select.g_arbiter.g_out_buf[0].out_buf/g_eb2.stream_buffer/g_buffer.buffer_r_reg[85]
            (rising edge-triggered flip-flop clocked by CLK)
  Path Group: CLK
  Path Type: min

  Des/Clust/Port     Wire Load Model       Library
  ------------------------------------------------
  VX_issue           5K_hvratio_1_1        NangateOpenCellLibrary_tt1p1v25c

  Point                                                   Incr       Path
  --------------------------------------------------------------------------
  clock CLK (rise edge)                                   0.00       0.00
  clock network delay (ideal)                             0.00       0.00
  g_slices[0].issue_slice/scoreboard/out_arb/g_input_select.g_arbiter.g_out_buf[0].out_buf/g_eb2.stream_buffer/g_buffer.buffer_r_reg[85]/CK (DFF_X1)
                                                          0.00 #     0.00 r
  g_slices[0].issue_slice/scoreboard/out_arb/g_input_select.g_arbiter.g_out_buf[0].out_buf/g_eb2.stream_buffer/g_buffer.buffer_r_reg[85]/QN (DFF_X1)
                                                          0.08       0.08 r
  U143752/ZN (AOI22_X1)                                   0.03       0.11 f
  g_slices[0].issue_slice/scoreboard/out_arb/g_input_select.g_arbiter.g_out_buf[0].out_buf/g_eb2.stream_buffer/g_buffer.buffer_r_reg[85]/D (DFF_X1)
                                                          0.01       0.12 f
  data arrival time                                                  0.12

  clock CLK (rise edge)                                   0.00       0.00
  clock network delay (ideal)                             0.00       0.00
  clock uncertainty                                       0.05       0.05
  g_slices[0].issue_slice/scoreboard/out_arb/g_input_select.g_arbiter.g_out_buf[0].out_buf/g_eb2.stream_buffer/g_buffer.buffer_r_reg[85]/CK (DFF_X1)
                                                          0.00       0.05 r
  library hold time                                       0.01       0.06
  data required time                                                 0.06
  --------------------------------------------------------------------------
  data required time                                                 0.06
  data arrival time                                                 -0.12
  --------------------------------------------------------------------------
  slack (MET)                                                        0.06


  Startpoint: g_slices[0].issue_slice/scoreboard/out_arb/g_input_select.g_arbiter.g_out_buf[0].out_buf/g_eb2.stream_buffer/g_buffer.buffer_r_reg[86]
              (rising edge-triggered flip-flop clocked by CLK)
  Endpoint: g_slices[0].issue_slice/scoreboard/out_arb/g_input_select.g_arbiter.g_out_buf[0].out_buf/g_eb2.stream_buffer/g_buffer.buffer_r_reg[86]
            (rising edge-triggered flip-flop clocked by CLK)
  Path Group: CLK
  Path Type: min

  Des/Clust/Port     Wire Load Model       Library
  ------------------------------------------------
  VX_issue           5K_hvratio_1_1        NangateOpenCellLibrary_tt1p1v25c

  Point                                                   Incr       Path
  --------------------------------------------------------------------------
  clock CLK (rise edge)                                   0.00       0.00
  clock network delay (ideal)                             0.00       0.00
  g_slices[0].issue_slice/scoreboard/out_arb/g_input_select.g_arbiter.g_out_buf[0].out_buf/g_eb2.stream_buffer/g_buffer.buffer_r_reg[86]/CK (DFF_X1)
                                                          0.00 #     0.00 r
  g_slices[0].issue_slice/scoreboard/out_arb/g_input_select.g_arbiter.g_out_buf[0].out_buf/g_eb2.stream_buffer/g_buffer.buffer_r_reg[86]/QN (DFF_X1)
                                                          0.08       0.08 r
  U143756/ZN (AOI22_X1)                                   0.03       0.11 f
  g_slices[0].issue_slice/scoreboard/out_arb/g_input_select.g_arbiter.g_out_buf[0].out_buf/g_eb2.stream_buffer/g_buffer.buffer_r_reg[86]/D (DFF_X1)
                                                          0.01       0.12 f
  data arrival time                                                  0.12

  clock CLK (rise edge)                                   0.00       0.00
  clock network delay (ideal)                             0.00       0.00
  clock uncertainty                                       0.05       0.05
  g_slices[0].issue_slice/scoreboard/out_arb/g_input_select.g_arbiter.g_out_buf[0].out_buf/g_eb2.stream_buffer/g_buffer.buffer_r_reg[86]/CK (DFF_X1)
                                                          0.00       0.05 r
  library hold time                                       0.01       0.06
  data required time                                                 0.06
  --------------------------------------------------------------------------
  data required time                                                 0.06
  data arrival time                                                 -0.12
  --------------------------------------------------------------------------
  slack (MET)                                                        0.06


  Startpoint: g_slices[0].issue_slice/scoreboard/out_arb/g_input_select.g_arbiter.g_out_buf[0].out_buf/g_eb2.stream_buffer/g_buffer.buffer_r_reg[87]
              (rising edge-triggered flip-flop clocked by CLK)
  Endpoint: g_slices[0].issue_slice/scoreboard/out_arb/g_input_select.g_arbiter.g_out_buf[0].out_buf/g_eb2.stream_buffer/g_buffer.buffer_r_reg[87]
            (rising edge-triggered flip-flop clocked by CLK)
  Path Group: CLK
  Path Type: min

  Des/Clust/Port     Wire Load Model       Library
  ------------------------------------------------
  VX_issue           5K_hvratio_1_1        NangateOpenCellLibrary_tt1p1v25c

  Point                                                   Incr       Path
  --------------------------------------------------------------------------
  clock CLK (rise edge)                                   0.00       0.00
  clock network delay (ideal)                             0.00       0.00
  g_slices[0].issue_slice/scoreboard/out_arb/g_input_select.g_arbiter.g_out_buf[0].out_buf/g_eb2.stream_buffer/g_buffer.buffer_r_reg[87]/CK (DFF_X1)
                                                          0.00 #     0.00 r
  g_slices[0].issue_slice/scoreboard/out_arb/g_input_select.g_arbiter.g_out_buf[0].out_buf/g_eb2.stream_buffer/g_buffer.buffer_r_reg[87]/QN (DFF_X1)
                                                          0.08       0.08 r
  U143760/ZN (AOI22_X1)                                   0.03       0.11 f
  g_slices[0].issue_slice/scoreboard/out_arb/g_input_select.g_arbiter.g_out_buf[0].out_buf/g_eb2.stream_buffer/g_buffer.buffer_r_reg[87]/D (DFF_X1)
                                                          0.01       0.12 f
  data arrival time                                                  0.12

  clock CLK (rise edge)                                   0.00       0.00
  clock network delay (ideal)                             0.00       0.00
  clock uncertainty                                       0.05       0.05
  g_slices[0].issue_slice/scoreboard/out_arb/g_input_select.g_arbiter.g_out_buf[0].out_buf/g_eb2.stream_buffer/g_buffer.buffer_r_reg[87]/CK (DFF_X1)
                                                          0.00       0.05 r
  library hold time                                       0.01       0.06
  data required time                                                 0.06
  --------------------------------------------------------------------------
  data required time                                                 0.06
  data arrival time                                                 -0.12
  --------------------------------------------------------------------------
  slack (MET)                                                        0.06


  Startpoint: g_slices[0].issue_slice/scoreboard/out_arb/g_input_select.g_arbiter.g_out_buf[0].out_buf/g_eb2.stream_buffer/g_buffer.buffer_r_reg[88]
              (rising edge-triggered flip-flop clocked by CLK)
  Endpoint: g_slices[0].issue_slice/scoreboard/out_arb/g_input_select.g_arbiter.g_out_buf[0].out_buf/g_eb2.stream_buffer/g_buffer.buffer_r_reg[88]
            (rising edge-triggered flip-flop clocked by CLK)
  Path Group: CLK
  Path Type: min

  Des/Clust/Port     Wire Load Model       Library
  ------------------------------------------------
  VX_issue           5K_hvratio_1_1        NangateOpenCellLibrary_tt1p1v25c

  Point                                                   Incr       Path
  --------------------------------------------------------------------------
  clock CLK (rise edge)                                   0.00       0.00
  clock network delay (ideal)                             0.00       0.00
  g_slices[0].issue_slice/scoreboard/out_arb/g_input_select.g_arbiter.g_out_buf[0].out_buf/g_eb2.stream_buffer/g_buffer.buffer_r_reg[88]/CK (DFF_X1)
                                                          0.00 #     0.00 r
  g_slices[0].issue_slice/scoreboard/out_arb/g_input_select.g_arbiter.g_out_buf[0].out_buf/g_eb2.stream_buffer/g_buffer.buffer_r_reg[88]/QN (DFF_X1)
                                                          0.08       0.08 r
  U143764/ZN (AOI22_X1)                                   0.03       0.11 f
  g_slices[0].issue_slice/scoreboard/out_arb/g_input_select.g_arbiter.g_out_buf[0].out_buf/g_eb2.stream_buffer/g_buffer.buffer_r_reg[88]/D (DFF_X1)
                                                          0.01       0.12 f
  data arrival time                                                  0.12

  clock CLK (rise edge)                                   0.00       0.00
  clock network delay (ideal)                             0.00       0.00
  clock uncertainty                                       0.05       0.05
  g_slices[0].issue_slice/scoreboard/out_arb/g_input_select.g_arbiter.g_out_buf[0].out_buf/g_eb2.stream_buffer/g_buffer.buffer_r_reg[88]/CK (DFF_X1)
                                                          0.00       0.05 r
  library hold time                                       0.01       0.06
  data required time                                                 0.06
  --------------------------------------------------------------------------
  data required time                                                 0.06
  data arrival time                                                 -0.12
  --------------------------------------------------------------------------
  slack (MET)                                                        0.06


  Startpoint: g_slices[0].issue_slice/scoreboard/out_arb/g_input_select.g_arbiter.g_out_buf[0].out_buf/g_eb2.stream_buffer/g_buffer.buffer_r_reg[89]
              (rising edge-triggered flip-flop clocked by CLK)
  Endpoint: g_slices[0].issue_slice/scoreboard/out_arb/g_input_select.g_arbiter.g_out_buf[0].out_buf/g_eb2.stream_buffer/g_buffer.buffer_r_reg[89]
            (rising edge-triggered flip-flop clocked by CLK)
  Path Group: CLK
  Path Type: min

  Des/Clust/Port     Wire Load Model       Library
  ------------------------------------------------
  VX_issue           5K_hvratio_1_1        NangateOpenCellLibrary_tt1p1v25c

  Point                                                   Incr       Path
  --------------------------------------------------------------------------
  clock CLK (rise edge)                                   0.00       0.00
  clock network delay (ideal)                             0.00       0.00
  g_slices[0].issue_slice/scoreboard/out_arb/g_input_select.g_arbiter.g_out_buf[0].out_buf/g_eb2.stream_buffer/g_buffer.buffer_r_reg[89]/CK (DFF_X1)
                                                          0.00 #     0.00 r
  g_slices[0].issue_slice/scoreboard/out_arb/g_input_select.g_arbiter.g_out_buf[0].out_buf/g_eb2.stream_buffer/g_buffer.buffer_r_reg[89]/QN (DFF_X1)
                                                          0.08       0.08 r
  U143768/ZN (AOI22_X1)                                   0.03       0.11 f
  g_slices[0].issue_slice/scoreboard/out_arb/g_input_select.g_arbiter.g_out_buf[0].out_buf/g_eb2.stream_buffer/g_buffer.buffer_r_reg[89]/D (DFF_X1)
                                                          0.01       0.12 f
  data arrival time                                                  0.12

  clock CLK (rise edge)                                   0.00       0.00
  clock network delay (ideal)                             0.00       0.00
  clock uncertainty                                       0.05       0.05
  g_slices[0].issue_slice/scoreboard/out_arb/g_input_select.g_arbiter.g_out_buf[0].out_buf/g_eb2.stream_buffer/g_buffer.buffer_r_reg[89]/CK (DFF_X1)
                                                          0.00       0.05 r
  library hold time                                       0.01       0.06
  data required time                                                 0.06
  --------------------------------------------------------------------------
  data required time                                                 0.06
  data arrival time                                                 -0.12
  --------------------------------------------------------------------------
  slack (MET)                                                        0.06


  Startpoint: g_slices[0].issue_slice/scoreboard/out_arb/g_input_select.g_arbiter.g_out_buf[0].out_buf/g_eb2.stream_buffer/g_buffer.buffer_r_reg[90]
              (rising edge-triggered flip-flop clocked by CLK)
  Endpoint: g_slices[0].issue_slice/scoreboard/out_arb/g_input_select.g_arbiter.g_out_buf[0].out_buf/g_eb2.stream_buffer/g_buffer.buffer_r_reg[90]
            (rising edge-triggered flip-flop clocked by CLK)
  Path Group: CLK
  Path Type: min

  Des/Clust/Port     Wire Load Model       Library
  ------------------------------------------------
  VX_issue           5K_hvratio_1_1        NangateOpenCellLibrary_tt1p1v25c

  Point                                                   Incr       Path
  --------------------------------------------------------------------------
  clock CLK (rise edge)                                   0.00       0.00
  clock network delay (ideal)                             0.00       0.00
  g_slices[0].issue_slice/scoreboard/out_arb/g_input_select.g_arbiter.g_out_buf[0].out_buf/g_eb2.stream_buffer/g_buffer.buffer_r_reg[90]/CK (DFF_X1)
                                                          0.00 #     0.00 r
  g_slices[0].issue_slice/scoreboard/out_arb/g_input_select.g_arbiter.g_out_buf[0].out_buf/g_eb2.stream_buffer/g_buffer.buffer_r_reg[90]/QN (DFF_X1)
                                                          0.08       0.08 r
  U143772/ZN (AOI22_X1)                                   0.03       0.11 f
  g_slices[0].issue_slice/scoreboard/out_arb/g_input_select.g_arbiter.g_out_buf[0].out_buf/g_eb2.stream_buffer/g_buffer.buffer_r_reg[90]/D (DFF_X1)
                                                          0.01       0.12 f
  data arrival time                                                  0.12

  clock CLK (rise edge)                                   0.00       0.00
  clock network delay (ideal)                             0.00       0.00
  clock uncertainty                                       0.05       0.05
  g_slices[0].issue_slice/scoreboard/out_arb/g_input_select.g_arbiter.g_out_buf[0].out_buf/g_eb2.stream_buffer/g_buffer.buffer_r_reg[90]/CK (DFF_X1)
                                                          0.00       0.05 r
  library hold time                                       0.01       0.06
  data required time                                                 0.06
  --------------------------------------------------------------------------
  data required time                                                 0.06
  data arrival time                                                 -0.12
  --------------------------------------------------------------------------
  slack (MET)                                                        0.06


  Startpoint: g_slices[0].issue_slice/scoreboard/out_arb/g_input_select.g_arbiter.g_out_buf[0].out_buf/g_eb2.stream_buffer/g_buffer.buffer_r_reg[91]
              (rising edge-triggered flip-flop clocked by CLK)
  Endpoint: g_slices[0].issue_slice/scoreboard/out_arb/g_input_select.g_arbiter.g_out_buf[0].out_buf/g_eb2.stream_buffer/g_buffer.buffer_r_reg[91]
            (rising edge-triggered flip-flop clocked by CLK)
  Path Group: CLK
  Path Type: min

  Des/Clust/Port     Wire Load Model       Library
  ------------------------------------------------
  VX_issue           5K_hvratio_1_1        NangateOpenCellLibrary_tt1p1v25c

  Point                                                   Incr       Path
  --------------------------------------------------------------------------
  clock CLK (rise edge)                                   0.00       0.00
  clock network delay (ideal)                             0.00       0.00
  g_slices[0].issue_slice/scoreboard/out_arb/g_input_select.g_arbiter.g_out_buf[0].out_buf/g_eb2.stream_buffer/g_buffer.buffer_r_reg[91]/CK (DFF_X1)
                                                          0.00 #     0.00 r
  g_slices[0].issue_slice/scoreboard/out_arb/g_input_select.g_arbiter.g_out_buf[0].out_buf/g_eb2.stream_buffer/g_buffer.buffer_r_reg[91]/QN (DFF_X1)
                                                          0.08       0.08 r
  U143776/ZN (AOI22_X1)                                   0.03       0.11 f
  g_slices[0].issue_slice/scoreboard/out_arb/g_input_select.g_arbiter.g_out_buf[0].out_buf/g_eb2.stream_buffer/g_buffer.buffer_r_reg[91]/D (DFF_X1)
                                                          0.01       0.12 f
  data arrival time                                                  0.12

  clock CLK (rise edge)                                   0.00       0.00
  clock network delay (ideal)                             0.00       0.00
  clock uncertainty                                       0.05       0.05
  g_slices[0].issue_slice/scoreboard/out_arb/g_input_select.g_arbiter.g_out_buf[0].out_buf/g_eb2.stream_buffer/g_buffer.buffer_r_reg[91]/CK (DFF_X1)
                                                          0.00       0.05 r
  library hold time                                       0.01       0.06
  data required time                                                 0.06
  --------------------------------------------------------------------------
  data required time                                                 0.06
  data arrival time                                                 -0.12
  --------------------------------------------------------------------------
  slack (MET)                                                        0.06


  Startpoint: g_slices[0].issue_slice/scoreboard/out_arb/g_input_select.g_arbiter.g_out_buf[0].out_buf/g_eb2.stream_buffer/g_buffer.buffer_r_reg[92]
              (rising edge-triggered flip-flop clocked by CLK)
  Endpoint: g_slices[0].issue_slice/scoreboard/out_arb/g_input_select.g_arbiter.g_out_buf[0].out_buf/g_eb2.stream_buffer/g_buffer.buffer_r_reg[92]
            (rising edge-triggered flip-flop clocked by CLK)
  Path Group: CLK
  Path Type: min

  Des/Clust/Port     Wire Load Model       Library
  ------------------------------------------------
  VX_issue           5K_hvratio_1_1        NangateOpenCellLibrary_tt1p1v25c

  Point                                                   Incr       Path
  --------------------------------------------------------------------------
  clock CLK (rise edge)                                   0.00       0.00
  clock network delay (ideal)                             0.00       0.00
  g_slices[0].issue_slice/scoreboard/out_arb/g_input_select.g_arbiter.g_out_buf[0].out_buf/g_eb2.stream_buffer/g_buffer.buffer_r_reg[92]/CK (DFF_X1)
                                                          0.00 #     0.00 r
  g_slices[0].issue_slice/scoreboard/out_arb/g_input_select.g_arbiter.g_out_buf[0].out_buf/g_eb2.stream_buffer/g_buffer.buffer_r_reg[92]/QN (DFF_X1)
                                                          0.08       0.08 r
  U143780/ZN (AOI22_X1)                                   0.03       0.11 f
  g_slices[0].issue_slice/scoreboard/out_arb/g_input_select.g_arbiter.g_out_buf[0].out_buf/g_eb2.stream_buffer/g_buffer.buffer_r_reg[92]/D (DFF_X1)
                                                          0.01       0.12 f
  data arrival time                                                  0.12

  clock CLK (rise edge)                                   0.00       0.00
  clock network delay (ideal)                             0.00       0.00
  clock uncertainty                                       0.05       0.05
  g_slices[0].issue_slice/scoreboard/out_arb/g_input_select.g_arbiter.g_out_buf[0].out_buf/g_eb2.stream_buffer/g_buffer.buffer_r_reg[92]/CK (DFF_X1)
                                                          0.00       0.05 r
  library hold time                                       0.01       0.06
  data required time                                                 0.06
  --------------------------------------------------------------------------
  data required time                                                 0.06
  data arrival time                                                 -0.12
  --------------------------------------------------------------------------
  slack (MET)                                                        0.06


  Startpoint: g_slices[0].issue_slice/scoreboard/out_arb/g_input_select.g_arbiter.g_out_buf[0].out_buf/g_eb2.stream_buffer/g_buffer.buffer_r_reg[93]
              (rising edge-triggered flip-flop clocked by CLK)
  Endpoint: g_slices[0].issue_slice/scoreboard/out_arb/g_input_select.g_arbiter.g_out_buf[0].out_buf/g_eb2.stream_buffer/g_buffer.buffer_r_reg[93]
            (rising edge-triggered flip-flop clocked by CLK)
  Path Group: CLK
  Path Type: min

  Des/Clust/Port     Wire Load Model       Library
  ------------------------------------------------
  VX_issue           5K_hvratio_1_1        NangateOpenCellLibrary_tt1p1v25c

  Point                                                   Incr       Path
  --------------------------------------------------------------------------
  clock CLK (rise edge)                                   0.00       0.00
  clock network delay (ideal)                             0.00       0.00
  g_slices[0].issue_slice/scoreboard/out_arb/g_input_select.g_arbiter.g_out_buf[0].out_buf/g_eb2.stream_buffer/g_buffer.buffer_r_reg[93]/CK (DFF_X1)
                                                          0.00 #     0.00 r
  g_slices[0].issue_slice/scoreboard/out_arb/g_input_select.g_arbiter.g_out_buf[0].out_buf/g_eb2.stream_buffer/g_buffer.buffer_r_reg[93]/QN (DFF_X1)
                                                          0.08       0.08 r
  U143784/ZN (AOI22_X1)                                   0.03       0.11 f
  g_slices[0].issue_slice/scoreboard/out_arb/g_input_select.g_arbiter.g_out_buf[0].out_buf/g_eb2.stream_buffer/g_buffer.buffer_r_reg[93]/D (DFF_X1)
                                                          0.01       0.12 f
  data arrival time                                                  0.12

  clock CLK (rise edge)                                   0.00       0.00
  clock network delay (ideal)                             0.00       0.00
  clock uncertainty                                       0.05       0.05
  g_slices[0].issue_slice/scoreboard/out_arb/g_input_select.g_arbiter.g_out_buf[0].out_buf/g_eb2.stream_buffer/g_buffer.buffer_r_reg[93]/CK (DFF_X1)
                                                          0.00       0.05 r
  library hold time                                       0.01       0.06
  data required time                                                 0.06
  --------------------------------------------------------------------------
  data required time                                                 0.06
  data arrival time                                                 -0.12
  --------------------------------------------------------------------------
  slack (MET)                                                        0.06


  Startpoint: g_slices[0].issue_slice/scoreboard/out_arb/g_input_select.g_arbiter.g_out_buf[0].out_buf/g_eb2.stream_buffer/g_buffer.buffer_r_reg[94]
              (rising edge-triggered flip-flop clocked by CLK)
  Endpoint: g_slices[0].issue_slice/scoreboard/out_arb/g_input_select.g_arbiter.g_out_buf[0].out_buf/g_eb2.stream_buffer/g_buffer.buffer_r_reg[94]
            (rising edge-triggered flip-flop clocked by CLK)
  Path Group: CLK
  Path Type: min

  Des/Clust/Port     Wire Load Model       Library
  ------------------------------------------------
  VX_issue           5K_hvratio_1_1        NangateOpenCellLibrary_tt1p1v25c

  Point                                                   Incr       Path
  --------------------------------------------------------------------------
  clock CLK (rise edge)                                   0.00       0.00
  clock network delay (ideal)                             0.00       0.00
  g_slices[0].issue_slice/scoreboard/out_arb/g_input_select.g_arbiter.g_out_buf[0].out_buf/g_eb2.stream_buffer/g_buffer.buffer_r_reg[94]/CK (DFF_X1)
                                                          0.00 #     0.00 r
  g_slices[0].issue_slice/scoreboard/out_arb/g_input_select.g_arbiter.g_out_buf[0].out_buf/g_eb2.stream_buffer/g_buffer.buffer_r_reg[94]/QN (DFF_X1)
                                                          0.08       0.08 r
  U143788/ZN (AOI22_X1)                                   0.03       0.11 f
  g_slices[0].issue_slice/scoreboard/out_arb/g_input_select.g_arbiter.g_out_buf[0].out_buf/g_eb2.stream_buffer/g_buffer.buffer_r_reg[94]/D (DFF_X1)
                                                          0.01       0.12 f
  data arrival time                                                  0.12

  clock CLK (rise edge)                                   0.00       0.00
  clock network delay (ideal)                             0.00       0.00
  clock uncertainty                                       0.05       0.05
  g_slices[0].issue_slice/scoreboard/out_arb/g_input_select.g_arbiter.g_out_buf[0].out_buf/g_eb2.stream_buffer/g_buffer.buffer_r_reg[94]/CK (DFF_X1)
                                                          0.00       0.05 r
  library hold time                                       0.01       0.06
  data required time                                                 0.06
  --------------------------------------------------------------------------
  data required time                                                 0.06
  data arrival time                                                 -0.12
  --------------------------------------------------------------------------
  slack (MET)                                                        0.06


  Startpoint: g_slices[0].issue_slice/scoreboard/out_arb/g_input_select.g_arbiter.g_out_buf[0].out_buf/g_eb2.stream_buffer/g_buffer.buffer_r_reg[95]
              (rising edge-triggered flip-flop clocked by CLK)
  Endpoint: g_slices[0].issue_slice/scoreboard/out_arb/g_input_select.g_arbiter.g_out_buf[0].out_buf/g_eb2.stream_buffer/g_buffer.buffer_r_reg[95]
            (rising edge-triggered flip-flop clocked by CLK)
  Path Group: CLK
  Path Type: min

  Des/Clust/Port     Wire Load Model       Library
  ------------------------------------------------
  VX_issue           5K_hvratio_1_1        NangateOpenCellLibrary_tt1p1v25c

  Point                                                   Incr       Path
  --------------------------------------------------------------------------
  clock CLK (rise edge)                                   0.00       0.00
  clock network delay (ideal)                             0.00       0.00
  g_slices[0].issue_slice/scoreboard/out_arb/g_input_select.g_arbiter.g_out_buf[0].out_buf/g_eb2.stream_buffer/g_buffer.buffer_r_reg[95]/CK (DFF_X1)
                                                          0.00 #     0.00 r
  g_slices[0].issue_slice/scoreboard/out_arb/g_input_select.g_arbiter.g_out_buf[0].out_buf/g_eb2.stream_buffer/g_buffer.buffer_r_reg[95]/QN (DFF_X1)
                                                          0.08       0.08 r
  U143792/ZN (AOI22_X1)                                   0.03       0.11 f
  g_slices[0].issue_slice/scoreboard/out_arb/g_input_select.g_arbiter.g_out_buf[0].out_buf/g_eb2.stream_buffer/g_buffer.buffer_r_reg[95]/D (DFF_X1)
                                                          0.01       0.12 f
  data arrival time                                                  0.12

  clock CLK (rise edge)                                   0.00       0.00
  clock network delay (ideal)                             0.00       0.00
  clock uncertainty                                       0.05       0.05
  g_slices[0].issue_slice/scoreboard/out_arb/g_input_select.g_arbiter.g_out_buf[0].out_buf/g_eb2.stream_buffer/g_buffer.buffer_r_reg[95]/CK (DFF_X1)
                                                          0.00       0.05 r
  library hold time                                       0.01       0.06
  data required time                                                 0.06
  --------------------------------------------------------------------------
  data required time                                                 0.06
  data arrival time                                                 -0.12
  --------------------------------------------------------------------------
  slack (MET)                                                        0.06


  Startpoint: g_slices[0].issue_slice/scoreboard/out_arb/g_input_select.g_arbiter.g_out_buf[0].out_buf/g_eb2.stream_buffer/g_buffer.buffer_r_reg[96]
              (rising edge-triggered flip-flop clocked by CLK)
  Endpoint: g_slices[0].issue_slice/scoreboard/out_arb/g_input_select.g_arbiter.g_out_buf[0].out_buf/g_eb2.stream_buffer/g_buffer.buffer_r_reg[96]
            (rising edge-triggered flip-flop clocked by CLK)
  Path Group: CLK
  Path Type: min

  Des/Clust/Port     Wire Load Model       Library
  ------------------------------------------------
  VX_issue           5K_hvratio_1_1        NangateOpenCellLibrary_tt1p1v25c

  Point                                                   Incr       Path
  --------------------------------------------------------------------------
  clock CLK (rise edge)                                   0.00       0.00
  clock network delay (ideal)                             0.00       0.00
  g_slices[0].issue_slice/scoreboard/out_arb/g_input_select.g_arbiter.g_out_buf[0].out_buf/g_eb2.stream_buffer/g_buffer.buffer_r_reg[96]/CK (DFF_X1)
                                                          0.00 #     0.00 r
  g_slices[0].issue_slice/scoreboard/out_arb/g_input_select.g_arbiter.g_out_buf[0].out_buf/g_eb2.stream_buffer/g_buffer.buffer_r_reg[96]/QN (DFF_X1)
                                                          0.08       0.08 r
  U143796/ZN (AOI22_X1)                                   0.03       0.11 f
  g_slices[0].issue_slice/scoreboard/out_arb/g_input_select.g_arbiter.g_out_buf[0].out_buf/g_eb2.stream_buffer/g_buffer.buffer_r_reg[96]/D (DFF_X1)
                                                          0.01       0.12 f
  data arrival time                                                  0.12

  clock CLK (rise edge)                                   0.00       0.00
  clock network delay (ideal)                             0.00       0.00
  clock uncertainty                                       0.05       0.05
  g_slices[0].issue_slice/scoreboard/out_arb/g_input_select.g_arbiter.g_out_buf[0].out_buf/g_eb2.stream_buffer/g_buffer.buffer_r_reg[96]/CK (DFF_X1)
                                                          0.00       0.05 r
  library hold time                                       0.01       0.06
  data required time                                                 0.06
  --------------------------------------------------------------------------
  data required time                                                 0.06
  data arrival time                                                 -0.12
  --------------------------------------------------------------------------
  slack (MET)                                                        0.06


  Startpoint: g_slices[0].issue_slice/scoreboard/out_arb/g_input_select.g_arbiter.g_out_buf[0].out_buf/g_eb2.stream_buffer/g_buffer.buffer_r_reg[97]
              (rising edge-triggered flip-flop clocked by CLK)
  Endpoint: g_slices[0].issue_slice/scoreboard/out_arb/g_input_select.g_arbiter.g_out_buf[0].out_buf/g_eb2.stream_buffer/g_buffer.buffer_r_reg[97]
            (rising edge-triggered flip-flop clocked by CLK)
  Path Group: CLK
  Path Type: min

  Des/Clust/Port     Wire Load Model       Library
  ------------------------------------------------
  VX_issue           5K_hvratio_1_1        NangateOpenCellLibrary_tt1p1v25c

  Point                                                   Incr       Path
  --------------------------------------------------------------------------
  clock CLK (rise edge)                                   0.00       0.00
  clock network delay (ideal)                             0.00       0.00
  g_slices[0].issue_slice/scoreboard/out_arb/g_input_select.g_arbiter.g_out_buf[0].out_buf/g_eb2.stream_buffer/g_buffer.buffer_r_reg[97]/CK (DFF_X1)
                                                          0.00 #     0.00 r
  g_slices[0].issue_slice/scoreboard/out_arb/g_input_select.g_arbiter.g_out_buf[0].out_buf/g_eb2.stream_buffer/g_buffer.buffer_r_reg[97]/QN (DFF_X1)
                                                          0.08       0.08 r
  U143800/ZN (AOI22_X1)                                   0.03       0.11 f
  g_slices[0].issue_slice/scoreboard/out_arb/g_input_select.g_arbiter.g_out_buf[0].out_buf/g_eb2.stream_buffer/g_buffer.buffer_r_reg[97]/D (DFF_X1)
                                                          0.01       0.12 f
  data arrival time                                                  0.12

  clock CLK (rise edge)                                   0.00       0.00
  clock network delay (ideal)                             0.00       0.00
  clock uncertainty                                       0.05       0.05
  g_slices[0].issue_slice/scoreboard/out_arb/g_input_select.g_arbiter.g_out_buf[0].out_buf/g_eb2.stream_buffer/g_buffer.buffer_r_reg[97]/CK (DFF_X1)
                                                          0.00       0.05 r
  library hold time                                       0.01       0.06
  data required time                                                 0.06
  --------------------------------------------------------------------------
  data required time                                                 0.06
  data arrival time                                                 -0.12
  --------------------------------------------------------------------------
  slack (MET)                                                        0.06


  Startpoint: g_slices[0].issue_slice/scoreboard/out_arb/g_input_select.g_arbiter.g_out_buf[0].out_buf/g_eb2.stream_buffer/g_buffer.buffer_r_reg[98]
              (rising edge-triggered flip-flop clocked by CLK)
  Endpoint: g_slices[0].issue_slice/scoreboard/out_arb/g_input_select.g_arbiter.g_out_buf[0].out_buf/g_eb2.stream_buffer/g_buffer.buffer_r_reg[98]
            (rising edge-triggered flip-flop clocked by CLK)
  Path Group: CLK
  Path Type: min

  Des/Clust/Port     Wire Load Model       Library
  ------------------------------------------------
  VX_issue           5K_hvratio_1_1        NangateOpenCellLibrary_tt1p1v25c

  Point                                                   Incr       Path
  --------------------------------------------------------------------------
  clock CLK (rise edge)                                   0.00       0.00
  clock network delay (ideal)                             0.00       0.00
  g_slices[0].issue_slice/scoreboard/out_arb/g_input_select.g_arbiter.g_out_buf[0].out_buf/g_eb2.stream_buffer/g_buffer.buffer_r_reg[98]/CK (DFF_X1)
                                                          0.00 #     0.00 r
  g_slices[0].issue_slice/scoreboard/out_arb/g_input_select.g_arbiter.g_out_buf[0].out_buf/g_eb2.stream_buffer/g_buffer.buffer_r_reg[98]/QN (DFF_X1)
                                                          0.08       0.08 r
  U143804/ZN (AOI22_X1)                                   0.03       0.11 f
  g_slices[0].issue_slice/scoreboard/out_arb/g_input_select.g_arbiter.g_out_buf[0].out_buf/g_eb2.stream_buffer/g_buffer.buffer_r_reg[98]/D (DFF_X1)
                                                          0.01       0.12 f
  data arrival time                                                  0.12

  clock CLK (rise edge)                                   0.00       0.00
  clock network delay (ideal)                             0.00       0.00
  clock uncertainty                                       0.05       0.05
  g_slices[0].issue_slice/scoreboard/out_arb/g_input_select.g_arbiter.g_out_buf[0].out_buf/g_eb2.stream_buffer/g_buffer.buffer_r_reg[98]/CK (DFF_X1)
                                                          0.00       0.05 r
  library hold time                                       0.01       0.06
  data required time                                                 0.06
  --------------------------------------------------------------------------
  data required time                                                 0.06
  data arrival time                                                 -0.12
  --------------------------------------------------------------------------
  slack (MET)                                                        0.06


  Startpoint: g_slices[0].issue_slice/ibuffer/g_instr_bufs[1].instr_buf/g_ebN.fifo_queue/g_depth_n.g_out_reg.data_out_r_reg[24]
              (rising edge-triggered flip-flop clocked by CLK)
  Endpoint: g_slices[0].issue_slice/scoreboard/g_stanging_bufs[1].stanging_buf/g_register.g_pipe_regs[0].pipe_register/g_shift_register/g_shift.pipe_reg[0][24]
            (rising edge-triggered flip-flop clocked by CLK)
  Path Group: CLK
  Path Type: min

  Des/Clust/Port     Wire Load Model       Library
  ------------------------------------------------
  VX_issue           5K_hvratio_1_1        NangateOpenCellLibrary_tt1p1v25c

  Point                                                   Incr       Path
  --------------------------------------------------------------------------
  clock CLK (rise edge)                                   0.00       0.00
  clock network delay (ideal)                             0.00       0.00
  g_slices[0].issue_slice/ibuffer/g_instr_bufs[1].instr_buf/g_ebN.fifo_queue/g_depth_n.g_out_reg.data_out_r_reg[24]/CK (DFF_X1)
                                                          0.00 #     0.00 r
  g_slices[0].issue_slice/ibuffer/g_instr_bufs[1].instr_buf/g_ebN.fifo_queue/g_depth_n.g_out_reg.data_out_r_reg[24]/QN (DFF_X1)
                                                          0.08       0.08 r
  U142276/ZN (AOI22_X1)                                   0.03       0.11 f
  g_slices[0].issue_slice/scoreboard/g_stanging_bufs[1].stanging_buf/g_register.g_pipe_regs[0].pipe_register/g_shift_register/g_shift.pipe_reg[0][24]/D (DFF_X1)
                                                          0.01       0.12 f
  data arrival time                                                  0.12

  clock CLK (rise edge)                                   0.00       0.00
  clock network delay (ideal)                             0.00       0.00
  clock uncertainty                                       0.05       0.05
  g_slices[0].issue_slice/scoreboard/g_stanging_bufs[1].stanging_buf/g_register.g_pipe_regs[0].pipe_register/g_shift_register/g_shift.pipe_reg[0][24]/CK (DFF_X1)
                                                          0.00       0.05 r
  library hold time                                       0.01       0.06
  data required time                                                 0.06
  --------------------------------------------------------------------------
  data required time                                                 0.06
  data arrival time                                                 -0.12
  --------------------------------------------------------------------------
  slack (MET)                                                        0.06


  Startpoint: g_slices[0].issue_slice/ibuffer/g_instr_bufs[1].instr_buf/g_ebN.fifo_queue/g_depth_n.g_out_reg.data_out_r_reg[25]
              (rising edge-triggered flip-flop clocked by CLK)
  Endpoint: g_slices[0].issue_slice/scoreboard/g_stanging_bufs[1].stanging_buf/g_register.g_pipe_regs[0].pipe_register/g_shift_register/g_shift.pipe_reg[0][25]
            (rising edge-triggered flip-flop clocked by CLK)
  Path Group: CLK
  Path Type: min

  Des/Clust/Port     Wire Load Model       Library
  ------------------------------------------------
  VX_issue           5K_hvratio_1_1        NangateOpenCellLibrary_tt1p1v25c

  Point                                                   Incr       Path
  --------------------------------------------------------------------------
  clock CLK (rise edge)                                   0.00       0.00
  clock network delay (ideal)                             0.00       0.00
  g_slices[0].issue_slice/ibuffer/g_instr_bufs[1].instr_buf/g_ebN.fifo_queue/g_depth_n.g_out_reg.data_out_r_reg[25]/CK (DFF_X1)
                                                          0.00 #     0.00 r
  g_slices[0].issue_slice/ibuffer/g_instr_bufs[1].instr_buf/g_ebN.fifo_queue/g_depth_n.g_out_reg.data_out_r_reg[25]/QN (DFF_X1)
                                                          0.08       0.08 r
  U142277/ZN (AOI22_X1)                                   0.03       0.11 f
  g_slices[0].issue_slice/scoreboard/g_stanging_bufs[1].stanging_buf/g_register.g_pipe_regs[0].pipe_register/g_shift_register/g_shift.pipe_reg[0][25]/D (DFF_X1)
                                                          0.01       0.12 f
  data arrival time                                                  0.12

  clock CLK (rise edge)                                   0.00       0.00
  clock network delay (ideal)                             0.00       0.00
  clock uncertainty                                       0.05       0.05
  g_slices[0].issue_slice/scoreboard/g_stanging_bufs[1].stanging_buf/g_register.g_pipe_regs[0].pipe_register/g_shift_register/g_shift.pipe_reg[0][25]/CK (DFF_X1)
                                                          0.00       0.05 r
  library hold time                                       0.01       0.06
  data required time                                                 0.06
  --------------------------------------------------------------------------
  data required time                                                 0.06
  data arrival time                                                 -0.12
  --------------------------------------------------------------------------
  slack (MET)                                                        0.06


  Startpoint: g_slices[0].issue_slice/ibuffer/g_instr_bufs[1].instr_buf/g_ebN.fifo_queue/g_depth_n.g_out_reg.data_out_r_reg[99]
              (rising edge-triggered flip-flop clocked by CLK)
  Endpoint: g_slices[0].issue_slice/scoreboard/g_stanging_bufs[1].stanging_buf/g_register.g_pipe_regs[0].pipe_register/g_shift_register/g_shift.pipe_reg[0][99]
            (rising edge-triggered flip-flop clocked by CLK)
  Path Group: CLK
  Path Type: min

  Des/Clust/Port     Wire Load Model       Library
  ------------------------------------------------
  VX_issue           5K_hvratio_1_1        NangateOpenCellLibrary_tt1p1v25c

  Point                                                   Incr       Path
  --------------------------------------------------------------------------
  clock CLK (rise edge)                                   0.00       0.00
  clock network delay (ideal)                             0.00       0.00
  g_slices[0].issue_slice/ibuffer/g_instr_bufs[1].instr_buf/g_ebN.fifo_queue/g_depth_n.g_out_reg.data_out_r_reg[99]/CK (DFF_X1)
                                                          0.00 #     0.00 r
  g_slices[0].issue_slice/ibuffer/g_instr_bufs[1].instr_buf/g_ebN.fifo_queue/g_depth_n.g_out_reg.data_out_r_reg[99]/QN (DFF_X1)
                                                          0.08       0.08 r
  U142353/ZN (AOI22_X1)                                   0.03       0.11 f
  g_slices[0].issue_slice/scoreboard/g_stanging_bufs[1].stanging_buf/g_register.g_pipe_regs[0].pipe_register/g_shift_register/g_shift.pipe_reg[0][99]/D (DFF_X1)
                                                          0.01       0.12 f
  data arrival time                                                  0.12

  clock CLK (rise edge)                                   0.00       0.00
  clock network delay (ideal)                             0.00       0.00
  clock uncertainty                                       0.05       0.05
  g_slices[0].issue_slice/scoreboard/g_stanging_bufs[1].stanging_buf/g_register.g_pipe_regs[0].pipe_register/g_shift_register/g_shift.pipe_reg[0][99]/CK (DFF_X1)
                                                          0.00       0.05 r
  library hold time                                       0.01       0.06
  data required time                                                 0.06
  --------------------------------------------------------------------------
  data required time                                                 0.06
  data arrival time                                                 -0.12
  --------------------------------------------------------------------------
  slack (MET)                                                        0.06


  Startpoint: g_slices[0].issue_slice/ibuffer/g_instr_bufs[1].instr_buf/g_ebN.fifo_queue/g_depth_n.g_out_reg.data_out_r_reg[100]
              (rising edge-triggered flip-flop clocked by CLK)
  Endpoint: g_slices[0].issue_slice/scoreboard/g_stanging_bufs[1].stanging_buf/g_register.g_pipe_regs[0].pipe_register/g_shift_register/g_shift.pipe_reg[0][100]
            (rising edge-triggered flip-flop clocked by CLK)
  Path Group: CLK
  Path Type: min

  Des/Clust/Port     Wire Load Model       Library
  ------------------------------------------------
  VX_issue           5K_hvratio_1_1        NangateOpenCellLibrary_tt1p1v25c

  Point                                                   Incr       Path
  --------------------------------------------------------------------------
  clock CLK (rise edge)                                   0.00       0.00
  clock network delay (ideal)                             0.00       0.00
  g_slices[0].issue_slice/ibuffer/g_instr_bufs[1].instr_buf/g_ebN.fifo_queue/g_depth_n.g_out_reg.data_out_r_reg[100]/CK (DFF_X1)
                                                          0.00 #     0.00 r
  g_slices[0].issue_slice/ibuffer/g_instr_bufs[1].instr_buf/g_ebN.fifo_queue/g_depth_n.g_out_reg.data_out_r_reg[100]/QN (DFF_X1)
                                                          0.08       0.08 r
  U142354/ZN (AOI22_X1)                                   0.03       0.11 f
  g_slices[0].issue_slice/scoreboard/g_stanging_bufs[1].stanging_buf/g_register.g_pipe_regs[0].pipe_register/g_shift_register/g_shift.pipe_reg[0][100]/D (DFF_X1)
                                                          0.01       0.12 f
  data arrival time                                                  0.12

  clock CLK (rise edge)                                   0.00       0.00
  clock network delay (ideal)                             0.00       0.00
  clock uncertainty                                       0.05       0.05
  g_slices[0].issue_slice/scoreboard/g_stanging_bufs[1].stanging_buf/g_register.g_pipe_regs[0].pipe_register/g_shift_register/g_shift.pipe_reg[0][100]/CK (DFF_X1)
                                                          0.00       0.05 r
  library hold time                                       0.01       0.06
  data required time                                                 0.06
  --------------------------------------------------------------------------
  data required time                                                 0.06
  data arrival time                                                 -0.12
  --------------------------------------------------------------------------
  slack (MET)                                                        0.06


  Startpoint: g_slices[0].issue_slice/ibuffer/g_instr_bufs[1].instr_buf/g_ebN.fifo_queue/g_depth_n.g_out_reg.data_out_r_reg[101]
              (rising edge-triggered flip-flop clocked by CLK)
  Endpoint: g_slices[0].issue_slice/scoreboard/g_stanging_bufs[1].stanging_buf/g_register.g_pipe_regs[0].pipe_register/g_shift_register/g_shift.pipe_reg[0][101]
            (rising edge-triggered flip-flop clocked by CLK)
  Path Group: CLK
  Path Type: min

  Des/Clust/Port     Wire Load Model       Library
  ------------------------------------------------
  VX_issue           5K_hvratio_1_1        NangateOpenCellLibrary_tt1p1v25c

  Point                                                   Incr       Path
  --------------------------------------------------------------------------
  clock CLK (rise edge)                                   0.00       0.00
  clock network delay (ideal)                             0.00       0.00
  g_slices[0].issue_slice/ibuffer/g_instr_bufs[1].instr_buf/g_ebN.fifo_queue/g_depth_n.g_out_reg.data_out_r_reg[101]/CK (DFF_X1)
                                                          0.00 #     0.00 r
  g_slices[0].issue_slice/ibuffer/g_instr_bufs[1].instr_buf/g_ebN.fifo_queue/g_depth_n.g_out_reg.data_out_r_reg[101]/QN (DFF_X1)
                                                          0.08       0.08 r
  U142355/ZN (AOI22_X1)                                   0.03       0.11 f
  g_slices[0].issue_slice/scoreboard/g_stanging_bufs[1].stanging_buf/g_register.g_pipe_regs[0].pipe_register/g_shift_register/g_shift.pipe_reg[0][101]/D (DFF_X1)
                                                          0.01       0.12 f
  data arrival time                                                  0.12

  clock CLK (rise edge)                                   0.00       0.00
  clock network delay (ideal)                             0.00       0.00
  clock uncertainty                                       0.05       0.05
  g_slices[0].issue_slice/scoreboard/g_stanging_bufs[1].stanging_buf/g_register.g_pipe_regs[0].pipe_register/g_shift_register/g_shift.pipe_reg[0][101]/CK (DFF_X1)
                                                          0.00       0.05 r
  library hold time                                       0.01       0.06
  data required time                                                 0.06
  --------------------------------------------------------------------------
  data required time                                                 0.06
  data arrival time                                                 -0.12
  --------------------------------------------------------------------------
  slack (MET)                                                        0.06


  Startpoint: g_slices[0].issue_slice/ibuffer/g_instr_bufs[1].instr_buf/g_ebN.fifo_queue/g_depth_n.g_out_reg.data_out_r_reg[102]
              (rising edge-triggered flip-flop clocked by CLK)
  Endpoint: g_slices[0].issue_slice/scoreboard/g_stanging_bufs[1].stanging_buf/g_register.g_pipe_regs[0].pipe_register/g_shift_register/g_shift.pipe_reg[0][102]
            (rising edge-triggered flip-flop clocked by CLK)
  Path Group: CLK
  Path Type: min

  Des/Clust/Port     Wire Load Model       Library
  ------------------------------------------------
  VX_issue           5K_hvratio_1_1        NangateOpenCellLibrary_tt1p1v25c

  Point                                                   Incr       Path
  --------------------------------------------------------------------------
  clock CLK (rise edge)                                   0.00       0.00
  clock network delay (ideal)                             0.00       0.00
  g_slices[0].issue_slice/ibuffer/g_instr_bufs[1].instr_buf/g_ebN.fifo_queue/g_depth_n.g_out_reg.data_out_r_reg[102]/CK (DFF_X1)
                                                          0.00 #     0.00 r
  g_slices[0].issue_slice/ibuffer/g_instr_bufs[1].instr_buf/g_ebN.fifo_queue/g_depth_n.g_out_reg.data_out_r_reg[102]/QN (DFF_X1)
                                                          0.08       0.08 r
  U142356/ZN (AOI22_X1)                                   0.03       0.11 f
  g_slices[0].issue_slice/scoreboard/g_stanging_bufs[1].stanging_buf/g_register.g_pipe_regs[0].pipe_register/g_shift_register/g_shift.pipe_reg[0][102]/D (DFF_X1)
                                                          0.01       0.12 f
  data arrival time                                                  0.12

  clock CLK (rise edge)                                   0.00       0.00
  clock network delay (ideal)                             0.00       0.00
  clock uncertainty                                       0.05       0.05
  g_slices[0].issue_slice/scoreboard/g_stanging_bufs[1].stanging_buf/g_register.g_pipe_regs[0].pipe_register/g_shift_register/g_shift.pipe_reg[0][102]/CK (DFF_X1)
                                                          0.00       0.05 r
  library hold time                                       0.01       0.06
  data required time                                                 0.06
  --------------------------------------------------------------------------
  data required time                                                 0.06
  data arrival time                                                 -0.12
  --------------------------------------------------------------------------
  slack (MET)                                                        0.06


  Startpoint: g_slices[0].issue_slice/ibuffer/g_instr_bufs[1].instr_buf/g_ebN.fifo_queue/g_depth_n.g_out_reg.data_out_r_reg[103]
              (rising edge-triggered flip-flop clocked by CLK)
  Endpoint: g_slices[0].issue_slice/scoreboard/g_stanging_bufs[1].stanging_buf/g_register.g_pipe_regs[0].pipe_register/g_shift_register/g_shift.pipe_reg[0][103]
            (rising edge-triggered flip-flop clocked by CLK)
  Path Group: CLK
  Path Type: min

  Des/Clust/Port     Wire Load Model       Library
  ------------------------------------------------
  VX_issue           5K_hvratio_1_1        NangateOpenCellLibrary_tt1p1v25c

  Point                                                   Incr       Path
  --------------------------------------------------------------------------
  clock CLK (rise edge)                                   0.00       0.00
  clock network delay (ideal)                             0.00       0.00
  g_slices[0].issue_slice/ibuffer/g_instr_bufs[1].instr_buf/g_ebN.fifo_queue/g_depth_n.g_out_reg.data_out_r_reg[103]/CK (DFF_X1)
                                                          0.00 #     0.00 r
  g_slices[0].issue_slice/ibuffer/g_instr_bufs[1].instr_buf/g_ebN.fifo_queue/g_depth_n.g_out_reg.data_out_r_reg[103]/QN (DFF_X1)
                                                          0.08       0.08 r
  U142357/ZN (AOI22_X1)                                   0.03       0.11 f
  g_slices[0].issue_slice/scoreboard/g_stanging_bufs[1].stanging_buf/g_register.g_pipe_regs[0].pipe_register/g_shift_register/g_shift.pipe_reg[0][103]/D (DFF_X1)
                                                          0.01       0.12 f
  data arrival time                                                  0.12

  clock CLK (rise edge)                                   0.00       0.00
  clock network delay (ideal)                             0.00       0.00
  clock uncertainty                                       0.05       0.05
  g_slices[0].issue_slice/scoreboard/g_stanging_bufs[1].stanging_buf/g_register.g_pipe_regs[0].pipe_register/g_shift_register/g_shift.pipe_reg[0][103]/CK (DFF_X1)
                                                          0.00       0.05 r
  library hold time                                       0.01       0.06
  data required time                                                 0.06
  --------------------------------------------------------------------------
  data required time                                                 0.06
  data arrival time                                                 -0.12
  --------------------------------------------------------------------------
  slack (MET)                                                        0.06


  Startpoint: g_slices[0].issue_slice/ibuffer/g_instr_bufs[1].instr_buf/g_ebN.fifo_queue/g_depth_n.g_out_reg.data_out_r_reg[104]
              (rising edge-triggered flip-flop clocked by CLK)
  Endpoint: g_slices[0].issue_slice/scoreboard/g_stanging_bufs[1].stanging_buf/g_register.g_pipe_regs[0].pipe_register/g_shift_register/g_shift.pipe_reg[0][104]
            (rising edge-triggered flip-flop clocked by CLK)
  Path Group: CLK
  Path Type: min

  Des/Clust/Port     Wire Load Model       Library
  ------------------------------------------------
  VX_issue           5K_hvratio_1_1        NangateOpenCellLibrary_tt1p1v25c

  Point                                                   Incr       Path
  --------------------------------------------------------------------------
  clock CLK (rise edge)                                   0.00       0.00
  clock network delay (ideal)                             0.00       0.00
  g_slices[0].issue_slice/ibuffer/g_instr_bufs[1].instr_buf/g_ebN.fifo_queue/g_depth_n.g_out_reg.data_out_r_reg[104]/CK (DFF_X1)
                                                          0.00 #     0.00 r
  g_slices[0].issue_slice/ibuffer/g_instr_bufs[1].instr_buf/g_ebN.fifo_queue/g_depth_n.g_out_reg.data_out_r_reg[104]/QN (DFF_X1)
                                                          0.08       0.08 r
  U142358/ZN (AOI22_X1)                                   0.03       0.11 f
  g_slices[0].issue_slice/scoreboard/g_stanging_bufs[1].stanging_buf/g_register.g_pipe_regs[0].pipe_register/g_shift_register/g_shift.pipe_reg[0][104]/D (DFF_X1)
                                                          0.01       0.12 f
  data arrival time                                                  0.12

  clock CLK (rise edge)                                   0.00       0.00
  clock network delay (ideal)                             0.00       0.00
  clock uncertainty                                       0.05       0.05
  g_slices[0].issue_slice/scoreboard/g_stanging_bufs[1].stanging_buf/g_register.g_pipe_regs[0].pipe_register/g_shift_register/g_shift.pipe_reg[0][104]/CK (DFF_X1)
                                                          0.00       0.05 r
  library hold time                                       0.01       0.06
  data required time                                                 0.06
  --------------------------------------------------------------------------
  data required time                                                 0.06
  data arrival time                                                 -0.12
  --------------------------------------------------------------------------
  slack (MET)                                                        0.06


  Startpoint: g_slices[0].issue_slice/ibuffer/g_instr_bufs[1].instr_buf/g_ebN.fifo_queue/g_depth_n.g_out_reg.data_out_r_reg[105]
              (rising edge-triggered flip-flop clocked by CLK)
  Endpoint: g_slices[0].issue_slice/scoreboard/g_stanging_bufs[1].stanging_buf/g_register.g_pipe_regs[0].pipe_register/g_shift_register/g_shift.pipe_reg[0][105]
            (rising edge-triggered flip-flop clocked by CLK)
  Path Group: CLK
  Path Type: min

  Des/Clust/Port     Wire Load Model       Library
  ------------------------------------------------
  VX_issue           5K_hvratio_1_1        NangateOpenCellLibrary_tt1p1v25c

  Point                                                   Incr       Path
  --------------------------------------------------------------------------
  clock CLK (rise edge)                                   0.00       0.00
  clock network delay (ideal)                             0.00       0.00
  g_slices[0].issue_slice/ibuffer/g_instr_bufs[1].instr_buf/g_ebN.fifo_queue/g_depth_n.g_out_reg.data_out_r_reg[105]/CK (DFF_X1)
                                                          0.00 #     0.00 r
  g_slices[0].issue_slice/ibuffer/g_instr_bufs[1].instr_buf/g_ebN.fifo_queue/g_depth_n.g_out_reg.data_out_r_reg[105]/QN (DFF_X1)
                                                          0.08       0.08 r
  U142359/ZN (AOI22_X1)                                   0.03       0.11 f
  g_slices[0].issue_slice/scoreboard/g_stanging_bufs[1].stanging_buf/g_register.g_pipe_regs[0].pipe_register/g_shift_register/g_shift.pipe_reg[0][105]/D (DFF_X1)
                                                          0.01       0.12 f
  data arrival time                                                  0.12

  clock CLK (rise edge)                                   0.00       0.00
  clock network delay (ideal)                             0.00       0.00
  clock uncertainty                                       0.05       0.05
  g_slices[0].issue_slice/scoreboard/g_stanging_bufs[1].stanging_buf/g_register.g_pipe_regs[0].pipe_register/g_shift_register/g_shift.pipe_reg[0][105]/CK (DFF_X1)
                                                          0.00       0.05 r
  library hold time                                       0.01       0.06
  data required time                                                 0.06
  --------------------------------------------------------------------------
  data required time                                                 0.06
  data arrival time                                                 -0.12
  --------------------------------------------------------------------------
  slack (MET)                                                        0.06


  Startpoint: g_slices[0].issue_slice/scoreboard/out_arb/g_input_select.g_arbiter.g_out_buf[0].out_buf/g_eb2.stream_buffer/g_buffer.buffer_r_reg[106]
              (rising edge-triggered flip-flop clocked by CLK)
  Endpoint: g_slices[0].issue_slice/scoreboard/out_arb/g_input_select.g_arbiter.g_out_buf[0].out_buf/g_eb2.stream_buffer/g_buffer.buffer_r_reg[106]
            (rising edge-triggered flip-flop clocked by CLK)
  Path Group: CLK
  Path Type: min

  Des/Clust/Port     Wire Load Model       Library
  ------------------------------------------------
  VX_issue           5K_hvratio_1_1        NangateOpenCellLibrary_tt1p1v25c

  Point                                                   Incr       Path
  --------------------------------------------------------------------------
  clock CLK (rise edge)                                   0.00       0.00
  clock network delay (ideal)                             0.00       0.00
  g_slices[0].issue_slice/scoreboard/out_arb/g_input_select.g_arbiter.g_out_buf[0].out_buf/g_eb2.stream_buffer/g_buffer.buffer_r_reg[106]/CK (DFF_X1)
                                                          0.00 #     0.00 r
  g_slices[0].issue_slice/scoreboard/out_arb/g_input_select.g_arbiter.g_out_buf[0].out_buf/g_eb2.stream_buffer/g_buffer.buffer_r_reg[106]/QN (DFF_X1)
                                                          0.08       0.08 r
  U143396/ZN (AOI22_X1)                                   0.03       0.11 f
  g_slices[0].issue_slice/scoreboard/out_arb/g_input_select.g_arbiter.g_out_buf[0].out_buf/g_eb2.stream_buffer/g_buffer.buffer_r_reg[106]/D (DFF_X1)
                                                          0.01       0.12 f
  data arrival time                                                  0.12

  clock CLK (rise edge)                                   0.00       0.00
  clock network delay (ideal)                             0.00       0.00
  clock uncertainty                                       0.05       0.05
  g_slices[0].issue_slice/scoreboard/out_arb/g_input_select.g_arbiter.g_out_buf[0].out_buf/g_eb2.stream_buffer/g_buffer.buffer_r_reg[106]/CK (DFF_X1)
                                                          0.00       0.05 r
  library hold time                                       0.01       0.06
  data required time                                                 0.06
  --------------------------------------------------------------------------
  data required time                                                 0.06
  data arrival time                                                 -0.12
  --------------------------------------------------------------------------
  slack (MET)                                                        0.06


  Startpoint: g_slices[0].issue_slice/operands/g_collectors[0].opc_unit/pipe_reg1/g_register.g_pipe_regs[0].pipe_register/g_shift_register/g_shift.pipe_reg[0][74]
              (rising edge-triggered flip-flop clocked by CLK)
  Endpoint: g_slices[0].issue_slice/operands/g_collectors[0].opc_unit/pipe_reg2/g_register.g_pipe_regs[0].pipe_register/g_shift_register/g_shift.pipe_reg[0][49]
            (rising edge-triggered flip-flop clocked by CLK)
  Path Group: CLK
  Path Type: min

  Des/Clust/Port     Wire Load Model       Library
  ------------------------------------------------
  VX_issue           5K_hvratio_1_1        NangateOpenCellLibrary_tt1p1v25c

  Point                                                   Incr       Path
  --------------------------------------------------------------------------
  clock CLK (rise edge)                                   0.00       0.00
  clock network delay (ideal)                             0.00       0.00
  g_slices[0].issue_slice/operands/g_collectors[0].opc_unit/pipe_reg1/g_register.g_pipe_regs[0].pipe_register/g_shift_register/g_shift.pipe_reg[0][74]/CK (DFF_X1)
                                                          0.00 #     0.00 r
  g_slices[0].issue_slice/operands/g_collectors[0].opc_unit/pipe_reg1/g_register.g_pipe_regs[0].pipe_register/g_shift_register/g_shift.pipe_reg[0][74]/QN (DFF_X1)
                                                          0.08       0.08 r
  U145990/ZN (AOI22_X1)                                   0.03       0.11 f
  g_slices[0].issue_slice/operands/g_collectors[0].opc_unit/pipe_reg2/g_register.g_pipe_regs[0].pipe_register/g_shift_register/g_shift.pipe_reg[0][49]/D (DFF_X1)
                                                          0.01       0.12 f
  data arrival time                                                  0.12

  clock CLK (rise edge)                                   0.00       0.00
  clock network delay (ideal)                             0.00       0.00
  clock uncertainty                                       0.05       0.05
  g_slices[0].issue_slice/operands/g_collectors[0].opc_unit/pipe_reg2/g_register.g_pipe_regs[0].pipe_register/g_shift_register/g_shift.pipe_reg[0][49]/CK (DFF_X1)
                                                          0.00       0.05 r
  library hold time                                       0.01       0.06
  data required time                                                 0.06
  --------------------------------------------------------------------------
  data required time                                                 0.06
  data arrival time                                                 -0.12
  --------------------------------------------------------------------------
  slack (MET)                                                        0.06


  Startpoint: g_slices[0].issue_slice/operands/g_collectors[0].opc_unit/out_buf/g_eb2.stream_buffer/g_buffer.buffer_r_reg[433]
              (rising edge-triggered flip-flop clocked by CLK)
  Endpoint: g_slices[0].issue_slice/operands/g_collectors[0].opc_unit/out_buf/g_eb2.stream_buffer/g_buffer.buffer_r_reg[433]
            (rising edge-triggered flip-flop clocked by CLK)
  Path Group: CLK
  Path Type: min

  Des/Clust/Port     Wire Load Model       Library
  ------------------------------------------------
  VX_issue           5K_hvratio_1_1        NangateOpenCellLibrary_tt1p1v25c

  Point                                                   Incr       Path
  --------------------------------------------------------------------------
  clock CLK (rise edge)                                   0.00       0.00
  clock network delay (ideal)                             0.00       0.00
  g_slices[0].issue_slice/operands/g_collectors[0].opc_unit/out_buf/g_eb2.stream_buffer/g_buffer.buffer_r_reg[433]/CK (DFF_X1)
                                                          0.00 #     0.00 r
  g_slices[0].issue_slice/operands/g_collectors[0].opc_unit/out_buf/g_eb2.stream_buffer/g_buffer.buffer_r_reg[433]/QN (DFF_X1)
                                                          0.08       0.08 r
  U169905/ZN (AOI22_X1)                                   0.03       0.11 f
  g_slices[0].issue_slice/operands/g_collectors[0].opc_unit/out_buf/g_eb2.stream_buffer/g_buffer.buffer_r_reg[433]/D (DFF_X1)
                                                          0.01       0.12 f
  data arrival time                                                  0.12

  clock CLK (rise edge)                                   0.00       0.00
  clock network delay (ideal)                             0.00       0.00
  clock uncertainty                                       0.05       0.05
  g_slices[0].issue_slice/operands/g_collectors[0].opc_unit/out_buf/g_eb2.stream_buffer/g_buffer.buffer_r_reg[433]/CK (DFF_X1)
                                                          0.00       0.05 r
  library hold time                                       0.01       0.06
  data required time                                                 0.06
  --------------------------------------------------------------------------
  data required time                                                 0.06
  data arrival time                                                 -0.12
  --------------------------------------------------------------------------
  slack (MET)                                                        0.06


  Startpoint: g_slices[0].issue_slice/ibuffer/g_instr_bufs[0].instr_buf/g_ebN.fifo_queue/g_depth_n.g_out_reg.data_out_r_reg[6]
              (rising edge-triggered flip-flop clocked by CLK)
  Endpoint: g_slices[0].issue_slice/scoreboard/g_stanging_bufs[0].stanging_buf/g_register.g_pipe_regs[0].pipe_register/g_shift_register/g_shift.pipe_reg[0][6]
            (rising edge-triggered flip-flop clocked by CLK)
  Path Group: CLK
  Path Type: min

  Des/Clust/Port     Wire Load Model       Library
  ------------------------------------------------
  VX_issue           5K_hvratio_1_1        NangateOpenCellLibrary_tt1p1v25c

  Point                                                   Incr       Path
  --------------------------------------------------------------------------
  clock CLK (rise edge)                                   0.00       0.00
  clock network delay (ideal)                             0.00       0.00
  g_slices[0].issue_slice/ibuffer/g_instr_bufs[0].instr_buf/g_ebN.fifo_queue/g_depth_n.g_out_reg.data_out_r_reg[6]/CK (DFF_X1)
                                                          0.00 #     0.00 r
  g_slices[0].issue_slice/ibuffer/g_instr_bufs[0].instr_buf/g_ebN.fifo_queue/g_depth_n.g_out_reg.data_out_r_reg[6]/QN (DFF_X1)
                                                          0.08       0.08 r
  U141263/ZN (AOI22_X1)                                   0.03       0.11 f
  g_slices[0].issue_slice/scoreboard/g_stanging_bufs[0].stanging_buf/g_register.g_pipe_regs[0].pipe_register/g_shift_register/g_shift.pipe_reg[0][6]/D (DFF_X1)
                                                          0.01       0.12 f
  data arrival time                                                  0.12

  clock CLK (rise edge)                                   0.00       0.00
  clock network delay (ideal)                             0.00       0.00
  clock uncertainty                                       0.05       0.05
  g_slices[0].issue_slice/scoreboard/g_stanging_bufs[0].stanging_buf/g_register.g_pipe_regs[0].pipe_register/g_shift_register/g_shift.pipe_reg[0][6]/CK (DFF_X1)
                                                          0.00       0.05 r
  library hold time                                       0.01       0.06
  data required time                                                 0.06
  --------------------------------------------------------------------------
  data required time                                                 0.06
  data arrival time                                                 -0.12
  --------------------------------------------------------------------------
  slack (MET)                                                        0.06


  Startpoint: g_slices[0].issue_slice/scoreboard/out_arb/g_input_select.g_arbiter.g_out_buf[0].out_buf/g_eb2.stream_buffer/g_buffer.buffer_r_reg[0]
              (rising edge-triggered flip-flop clocked by CLK)
  Endpoint: g_slices[0].issue_slice/scoreboard/out_arb/g_input_select.g_arbiter.g_out_buf[0].out_buf/g_eb2.stream_buffer/g_buffer.buffer_r_reg[0]
            (rising edge-triggered flip-flop clocked by CLK)
  Path Group: CLK
  Path Type: min

  Des/Clust/Port     Wire Load Model       Library
  ------------------------------------------------
  VX_issue           5K_hvratio_1_1        NangateOpenCellLibrary_tt1p1v25c

  Point                                                   Incr       Path
  --------------------------------------------------------------------------
  clock CLK (rise edge)                                   0.00       0.00
  clock network delay (ideal)                             0.00       0.00
  g_slices[0].issue_slice/scoreboard/out_arb/g_input_select.g_arbiter.g_out_buf[0].out_buf/g_eb2.stream_buffer/g_buffer.buffer_r_reg[0]/CK (DFF_X1)
                                                          0.00 #     0.00 r
  g_slices[0].issue_slice/scoreboard/out_arb/g_input_select.g_arbiter.g_out_buf[0].out_buf/g_eb2.stream_buffer/g_buffer.buffer_r_reg[0]/QN (DFF_X1)
                                                          0.08       0.08 r
  U143404/ZN (AOI22_X1)                                   0.03       0.11 f
  g_slices[0].issue_slice/scoreboard/out_arb/g_input_select.g_arbiter.g_out_buf[0].out_buf/g_eb2.stream_buffer/g_buffer.buffer_r_reg[0]/D (DFF_X1)
                                                          0.01       0.12 f
  data arrival time                                                  0.12

  clock CLK (rise edge)                                   0.00       0.00
  clock network delay (ideal)                             0.00       0.00
  clock uncertainty                                       0.05       0.05
  g_slices[0].issue_slice/scoreboard/out_arb/g_input_select.g_arbiter.g_out_buf[0].out_buf/g_eb2.stream_buffer/g_buffer.buffer_r_reg[0]/CK (DFF_X1)
                                                          0.00       0.05 r
  library hold time                                       0.01       0.06
  data required time                                                 0.06
  --------------------------------------------------------------------------
  data required time                                                 0.06
  data arrival time                                                 -0.12
  --------------------------------------------------------------------------
  slack (MET)                                                        0.06


  Startpoint: g_slices[0].issue_slice/scoreboard/out_arb/g_input_select.g_arbiter.g_out_buf[0].out_buf/g_eb2.stream_buffer/g_buffer.buffer_r_reg[1]
              (rising edge-triggered flip-flop clocked by CLK)
  Endpoint: g_slices[0].issue_slice/scoreboard/out_arb/g_input_select.g_arbiter.g_out_buf[0].out_buf/g_eb2.stream_buffer/g_buffer.buffer_r_reg[1]
            (rising edge-triggered flip-flop clocked by CLK)
  Path Group: CLK
  Path Type: min

  Des/Clust/Port     Wire Load Model       Library
  ------------------------------------------------
  VX_issue           5K_hvratio_1_1        NangateOpenCellLibrary_tt1p1v25c

  Point                                                   Incr       Path
  --------------------------------------------------------------------------
  clock CLK (rise edge)                                   0.00       0.00
  clock network delay (ideal)                             0.00       0.00
  g_slices[0].issue_slice/scoreboard/out_arb/g_input_select.g_arbiter.g_out_buf[0].out_buf/g_eb2.stream_buffer/g_buffer.buffer_r_reg[1]/CK (DFF_X1)
                                                          0.00 #     0.00 r
  g_slices[0].issue_slice/scoreboard/out_arb/g_input_select.g_arbiter.g_out_buf[0].out_buf/g_eb2.stream_buffer/g_buffer.buffer_r_reg[1]/QN (DFF_X1)
                                                          0.08       0.08 r
  U143408/ZN (AOI22_X1)                                   0.03       0.11 f
  g_slices[0].issue_slice/scoreboard/out_arb/g_input_select.g_arbiter.g_out_buf[0].out_buf/g_eb2.stream_buffer/g_buffer.buffer_r_reg[1]/D (DFF_X1)
                                                          0.01       0.12 f
  data arrival time                                                  0.12

  clock CLK (rise edge)                                   0.00       0.00
  clock network delay (ideal)                             0.00       0.00
  clock uncertainty                                       0.05       0.05
  g_slices[0].issue_slice/scoreboard/out_arb/g_input_select.g_arbiter.g_out_buf[0].out_buf/g_eb2.stream_buffer/g_buffer.buffer_r_reg[1]/CK (DFF_X1)
                                                          0.00       0.05 r
  library hold time                                       0.01       0.06
  data required time                                                 0.06
  --------------------------------------------------------------------------
  data required time                                                 0.06
  data arrival time                                                 -0.12
  --------------------------------------------------------------------------
  slack (MET)                                                        0.06


  Startpoint: g_slices[0].issue_slice/scoreboard/out_arb/g_input_select.g_arbiter.g_out_buf[0].out_buf/g_eb2.stream_buffer/g_buffer.buffer_r_reg[2]
              (rising edge-triggered flip-flop clocked by CLK)
  Endpoint: g_slices[0].issue_slice/scoreboard/out_arb/g_input_select.g_arbiter.g_out_buf[0].out_buf/g_eb2.stream_buffer/g_buffer.buffer_r_reg[2]
            (rising edge-triggered flip-flop clocked by CLK)
  Path Group: CLK
  Path Type: min

  Des/Clust/Port     Wire Load Model       Library
  ------------------------------------------------
  VX_issue           5K_hvratio_1_1        NangateOpenCellLibrary_tt1p1v25c

  Point                                                   Incr       Path
  --------------------------------------------------------------------------
  clock CLK (rise edge)                                   0.00       0.00
  clock network delay (ideal)                             0.00       0.00
  g_slices[0].issue_slice/scoreboard/out_arb/g_input_select.g_arbiter.g_out_buf[0].out_buf/g_eb2.stream_buffer/g_buffer.buffer_r_reg[2]/CK (DFF_X1)
                                                          0.00 #     0.00 r
  g_slices[0].issue_slice/scoreboard/out_arb/g_input_select.g_arbiter.g_out_buf[0].out_buf/g_eb2.stream_buffer/g_buffer.buffer_r_reg[2]/QN (DFF_X1)
                                                          0.08       0.08 r
  U143412/ZN (AOI22_X1)                                   0.03       0.11 f
  g_slices[0].issue_slice/scoreboard/out_arb/g_input_select.g_arbiter.g_out_buf[0].out_buf/g_eb2.stream_buffer/g_buffer.buffer_r_reg[2]/D (DFF_X1)
                                                          0.01       0.12 f
  data arrival time                                                  0.12

  clock CLK (rise edge)                                   0.00       0.00
  clock network delay (ideal)                             0.00       0.00
  clock uncertainty                                       0.05       0.05
  g_slices[0].issue_slice/scoreboard/out_arb/g_input_select.g_arbiter.g_out_buf[0].out_buf/g_eb2.stream_buffer/g_buffer.buffer_r_reg[2]/CK (DFF_X1)
                                                          0.00       0.05 r
  library hold time                                       0.01       0.06
  data required time                                                 0.06
  --------------------------------------------------------------------------
  data required time                                                 0.06
  data arrival time                                                 -0.12
  --------------------------------------------------------------------------
  slack (MET)                                                        0.06


  Startpoint: g_slices[0].issue_slice/scoreboard/out_arb/g_input_select.g_arbiter.g_out_buf[0].out_buf/g_eb2.stream_buffer/g_buffer.buffer_r_reg[3]
              (rising edge-triggered flip-flop clocked by CLK)
  Endpoint: g_slices[0].issue_slice/scoreboard/out_arb/g_input_select.g_arbiter.g_out_buf[0].out_buf/g_eb2.stream_buffer/g_buffer.buffer_r_reg[3]
            (rising edge-triggered flip-flop clocked by CLK)
  Path Group: CLK
  Path Type: min

  Des/Clust/Port     Wire Load Model       Library
  ------------------------------------------------
  VX_issue           5K_hvratio_1_1        NangateOpenCellLibrary_tt1p1v25c

  Point                                                   Incr       Path
  --------------------------------------------------------------------------
  clock CLK (rise edge)                                   0.00       0.00
  clock network delay (ideal)                             0.00       0.00
  g_slices[0].issue_slice/scoreboard/out_arb/g_input_select.g_arbiter.g_out_buf[0].out_buf/g_eb2.stream_buffer/g_buffer.buffer_r_reg[3]/CK (DFF_X1)
                                                          0.00 #     0.00 r
  g_slices[0].issue_slice/scoreboard/out_arb/g_input_select.g_arbiter.g_out_buf[0].out_buf/g_eb2.stream_buffer/g_buffer.buffer_r_reg[3]/QN (DFF_X1)
                                                          0.08       0.08 r
  U143416/ZN (AOI22_X1)                                   0.03       0.11 f
  g_slices[0].issue_slice/scoreboard/out_arb/g_input_select.g_arbiter.g_out_buf[0].out_buf/g_eb2.stream_buffer/g_buffer.buffer_r_reg[3]/D (DFF_X1)
                                                          0.01       0.12 f
  data arrival time                                                  0.12

  clock CLK (rise edge)                                   0.00       0.00
  clock network delay (ideal)                             0.00       0.00
  clock uncertainty                                       0.05       0.05
  g_slices[0].issue_slice/scoreboard/out_arb/g_input_select.g_arbiter.g_out_buf[0].out_buf/g_eb2.stream_buffer/g_buffer.buffer_r_reg[3]/CK (DFF_X1)
                                                          0.00       0.05 r
  library hold time                                       0.01       0.06
  data required time                                                 0.06
  --------------------------------------------------------------------------
  data required time                                                 0.06
  data arrival time                                                 -0.12
  --------------------------------------------------------------------------
  slack (MET)                                                        0.06


  Startpoint: g_slices[0].issue_slice/scoreboard/out_arb/g_input_select.g_arbiter.g_out_buf[0].out_buf/g_eb2.stream_buffer/g_buffer.buffer_r_reg[4]
              (rising edge-triggered flip-flop clocked by CLK)
  Endpoint: g_slices[0].issue_slice/scoreboard/out_arb/g_input_select.g_arbiter.g_out_buf[0].out_buf/g_eb2.stream_buffer/g_buffer.buffer_r_reg[4]
            (rising edge-triggered flip-flop clocked by CLK)
  Path Group: CLK
  Path Type: min

  Des/Clust/Port     Wire Load Model       Library
  ------------------------------------------------
  VX_issue           5K_hvratio_1_1        NangateOpenCellLibrary_tt1p1v25c

  Point                                                   Incr       Path
  --------------------------------------------------------------------------
  clock CLK (rise edge)                                   0.00       0.00
  clock network delay (ideal)                             0.00       0.00
  g_slices[0].issue_slice/scoreboard/out_arb/g_input_select.g_arbiter.g_out_buf[0].out_buf/g_eb2.stream_buffer/g_buffer.buffer_r_reg[4]/CK (DFF_X1)
                                                          0.00 #     0.00 r
  g_slices[0].issue_slice/scoreboard/out_arb/g_input_select.g_arbiter.g_out_buf[0].out_buf/g_eb2.stream_buffer/g_buffer.buffer_r_reg[4]/QN (DFF_X1)
                                                          0.08       0.08 r
  U143420/ZN (AOI22_X1)                                   0.03       0.11 f
  g_slices[0].issue_slice/scoreboard/out_arb/g_input_select.g_arbiter.g_out_buf[0].out_buf/g_eb2.stream_buffer/g_buffer.buffer_r_reg[4]/D (DFF_X1)
                                                          0.01       0.12 f
  data arrival time                                                  0.12

  clock CLK (rise edge)                                   0.00       0.00
  clock network delay (ideal)                             0.00       0.00
  clock uncertainty                                       0.05       0.05
  g_slices[0].issue_slice/scoreboard/out_arb/g_input_select.g_arbiter.g_out_buf[0].out_buf/g_eb2.stream_buffer/g_buffer.buffer_r_reg[4]/CK (DFF_X1)
                                                          0.00       0.05 r
  library hold time                                       0.01       0.06
  data required time                                                 0.06
  --------------------------------------------------------------------------
  data required time                                                 0.06
  data arrival time                                                 -0.12
  --------------------------------------------------------------------------
  slack (MET)                                                        0.06


  Startpoint: writeback_if[0].data[126]
              (input port clocked by CLK)
  Endpoint: g_slices[0].issue_slice/operands/g_collectors[0].opc_unit/g_gpr_rams[0].gpr_ram/g_sync.g_bram.g_read_first.g_wren.ram_reg[14][124]
            (rising edge-triggered flip-flop clocked by CLK)
  Path Group: VX_issue_IN
  Path Type: min

  Des/Clust/Port     Wire Load Model       Library
  ------------------------------------------------
  VX_issue           5K_hvratio_1_1        NangateOpenCellLibrary_tt1p1v25c

  Point                                                   Incr       Path
  --------------------------------------------------------------------------
  clock CLK (rise edge)                                   0.00       0.00
  clock network delay (ideal)                             0.00       0.00
  input external delay                                    1.20       1.20 f
  writeback_if[0].data[126] (in)                          0.06       1.26 f
  U111126/ZN (OAI22_X1)                                   0.07       1.34 r
  g_slices[0].issue_slice/operands/g_collectors[0].opc_unit/g_gpr_rams[0].gpr_ram/g_sync.g_bram.g_read_first.g_wren.ram_reg[14][124]/D (DFF_X1)
                                                          0.01       1.35 r
  data arrival time                                                  1.35

  clock CLK (rise edge)                                   0.00       0.00
  clock network delay (ideal)                             0.00       0.00
  clock uncertainty                                       0.05       0.05
  g_slices[0].issue_slice/operands/g_collectors[0].opc_unit/g_gpr_rams[0].gpr_ram/g_sync.g_bram.g_read_first.g_wren.ram_reg[14][124]/CK (DFF_X1)
                                                          0.00       0.05 r
  library hold time                                       0.02       0.07
  data required time                                                 0.07
  --------------------------------------------------------------------------
  data required time                                                 0.07
  data arrival time                                                 -1.35
  --------------------------------------------------------------------------
  slack (MET)                                                        1.27


  Startpoint: writeback_if[0].data[129]
              (input port clocked by CLK)
  Endpoint: g_slices[0].issue_slice/operands/g_collectors[0].opc_unit/g_gpr_rams[0].gpr_ram/g_sync.g_bram.g_read_first.g_wren.ram_reg[12][127]
            (rising edge-triggered flip-flop clocked by CLK)
  Path Group: VX_issue_IN
  Path Type: min

  Des/Clust/Port     Wire Load Model       Library
  ------------------------------------------------
  VX_issue           5K_hvratio_1_1        NangateOpenCellLibrary_tt1p1v25c

  Point                                                   Incr       Path
  --------------------------------------------------------------------------
  clock CLK (rise edge)                                   0.00       0.00
  clock network delay (ideal)                             0.00       0.00
  input external delay                                    1.20       1.20 f
  writeback_if[0].data[129] (in)                          0.06       1.26 f
  U111395/ZN (OAI22_X1)                                   0.07       1.34 r
  g_slices[0].issue_slice/operands/g_collectors[0].opc_unit/g_gpr_rams[0].gpr_ram/g_sync.g_bram.g_read_first.g_wren.ram_reg[12][127]/D (DFF_X1)
                                                          0.01       1.35 r
  data arrival time                                                  1.35

  clock CLK (rise edge)                                   0.00       0.00
  clock network delay (ideal)                             0.00       0.00
  clock uncertainty                                       0.05       0.05
  g_slices[0].issue_slice/operands/g_collectors[0].opc_unit/g_gpr_rams[0].gpr_ram/g_sync.g_bram.g_read_first.g_wren.ram_reg[12][127]/CK (DFF_X1)
                                                          0.00       0.05 r
  library hold time                                       0.02       0.07
  data required time                                                 0.07
  --------------------------------------------------------------------------
  data required time                                                 0.07
  data arrival time                                                 -1.35
  --------------------------------------------------------------------------
  slack (MET)                                                        1.27


  Startpoint: writeback_if[0].data[127]
              (input port clocked by CLK)
  Endpoint: g_slices[0].issue_slice/operands/g_collectors[0].opc_unit/g_gpr_rams[0].gpr_ram/g_sync.g_bram.g_read_first.g_wren.ram_reg[12][125]
            (rising edge-triggered flip-flop clocked by CLK)
  Path Group: VX_issue_IN
  Path Type: min

  Des/Clust/Port     Wire Load Model       Library
  ------------------------------------------------
  VX_issue           5K_hvratio_1_1        NangateOpenCellLibrary_tt1p1v25c

  Point                                                   Incr       Path
  --------------------------------------------------------------------------
  clock CLK (rise edge)                                   0.00       0.00
  clock network delay (ideal)                             0.00       0.00
  input external delay                                    1.20       1.20 f
  writeback_if[0].data[127] (in)                          0.06       1.26 f
  U111393/ZN (OAI22_X1)                                   0.07       1.34 r
  g_slices[0].issue_slice/operands/g_collectors[0].opc_unit/g_gpr_rams[0].gpr_ram/g_sync.g_bram.g_read_first.g_wren.ram_reg[12][125]/D (DFF_X1)
                                                          0.01       1.35 r
  data arrival time                                                  1.35

  clock CLK (rise edge)                                   0.00       0.00
  clock network delay (ideal)                             0.00       0.00
  clock uncertainty                                       0.05       0.05
  g_slices[0].issue_slice/operands/g_collectors[0].opc_unit/g_gpr_rams[0].gpr_ram/g_sync.g_bram.g_read_first.g_wren.ram_reg[12][125]/CK (DFF_X1)
                                                          0.00       0.05 r
  library hold time                                       0.02       0.07
  data required time                                                 0.07
  --------------------------------------------------------------------------
  data required time                                                 0.07
  data arrival time                                                 -1.35
  --------------------------------------------------------------------------
  slack (MET)                                                        1.27


  Startpoint: writeback_if[0].data[125]
              (input port clocked by CLK)
  Endpoint: g_slices[0].issue_slice/operands/g_collectors[0].opc_unit/g_gpr_rams[0].gpr_ram/g_sync.g_bram.g_read_first.g_wren.ram_reg[12][123]
            (rising edge-triggered flip-flop clocked by CLK)
  Path Group: VX_issue_IN
  Path Type: min

  Des/Clust/Port     Wire Load Model       Library
  ------------------------------------------------
  VX_issue           5K_hvratio_1_1        NangateOpenCellLibrary_tt1p1v25c

  Point                                                   Incr       Path
  --------------------------------------------------------------------------
  clock CLK (rise edge)                                   0.00       0.00
  clock network delay (ideal)                             0.00       0.00
  input external delay                                    1.20       1.20 f
  writeback_if[0].data[125] (in)                          0.06       1.26 f
  U111391/ZN (OAI22_X1)                                   0.07       1.34 r
  g_slices[0].issue_slice/operands/g_collectors[0].opc_unit/g_gpr_rams[0].gpr_ram/g_sync.g_bram.g_read_first.g_wren.ram_reg[12][123]/D (DFF_X1)
                                                          0.01       1.35 r
  data arrival time                                                  1.35

  clock CLK (rise edge)                                   0.00       0.00
  clock network delay (ideal)                             0.00       0.00
  clock uncertainty                                       0.05       0.05
  g_slices[0].issue_slice/operands/g_collectors[0].opc_unit/g_gpr_rams[0].gpr_ram/g_sync.g_bram.g_read_first.g_wren.ram_reg[12][123]/CK (DFF_X1)
                                                          0.00       0.05 r
  library hold time                                       0.02       0.07
  data required time                                                 0.07
  --------------------------------------------------------------------------
  data required time                                                 0.07
  data arrival time                                                 -1.35
  --------------------------------------------------------------------------
  slack (MET)                                                        1.27


  Startpoint: writeback_if[0].data[119]
              (input port clocked by CLK)
  Endpoint: g_slices[0].issue_slice/operands/g_collectors[0].opc_unit/g_gpr_rams[0].gpr_ram/g_sync.g_bram.g_read_first.g_wren.ram_reg[12][117]
            (rising edge-triggered flip-flop clocked by CLK)
  Path Group: VX_issue_IN
  Path Type: min

  Des/Clust/Port     Wire Load Model       Library
  ------------------------------------------------
  VX_issue           5K_hvratio_1_1        NangateOpenCellLibrary_tt1p1v25c

  Point                                                   Incr       Path
  --------------------------------------------------------------------------
  clock CLK (rise edge)                                   0.00       0.00
  clock network delay (ideal)                             0.00       0.00
  input external delay                                    1.20       1.20 f
  writeback_if[0].data[119] (in)                          0.06       1.26 f
  U111385/ZN (OAI22_X1)                                   0.07       1.34 r
  g_slices[0].issue_slice/operands/g_collectors[0].opc_unit/g_gpr_rams[0].gpr_ram/g_sync.g_bram.g_read_first.g_wren.ram_reg[12][117]/D (DFF_X1)
                                                          0.01       1.35 r
  data arrival time                                                  1.35

  clock CLK (rise edge)                                   0.00       0.00
  clock network delay (ideal)                             0.00       0.00
  clock uncertainty                                       0.05       0.05
  g_slices[0].issue_slice/operands/g_collectors[0].opc_unit/g_gpr_rams[0].gpr_ram/g_sync.g_bram.g_read_first.g_wren.ram_reg[12][117]/CK (DFF_X1)
                                                          0.00       0.05 r
  library hold time                                       0.02       0.07
  data required time                                                 0.07
  --------------------------------------------------------------------------
  data required time                                                 0.07
  data arrival time                                                 -1.35
  --------------------------------------------------------------------------
  slack (MET)                                                        1.27


  Startpoint: writeback_if[0].data[108]
              (input port clocked by CLK)
  Endpoint: g_slices[0].issue_slice/operands/g_collectors[0].opc_unit/g_gpr_rams[0].gpr_ram/g_sync.g_bram.g_read_first.g_wren.ram_reg[12][106]
            (rising edge-triggered flip-flop clocked by CLK)
  Path Group: VX_issue_IN
  Path Type: min

  Des/Clust/Port     Wire Load Model       Library
  ------------------------------------------------
  VX_issue           5K_hvratio_1_1        NangateOpenCellLibrary_tt1p1v25c

  Point                                                   Incr       Path
  --------------------------------------------------------------------------
  clock CLK (rise edge)                                   0.00       0.00
  clock network delay (ideal)                             0.00       0.00
  input external delay                                    1.20       1.20 f
  writeback_if[0].data[108] (in)                          0.06       1.26 f
  U111374/ZN (OAI22_X1)                                   0.07       1.34 r
  g_slices[0].issue_slice/operands/g_collectors[0].opc_unit/g_gpr_rams[0].gpr_ram/g_sync.g_bram.g_read_first.g_wren.ram_reg[12][106]/D (DFF_X1)
                                                          0.01       1.35 r
  data arrival time                                                  1.35

  clock CLK (rise edge)                                   0.00       0.00
  clock network delay (ideal)                             0.00       0.00
  clock uncertainty                                       0.05       0.05
  g_slices[0].issue_slice/operands/g_collectors[0].opc_unit/g_gpr_rams[0].gpr_ram/g_sync.g_bram.g_read_first.g_wren.ram_reg[12][106]/CK (DFF_X1)
                                                          0.00       0.05 r
  library hold time                                       0.02       0.07
  data required time                                                 0.07
  --------------------------------------------------------------------------
  data required time                                                 0.07
  data arrival time                                                 -1.35
  --------------------------------------------------------------------------
  slack (MET)                                                        1.27


  Startpoint: writeback_if[0].data[107]
              (input port clocked by CLK)
  Endpoint: g_slices[0].issue_slice/operands/g_collectors[0].opc_unit/g_gpr_rams[0].gpr_ram/g_sync.g_bram.g_read_first.g_wren.ram_reg[12][105]
            (rising edge-triggered flip-flop clocked by CLK)
  Path Group: VX_issue_IN
  Path Type: min

  Des/Clust/Port     Wire Load Model       Library
  ------------------------------------------------
  VX_issue           5K_hvratio_1_1        NangateOpenCellLibrary_tt1p1v25c

  Point                                                   Incr       Path
  --------------------------------------------------------------------------
  clock CLK (rise edge)                                   0.00       0.00
  clock network delay (ideal)                             0.00       0.00
  input external delay                                    1.20       1.20 f
  writeback_if[0].data[107] (in)                          0.06       1.26 f
  U111373/ZN (OAI22_X1)                                   0.07       1.34 r
  g_slices[0].issue_slice/operands/g_collectors[0].opc_unit/g_gpr_rams[0].gpr_ram/g_sync.g_bram.g_read_first.g_wren.ram_reg[12][105]/D (DFF_X1)
                                                          0.01       1.35 r
  data arrival time                                                  1.35

  clock CLK (rise edge)                                   0.00       0.00
  clock network delay (ideal)                             0.00       0.00
  clock uncertainty                                       0.05       0.05
  g_slices[0].issue_slice/operands/g_collectors[0].opc_unit/g_gpr_rams[0].gpr_ram/g_sync.g_bram.g_read_first.g_wren.ram_reg[12][105]/CK (DFF_X1)
                                                          0.00       0.05 r
  library hold time                                       0.02       0.07
  data required time                                                 0.07
  --------------------------------------------------------------------------
  data required time                                                 0.07
  data arrival time                                                 -1.35
  --------------------------------------------------------------------------
  slack (MET)                                                        1.27


  Startpoint: writeback_if[0].data[104]
              (input port clocked by CLK)
  Endpoint: g_slices[0].issue_slice/operands/g_collectors[0].opc_unit/g_gpr_rams[0].gpr_ram/g_sync.g_bram.g_read_first.g_wren.ram_reg[12][102]
            (rising edge-triggered flip-flop clocked by CLK)
  Path Group: VX_issue_IN
  Path Type: min

  Des/Clust/Port     Wire Load Model       Library
  ------------------------------------------------
  VX_issue           5K_hvratio_1_1        NangateOpenCellLibrary_tt1p1v25c

  Point                                                   Incr       Path
  --------------------------------------------------------------------------
  clock CLK (rise edge)                                   0.00       0.00
  clock network delay (ideal)                             0.00       0.00
  input external delay                                    1.20       1.20 f
  writeback_if[0].data[104] (in)                          0.06       1.26 f
  U111370/ZN (OAI22_X1)                                   0.07       1.34 r
  g_slices[0].issue_slice/operands/g_collectors[0].opc_unit/g_gpr_rams[0].gpr_ram/g_sync.g_bram.g_read_first.g_wren.ram_reg[12][102]/D (DFF_X1)
                                                          0.01       1.35 r
  data arrival time                                                  1.35

  clock CLK (rise edge)                                   0.00       0.00
  clock network delay (ideal)                             0.00       0.00
  clock uncertainty                                       0.05       0.05
  g_slices[0].issue_slice/operands/g_collectors[0].opc_unit/g_gpr_rams[0].gpr_ram/g_sync.g_bram.g_read_first.g_wren.ram_reg[12][102]/CK (DFF_X1)
                                                          0.00       0.05 r
  library hold time                                       0.02       0.07
  data required time                                                 0.07
  --------------------------------------------------------------------------
  data required time                                                 0.07
  data arrival time                                                 -1.35
  --------------------------------------------------------------------------
  slack (MET)                                                        1.27


  Startpoint: writeback_if[0].data[102]
              (input port clocked by CLK)
  Endpoint: g_slices[0].issue_slice/operands/g_collectors[0].opc_unit/g_gpr_rams[0].gpr_ram/g_sync.g_bram.g_read_first.g_wren.ram_reg[12][100]
            (rising edge-triggered flip-flop clocked by CLK)
  Path Group: VX_issue_IN
  Path Type: min

  Des/Clust/Port     Wire Load Model       Library
  ------------------------------------------------
  VX_issue           5K_hvratio_1_1        NangateOpenCellLibrary_tt1p1v25c

  Point                                                   Incr       Path
  --------------------------------------------------------------------------
  clock CLK (rise edge)                                   0.00       0.00
  clock network delay (ideal)                             0.00       0.00
  input external delay                                    1.20       1.20 f
  writeback_if[0].data[102] (in)                          0.06       1.26 f
  U111368/ZN (OAI22_X1)                                   0.07       1.34 r
  g_slices[0].issue_slice/operands/g_collectors[0].opc_unit/g_gpr_rams[0].gpr_ram/g_sync.g_bram.g_read_first.g_wren.ram_reg[12][100]/D (DFF_X1)
                                                          0.01       1.35 r
  data arrival time                                                  1.35

  clock CLK (rise edge)                                   0.00       0.00
  clock network delay (ideal)                             0.00       0.00
  clock uncertainty                                       0.05       0.05
  g_slices[0].issue_slice/operands/g_collectors[0].opc_unit/g_gpr_rams[0].gpr_ram/g_sync.g_bram.g_read_first.g_wren.ram_reg[12][100]/CK (DFF_X1)
                                                          0.00       0.05 r
  library hold time                                       0.02       0.07
  data required time                                                 0.07
  --------------------------------------------------------------------------
  data required time                                                 0.07
  data arrival time                                                 -1.35
  --------------------------------------------------------------------------
  slack (MET)                                                        1.27


  Startpoint: writeback_if[0].data[96]
              (input port clocked by CLK)
  Endpoint: g_slices[0].issue_slice/operands/g_collectors[0].opc_unit/g_gpr_rams[0].gpr_ram/g_sync.g_bram.g_read_first.g_wren.ram_reg[12][94]
            (rising edge-triggered flip-flop clocked by CLK)
  Path Group: VX_issue_IN
  Path Type: min

  Des/Clust/Port     Wire Load Model       Library
  ------------------------------------------------
  VX_issue           5K_hvratio_1_1        NangateOpenCellLibrary_tt1p1v25c

  Point                                                   Incr       Path
  --------------------------------------------------------------------------
  clock CLK (rise edge)                                   0.00       0.00
  clock network delay (ideal)                             0.00       0.00
  input external delay                                    1.20       1.20 f
  writeback_if[0].data[96] (in)                           0.06       1.26 f
  U111361/ZN (OAI22_X1)                                   0.07       1.34 r
  g_slices[0].issue_slice/operands/g_collectors[0].opc_unit/g_gpr_rams[0].gpr_ram/g_sync.g_bram.g_read_first.g_wren.ram_reg[12][94]/D (DFF_X1)
                                                          0.01       1.35 r
  data arrival time                                                  1.35

  clock CLK (rise edge)                                   0.00       0.00
  clock network delay (ideal)                             0.00       0.00
  clock uncertainty                                       0.05       0.05
  g_slices[0].issue_slice/operands/g_collectors[0].opc_unit/g_gpr_rams[0].gpr_ram/g_sync.g_bram.g_read_first.g_wren.ram_reg[12][94]/CK (DFF_X1)
                                                          0.00       0.05 r
  library hold time                                       0.02       0.07
  data required time                                                 0.07
  --------------------------------------------------------------------------
  data required time                                                 0.07
  data arrival time                                                 -1.35
  --------------------------------------------------------------------------
  slack (MET)                                                        1.27


  Startpoint: writeback_if[0].data[95]
              (input port clocked by CLK)
  Endpoint: g_slices[0].issue_slice/operands/g_collectors[0].opc_unit/g_gpr_rams[0].gpr_ram/g_sync.g_bram.g_read_first.g_wren.ram_reg[12][93]
            (rising edge-triggered flip-flop clocked by CLK)
  Path Group: VX_issue_IN
  Path Type: min

  Des/Clust/Port     Wire Load Model       Library
  ------------------------------------------------
  VX_issue           5K_hvratio_1_1        NangateOpenCellLibrary_tt1p1v25c

  Point                                                   Incr       Path
  --------------------------------------------------------------------------
  clock CLK (rise edge)                                   0.00       0.00
  clock network delay (ideal)                             0.00       0.00
  input external delay                                    1.20       1.20 f
  writeback_if[0].data[95] (in)                           0.06       1.26 f
  U111360/ZN (OAI22_X1)                                   0.07       1.34 r
  g_slices[0].issue_slice/operands/g_collectors[0].opc_unit/g_gpr_rams[0].gpr_ram/g_sync.g_bram.g_read_first.g_wren.ram_reg[12][93]/D (DFF_X1)
                                                          0.01       1.35 r
  data arrival time                                                  1.35

  clock CLK (rise edge)                                   0.00       0.00
  clock network delay (ideal)                             0.00       0.00
  clock uncertainty                                       0.05       0.05
  g_slices[0].issue_slice/operands/g_collectors[0].opc_unit/g_gpr_rams[0].gpr_ram/g_sync.g_bram.g_read_first.g_wren.ram_reg[12][93]/CK (DFF_X1)
                                                          0.00       0.05 r
  library hold time                                       0.02       0.07
  data required time                                                 0.07
  --------------------------------------------------------------------------
  data required time                                                 0.07
  data arrival time                                                 -1.35
  --------------------------------------------------------------------------
  slack (MET)                                                        1.27


  Startpoint: writeback_if[0].data[93]
              (input port clocked by CLK)
  Endpoint: g_slices[0].issue_slice/operands/g_collectors[0].opc_unit/g_gpr_rams[0].gpr_ram/g_sync.g_bram.g_read_first.g_wren.ram_reg[12][91]
            (rising edge-triggered flip-flop clocked by CLK)
  Path Group: VX_issue_IN
  Path Type: min

  Des/Clust/Port     Wire Load Model       Library
  ------------------------------------------------
  VX_issue           5K_hvratio_1_1        NangateOpenCellLibrary_tt1p1v25c

  Point                                                   Incr       Path
  --------------------------------------------------------------------------
  clock CLK (rise edge)                                   0.00       0.00
  clock network delay (ideal)                             0.00       0.00
  input external delay                                    1.20       1.20 f
  writeback_if[0].data[93] (in)                           0.06       1.26 f
  U111358/ZN (OAI22_X1)                                   0.07       1.34 r
  g_slices[0].issue_slice/operands/g_collectors[0].opc_unit/g_gpr_rams[0].gpr_ram/g_sync.g_bram.g_read_first.g_wren.ram_reg[12][91]/D (DFF_X1)
                                                          0.01       1.35 r
  data arrival time                                                  1.35

  clock CLK (rise edge)                                   0.00       0.00
  clock network delay (ideal)                             0.00       0.00
  clock uncertainty                                       0.05       0.05
  g_slices[0].issue_slice/operands/g_collectors[0].opc_unit/g_gpr_rams[0].gpr_ram/g_sync.g_bram.g_read_first.g_wren.ram_reg[12][91]/CK (DFF_X1)
                                                          0.00       0.05 r
  library hold time                                       0.02       0.07
  data required time                                                 0.07
  --------------------------------------------------------------------------
  data required time                                                 0.07
  data arrival time                                                 -1.35
  --------------------------------------------------------------------------
  slack (MET)                                                        1.27


  Startpoint: writeback_if[0].data[87]
              (input port clocked by CLK)
  Endpoint: g_slices[0].issue_slice/operands/g_collectors[0].opc_unit/g_gpr_rams[0].gpr_ram/g_sync.g_bram.g_read_first.g_wren.ram_reg[12][85]
            (rising edge-triggered flip-flop clocked by CLK)
  Path Group: VX_issue_IN
  Path Type: min

  Des/Clust/Port     Wire Load Model       Library
  ------------------------------------------------
  VX_issue           5K_hvratio_1_1        NangateOpenCellLibrary_tt1p1v25c

  Point                                                   Incr       Path
  --------------------------------------------------------------------------
  clock CLK (rise edge)                                   0.00       0.00
  clock network delay (ideal)                             0.00       0.00
  input external delay                                    1.20       1.20 f
  writeback_if[0].data[87] (in)                           0.06       1.26 f
  U111352/ZN (OAI22_X1)                                   0.07       1.34 r
  g_slices[0].issue_slice/operands/g_collectors[0].opc_unit/g_gpr_rams[0].gpr_ram/g_sync.g_bram.g_read_first.g_wren.ram_reg[12][85]/D (DFF_X1)
                                                          0.01       1.35 r
  data arrival time                                                  1.35

  clock CLK (rise edge)                                   0.00       0.00
  clock network delay (ideal)                             0.00       0.00
  clock uncertainty                                       0.05       0.05
  g_slices[0].issue_slice/operands/g_collectors[0].opc_unit/g_gpr_rams[0].gpr_ram/g_sync.g_bram.g_read_first.g_wren.ram_reg[12][85]/CK (DFF_X1)
                                                          0.00       0.05 r
  library hold time                                       0.02       0.07
  data required time                                                 0.07
  --------------------------------------------------------------------------
  data required time                                                 0.07
  data arrival time                                                 -1.35
  --------------------------------------------------------------------------
  slack (MET)                                                        1.27


  Startpoint: writeback_if[0].data[70]
              (input port clocked by CLK)
  Endpoint: g_slices[0].issue_slice/operands/g_collectors[0].opc_unit/g_gpr_rams[0].gpr_ram/g_sync.g_bram.g_read_first.g_wren.ram_reg[12][68]
            (rising edge-triggered flip-flop clocked by CLK)
  Path Group: VX_issue_IN
  Path Type: min

  Des/Clust/Port     Wire Load Model       Library
  ------------------------------------------------
  VX_issue           5K_hvratio_1_1        NangateOpenCellLibrary_tt1p1v25c

  Point                                                   Incr       Path
  --------------------------------------------------------------------------
  clock CLK (rise edge)                                   0.00       0.00
  clock network delay (ideal)                             0.00       0.00
  input external delay                                    1.20       1.20 f
  writeback_if[0].data[70] (in)                           0.06       1.26 f
  U111335/ZN (OAI22_X1)                                   0.07       1.34 r
  g_slices[0].issue_slice/operands/g_collectors[0].opc_unit/g_gpr_rams[0].gpr_ram/g_sync.g_bram.g_read_first.g_wren.ram_reg[12][68]/D (DFF_X1)
                                                          0.01       1.35 r
  data arrival time                                                  1.35

  clock CLK (rise edge)                                   0.00       0.00
  clock network delay (ideal)                             0.00       0.00
  clock uncertainty                                       0.05       0.05
  g_slices[0].issue_slice/operands/g_collectors[0].opc_unit/g_gpr_rams[0].gpr_ram/g_sync.g_bram.g_read_first.g_wren.ram_reg[12][68]/CK (DFF_X1)
                                                          0.00       0.05 r
  library hold time                                       0.02       0.07
  data required time                                                 0.07
  --------------------------------------------------------------------------
  data required time                                                 0.07
  data arrival time                                                 -1.35
  --------------------------------------------------------------------------
  slack (MET)                                                        1.27


  Startpoint: writeback_if[0].data[68]
              (input port clocked by CLK)
  Endpoint: g_slices[0].issue_slice/operands/g_collectors[0].opc_unit/g_gpr_rams[0].gpr_ram/g_sync.g_bram.g_read_first.g_wren.ram_reg[12][66]
            (rising edge-triggered flip-flop clocked by CLK)
  Path Group: VX_issue_IN
  Path Type: min

  Des/Clust/Port     Wire Load Model       Library
  ------------------------------------------------
  VX_issue           5K_hvratio_1_1        NangateOpenCellLibrary_tt1p1v25c

  Point                                                   Incr       Path
  --------------------------------------------------------------------------
  clock CLK (rise edge)                                   0.00       0.00
  clock network delay (ideal)                             0.00       0.00
  input external delay                                    1.20       1.20 f
  writeback_if[0].data[68] (in)                           0.06       1.26 f
  U111333/ZN (OAI22_X1)                                   0.07       1.34 r
  g_slices[0].issue_slice/operands/g_collectors[0].opc_unit/g_gpr_rams[0].gpr_ram/g_sync.g_bram.g_read_first.g_wren.ram_reg[12][66]/D (DFF_X1)
                                                          0.01       1.35 r
  data arrival time                                                  1.35

  clock CLK (rise edge)                                   0.00       0.00
  clock network delay (ideal)                             0.00       0.00
  clock uncertainty                                       0.05       0.05
  g_slices[0].issue_slice/operands/g_collectors[0].opc_unit/g_gpr_rams[0].gpr_ram/g_sync.g_bram.g_read_first.g_wren.ram_reg[12][66]/CK (DFF_X1)
                                                          0.00       0.05 r
  library hold time                                       0.02       0.07
  data required time                                                 0.07
  --------------------------------------------------------------------------
  data required time                                                 0.07
  data arrival time                                                 -1.35
  --------------------------------------------------------------------------
  slack (MET)                                                        1.27


  Startpoint: writeback_if[0].data[62]
              (input port clocked by CLK)
  Endpoint: g_slices[0].issue_slice/operands/g_collectors[0].opc_unit/g_gpr_rams[0].gpr_ram/g_sync.g_bram.g_read_first.g_wren.ram_reg[12][60]
            (rising edge-triggered flip-flop clocked by CLK)
  Path Group: VX_issue_IN
  Path Type: min

  Des/Clust/Port     Wire Load Model       Library
  ------------------------------------------------
  VX_issue           5K_hvratio_1_1        NangateOpenCellLibrary_tt1p1v25c

  Point                                                   Incr       Path
  --------------------------------------------------------------------------
  clock CLK (rise edge)                                   0.00       0.00
  clock network delay (ideal)                             0.00       0.00
  input external delay                                    1.20       1.20 f
  writeback_if[0].data[62] (in)                           0.06       1.26 f
  U111326/ZN (OAI22_X1)                                   0.07       1.34 r
  g_slices[0].issue_slice/operands/g_collectors[0].opc_unit/g_gpr_rams[0].gpr_ram/g_sync.g_bram.g_read_first.g_wren.ram_reg[12][60]/D (DFF_X1)
                                                          0.01       1.35 r
  data arrival time                                                  1.35

  clock CLK (rise edge)                                   0.00       0.00
  clock network delay (ideal)                             0.00       0.00
  clock uncertainty                                       0.05       0.05
  g_slices[0].issue_slice/operands/g_collectors[0].opc_unit/g_gpr_rams[0].gpr_ram/g_sync.g_bram.g_read_first.g_wren.ram_reg[12][60]/CK (DFF_X1)
                                                          0.00       0.05 r
  library hold time                                       0.02       0.07
  data required time                                                 0.07
  --------------------------------------------------------------------------
  data required time                                                 0.07
  data arrival time                                                 -1.35
  --------------------------------------------------------------------------
  slack (MET)                                                        1.27


  Startpoint: writeback_if[0].data[110]
              (input port clocked by CLK)
  Endpoint: g_slices[0].issue_slice/operands/g_collectors[0].opc_unit/g_gpr_rams[0].gpr_ram/g_sync.g_bram.g_read_first.g_wren.ram_reg[21][108]
            (rising edge-triggered flip-flop clocked by CLK)
  Path Group: VX_issue_IN
  Path Type: min

  Des/Clust/Port     Wire Load Model       Library
  ------------------------------------------------
  VX_issue           5K_hvratio_1_1        NangateOpenCellLibrary_tt1p1v25c

  Point                                                   Incr       Path
  --------------------------------------------------------------------------
  clock CLK (rise edge)                                   0.00       0.00
  clock network delay (ideal)                             0.00       0.00
  input external delay                                    1.20       1.20 f
  writeback_if[0].data[110] (in)                          0.06       1.26 f
  U110179/ZN (OAI22_X1)                                   0.07       1.34 r
  g_slices[0].issue_slice/operands/g_collectors[0].opc_unit/g_gpr_rams[0].gpr_ram/g_sync.g_bram.g_read_first.g_wren.ram_reg[21][108]/D (DFF_X1)
                                                          0.01       1.35 r
  data arrival time                                                  1.35

  clock CLK (rise edge)                                   0.00       0.00
  clock network delay (ideal)                             0.00       0.00
  clock uncertainty                                       0.05       0.05
  g_slices[0].issue_slice/operands/g_collectors[0].opc_unit/g_gpr_rams[0].gpr_ram/g_sync.g_bram.g_read_first.g_wren.ram_reg[21][108]/CK (DFF_X1)
                                                          0.00       0.05 r
  library hold time                                       0.02       0.07
  data required time                                                 0.07
  --------------------------------------------------------------------------
  data required time                                                 0.07
  data arrival time                                                 -1.35
  --------------------------------------------------------------------------
  slack (MET)                                                        1.27


  Startpoint: writeback_if[0].data[57]
              (input port clocked by CLK)
  Endpoint: g_slices[0].issue_slice/operands/g_collectors[0].opc_unit/g_gpr_rams[0].gpr_ram/g_sync.g_bram.g_read_first.g_wren.ram_reg[21][55]
            (rising edge-triggered flip-flop clocked by CLK)
  Path Group: VX_issue_IN
  Path Type: min

  Des/Clust/Port     Wire Load Model       Library
  ------------------------------------------------
  VX_issue           5K_hvratio_1_1        NangateOpenCellLibrary_tt1p1v25c

  Point                                                   Incr       Path
  --------------------------------------------------------------------------
  clock CLK (rise edge)                                   0.00       0.00
  clock network delay (ideal)                             0.00       0.00
  input external delay                                    1.20       1.20 f
  writeback_if[0].data[57] (in)                           0.06       1.26 f
  U110124/ZN (OAI22_X1)                                   0.07       1.34 r
  g_slices[0].issue_slice/operands/g_collectors[0].opc_unit/g_gpr_rams[0].gpr_ram/g_sync.g_bram.g_read_first.g_wren.ram_reg[21][55]/D (DFF_X1)
                                                          0.01       1.35 r
  data arrival time                                                  1.35

  clock CLK (rise edge)                                   0.00       0.00
  clock network delay (ideal)                             0.00       0.00
  clock uncertainty                                       0.05       0.05
  g_slices[0].issue_slice/operands/g_collectors[0].opc_unit/g_gpr_rams[0].gpr_ram/g_sync.g_bram.g_read_first.g_wren.ram_reg[21][55]/CK (DFF_X1)
                                                          0.00       0.05 r
  library hold time                                       0.02       0.07
  data required time                                                 0.07
  --------------------------------------------------------------------------
  data required time                                                 0.07
  data arrival time                                                 -1.35
  --------------------------------------------------------------------------
  slack (MET)                                                        1.27


  Startpoint: writeback_if[0].data[60]
              (input port clocked by CLK)
  Endpoint: g_slices[0].issue_slice/operands/g_collectors[0].opc_unit/g_gpr_rams[0].gpr_ram/g_sync.g_bram.g_read_first.g_wren.ram_reg[19][58]
            (rising edge-triggered flip-flop clocked by CLK)
  Path Group: VX_issue_IN
  Path Type: min

  Des/Clust/Port     Wire Load Model       Library
  ------------------------------------------------
  VX_issue           5K_hvratio_1_1        NangateOpenCellLibrary_tt1p1v25c

  Point                                                   Incr       Path
  --------------------------------------------------------------------------
  clock CLK (rise edge)                                   0.00       0.00
  clock network delay (ideal)                             0.00       0.00
  input external delay                                    1.20       1.20 f
  writeback_if[0].data[60] (in)                           0.06       1.26 f
  U110393/ZN (OAI22_X1)                                   0.07       1.34 r
  g_slices[0].issue_slice/operands/g_collectors[0].opc_unit/g_gpr_rams[0].gpr_ram/g_sync.g_bram.g_read_first.g_wren.ram_reg[19][58]/D (DFF_X1)
                                                          0.01       1.35 r
  data arrival time                                                  1.35

  clock CLK (rise edge)                                   0.00       0.00
  clock network delay (ideal)                             0.00       0.00
  clock uncertainty                                       0.05       0.05
  g_slices[0].issue_slice/operands/g_collectors[0].opc_unit/g_gpr_rams[0].gpr_ram/g_sync.g_bram.g_read_first.g_wren.ram_reg[19][58]/CK (DFF_X1)
                                                          0.00       0.05 r
  library hold time                                       0.02       0.07
  data required time                                                 0.07
  --------------------------------------------------------------------------
  data required time                                                 0.07
  data arrival time                                                 -1.35
  --------------------------------------------------------------------------
  slack (MET)                                                        1.27


  Startpoint: writeback_if[0].data[52]
              (input port clocked by CLK)
  Endpoint: g_slices[0].issue_slice/operands/g_collectors[0].opc_unit/g_gpr_rams[0].gpr_ram/g_sync.g_bram.g_read_first.g_wren.ram_reg[19][50]
            (rising edge-triggered flip-flop clocked by CLK)
  Path Group: VX_issue_IN
  Path Type: min

  Des/Clust/Port     Wire Load Model       Library
  ------------------------------------------------
  VX_issue           5K_hvratio_1_1        NangateOpenCellLibrary_tt1p1v25c

  Point                                                   Incr       Path
  --------------------------------------------------------------------------
  clock CLK (rise edge)                                   0.00       0.00
  clock network delay (ideal)                             0.00       0.00
  input external delay                                    1.20       1.20 f
  writeback_if[0].data[52] (in)                           0.06       1.26 f
  U110385/ZN (OAI22_X1)                                   0.07       1.34 r
  g_slices[0].issue_slice/operands/g_collectors[0].opc_unit/g_gpr_rams[0].gpr_ram/g_sync.g_bram.g_read_first.g_wren.ram_reg[19][50]/D (DFF_X1)
                                                          0.01       1.35 r
  data arrival time                                                  1.35

  clock CLK (rise edge)                                   0.00       0.00
  clock network delay (ideal)                             0.00       0.00
  clock uncertainty                                       0.05       0.05
  g_slices[0].issue_slice/operands/g_collectors[0].opc_unit/g_gpr_rams[0].gpr_ram/g_sync.g_bram.g_read_first.g_wren.ram_reg[19][50]/CK (DFF_X1)
                                                          0.00       0.05 r
  library hold time                                       0.02       0.07
  data required time                                                 0.07
  --------------------------------------------------------------------------
  data required time                                                 0.07
  data arrival time                                                 -1.35
  --------------------------------------------------------------------------
  slack (MET)                                                        1.27


  Startpoint: writeback_if[0].data[41]
              (input port clocked by CLK)
  Endpoint: g_slices[0].issue_slice/operands/g_collectors[0].opc_unit/g_gpr_rams[0].gpr_ram/g_sync.g_bram.g_read_first.g_wren.ram_reg[19][39]
            (rising edge-triggered flip-flop clocked by CLK)
  Path Group: VX_issue_IN
  Path Type: min

  Des/Clust/Port     Wire Load Model       Library
  ------------------------------------------------
  VX_issue           5K_hvratio_1_1        NangateOpenCellLibrary_tt1p1v25c

  Point                                                   Incr       Path
  --------------------------------------------------------------------------
  clock CLK (rise edge)                                   0.00       0.00
  clock network delay (ideal)                             0.00       0.00
  input external delay                                    1.20       1.20 f
  writeback_if[0].data[41] (in)                           0.06       1.26 f
  U110374/ZN (OAI22_X1)                                   0.07       1.34 r
  g_slices[0].issue_slice/operands/g_collectors[0].opc_unit/g_gpr_rams[0].gpr_ram/g_sync.g_bram.g_read_first.g_wren.ram_reg[19][39]/D (DFF_X1)
                                                          0.01       1.35 r
  data arrival time                                                  1.35

  clock CLK (rise edge)                                   0.00       0.00
  clock network delay (ideal)                             0.00       0.00
  clock uncertainty                                       0.05       0.05
  g_slices[0].issue_slice/operands/g_collectors[0].opc_unit/g_gpr_rams[0].gpr_ram/g_sync.g_bram.g_read_first.g_wren.ram_reg[19][39]/CK (DFF_X1)
                                                          0.00       0.05 r
  library hold time                                       0.02       0.07
  data required time                                                 0.07
  --------------------------------------------------------------------------
  data required time                                                 0.07
  data arrival time                                                 -1.35
  --------------------------------------------------------------------------
  slack (MET)                                                        1.27


  Startpoint: writeback_if[0].data[124]
              (input port clocked by CLK)
  Endpoint: g_slices[0].issue_slice/operands/g_collectors[0].opc_unit/g_gpr_rams[0].gpr_ram/g_sync.g_bram.g_read_first.g_wren.ram_reg[17][122]
            (rising edge-triggered flip-flop clocked by CLK)
  Path Group: VX_issue_IN
  Path Type: min

  Des/Clust/Port     Wire Load Model       Library
  ------------------------------------------------
  VX_issue           5K_hvratio_1_1        NangateOpenCellLibrary_tt1p1v25c

  Point                                                   Incr       Path
  --------------------------------------------------------------------------
  clock CLK (rise edge)                                   0.00       0.00
  clock network delay (ideal)                             0.00       0.00
  input external delay                                    1.20       1.20 f
  writeback_if[0].data[124] (in)                          0.06       1.26 f
  U110725/ZN (OAI22_X1)                                   0.07       1.34 r
  g_slices[0].issue_slice/operands/g_collectors[0].opc_unit/g_gpr_rams[0].gpr_ram/g_sync.g_bram.g_read_first.g_wren.ram_reg[17][122]/D (DFF_X1)
                                                          0.01       1.35 r
  data arrival time                                                  1.35

  clock CLK (rise edge)                                   0.00       0.00
  clock network delay (ideal)                             0.00       0.00
  clock uncertainty                                       0.05       0.05
  g_slices[0].issue_slice/operands/g_collectors[0].opc_unit/g_gpr_rams[0].gpr_ram/g_sync.g_bram.g_read_first.g_wren.ram_reg[17][122]/CK (DFF_X1)
                                                          0.00       0.05 r
  library hold time                                       0.02       0.07
  data required time                                                 0.07
  --------------------------------------------------------------------------
  data required time                                                 0.07
  data arrival time                                                 -1.35
  --------------------------------------------------------------------------
  slack (MET)                                                        1.27


  Startpoint: writeback_if[0].data[123]
              (input port clocked by CLK)
  Endpoint: g_slices[0].issue_slice/operands/g_collectors[0].opc_unit/g_gpr_rams[0].gpr_ram/g_sync.g_bram.g_read_first.g_wren.ram_reg[17][121]
            (rising edge-triggered flip-flop clocked by CLK)
  Path Group: VX_issue_IN
  Path Type: min

  Des/Clust/Port     Wire Load Model       Library
  ------------------------------------------------
  VX_issue           5K_hvratio_1_1        NangateOpenCellLibrary_tt1p1v25c

  Point                                                   Incr       Path
  --------------------------------------------------------------------------
  clock CLK (rise edge)                                   0.00       0.00
  clock network delay (ideal)                             0.00       0.00
  input external delay                                    1.20       1.20 f
  writeback_if[0].data[123] (in)                          0.06       1.26 f
  U110724/ZN (OAI22_X1)                                   0.07       1.34 r
  g_slices[0].issue_slice/operands/g_collectors[0].opc_unit/g_gpr_rams[0].gpr_ram/g_sync.g_bram.g_read_first.g_wren.ram_reg[17][121]/D (DFF_X1)
                                                          0.01       1.35 r
  data arrival time                                                  1.35

  clock CLK (rise edge)                                   0.00       0.00
  clock network delay (ideal)                             0.00       0.00
  clock uncertainty                                       0.05       0.05
  g_slices[0].issue_slice/operands/g_collectors[0].opc_unit/g_gpr_rams[0].gpr_ram/g_sync.g_bram.g_read_first.g_wren.ram_reg[17][121]/CK (DFF_X1)
                                                          0.00       0.05 r
  library hold time                                       0.02       0.07
  data required time                                                 0.07
  --------------------------------------------------------------------------
  data required time                                                 0.07
  data arrival time                                                 -1.35
  --------------------------------------------------------------------------
  slack (MET)                                                        1.27


  Startpoint: writeback_if[0].data[122]
              (input port clocked by CLK)
  Endpoint: g_slices[0].issue_slice/operands/g_collectors[0].opc_unit/g_gpr_rams[0].gpr_ram/g_sync.g_bram.g_read_first.g_wren.ram_reg[17][120]
            (rising edge-triggered flip-flop clocked by CLK)
  Path Group: VX_issue_IN
  Path Type: min

  Des/Clust/Port     Wire Load Model       Library
  ------------------------------------------------
  VX_issue           5K_hvratio_1_1        NangateOpenCellLibrary_tt1p1v25c

  Point                                                   Incr       Path
  --------------------------------------------------------------------------
  clock CLK (rise edge)                                   0.00       0.00
  clock network delay (ideal)                             0.00       0.00
  input external delay                                    1.20       1.20 f
  writeback_if[0].data[122] (in)                          0.06       1.26 f
  U110723/ZN (OAI22_X1)                                   0.07       1.34 r
  g_slices[0].issue_slice/operands/g_collectors[0].opc_unit/g_gpr_rams[0].gpr_ram/g_sync.g_bram.g_read_first.g_wren.ram_reg[17][120]/D (DFF_X1)
                                                          0.01       1.35 r
  data arrival time                                                  1.35

  clock CLK (rise edge)                                   0.00       0.00
  clock network delay (ideal)                             0.00       0.00
  clock uncertainty                                       0.05       0.05
  g_slices[0].issue_slice/operands/g_collectors[0].opc_unit/g_gpr_rams[0].gpr_ram/g_sync.g_bram.g_read_first.g_wren.ram_reg[17][120]/CK (DFF_X1)
                                                          0.00       0.05 r
  library hold time                                       0.02       0.07
  data required time                                                 0.07
  --------------------------------------------------------------------------
  data required time                                                 0.07
  data arrival time                                                 -1.35
  --------------------------------------------------------------------------
  slack (MET)                                                        1.27


  Startpoint: writeback_if[0].data[105]
              (input port clocked by CLK)
  Endpoint: g_slices[0].issue_slice/operands/g_collectors[0].opc_unit/g_gpr_rams[0].gpr_ram/g_sync.g_bram.g_read_first.g_wren.ram_reg[17][103]
            (rising edge-triggered flip-flop clocked by CLK)
  Path Group: VX_issue_IN
  Path Type: min

  Des/Clust/Port     Wire Load Model       Library
  ------------------------------------------------
  VX_issue           5K_hvratio_1_1        NangateOpenCellLibrary_tt1p1v25c

  Point                                                   Incr       Path
  --------------------------------------------------------------------------
  clock CLK (rise edge)                                   0.00       0.00
  clock network delay (ideal)                             0.00       0.00
  input external delay                                    1.20       1.20 f
  writeback_if[0].data[105] (in)                          0.06       1.26 f
  U110706/ZN (OAI22_X1)                                   0.07       1.34 r
  g_slices[0].issue_slice/operands/g_collectors[0].opc_unit/g_gpr_rams[0].gpr_ram/g_sync.g_bram.g_read_first.g_wren.ram_reg[17][103]/D (DFF_X1)
                                                          0.01       1.35 r
  data arrival time                                                  1.35

  clock CLK (rise edge)                                   0.00       0.00
  clock network delay (ideal)                             0.00       0.00
  clock uncertainty                                       0.05       0.05
  g_slices[0].issue_slice/operands/g_collectors[0].opc_unit/g_gpr_rams[0].gpr_ram/g_sync.g_bram.g_read_first.g_wren.ram_reg[17][103]/CK (DFF_X1)
                                                          0.00       0.05 r
  library hold time                                       0.02       0.07
  data required time                                                 0.07
  --------------------------------------------------------------------------
  data required time                                                 0.07
  data arrival time                                                 -1.35
  --------------------------------------------------------------------------
  slack (MET)                                                        1.27


  Startpoint: writeback_if[0].data[91]
              (input port clocked by CLK)
  Endpoint: g_slices[0].issue_slice/operands/g_collectors[0].opc_unit/g_gpr_rams[0].gpr_ram/g_sync.g_bram.g_read_first.g_wren.ram_reg[17][89]
            (rising edge-triggered flip-flop clocked by CLK)
  Path Group: VX_issue_IN
  Path Type: min

  Des/Clust/Port     Wire Load Model       Library
  ------------------------------------------------
  VX_issue           5K_hvratio_1_1        NangateOpenCellLibrary_tt1p1v25c

  Point                                                   Incr       Path
  --------------------------------------------------------------------------
  clock CLK (rise edge)                                   0.00       0.00
  clock network delay (ideal)                             0.00       0.00
  input external delay                                    1.20       1.20 f
  writeback_if[0].data[91] (in)                           0.06       1.26 f
  U110691/ZN (OAI22_X1)                                   0.07       1.34 r
  g_slices[0].issue_slice/operands/g_collectors[0].opc_unit/g_gpr_rams[0].gpr_ram/g_sync.g_bram.g_read_first.g_wren.ram_reg[17][89]/D (DFF_X1)
                                                          0.01       1.35 r
  data arrival time                                                  1.35

  clock CLK (rise edge)                                   0.00       0.00
  clock network delay (ideal)                             0.00       0.00
  clock uncertainty                                       0.05       0.05
  g_slices[0].issue_slice/operands/g_collectors[0].opc_unit/g_gpr_rams[0].gpr_ram/g_sync.g_bram.g_read_first.g_wren.ram_reg[17][89]/CK (DFF_X1)
                                                          0.00       0.05 r
  library hold time                                       0.02       0.07
  data required time                                                 0.07
  --------------------------------------------------------------------------
  data required time                                                 0.07
  data arrival time                                                 -1.35
  --------------------------------------------------------------------------
  slack (MET)                                                        1.27


  Startpoint: writeback_if[0].data[86]
              (input port clocked by CLK)
  Endpoint: g_slices[0].issue_slice/operands/g_collectors[0].opc_unit/g_gpr_rams[0].gpr_ram/g_sync.g_bram.g_read_first.g_wren.ram_reg[17][84]
            (rising edge-triggered flip-flop clocked by CLK)
  Path Group: VX_issue_IN
  Path Type: min

  Des/Clust/Port     Wire Load Model       Library
  ------------------------------------------------
  VX_issue           5K_hvratio_1_1        NangateOpenCellLibrary_tt1p1v25c

  Point                                                   Incr       Path
  --------------------------------------------------------------------------
  clock CLK (rise edge)                                   0.00       0.00
  clock network delay (ideal)                             0.00       0.00
  input external delay                                    1.20       1.20 f
  writeback_if[0].data[86] (in)                           0.06       1.26 f
  U110686/ZN (OAI22_X1)                                   0.07       1.34 r
  g_slices[0].issue_slice/operands/g_collectors[0].opc_unit/g_gpr_rams[0].gpr_ram/g_sync.g_bram.g_read_first.g_wren.ram_reg[17][84]/D (DFF_X1)
                                                          0.01       1.35 r
  data arrival time                                                  1.35

  clock CLK (rise edge)                                   0.00       0.00
  clock network delay (ideal)                             0.00       0.00
  clock uncertainty                                       0.05       0.05
  g_slices[0].issue_slice/operands/g_collectors[0].opc_unit/g_gpr_rams[0].gpr_ram/g_sync.g_bram.g_read_first.g_wren.ram_reg[17][84]/CK (DFF_X1)
                                                          0.00       0.05 r
  library hold time                                       0.02       0.07
  data required time                                                 0.07
  --------------------------------------------------------------------------
  data required time                                                 0.07
  data arrival time                                                 -1.35
  --------------------------------------------------------------------------
  slack (MET)                                                        1.27


  Startpoint: writeback_if[0].data[74]
              (input port clocked by CLK)
  Endpoint: g_slices[0].issue_slice/operands/g_collectors[0].opc_unit/g_gpr_rams[0].gpr_ram/g_sync.g_bram.g_read_first.g_wren.ram_reg[17][72]
            (rising edge-triggered flip-flop clocked by CLK)
  Path Group: VX_issue_IN
  Path Type: min

  Des/Clust/Port     Wire Load Model       Library
  ------------------------------------------------
  VX_issue           5K_hvratio_1_1        NangateOpenCellLibrary_tt1p1v25c

  Point                                                   Incr       Path
  --------------------------------------------------------------------------
  clock CLK (rise edge)                                   0.00       0.00
  clock network delay (ideal)                             0.00       0.00
  input external delay                                    1.20       1.20 f
  writeback_if[0].data[74] (in)                           0.06       1.26 f
  U110674/ZN (OAI22_X1)                                   0.07       1.34 r
  g_slices[0].issue_slice/operands/g_collectors[0].opc_unit/g_gpr_rams[0].gpr_ram/g_sync.g_bram.g_read_first.g_wren.ram_reg[17][72]/D (DFF_X1)
                                                          0.01       1.35 r
  data arrival time                                                  1.35

  clock CLK (rise edge)                                   0.00       0.00
  clock network delay (ideal)                             0.00       0.00
  clock uncertainty                                       0.05       0.05
  g_slices[0].issue_slice/operands/g_collectors[0].opc_unit/g_gpr_rams[0].gpr_ram/g_sync.g_bram.g_read_first.g_wren.ram_reg[17][72]/CK (DFF_X1)
                                                          0.00       0.05 r
  library hold time                                       0.02       0.07
  data required time                                                 0.07
  --------------------------------------------------------------------------
  data required time                                                 0.07
  data arrival time                                                 -1.35
  --------------------------------------------------------------------------
  slack (MET)                                                        1.27


  Startpoint: writeback_if[0].data[73]
              (input port clocked by CLK)
  Endpoint: g_slices[0].issue_slice/operands/g_collectors[0].opc_unit/g_gpr_rams[0].gpr_ram/g_sync.g_bram.g_read_first.g_wren.ram_reg[17][71]
            (rising edge-triggered flip-flop clocked by CLK)
  Path Group: VX_issue_IN
  Path Type: min

  Des/Clust/Port     Wire Load Model       Library
  ------------------------------------------------
  VX_issue           5K_hvratio_1_1        NangateOpenCellLibrary_tt1p1v25c

  Point                                                   Incr       Path
  --------------------------------------------------------------------------
  clock CLK (rise edge)                                   0.00       0.00
  clock network delay (ideal)                             0.00       0.00
  input external delay                                    1.20       1.20 f
  writeback_if[0].data[73] (in)                           0.06       1.26 f
  U110673/ZN (OAI22_X1)                                   0.07       1.34 r
  g_slices[0].issue_slice/operands/g_collectors[0].opc_unit/g_gpr_rams[0].gpr_ram/g_sync.g_bram.g_read_first.g_wren.ram_reg[17][71]/D (DFF_X1)
                                                          0.01       1.35 r
  data arrival time                                                  1.35

  clock CLK (rise edge)                                   0.00       0.00
  clock network delay (ideal)                             0.00       0.00
  clock uncertainty                                       0.05       0.05
  g_slices[0].issue_slice/operands/g_collectors[0].opc_unit/g_gpr_rams[0].gpr_ram/g_sync.g_bram.g_read_first.g_wren.ram_reg[17][71]/CK (DFF_X1)
                                                          0.00       0.05 r
  library hold time                                       0.02       0.07
  data required time                                                 0.07
  --------------------------------------------------------------------------
  data required time                                                 0.07
  data arrival time                                                 -1.35
  --------------------------------------------------------------------------
  slack (MET)                                                        1.27


  Startpoint: writeback_if[0].data[41]
              (input port clocked by CLK)
  Endpoint: g_slices[0].issue_slice/operands/g_collectors[0].opc_unit/g_gpr_rams[0].gpr_ram/g_sync.g_bram.g_read_first.g_wren.ram_reg[17][39]
            (rising edge-triggered flip-flop clocked by CLK)
  Path Group: VX_issue_IN
  Path Type: min

  Des/Clust/Port     Wire Load Model       Library
  ------------------------------------------------
  VX_issue           5K_hvratio_1_1        NangateOpenCellLibrary_tt1p1v25c

  Point                                                   Incr       Path
  --------------------------------------------------------------------------
  clock CLK (rise edge)                                   0.00       0.00
  clock network delay (ideal)                             0.00       0.00
  input external delay                                    1.20       1.20 f
  writeback_if[0].data[41] (in)                           0.06       1.26 f
  U110640/ZN (OAI22_X1)                                   0.07       1.34 r
  g_slices[0].issue_slice/operands/g_collectors[0].opc_unit/g_gpr_rams[0].gpr_ram/g_sync.g_bram.g_read_first.g_wren.ram_reg[17][39]/D (DFF_X1)
                                                          0.01       1.35 r
  data arrival time                                                  1.35

  clock CLK (rise edge)                                   0.00       0.00
  clock network delay (ideal)                             0.00       0.00
  clock uncertainty                                       0.05       0.05
  g_slices[0].issue_slice/operands/g_collectors[0].opc_unit/g_gpr_rams[0].gpr_ram/g_sync.g_bram.g_read_first.g_wren.ram_reg[17][39]/CK (DFF_X1)
                                                          0.00       0.05 r
  library hold time                                       0.02       0.07
  data required time                                                 0.07
  --------------------------------------------------------------------------
  data required time                                                 0.07
  data arrival time                                                 -1.35
  --------------------------------------------------------------------------
  slack (MET)                                                        1.27


  Startpoint: writeback_if[0].data[27]
              (input port clocked by CLK)
  Endpoint: g_slices[0].issue_slice/operands/g_collectors[0].opc_unit/g_gpr_rams[0].gpr_ram/g_sync.g_bram.g_read_first.g_wren.ram_reg[17][25]
            (rising edge-triggered flip-flop clocked by CLK)
  Path Group: VX_issue_IN
  Path Type: min

  Des/Clust/Port     Wire Load Model       Library
  ------------------------------------------------
  VX_issue           5K_hvratio_1_1        NangateOpenCellLibrary_tt1p1v25c

  Point                                                   Incr       Path
  --------------------------------------------------------------------------
  clock CLK (rise edge)                                   0.00       0.00
  clock network delay (ideal)                             0.00       0.00
  input external delay                                    1.20       1.20 f
  writeback_if[0].data[27] (in)                           0.06       1.26 f
  U110625/ZN (OAI22_X1)                                   0.07       1.34 r
  g_slices[0].issue_slice/operands/g_collectors[0].opc_unit/g_gpr_rams[0].gpr_ram/g_sync.g_bram.g_read_first.g_wren.ram_reg[17][25]/D (DFF_X1)
                                                          0.01       1.35 r
  data arrival time                                                  1.35

  clock CLK (rise edge)                                   0.00       0.00
  clock network delay (ideal)                             0.00       0.00
  clock uncertainty                                       0.05       0.05
  g_slices[0].issue_slice/operands/g_collectors[0].opc_unit/g_gpr_rams[0].gpr_ram/g_sync.g_bram.g_read_first.g_wren.ram_reg[17][25]/CK (DFF_X1)
                                                          0.00       0.05 r
  library hold time                                       0.02       0.07
  data required time                                                 0.07
  --------------------------------------------------------------------------
  data required time                                                 0.07
  data arrival time                                                 -1.35
  --------------------------------------------------------------------------
  slack (MET)                                                        1.27


  Startpoint: writeback_if[0].data[127]
              (input port clocked by CLK)
  Endpoint: g_slices[0].issue_slice/operands/g_collectors[0].opc_unit/g_gpr_rams[0].gpr_ram/g_sync.g_bram.g_read_first.g_wren.ram_reg[1][125]
            (rising edge-triggered flip-flop clocked by CLK)
  Path Group: VX_issue_IN
  Path Type: min

  Des/Clust/Port     Wire Load Model       Library
  ------------------------------------------------
  VX_issue           5K_hvratio_1_1        NangateOpenCellLibrary_tt1p1v25c

  Point                                                   Incr       Path
  --------------------------------------------------------------------------
  clock CLK (rise edge)                                   0.00       0.00
  clock network delay (ideal)                             0.00       0.00
  input external delay                                    1.20       1.20 f
  writeback_if[0].data[127] (in)                          0.06       1.26 f
  U112856/ZN (OAI22_X1)                                   0.07       1.34 r
  g_slices[0].issue_slice/operands/g_collectors[0].opc_unit/g_gpr_rams[0].gpr_ram/g_sync.g_bram.g_read_first.g_wren.ram_reg[1][125]/D (DFF_X1)
                                                          0.01       1.35 r
  data arrival time                                                  1.35

  clock CLK (rise edge)                                   0.00       0.00
  clock network delay (ideal)                             0.00       0.00
  clock uncertainty                                       0.05       0.05
  g_slices[0].issue_slice/operands/g_collectors[0].opc_unit/g_gpr_rams[0].gpr_ram/g_sync.g_bram.g_read_first.g_wren.ram_reg[1][125]/CK (DFF_X1)
                                                          0.00       0.05 r
  library hold time                                       0.02       0.07
  data required time                                                 0.07
  --------------------------------------------------------------------------
  data required time                                                 0.07
  data arrival time                                                 -1.35
  --------------------------------------------------------------------------
  slack (MET)                                                        1.27


  Startpoint: writeback_if[0].data[96]
              (input port clocked by CLK)
  Endpoint: g_slices[0].issue_slice/operands/g_collectors[0].opc_unit/g_gpr_rams[0].gpr_ram/g_sync.g_bram.g_read_first.g_wren.ram_reg[1][94]
            (rising edge-triggered flip-flop clocked by CLK)
  Path Group: VX_issue_IN
  Path Type: min

  Des/Clust/Port     Wire Load Model       Library
  ------------------------------------------------
  VX_issue           5K_hvratio_1_1        NangateOpenCellLibrary_tt1p1v25c

  Point                                                   Incr       Path
  --------------------------------------------------------------------------
  clock CLK (rise edge)                                   0.00       0.00
  clock network delay (ideal)                             0.00       0.00
  input external delay                                    1.20       1.20 f
  writeback_if[0].data[96] (in)                           0.06       1.26 f
  U112824/ZN (OAI22_X1)                                   0.07       1.34 r
  g_slices[0].issue_slice/operands/g_collectors[0].opc_unit/g_gpr_rams[0].gpr_ram/g_sync.g_bram.g_read_first.g_wren.ram_reg[1][94]/D (DFF_X1)
                                                          0.01       1.35 r
  data arrival time                                                  1.35

  clock CLK (rise edge)                                   0.00       0.00
  clock network delay (ideal)                             0.00       0.00
  clock uncertainty                                       0.05       0.05
  g_slices[0].issue_slice/operands/g_collectors[0].opc_unit/g_gpr_rams[0].gpr_ram/g_sync.g_bram.g_read_first.g_wren.ram_reg[1][94]/CK (DFF_X1)
                                                          0.00       0.05 r
  library hold time                                       0.02       0.07
  data required time                                                 0.07
  --------------------------------------------------------------------------
  data required time                                                 0.07
  data arrival time                                                 -1.35
  --------------------------------------------------------------------------
  slack (MET)                                                        1.27


  Startpoint: writeback_if[0].data[95]
              (input port clocked by CLK)
  Endpoint: g_slices[0].issue_slice/operands/g_collectors[0].opc_unit/g_gpr_rams[0].gpr_ram/g_sync.g_bram.g_read_first.g_wren.ram_reg[1][93]
            (rising edge-triggered flip-flop clocked by CLK)
  Path Group: VX_issue_IN
  Path Type: min

  Des/Clust/Port     Wire Load Model       Library
  ------------------------------------------------
  VX_issue           5K_hvratio_1_1        NangateOpenCellLibrary_tt1p1v25c

  Point                                                   Incr       Path
  --------------------------------------------------------------------------
  clock CLK (rise edge)                                   0.00       0.00
  clock network delay (ideal)                             0.00       0.00
  input external delay                                    1.20       1.20 f
  writeback_if[0].data[95] (in)                           0.06       1.26 f
  U112823/ZN (OAI22_X1)                                   0.07       1.34 r
  g_slices[0].issue_slice/operands/g_collectors[0].opc_unit/g_gpr_rams[0].gpr_ram/g_sync.g_bram.g_read_first.g_wren.ram_reg[1][93]/D (DFF_X1)
                                                          0.01       1.35 r
  data arrival time                                                  1.35

  clock CLK (rise edge)                                   0.00       0.00
  clock network delay (ideal)                             0.00       0.00
  clock uncertainty                                       0.05       0.05
  g_slices[0].issue_slice/operands/g_collectors[0].opc_unit/g_gpr_rams[0].gpr_ram/g_sync.g_bram.g_read_first.g_wren.ram_reg[1][93]/CK (DFF_X1)
                                                          0.00       0.05 r
  library hold time                                       0.02       0.07
  data required time                                                 0.07
  --------------------------------------------------------------------------
  data required time                                                 0.07
  data arrival time                                                 -1.35
  --------------------------------------------------------------------------
  slack (MET)                                                        1.27


  Startpoint: writeback_if[0].data[106]
              (input port clocked by CLK)
  Endpoint: g_slices[0].issue_slice/operands/g_collectors[0].opc_unit/g_gpr_rams[0].gpr_ram/g_sync.g_bram.g_read_first.g_wren.ram_reg[11][104]
            (rising edge-triggered flip-flop clocked by CLK)
  Path Group: VX_issue_IN
  Path Type: min

  Des/Clust/Port     Wire Load Model       Library
  ------------------------------------------------
  VX_issue           5K_hvratio_1_1        NangateOpenCellLibrary_tt1p1v25c

  Point                                                   Incr       Path
  --------------------------------------------------------------------------
  clock CLK (rise edge)                                   0.00       0.00
  clock network delay (ideal)                             0.00       0.00
  input external delay                                    1.20       1.20 f
  writeback_if[0].data[106] (in)                          0.06       1.26 f
  U111505/ZN (OAI22_X1)                                   0.07       1.34 r
  g_slices[0].issue_slice/operands/g_collectors[0].opc_unit/g_gpr_rams[0].gpr_ram/g_sync.g_bram.g_read_first.g_wren.ram_reg[11][104]/D (DFF_X1)
                                                          0.01       1.35 r
  data arrival time                                                  1.35

  clock CLK (rise edge)                                   0.00       0.00
  clock network delay (ideal)                             0.00       0.00
  clock uncertainty                                       0.05       0.05
  g_slices[0].issue_slice/operands/g_collectors[0].opc_unit/g_gpr_rams[0].gpr_ram/g_sync.g_bram.g_read_first.g_wren.ram_reg[11][104]/CK (DFF_X1)
                                                          0.00       0.05 r
  library hold time                                       0.02       0.07
  data required time                                                 0.07
  --------------------------------------------------------------------------
  data required time                                                 0.07
  data arrival time                                                 -1.35
  --------------------------------------------------------------------------
  slack (MET)                                                        1.27


  Startpoint: writeback_if[0].data[106]
              (input port clocked by CLK)
  Endpoint: g_slices[0].issue_slice/operands/g_collectors[0].opc_unit/g_gpr_rams[0].gpr_ram/g_sync.g_bram.g_read_first.g_wren.ram_reg[7][104]
            (rising edge-triggered flip-flop clocked by CLK)
  Path Group: VX_issue_IN
  Path Type: min

  Des/Clust/Port     Wire Load Model       Library
  ------------------------------------------------
  VX_issue           5K_hvratio_1_1        NangateOpenCellLibrary_tt1p1v25c

  Point                                                   Incr       Path
  --------------------------------------------------------------------------
  clock CLK (rise edge)                                   0.00       0.00
  clock network delay (ideal)                             0.00       0.00
  input external delay                                    1.20       1.20 f
  writeback_if[0].data[106] (in)                          0.06       1.26 f
  U112037/ZN (OAI22_X1)                                   0.07       1.34 r
  g_slices[0].issue_slice/operands/g_collectors[0].opc_unit/g_gpr_rams[0].gpr_ram/g_sync.g_bram.g_read_first.g_wren.ram_reg[7][104]/D (DFF_X1)
                                                          0.01       1.35 r
  data arrival time                                                  1.35

  clock CLK (rise edge)                                   0.00       0.00
  clock network delay (ideal)                             0.00       0.00
  clock uncertainty                                       0.05       0.05
  g_slices[0].issue_slice/operands/g_collectors[0].opc_unit/g_gpr_rams[0].gpr_ram/g_sync.g_bram.g_read_first.g_wren.ram_reg[7][104]/CK (DFF_X1)
                                                          0.00       0.05 r
  library hold time                                       0.02       0.07
  data required time                                                 0.07
  --------------------------------------------------------------------------
  data required time                                                 0.07
  data arrival time                                                 -1.35
  --------------------------------------------------------------------------
  slack (MET)                                                        1.27


  Startpoint: writeback_if[0].data[10]
              (input port clocked by CLK)
  Endpoint: g_slices[0].issue_slice/operands/g_collectors[0].opc_unit/g_gpr_rams[0].gpr_ram/g_sync.g_bram.g_read_first.g_wren.ram_reg[5][8]
            (rising edge-triggered flip-flop clocked by CLK)
  Path Group: VX_issue_IN
  Path Type: min

  Des/Clust/Port     Wire Load Model       Library
  ------------------------------------------------
  VX_issue           5K_hvratio_1_1        NangateOpenCellLibrary_tt1p1v25c

  Point                                                   Incr       Path
  --------------------------------------------------------------------------
  clock CLK (rise edge)                                   0.00       0.00
  clock network delay (ideal)                             0.00       0.00
  input external delay                                    1.20       1.20 f
  writeback_if[0].data[10] (in)                           0.06       1.26 f
  U112204/ZN (OAI22_X1)                                   0.07       1.34 r
  g_slices[0].issue_slice/operands/g_collectors[0].opc_unit/g_gpr_rams[0].gpr_ram/g_sync.g_bram.g_read_first.g_wren.ram_reg[5][8]/D (DFF_X1)
                                                          0.01       1.35 r
  data arrival time                                                  1.35

  clock CLK (rise edge)                                   0.00       0.00
  clock network delay (ideal)                             0.00       0.00
  clock uncertainty                                       0.05       0.05
  g_slices[0].issue_slice/operands/g_collectors[0].opc_unit/g_gpr_rams[0].gpr_ram/g_sync.g_bram.g_read_first.g_wren.ram_reg[5][8]/CK (DFF_X1)
                                                          0.00       0.05 r
  library hold time                                       0.02       0.07
  data required time                                                 0.07
  --------------------------------------------------------------------------
  data required time                                                 0.07
  data arrival time                                                 -1.35
  --------------------------------------------------------------------------
  slack (MET)                                                        1.27


  Startpoint: writeback_if[0].data[10]
              (input port clocked by CLK)
  Endpoint: g_slices[0].issue_slice/operands/g_collectors[0].opc_unit/g_gpr_rams[0].gpr_ram/g_sync.g_bram.g_read_first.g_wren.ram_reg[3][8]
            (rising edge-triggered flip-flop clocked by CLK)
  Path Group: VX_issue_IN
  Path Type: min

  Des/Clust/Port     Wire Load Model       Library
  ------------------------------------------------
  VX_issue           5K_hvratio_1_1        NangateOpenCellLibrary_tt1p1v25c

  Point                                                   Incr       Path
  --------------------------------------------------------------------------
  clock CLK (rise edge)                                   0.00       0.00
  clock network delay (ideal)                             0.00       0.00
  input external delay                                    1.20       1.20 f
  writeback_if[0].data[10] (in)                           0.06       1.26 f
  U112470/ZN (OAI22_X1)                                   0.07       1.34 r
  g_slices[0].issue_slice/operands/g_collectors[0].opc_unit/g_gpr_rams[0].gpr_ram/g_sync.g_bram.g_read_first.g_wren.ram_reg[3][8]/D (DFF_X1)
                                                          0.01       1.35 r
  data arrival time                                                  1.35

  clock CLK (rise edge)                                   0.00       0.00
  clock network delay (ideal)                             0.00       0.00
  clock uncertainty                                       0.05       0.05
  g_slices[0].issue_slice/operands/g_collectors[0].opc_unit/g_gpr_rams[0].gpr_ram/g_sync.g_bram.g_read_first.g_wren.ram_reg[3][8]/CK (DFF_X1)
                                                          0.00       0.05 r
  library hold time                                       0.02       0.07
  data required time                                                 0.07
  --------------------------------------------------------------------------
  data required time                                                 0.07
  data arrival time                                                 -1.35
  --------------------------------------------------------------------------
  slack (MET)                                                        1.27


  Startpoint: writeback_if[0].data[129]
              (input port clocked by CLK)
  Endpoint: g_slices[0].issue_slice/operands/g_collectors[0].opc_unit/g_gpr_rams[0].gpr_ram/g_sync.g_bram.g_read_first.g_wren.ram_reg[1][127]
            (rising edge-triggered flip-flop clocked by CLK)
  Path Group: VX_issue_IN
  Path Type: min

  Des/Clust/Port     Wire Load Model       Library
  ------------------------------------------------
  VX_issue           5K_hvratio_1_1        NangateOpenCellLibrary_tt1p1v25c

  Point                                                   Incr       Path
  --------------------------------------------------------------------------
  clock CLK (rise edge)                                   0.00       0.00
  clock network delay (ideal)                             0.00       0.00
  input external delay                                    1.20       1.20 f
  writeback_if[0].data[129] (in)                          0.06       1.26 f
  U112858/ZN (OAI22_X1)                                   0.07       1.34 r
  g_slices[0].issue_slice/operands/g_collectors[0].opc_unit/g_gpr_rams[0].gpr_ram/g_sync.g_bram.g_read_first.g_wren.ram_reg[1][127]/D (DFF_X1)
                                                          0.01       1.35 r
  data arrival time                                                  1.35

  clock CLK (rise edge)                                   0.00       0.00
  clock network delay (ideal)                             0.00       0.00
  clock uncertainty                                       0.05       0.05
  g_slices[0].issue_slice/operands/g_collectors[0].opc_unit/g_gpr_rams[0].gpr_ram/g_sync.g_bram.g_read_first.g_wren.ram_reg[1][127]/CK (DFF_X1)
                                                          0.00       0.05 r
  library hold time                                       0.02       0.07
  data required time                                                 0.07
  --------------------------------------------------------------------------
  data required time                                                 0.07
  data arrival time                                                 -1.35
  --------------------------------------------------------------------------
  slack (MET)                                                        1.27


  Startpoint: writeback_if[0].data[119]
              (input port clocked by CLK)
  Endpoint: g_slices[0].issue_slice/operands/g_collectors[0].opc_unit/g_gpr_rams[0].gpr_ram/g_sync.g_bram.g_read_first.g_wren.ram_reg[1][117]
            (rising edge-triggered flip-flop clocked by CLK)
  Path Group: VX_issue_IN
  Path Type: min

  Des/Clust/Port     Wire Load Model       Library
  ------------------------------------------------
  VX_issue           5K_hvratio_1_1        NangateOpenCellLibrary_tt1p1v25c

  Point                                                   Incr       Path
  --------------------------------------------------------------------------
  clock CLK (rise edge)                                   0.00       0.00
  clock network delay (ideal)                             0.00       0.00
  input external delay                                    1.20       1.20 f
  writeback_if[0].data[119] (in)                          0.06       1.26 f
  U112848/ZN (OAI22_X1)                                   0.07       1.34 r
  g_slices[0].issue_slice/operands/g_collectors[0].opc_unit/g_gpr_rams[0].gpr_ram/g_sync.g_bram.g_read_first.g_wren.ram_reg[1][117]/D (DFF_X1)
                                                          0.01       1.35 r
  data arrival time                                                  1.35

  clock CLK (rise edge)                                   0.00       0.00
  clock network delay (ideal)                             0.00       0.00
  clock uncertainty                                       0.05       0.05
  g_slices[0].issue_slice/operands/g_collectors[0].opc_unit/g_gpr_rams[0].gpr_ram/g_sync.g_bram.g_read_first.g_wren.ram_reg[1][117]/CK (DFF_X1)
                                                          0.00       0.05 r
  library hold time                                       0.02       0.07
  data required time                                                 0.07
  --------------------------------------------------------------------------
  data required time                                                 0.07
  data arrival time                                                 -1.35
  --------------------------------------------------------------------------
  slack (MET)                                                        1.27


  Startpoint: writeback_if[0].data[108]
              (input port clocked by CLK)
  Endpoint: g_slices[0].issue_slice/operands/g_collectors[0].opc_unit/g_gpr_rams[0].gpr_ram/g_sync.g_bram.g_read_first.g_wren.ram_reg[1][106]
            (rising edge-triggered flip-flop clocked by CLK)
  Path Group: VX_issue_IN
  Path Type: min

  Des/Clust/Port     Wire Load Model       Library
  ------------------------------------------------
  VX_issue           5K_hvratio_1_1        NangateOpenCellLibrary_tt1p1v25c

  Point                                                   Incr       Path
  --------------------------------------------------------------------------
  clock CLK (rise edge)                                   0.00       0.00
  clock network delay (ideal)                             0.00       0.00
  input external delay                                    1.20       1.20 f
  writeback_if[0].data[108] (in)                          0.06       1.26 f
  U112837/ZN (OAI22_X1)                                   0.07       1.34 r
  g_slices[0].issue_slice/operands/g_collectors[0].opc_unit/g_gpr_rams[0].gpr_ram/g_sync.g_bram.g_read_first.g_wren.ram_reg[1][106]/D (DFF_X1)
                                                          0.01       1.35 r
  data arrival time                                                  1.35

  clock CLK (rise edge)                                   0.00       0.00
  clock network delay (ideal)                             0.00       0.00
  clock uncertainty                                       0.05       0.05
  g_slices[0].issue_slice/operands/g_collectors[0].opc_unit/g_gpr_rams[0].gpr_ram/g_sync.g_bram.g_read_first.g_wren.ram_reg[1][106]/CK (DFF_X1)
                                                          0.00       0.05 r
  library hold time                                       0.02       0.07
  data required time                                                 0.07
  --------------------------------------------------------------------------
  data required time                                                 0.07
  data arrival time                                                 -1.35
  --------------------------------------------------------------------------
  slack (MET)                                                        1.27


  Startpoint: writeback_if[0].data[107]
              (input port clocked by CLK)
  Endpoint: g_slices[0].issue_slice/operands/g_collectors[0].opc_unit/g_gpr_rams[0].gpr_ram/g_sync.g_bram.g_read_first.g_wren.ram_reg[1][105]
            (rising edge-triggered flip-flop clocked by CLK)
  Path Group: VX_issue_IN
  Path Type: min

  Des/Clust/Port     Wire Load Model       Library
  ------------------------------------------------
  VX_issue           5K_hvratio_1_1        NangateOpenCellLibrary_tt1p1v25c

  Point                                                   Incr       Path
  --------------------------------------------------------------------------
  clock CLK (rise edge)                                   0.00       0.00
  clock network delay (ideal)                             0.00       0.00
  input external delay                                    1.20       1.20 f
  writeback_if[0].data[107] (in)                          0.06       1.26 f
  U112836/ZN (OAI22_X1)                                   0.07       1.34 r
  g_slices[0].issue_slice/operands/g_collectors[0].opc_unit/g_gpr_rams[0].gpr_ram/g_sync.g_bram.g_read_first.g_wren.ram_reg[1][105]/D (DFF_X1)
                                                          0.01       1.35 r
  data arrival time                                                  1.35

  clock CLK (rise edge)                                   0.00       0.00
  clock network delay (ideal)                             0.00       0.00
  clock uncertainty                                       0.05       0.05
  g_slices[0].issue_slice/operands/g_collectors[0].opc_unit/g_gpr_rams[0].gpr_ram/g_sync.g_bram.g_read_first.g_wren.ram_reg[1][105]/CK (DFF_X1)
                                                          0.00       0.05 r
  library hold time                                       0.02       0.07
  data required time                                                 0.07
  --------------------------------------------------------------------------
  data required time                                                 0.07
  data arrival time                                                 -1.35
  --------------------------------------------------------------------------
  slack (MET)                                                        1.27


  Startpoint: writeback_if[0].data[87]
              (input port clocked by CLK)
  Endpoint: g_slices[0].issue_slice/operands/g_collectors[0].opc_unit/g_gpr_rams[0].gpr_ram/g_sync.g_bram.g_read_first.g_wren.ram_reg[1][85]
            (rising edge-triggered flip-flop clocked by CLK)
  Path Group: VX_issue_IN
  Path Type: min

  Des/Clust/Port     Wire Load Model       Library
  ------------------------------------------------
  VX_issue           5K_hvratio_1_1        NangateOpenCellLibrary_tt1p1v25c

  Point                                                   Incr       Path
  --------------------------------------------------------------------------
  clock CLK (rise edge)                                   0.00       0.00
  clock network delay (ideal)                             0.00       0.00
  input external delay                                    1.20       1.20 f
  writeback_if[0].data[87] (in)                           0.06       1.26 f
  U112815/ZN (OAI22_X1)                                   0.07       1.34 r
  g_slices[0].issue_slice/operands/g_collectors[0].opc_unit/g_gpr_rams[0].gpr_ram/g_sync.g_bram.g_read_first.g_wren.ram_reg[1][85]/D (DFF_X1)
                                                          0.01       1.35 r
  data arrival time                                                  1.35

  clock CLK (rise edge)                                   0.00       0.00
  clock network delay (ideal)                             0.00       0.00
  clock uncertainty                                       0.05       0.05
  g_slices[0].issue_slice/operands/g_collectors[0].opc_unit/g_gpr_rams[0].gpr_ram/g_sync.g_bram.g_read_first.g_wren.ram_reg[1][85]/CK (DFF_X1)
                                                          0.00       0.05 r
  library hold time                                       0.02       0.07
  data required time                                                 0.07
  --------------------------------------------------------------------------
  data required time                                                 0.07
  data arrival time                                                 -1.35
  --------------------------------------------------------------------------
  slack (MET)                                                        1.27


  Startpoint: writeback_if[0].data[65]
              (input port clocked by CLK)
  Endpoint: g_slices[0].issue_slice/operands/g_collectors[0].opc_unit/g_gpr_rams[0].gpr_ram/g_sync.g_bram.g_read_first.g_wren.ram_reg[1][63]
            (rising edge-triggered flip-flop clocked by CLK)
  Path Group: VX_issue_IN
  Path Type: min

  Des/Clust/Port     Wire Load Model       Library
  ------------------------------------------------
  VX_issue           5K_hvratio_1_1        NangateOpenCellLibrary_tt1p1v25c

  Point                                                   Incr       Path
  --------------------------------------------------------------------------
  clock CLK (rise edge)                                   0.00       0.00
  clock network delay (ideal)                             0.00       0.00
  input external delay                                    1.20       1.20 f
  writeback_if[0].data[65] (in)                           0.06       1.26 f
  U112792/ZN (OAI22_X1)                                   0.07       1.34 r
  g_slices[0].issue_slice/operands/g_collectors[0].opc_unit/g_gpr_rams[0].gpr_ram/g_sync.g_bram.g_read_first.g_wren.ram_reg[1][63]/D (DFF_X1)
                                                          0.01       1.35 r
  data arrival time                                                  1.35

  clock CLK (rise edge)                                   0.00       0.00
  clock network delay (ideal)                             0.00       0.00
  clock uncertainty                                       0.05       0.05
  g_slices[0].issue_slice/operands/g_collectors[0].opc_unit/g_gpr_rams[0].gpr_ram/g_sync.g_bram.g_read_first.g_wren.ram_reg[1][63]/CK (DFF_X1)
                                                          0.00       0.05 r
  library hold time                                       0.02       0.07
  data required time                                                 0.07
  --------------------------------------------------------------------------
  data required time                                                 0.07
  data arrival time                                                 -1.35
  --------------------------------------------------------------------------
  slack (MET)                                                        1.27


  Startpoint: writeback_if[0].data[45]
              (input port clocked by CLK)
  Endpoint: g_slices[0].issue_slice/operands/g_collectors[0].opc_unit/g_gpr_rams[0].gpr_ram/g_sync.g_bram.g_read_first.g_wren.ram_reg[1][43]
            (rising edge-triggered flip-flop clocked by CLK)
  Path Group: VX_issue_IN
  Path Type: min

  Des/Clust/Port     Wire Load Model       Library
  ------------------------------------------------
  VX_issue           5K_hvratio_1_1        NangateOpenCellLibrary_tt1p1v25c

  Point                                                   Incr       Path
  --------------------------------------------------------------------------
  clock CLK (rise edge)                                   0.00       0.00
  clock network delay (ideal)                             0.00       0.00
  input external delay                                    1.20       1.20 f
  writeback_if[0].data[45] (in)                           0.06       1.26 f
  U112772/ZN (OAI22_X1)                                   0.07       1.34 r
  g_slices[0].issue_slice/operands/g_collectors[0].opc_unit/g_gpr_rams[0].gpr_ram/g_sync.g_bram.g_read_first.g_wren.ram_reg[1][43]/D (DFF_X1)
                                                          0.01       1.35 r
  data arrival time                                                  1.35

  clock CLK (rise edge)                                   0.00       0.00
  clock network delay (ideal)                             0.00       0.00
  clock uncertainty                                       0.05       0.05
  g_slices[0].issue_slice/operands/g_collectors[0].opc_unit/g_gpr_rams[0].gpr_ram/g_sync.g_bram.g_read_first.g_wren.ram_reg[1][43]/CK (DFF_X1)
                                                          0.00       0.05 r
  library hold time                                       0.02       0.07
  data required time                                                 0.07
  --------------------------------------------------------------------------
  data required time                                                 0.07
  data arrival time                                                 -1.35
  --------------------------------------------------------------------------
  slack (MET)                                                        1.27


  Startpoint: writeback_if[0].data[43]
              (input port clocked by CLK)
  Endpoint: g_slices[0].issue_slice/operands/g_collectors[0].opc_unit/g_gpr_rams[0].gpr_ram/g_sync.g_bram.g_read_first.g_wren.ram_reg[1][41]
            (rising edge-triggered flip-flop clocked by CLK)
  Path Group: VX_issue_IN
  Path Type: min

  Des/Clust/Port     Wire Load Model       Library
  ------------------------------------------------
  VX_issue           5K_hvratio_1_1        NangateOpenCellLibrary_tt1p1v25c

  Point                                                   Incr       Path
  --------------------------------------------------------------------------
  clock CLK (rise edge)                                   0.00       0.00
  clock network delay (ideal)                             0.00       0.00
  input external delay                                    1.20       1.20 f
  writeback_if[0].data[43] (in)                           0.06       1.26 f
  U112770/ZN (OAI22_X1)                                   0.07       1.34 r
  g_slices[0].issue_slice/operands/g_collectors[0].opc_unit/g_gpr_rams[0].gpr_ram/g_sync.g_bram.g_read_first.g_wren.ram_reg[1][41]/D (DFF_X1)
                                                          0.01       1.35 r
  data arrival time                                                  1.35

  clock CLK (rise edge)                                   0.00       0.00
  clock network delay (ideal)                             0.00       0.00
  clock uncertainty                                       0.05       0.05
  g_slices[0].issue_slice/operands/g_collectors[0].opc_unit/g_gpr_rams[0].gpr_ram/g_sync.g_bram.g_read_first.g_wren.ram_reg[1][41]/CK (DFF_X1)
                                                          0.00       0.05 r
  library hold time                                       0.02       0.07
  data required time                                                 0.07
  --------------------------------------------------------------------------
  data required time                                                 0.07
  data arrival time                                                 -1.35
  --------------------------------------------------------------------------
  slack (MET)                                                        1.27


  Startpoint: writeback_if[0].data[35]
              (input port clocked by CLK)
  Endpoint: g_slices[0].issue_slice/operands/g_collectors[0].opc_unit/g_gpr_rams[0].gpr_ram/g_sync.g_bram.g_read_first.g_wren.ram_reg[1][33]
            (rising edge-triggered flip-flop clocked by CLK)
  Path Group: VX_issue_IN
  Path Type: min

  Des/Clust/Port     Wire Load Model       Library
  ------------------------------------------------
  VX_issue           5K_hvratio_1_1        NangateOpenCellLibrary_tt1p1v25c

  Point                                                   Incr       Path
  --------------------------------------------------------------------------
  clock CLK (rise edge)                                   0.00       0.00
  clock network delay (ideal)                             0.00       0.00
  input external delay                                    1.20       1.20 f
  writeback_if[0].data[35] (in)                           0.06       1.26 f
  U112762/ZN (OAI22_X1)                                   0.07       1.34 r
  g_slices[0].issue_slice/operands/g_collectors[0].opc_unit/g_gpr_rams[0].gpr_ram/g_sync.g_bram.g_read_first.g_wren.ram_reg[1][33]/D (DFF_X1)
                                                          0.01       1.35 r
  data arrival time                                                  1.35

  clock CLK (rise edge)                                   0.00       0.00
  clock network delay (ideal)                             0.00       0.00
  clock uncertainty                                       0.05       0.05
  g_slices[0].issue_slice/operands/g_collectors[0].opc_unit/g_gpr_rams[0].gpr_ram/g_sync.g_bram.g_read_first.g_wren.ram_reg[1][33]/CK (DFF_X1)
                                                          0.00       0.05 r
  library hold time                                       0.02       0.07
  data required time                                                 0.07
  --------------------------------------------------------------------------
  data required time                                                 0.07
  data arrival time                                                 -1.35
  --------------------------------------------------------------------------
  slack (MET)                                                        1.27


  Startpoint: writeback_if[0].data[116]
              (input port clocked by CLK)
  Endpoint: g_slices[0].issue_slice/operands/g_collectors[0].opc_unit/g_gpr_rams[0].gpr_ram/g_sync.g_bram.g_read_first.g_wren.ram_reg[18][114]
            (rising edge-triggered flip-flop clocked by CLK)
  Path Group: VX_issue_IN
  Path Type: min

  Des/Clust/Port     Wire Load Model       Library
  ------------------------------------------------
  VX_issue           5K_hvratio_1_1        NangateOpenCellLibrary_tt1p1v25c

  Point                                                   Incr       Path
  --------------------------------------------------------------------------
  clock CLK (rise edge)                                   0.00       0.00
  clock network delay (ideal)                             0.00       0.00
  input external delay                                    1.20       1.20 f
  writeback_if[0].data[116] (in)                          0.06       1.26 f
  U110584/ZN (OAI22_X1)                                   0.07       1.34 r
  g_slices[0].issue_slice/operands/g_collectors[0].opc_unit/g_gpr_rams[0].gpr_ram/g_sync.g_bram.g_read_first.g_wren.ram_reg[18][114]/D (DFF_X1)
                                                          0.01       1.35 r
  data arrival time                                                  1.35

  clock CLK (rise edge)                                   0.00       0.00
  clock network delay (ideal)                             0.00       0.00
  clock uncertainty                                       0.05       0.05
  g_slices[0].issue_slice/operands/g_collectors[0].opc_unit/g_gpr_rams[0].gpr_ram/g_sync.g_bram.g_read_first.g_wren.ram_reg[18][114]/CK (DFF_X1)
                                                          0.00       0.05 r
  library hold time                                       0.02       0.07
  data required time                                                 0.07
  --------------------------------------------------------------------------
  data required time                                                 0.07
  data arrival time                                                 -1.35
  --------------------------------------------------------------------------
  slack (MET)                                                        1.27


  Startpoint: writeback_if[0].data[105]
              (input port clocked by CLK)
  Endpoint: g_slices[0].issue_slice/operands/g_collectors[0].opc_unit/g_gpr_rams[0].gpr_ram/g_sync.g_bram.g_read_first.g_wren.ram_reg[18][103]
            (rising edge-triggered flip-flop clocked by CLK)
  Path Group: VX_issue_IN
  Path Type: min

  Des/Clust/Port     Wire Load Model       Library
  ------------------------------------------------
  VX_issue           5K_hvratio_1_1        NangateOpenCellLibrary_tt1p1v25c

  Point                                                   Incr       Path
  --------------------------------------------------------------------------
  clock CLK (rise edge)                                   0.00       0.00
  clock network delay (ideal)                             0.00       0.00
  input external delay                                    1.20       1.20 f
  writeback_if[0].data[105] (in)                          0.06       1.26 f
  U110573/ZN (OAI22_X1)                                   0.07       1.34 r
  g_slices[0].issue_slice/operands/g_collectors[0].opc_unit/g_gpr_rams[0].gpr_ram/g_sync.g_bram.g_read_first.g_wren.ram_reg[18][103]/D (DFF_X1)
                                                          0.01       1.35 r
  data arrival time                                                  1.35

  clock CLK (rise edge)                                   0.00       0.00
  clock network delay (ideal)                             0.00       0.00
  clock uncertainty                                       0.05       0.05
  g_slices[0].issue_slice/operands/g_collectors[0].opc_unit/g_gpr_rams[0].gpr_ram/g_sync.g_bram.g_read_first.g_wren.ram_reg[18][103]/CK (DFF_X1)
                                                          0.00       0.05 r
  library hold time                                       0.02       0.07
  data required time                                                 0.07
  --------------------------------------------------------------------------
  data required time                                                 0.07
  data arrival time                                                 -1.35
  --------------------------------------------------------------------------
  slack (MET)                                                        1.27


  Startpoint: writeback_if[0].data[73]
              (input port clocked by CLK)
  Endpoint: g_slices[0].issue_slice/operands/g_collectors[0].opc_unit/g_gpr_rams[0].gpr_ram/g_sync.g_bram.g_read_first.g_wren.ram_reg[18][71]
            (rising edge-triggered flip-flop clocked by CLK)
  Path Group: VX_issue_IN
  Path Type: min

  Des/Clust/Port     Wire Load Model       Library
  ------------------------------------------------
  VX_issue           5K_hvratio_1_1        NangateOpenCellLibrary_tt1p1v25c

  Point                                                   Incr       Path
  --------------------------------------------------------------------------
  clock CLK (rise edge)                                   0.00       0.00
  clock network delay (ideal)                             0.00       0.00
  input external delay                                    1.20       1.20 f
  writeback_if[0].data[73] (in)                           0.06       1.26 f
  U110540/ZN (OAI22_X1)                                   0.07       1.34 r
  g_slices[0].issue_slice/operands/g_collectors[0].opc_unit/g_gpr_rams[0].gpr_ram/g_sync.g_bram.g_read_first.g_wren.ram_reg[18][71]/D (DFF_X1)
                                                          0.01       1.35 r
  data arrival time                                                  1.35

  clock CLK (rise edge)                                   0.00       0.00
  clock network delay (ideal)                             0.00       0.00
  clock uncertainty                                       0.05       0.05
  g_slices[0].issue_slice/operands/g_collectors[0].opc_unit/g_gpr_rams[0].gpr_ram/g_sync.g_bram.g_read_first.g_wren.ram_reg[18][71]/CK (DFF_X1)
                                                          0.00       0.05 r
  library hold time                                       0.02       0.07
  data required time                                                 0.07
  --------------------------------------------------------------------------
  data required time                                                 0.07
  data arrival time                                                 -1.35
  --------------------------------------------------------------------------
  slack (MET)                                                        1.27


  Startpoint: writeback_if[0].data[54]
              (input port clocked by CLK)
  Endpoint: g_slices[0].issue_slice/operands/g_collectors[0].opc_unit/g_gpr_rams[0].gpr_ram/g_sync.g_bram.g_read_first.g_wren.ram_reg[18][52]
            (rising edge-triggered flip-flop clocked by CLK)
  Path Group: VX_issue_IN
  Path Type: min

  Des/Clust/Port     Wire Load Model       Library
  ------------------------------------------------
  VX_issue           5K_hvratio_1_1        NangateOpenCellLibrary_tt1p1v25c

  Point                                                   Incr       Path
  --------------------------------------------------------------------------
  clock CLK (rise edge)                                   0.00       0.00
  clock network delay (ideal)                             0.00       0.00
  input external delay                                    1.20       1.20 f
  writeback_if[0].data[54] (in)                           0.06       1.26 f
  U110520/ZN (OAI22_X1)                                   0.07       1.34 r
  g_slices[0].issue_slice/operands/g_collectors[0].opc_unit/g_gpr_rams[0].gpr_ram/g_sync.g_bram.g_read_first.g_wren.ram_reg[18][52]/D (DFF_X1)
                                                          0.01       1.35 r
  data arrival time                                                  1.35

  clock CLK (rise edge)                                   0.00       0.00
  clock network delay (ideal)                             0.00       0.00
  clock uncertainty                                       0.05       0.05
  g_slices[0].issue_slice/operands/g_collectors[0].opc_unit/g_gpr_rams[0].gpr_ram/g_sync.g_bram.g_read_first.g_wren.ram_reg[18][52]/CK (DFF_X1)
                                                          0.00       0.05 r
  library hold time                                       0.02       0.07
  data required time                                                 0.07
  --------------------------------------------------------------------------
  data required time                                                 0.07
  data arrival time                                                 -1.35
  --------------------------------------------------------------------------
  slack (MET)                                                        1.27


  Startpoint: writeback_if[0].data[14]
              (input port clocked by CLK)
  Endpoint: g_slices[0].issue_slice/operands/g_collectors[0].opc_unit/g_gpr_rams[0].gpr_ram/g_sync.g_bram.g_read_first.g_wren.ram_reg[18][12]
            (rising edge-triggered flip-flop clocked by CLK)
  Path Group: VX_issue_IN
  Path Type: min

  Des/Clust/Port     Wire Load Model       Library
  ------------------------------------------------
  VX_issue           5K_hvratio_1_1        NangateOpenCellLibrary_tt1p1v25c

  Point                                                   Incr       Path
  --------------------------------------------------------------------------
  clock CLK (rise edge)                                   0.00       0.00
  clock network delay (ideal)                             0.00       0.00
  input external delay                                    1.20       1.20 f
  writeback_if[0].data[14] (in)                           0.06       1.26 f
  U110479/ZN (OAI22_X1)                                   0.07       1.34 r
  g_slices[0].issue_slice/operands/g_collectors[0].opc_unit/g_gpr_rams[0].gpr_ram/g_sync.g_bram.g_read_first.g_wren.ram_reg[18][12]/D (DFF_X1)
                                                          0.01       1.35 r
  data arrival time                                                  1.35

  clock CLK (rise edge)                                   0.00       0.00
  clock network delay (ideal)                             0.00       0.00
  clock uncertainty                                       0.05       0.05
  g_slices[0].issue_slice/operands/g_collectors[0].opc_unit/g_gpr_rams[0].gpr_ram/g_sync.g_bram.g_read_first.g_wren.ram_reg[18][12]/CK (DFF_X1)
                                                          0.00       0.05 r
  library hold time                                       0.02       0.07
  data required time                                                 0.07
  --------------------------------------------------------------------------
  data required time                                                 0.07
  data arrival time                                                 -1.35
  --------------------------------------------------------------------------
  slack (MET)                                                        1.27


  Startpoint: writeback_if[0].data[118]
              (input port clocked by CLK)
  Endpoint: g_slices[0].issue_slice/operands/g_collectors[0].opc_unit/g_gpr_rams[0].gpr_ram/g_sync.g_bram.g_read_first.g_wren.ram_reg[16][116]
            (rising edge-triggered flip-flop clocked by CLK)
  Path Group: VX_issue_IN
  Path Type: min

  Des/Clust/Port     Wire Load Model       Library
  ------------------------------------------------
  VX_issue           5K_hvratio_1_1        NangateOpenCellLibrary_tt1p1v25c

  Point                                                   Incr       Path
  --------------------------------------------------------------------------
  clock CLK (rise edge)                                   0.00       0.00
  clock network delay (ideal)                             0.00       0.00
  input external delay                                    1.20       1.20 f
  writeback_if[0].data[118] (in)                          0.06       1.26 f
  U110852/ZN (OAI22_X1)                                   0.07       1.34 r
  g_slices[0].issue_slice/operands/g_collectors[0].opc_unit/g_gpr_rams[0].gpr_ram/g_sync.g_bram.g_read_first.g_wren.ram_reg[16][116]/D (DFF_X1)
                                                          0.01       1.35 r
  data arrival time                                                  1.35

  clock CLK (rise edge)                                   0.00       0.00
  clock network delay (ideal)                             0.00       0.00
  clock uncertainty                                       0.05       0.05
  g_slices[0].issue_slice/operands/g_collectors[0].opc_unit/g_gpr_rams[0].gpr_ram/g_sync.g_bram.g_read_first.g_wren.ram_reg[16][116]/CK (DFF_X1)
                                                          0.00       0.05 r
  library hold time                                       0.02       0.07
  data required time                                                 0.07
  --------------------------------------------------------------------------
  data required time                                                 0.07
  data arrival time                                                 -1.35
  --------------------------------------------------------------------------
  slack (MET)                                                        1.27


  Startpoint: writeback_if[0].data[86]
              (input port clocked by CLK)
  Endpoint: g_slices[0].issue_slice/operands/g_collectors[0].opc_unit/g_gpr_rams[0].gpr_ram/g_sync.g_bram.g_read_first.g_wren.ram_reg[16][84]
            (rising edge-triggered flip-flop clocked by CLK)
  Path Group: VX_issue_IN
  Path Type: min

  Des/Clust/Port     Wire Load Model       Library
  ------------------------------------------------
  VX_issue           5K_hvratio_1_1        NangateOpenCellLibrary_tt1p1v25c

  Point                                                   Incr       Path
  --------------------------------------------------------------------------
  clock CLK (rise edge)                                   0.00       0.00
  clock network delay (ideal)                             0.00       0.00
  input external delay                                    1.20       1.20 f
  writeback_if[0].data[86] (in)                           0.06       1.26 f
  U110819/ZN (OAI22_X1)                                   0.07       1.34 r
  g_slices[0].issue_slice/operands/g_collectors[0].opc_unit/g_gpr_rams[0].gpr_ram/g_sync.g_bram.g_read_first.g_wren.ram_reg[16][84]/D (DFF_X1)
                                                          0.01       1.35 r
  data arrival time                                                  1.35

  clock CLK (rise edge)                                   0.00       0.00
  clock network delay (ideal)                             0.00       0.00
  clock uncertainty                                       0.05       0.05
  g_slices[0].issue_slice/operands/g_collectors[0].opc_unit/g_gpr_rams[0].gpr_ram/g_sync.g_bram.g_read_first.g_wren.ram_reg[16][84]/CK (DFF_X1)
                                                          0.00       0.05 r
  library hold time                                       0.02       0.07
  data required time                                                 0.07
  --------------------------------------------------------------------------
  data required time                                                 0.07
  data arrival time                                                 -1.35
  --------------------------------------------------------------------------
  slack (MET)                                                        1.27


  Startpoint: writeback_if[0].data[65]
              (input port clocked by CLK)
  Endpoint: g_slices[0].issue_slice/operands/g_collectors[0].opc_unit/g_gpr_rams[0].gpr_ram/g_sync.g_bram.g_read_first.g_wren.ram_reg[8][63]
            (rising edge-triggered flip-flop clocked by CLK)
  Path Group: VX_issue_IN
  Path Type: min

  Des/Clust/Port     Wire Load Model       Library
  ------------------------------------------------
  VX_issue           5K_hvratio_1_1        NangateOpenCellLibrary_tt1p1v25c

  Point                                                   Incr       Path
  --------------------------------------------------------------------------
  clock CLK (rise edge)                                   0.00       0.00
  clock network delay (ideal)                             0.00       0.00
  input external delay                                    1.20       1.20 f
  writeback_if[0].data[65] (in)                           0.06       1.26 f
  U111861/ZN (OAI22_X1)                                   0.07       1.34 r
  g_slices[0].issue_slice/operands/g_collectors[0].opc_unit/g_gpr_rams[0].gpr_ram/g_sync.g_bram.g_read_first.g_wren.ram_reg[8][63]/D (DFF_X1)
                                                          0.01       1.35 r
  data arrival time                                                  1.35

  clock CLK (rise edge)                                   0.00       0.00
  clock network delay (ideal)                             0.00       0.00
  clock uncertainty                                       0.05       0.05
  g_slices[0].issue_slice/operands/g_collectors[0].opc_unit/g_gpr_rams[0].gpr_ram/g_sync.g_bram.g_read_first.g_wren.ram_reg[8][63]/CK (DFF_X1)
                                                          0.00       0.05 r
  library hold time                                       0.02       0.07
  data required time                                                 0.07
  --------------------------------------------------------------------------
  data required time                                                 0.07
  data arrival time                                                 -1.35
  --------------------------------------------------------------------------
  slack (MET)                                                        1.27


  Startpoint: writeback_if[0].data[61]
              (input port clocked by CLK)
  Endpoint: g_slices[0].issue_slice/operands/g_collectors[0].opc_unit/g_gpr_rams[0].gpr_ram/g_sync.g_bram.g_read_first.g_wren.ram_reg[8][59]
            (rising edge-triggered flip-flop clocked by CLK)
  Path Group: VX_issue_IN
  Path Type: min

  Des/Clust/Port     Wire Load Model       Library
  ------------------------------------------------
  VX_issue           5K_hvratio_1_1        NangateOpenCellLibrary_tt1p1v25c

  Point                                                   Incr       Path
  --------------------------------------------------------------------------
  clock CLK (rise edge)                                   0.00       0.00
  clock network delay (ideal)                             0.00       0.00
  input external delay                                    1.20       1.20 f
  writeback_if[0].data[61] (in)                           0.06       1.26 f
  U111857/ZN (OAI22_X1)                                   0.07       1.34 r
  g_slices[0].issue_slice/operands/g_collectors[0].opc_unit/g_gpr_rams[0].gpr_ram/g_sync.g_bram.g_read_first.g_wren.ram_reg[8][59]/D (DFF_X1)
                                                          0.01       1.35 r
  data arrival time                                                  1.35

  clock CLK (rise edge)                                   0.00       0.00
  clock network delay (ideal)                             0.00       0.00
  clock uncertainty                                       0.05       0.05
  g_slices[0].issue_slice/operands/g_collectors[0].opc_unit/g_gpr_rams[0].gpr_ram/g_sync.g_bram.g_read_first.g_wren.ram_reg[8][59]/CK (DFF_X1)
                                                          0.00       0.05 r
  library hold time                                       0.02       0.07
  data required time                                                 0.07
  --------------------------------------------------------------------------
  data required time                                                 0.07
  data arrival time                                                 -1.35
  --------------------------------------------------------------------------
  slack (MET)                                                        1.27


  Startpoint: writeback_if[0].data[45]
              (input port clocked by CLK)
  Endpoint: g_slices[0].issue_slice/operands/g_collectors[0].opc_unit/g_gpr_rams[0].gpr_ram/g_sync.g_bram.g_read_first.g_wren.ram_reg[8][43]
            (rising edge-triggered flip-flop clocked by CLK)
  Path Group: VX_issue_IN
  Path Type: min

  Des/Clust/Port     Wire Load Model       Library
  ------------------------------------------------
  VX_issue           5K_hvratio_1_1        NangateOpenCellLibrary_tt1p1v25c

  Point                                                   Incr       Path
  --------------------------------------------------------------------------
  clock CLK (rise edge)                                   0.00       0.00
  clock network delay (ideal)                             0.00       0.00
  input external delay                                    1.20       1.20 f
  writeback_if[0].data[45] (in)                           0.06       1.26 f
  U111841/ZN (OAI22_X1)                                   0.07       1.34 r
  g_slices[0].issue_slice/operands/g_collectors[0].opc_unit/g_gpr_rams[0].gpr_ram/g_sync.g_bram.g_read_first.g_wren.ram_reg[8][43]/D (DFF_X1)
                                                          0.01       1.35 r
  data arrival time                                                  1.35

  clock CLK (rise edge)                                   0.00       0.00
  clock network delay (ideal)                             0.00       0.00
  clock uncertainty                                       0.05       0.05
  g_slices[0].issue_slice/operands/g_collectors[0].opc_unit/g_gpr_rams[0].gpr_ram/g_sync.g_bram.g_read_first.g_wren.ram_reg[8][43]/CK (DFF_X1)
                                                          0.00       0.05 r
  library hold time                                       0.02       0.07
  data required time                                                 0.07
  --------------------------------------------------------------------------
  data required time                                                 0.07
  data arrival time                                                 -1.35
  --------------------------------------------------------------------------
  slack (MET)                                                        1.27


  Startpoint: writeback_if[0].data[43]
              (input port clocked by CLK)
  Endpoint: g_slices[0].issue_slice/operands/g_collectors[0].opc_unit/g_gpr_rams[0].gpr_ram/g_sync.g_bram.g_read_first.g_wren.ram_reg[8][41]
            (rising edge-triggered flip-flop clocked by CLK)
  Path Group: VX_issue_IN
  Path Type: min

  Des/Clust/Port     Wire Load Model       Library
  ------------------------------------------------
  VX_issue           5K_hvratio_1_1        NangateOpenCellLibrary_tt1p1v25c

  Point                                                   Incr       Path
  --------------------------------------------------------------------------
  clock CLK (rise edge)                                   0.00       0.00
  clock network delay (ideal)                             0.00       0.00
  input external delay                                    1.20       1.20 f
  writeback_if[0].data[43] (in)                           0.06       1.26 f
  U111839/ZN (OAI22_X1)                                   0.07       1.34 r
  g_slices[0].issue_slice/operands/g_collectors[0].opc_unit/g_gpr_rams[0].gpr_ram/g_sync.g_bram.g_read_first.g_wren.ram_reg[8][41]/D (DFF_X1)
                                                          0.01       1.35 r
  data arrival time                                                  1.35

  clock CLK (rise edge)                                   0.00       0.00
  clock network delay (ideal)                             0.00       0.00
  clock uncertainty                                       0.05       0.05
  g_slices[0].issue_slice/operands/g_collectors[0].opc_unit/g_gpr_rams[0].gpr_ram/g_sync.g_bram.g_read_first.g_wren.ram_reg[8][41]/CK (DFF_X1)
                                                          0.00       0.05 r
  library hold time                                       0.02       0.07
  data required time                                                 0.07
  --------------------------------------------------------------------------
  data required time                                                 0.07
  data arrival time                                                 -1.35
  --------------------------------------------------------------------------
  slack (MET)                                                        1.27


  Startpoint: writeback_if[0].data[37]
              (input port clocked by CLK)
  Endpoint: g_slices[0].issue_slice/operands/g_collectors[0].opc_unit/g_gpr_rams[0].gpr_ram/g_sync.g_bram.g_read_first.g_wren.ram_reg[8][35]
            (rising edge-triggered flip-flop clocked by CLK)
  Path Group: VX_issue_IN
  Path Type: min

  Des/Clust/Port     Wire Load Model       Library
  ------------------------------------------------
  VX_issue           5K_hvratio_1_1        NangateOpenCellLibrary_tt1p1v25c

  Point                                                   Incr       Path
  --------------------------------------------------------------------------
  clock CLK (rise edge)                                   0.00       0.00
  clock network delay (ideal)                             0.00       0.00
  input external delay                                    1.20       1.20 f
  writeback_if[0].data[37] (in)                           0.06       1.26 f
  U111833/ZN (OAI22_X1)                                   0.07       1.34 r
  g_slices[0].issue_slice/operands/g_collectors[0].opc_unit/g_gpr_rams[0].gpr_ram/g_sync.g_bram.g_read_first.g_wren.ram_reg[8][35]/D (DFF_X1)
                                                          0.01       1.35 r
  data arrival time                                                  1.35

  clock CLK (rise edge)                                   0.00       0.00
  clock network delay (ideal)                             0.00       0.00
  clock uncertainty                                       0.05       0.05
  g_slices[0].issue_slice/operands/g_collectors[0].opc_unit/g_gpr_rams[0].gpr_ram/g_sync.g_bram.g_read_first.g_wren.ram_reg[8][35]/CK (DFF_X1)
                                                          0.00       0.05 r
  library hold time                                       0.02       0.07
  data required time                                                 0.07
  --------------------------------------------------------------------------
  data required time                                                 0.07
  data arrival time                                                 -1.35
  --------------------------------------------------------------------------
  slack (MET)                                                        1.27


  Startpoint: writeback_if[0].data[36]
              (input port clocked by CLK)
  Endpoint: g_slices[0].issue_slice/operands/g_collectors[0].opc_unit/g_gpr_rams[0].gpr_ram/g_sync.g_bram.g_read_first.g_wren.ram_reg[8][34]
            (rising edge-triggered flip-flop clocked by CLK)
  Path Group: VX_issue_IN
  Path Type: min

  Des/Clust/Port     Wire Load Model       Library
  ------------------------------------------------
  VX_issue           5K_hvratio_1_1        NangateOpenCellLibrary_tt1p1v25c

  Point                                                   Incr       Path
  --------------------------------------------------------------------------
  clock CLK (rise edge)                                   0.00       0.00
  clock network delay (ideal)                             0.00       0.00
  input external delay                                    1.20       1.20 f
  writeback_if[0].data[36] (in)                           0.06       1.26 f
  U111832/ZN (OAI22_X1)                                   0.07       1.34 r
  g_slices[0].issue_slice/operands/g_collectors[0].opc_unit/g_gpr_rams[0].gpr_ram/g_sync.g_bram.g_read_first.g_wren.ram_reg[8][34]/D (DFF_X1)
                                                          0.01       1.35 r
  data arrival time                                                  1.35

  clock CLK (rise edge)                                   0.00       0.00
  clock network delay (ideal)                             0.00       0.00
  clock uncertainty                                       0.05       0.05
  g_slices[0].issue_slice/operands/g_collectors[0].opc_unit/g_gpr_rams[0].gpr_ram/g_sync.g_bram.g_read_first.g_wren.ram_reg[8][34]/CK (DFF_X1)
                                                          0.00       0.05 r
  library hold time                                       0.02       0.07
  data required time                                                 0.07
  --------------------------------------------------------------------------
  data required time                                                 0.07
  data arrival time                                                 -1.35
  --------------------------------------------------------------------------
  slack (MET)                                                        1.27


  Startpoint: writeback_if[0].data[35]
              (input port clocked by CLK)
  Endpoint: g_slices[0].issue_slice/operands/g_collectors[0].opc_unit/g_gpr_rams[0].gpr_ram/g_sync.g_bram.g_read_first.g_wren.ram_reg[8][33]
            (rising edge-triggered flip-flop clocked by CLK)
  Path Group: VX_issue_IN
  Path Type: min

  Des/Clust/Port     Wire Load Model       Library
  ------------------------------------------------
  VX_issue           5K_hvratio_1_1        NangateOpenCellLibrary_tt1p1v25c

  Point                                                   Incr       Path
  --------------------------------------------------------------------------
  clock CLK (rise edge)                                   0.00       0.00
  clock network delay (ideal)                             0.00       0.00
  input external delay                                    1.20       1.20 f
  writeback_if[0].data[35] (in)                           0.06       1.26 f
  U111831/ZN (OAI22_X1)                                   0.07       1.34 r
  g_slices[0].issue_slice/operands/g_collectors[0].opc_unit/g_gpr_rams[0].gpr_ram/g_sync.g_bram.g_read_first.g_wren.ram_reg[8][33]/D (DFF_X1)
                                                          0.01       1.35 r
  data arrival time                                                  1.35

  clock CLK (rise edge)                                   0.00       0.00
  clock network delay (ideal)                             0.00       0.00
  clock uncertainty                                       0.05       0.05
  g_slices[0].issue_slice/operands/g_collectors[0].opc_unit/g_gpr_rams[0].gpr_ram/g_sync.g_bram.g_read_first.g_wren.ram_reg[8][33]/CK (DFF_X1)
                                                          0.00       0.05 r
  library hold time                                       0.02       0.07
  data required time                                                 0.07
  --------------------------------------------------------------------------
  data required time                                                 0.07
  data arrival time                                                 -1.35
  --------------------------------------------------------------------------
  slack (MET)                                                        1.27


  Startpoint: writeback_if[0].data[6]
              (input port clocked by CLK)
  Endpoint: g_slices[0].issue_slice/operands/g_collectors[0].opc_unit/g_gpr_rams[0].gpr_ram/g_sync.g_bram.g_read_first.g_wren.ram_reg[4][4]
            (rising edge-triggered flip-flop clocked by CLK)
  Path Group: VX_issue_IN
  Path Type: min

  Des/Clust/Port     Wire Load Model       Library
  ------------------------------------------------
  VX_issue           5K_hvratio_1_1        NangateOpenCellLibrary_tt1p1v25c

  Point                                                   Incr       Path
  --------------------------------------------------------------------------
  clock CLK (rise edge)                                   0.00       0.00
  clock network delay (ideal)                             0.00       0.00
  input external delay                                    1.20       1.20 f
  writeback_if[0].data[6] (in)                            0.06       1.26 f
  U112333/ZN (OAI22_X1)                                   0.07       1.34 r
  g_slices[0].issue_slice/operands/g_collectors[0].opc_unit/g_gpr_rams[0].gpr_ram/g_sync.g_bram.g_read_first.g_wren.ram_reg[4][4]/D (DFF_X1)
                                                          0.01       1.35 r
  data arrival time                                                  1.35

  clock CLK (rise edge)                                   0.00       0.00
  clock network delay (ideal)                             0.00       0.00
  clock uncertainty                                       0.05       0.05
  g_slices[0].issue_slice/operands/g_collectors[0].opc_unit/g_gpr_rams[0].gpr_ram/g_sync.g_bram.g_read_first.g_wren.ram_reg[4][4]/CK (DFF_X1)
                                                          0.00       0.05 r
  library hold time                                       0.02       0.07
  data required time                                                 0.07
  --------------------------------------------------------------------------
  data required time                                                 0.07
  data arrival time                                                 -1.35
  --------------------------------------------------------------------------
  slack (MET)                                                        1.27


  Startpoint: writeback_if[0].data[29]
              (input port clocked by CLK)
  Endpoint: g_slices[0].issue_slice/operands/g_collectors[0].opc_unit/g_gpr_rams[0].gpr_ram/g_sync.g_bram.g_read_first.g_wren.ram_reg[2][27]
            (rising edge-triggered flip-flop clocked by CLK)
  Path Group: VX_issue_IN
  Path Type: min

  Des/Clust/Port     Wire Load Model       Library
  ------------------------------------------------
  VX_issue           5K_hvratio_1_1        NangateOpenCellLibrary_tt1p1v25c

  Point                                                   Incr       Path
  --------------------------------------------------------------------------
  clock CLK (rise edge)                                   0.00       0.00
  clock network delay (ideal)                             0.00       0.00
  input external delay                                    1.20       1.20 f
  writeback_if[0].data[29] (in)                           0.06       1.26 f
  U112622/ZN (OAI22_X1)                                   0.07       1.34 r
  g_slices[0].issue_slice/operands/g_collectors[0].opc_unit/g_gpr_rams[0].gpr_ram/g_sync.g_bram.g_read_first.g_wren.ram_reg[2][27]/D (DFF_X1)
                                                          0.01       1.35 r
  data arrival time                                                  1.35

  clock CLK (rise edge)                                   0.00       0.00
  clock network delay (ideal)                             0.00       0.00
  clock uncertainty                                       0.05       0.05
  g_slices[0].issue_slice/operands/g_collectors[0].opc_unit/g_gpr_rams[0].gpr_ram/g_sync.g_bram.g_read_first.g_wren.ram_reg[2][27]/CK (DFF_X1)
                                                          0.00       0.05 r
  library hold time                                       0.02       0.07
  data required time                                                 0.07
  --------------------------------------------------------------------------
  data required time                                                 0.07
  data arrival time                                                 -1.35
  --------------------------------------------------------------------------
  slack (MET)                                                        1.27


  Startpoint: writeback_if[0].data[33]
              (input port clocked by CLK)
  Endpoint: g_slices[0].issue_slice/operands/g_collectors[0].opc_unit/g_gpr_rams[0].gpr_ram/g_sync.g_bram.g_read_first.g_wren.ram_reg[4][31]
            (rising edge-triggered flip-flop clocked by CLK)
  Path Group: VX_issue_IN
  Path Type: min

  Des/Clust/Port     Wire Load Model       Library
  ------------------------------------------------
  VX_issue           5K_hvratio_1_1        NangateOpenCellLibrary_tt1p1v25c

  Point                                                   Incr       Path
  --------------------------------------------------------------------------
  clock CLK (rise edge)                                   0.00       0.00
  clock network delay (ideal)                             0.00       0.00
  input external delay                                    1.20       1.20 f
  writeback_if[0].data[33] (in)                           0.06       1.26 f
  U112360/ZN (OAI22_X1)                                   0.07       1.34 r
  g_slices[0].issue_slice/operands/g_collectors[0].opc_unit/g_gpr_rams[0].gpr_ram/g_sync.g_bram.g_read_first.g_wren.ram_reg[4][31]/D (DFF_X1)
                                                          0.01       1.35 r
  data arrival time                                                  1.35

  clock CLK (rise edge)                                   0.00       0.00
  clock network delay (ideal)                             0.00       0.00
  clock uncertainty                                       0.05       0.05
  g_slices[0].issue_slice/operands/g_collectors[0].opc_unit/g_gpr_rams[0].gpr_ram/g_sync.g_bram.g_read_first.g_wren.ram_reg[4][31]/CK (DFF_X1)
                                                          0.00       0.05 r
  library hold time                                       0.02       0.07
  data required time                                                 0.07
  --------------------------------------------------------------------------
  data required time                                                 0.07
  data arrival time                                                 -1.35
  --------------------------------------------------------------------------
  slack (MET)                                                        1.27


  Startpoint: writeback_if[0].data[21]
              (input port clocked by CLK)
  Endpoint: g_slices[0].issue_slice/operands/g_collectors[0].opc_unit/g_gpr_rams[0].gpr_ram/g_sync.g_bram.g_read_first.g_wren.ram_reg[4][19]
            (rising edge-triggered flip-flop clocked by CLK)
  Path Group: VX_issue_IN
  Path Type: min

  Des/Clust/Port     Wire Load Model       Library
  ------------------------------------------------
  VX_issue           5K_hvratio_1_1        NangateOpenCellLibrary_tt1p1v25c

  Point                                                   Incr       Path
  --------------------------------------------------------------------------
  clock CLK (rise edge)                                   0.00       0.00
  clock network delay (ideal)                             0.00       0.00
  input external delay                                    1.20       1.20 f
  writeback_if[0].data[21] (in)                           0.06       1.26 f
  U112348/ZN (OAI22_X1)                                   0.07       1.34 r
  g_slices[0].issue_slice/operands/g_collectors[0].opc_unit/g_gpr_rams[0].gpr_ram/g_sync.g_bram.g_read_first.g_wren.ram_reg[4][19]/D (DFF_X1)
                                                          0.01       1.35 r
  data arrival time                                                  1.35

  clock CLK (rise edge)                                   0.00       0.00
  clock network delay (ideal)                             0.00       0.00
  clock uncertainty                                       0.05       0.05
  g_slices[0].issue_slice/operands/g_collectors[0].opc_unit/g_gpr_rams[0].gpr_ram/g_sync.g_bram.g_read_first.g_wren.ram_reg[4][19]/CK (DFF_X1)
                                                          0.00       0.05 r
  library hold time                                       0.02       0.07
  data required time                                                 0.07
  --------------------------------------------------------------------------
  data required time                                                 0.07
  data arrival time                                                 -1.35
  --------------------------------------------------------------------------
  slack (MET)                                                        1.27


  Startpoint: writeback_if[0].data[18]
              (input port clocked by CLK)
  Endpoint: g_slices[0].issue_slice/operands/g_collectors[0].opc_unit/g_gpr_rams[0].gpr_ram/g_sync.g_bram.g_read_first.g_wren.ram_reg[4][16]
            (rising edge-triggered flip-flop clocked by CLK)
  Path Group: VX_issue_IN
  Path Type: min

  Des/Clust/Port     Wire Load Model       Library
  ------------------------------------------------
  VX_issue           5K_hvratio_1_1        NangateOpenCellLibrary_tt1p1v25c

  Point                                                   Incr       Path
  --------------------------------------------------------------------------
  clock CLK (rise edge)                                   0.00       0.00
  clock network delay (ideal)                             0.00       0.00
  input external delay                                    1.20       1.20 f
  writeback_if[0].data[18] (in)                           0.06       1.26 f
  U112345/ZN (OAI22_X1)                                   0.07       1.34 r
  g_slices[0].issue_slice/operands/g_collectors[0].opc_unit/g_gpr_rams[0].gpr_ram/g_sync.g_bram.g_read_first.g_wren.ram_reg[4][16]/D (DFF_X1)
                                                          0.01       1.35 r
  data arrival time                                                  1.35

  clock CLK (rise edge)                                   0.00       0.00
  clock network delay (ideal)                             0.00       0.00
  clock uncertainty                                       0.05       0.05
  g_slices[0].issue_slice/operands/g_collectors[0].opc_unit/g_gpr_rams[0].gpr_ram/g_sync.g_bram.g_read_first.g_wren.ram_reg[4][16]/CK (DFF_X1)
                                                          0.00       0.05 r
  library hold time                                       0.02       0.07
  data required time                                                 0.07
  --------------------------------------------------------------------------
  data required time                                                 0.07
  data arrival time                                                 -1.35
  --------------------------------------------------------------------------
  slack (MET)                                                        1.27


  Startpoint: writeback_if[0].data[10]
              (input port clocked by CLK)
  Endpoint: g_slices[0].issue_slice/operands/g_collectors[0].opc_unit/g_gpr_rams[0].gpr_ram/g_sync.g_bram.g_read_first.g_wren.ram_reg[4][8]
            (rising edge-triggered flip-flop clocked by CLK)
  Path Group: VX_issue_IN
  Path Type: min

  Des/Clust/Port     Wire Load Model       Library
  ------------------------------------------------
  VX_issue           5K_hvratio_1_1        NangateOpenCellLibrary_tt1p1v25c

  Point                                                   Incr       Path
  --------------------------------------------------------------------------
  clock CLK (rise edge)                                   0.00       0.00
  clock network delay (ideal)                             0.00       0.00
  input external delay                                    1.20       1.20 f
  writeback_if[0].data[10] (in)                           0.06       1.26 f
  U112337/ZN (OAI22_X1)                                   0.07       1.34 r
  g_slices[0].issue_slice/operands/g_collectors[0].opc_unit/g_gpr_rams[0].gpr_ram/g_sync.g_bram.g_read_first.g_wren.ram_reg[4][8]/D (DFF_X1)
                                                          0.01       1.35 r
  data arrival time                                                  1.35

  clock CLK (rise edge)                                   0.00       0.00
  clock network delay (ideal)                             0.00       0.00
  clock uncertainty                                       0.05       0.05
  g_slices[0].issue_slice/operands/g_collectors[0].opc_unit/g_gpr_rams[0].gpr_ram/g_sync.g_bram.g_read_first.g_wren.ram_reg[4][8]/CK (DFF_X1)
                                                          0.00       0.05 r
  library hold time                                       0.02       0.07
  data required time                                                 0.07
  --------------------------------------------------------------------------
  data required time                                                 0.07
  data arrival time                                                 -1.35
  --------------------------------------------------------------------------
  slack (MET)                                                        1.27


  Startpoint: writeback_if[0].data[2]
              (input port clocked by CLK)
  Endpoint: g_slices[0].issue_slice/operands/g_collectors[0].opc_unit/g_gpr_rams[0].gpr_ram/g_sync.g_bram.g_read_first.g_wren.ram_reg[4][0]
            (rising edge-triggered flip-flop clocked by CLK)
  Path Group: VX_issue_IN
  Path Type: min

  Des/Clust/Port     Wire Load Model       Library
  ------------------------------------------------
  VX_issue           5K_hvratio_1_1        NangateOpenCellLibrary_tt1p1v25c

  Point                                                   Incr       Path
  --------------------------------------------------------------------------
  clock CLK (rise edge)                                   0.00       0.00
  clock network delay (ideal)                             0.00       0.00
  input external delay                                    1.20       1.20 f
  writeback_if[0].data[2] (in)                            0.06       1.26 f
  U112329/ZN (OAI22_X1)                                   0.07       1.34 r
  g_slices[0].issue_slice/operands/g_collectors[0].opc_unit/g_gpr_rams[0].gpr_ram/g_sync.g_bram.g_read_first.g_wren.ram_reg[4][0]/D (DFF_X1)
                                                          0.01       1.35 r
  data arrival time                                                  1.35

  clock CLK (rise edge)                                   0.00       0.00
  clock network delay (ideal)                             0.00       0.00
  clock uncertainty                                       0.05       0.05
  g_slices[0].issue_slice/operands/g_collectors[0].opc_unit/g_gpr_rams[0].gpr_ram/g_sync.g_bram.g_read_first.g_wren.ram_reg[4][0]/CK (DFF_X1)
                                                          0.00       0.05 r
  library hold time                                       0.02       0.07
  data required time                                                 0.07
  --------------------------------------------------------------------------
  data required time                                                 0.07
  data arrival time                                                 -1.35
  --------------------------------------------------------------------------
  slack (MET)                                                        1.27


  Startpoint: writeback_if[0].data[129]
              (input port clocked by CLK)
  Endpoint: g_slices[0].issue_slice/operands/g_collectors[0].opc_unit/g_gpr_rams[0].gpr_ram/g_sync.g_bram.g_read_first.g_wren.ram_reg[17][127]
            (rising edge-triggered flip-flop clocked by CLK)
  Path Group: VX_issue_IN
  Path Type: min

  Des/Clust/Port     Wire Load Model       Library
  ------------------------------------------------
  VX_issue           5K_hvratio_1_1        NangateOpenCellLibrary_tt1p1v25c

  Point                                                   Incr       Path
  --------------------------------------------------------------------------
  clock CLK (rise edge)                                   0.00       0.00
  clock network delay (ideal)                             0.00       0.00
  input external delay                                    1.20       1.20 f
  writeback_if[0].data[129] (in)                          0.06       1.26 f
  U110730/ZN (OAI22_X1)                                   0.07       1.34 r
  g_slices[0].issue_slice/operands/g_collectors[0].opc_unit/g_gpr_rams[0].gpr_ram/g_sync.g_bram.g_read_first.g_wren.ram_reg[17][127]/D (DFF_X1)
                                                          0.01       1.35 r
  data arrival time                                                  1.35

  clock CLK (rise edge)                                   0.00       0.00
  clock network delay (ideal)                             0.00       0.00
  clock uncertainty                                       0.05       0.05
  g_slices[0].issue_slice/operands/g_collectors[0].opc_unit/g_gpr_rams[0].gpr_ram/g_sync.g_bram.g_read_first.g_wren.ram_reg[17][127]/CK (DFF_X1)
                                                          0.00       0.05 r
  library hold time                                       0.02       0.07
  data required time                                                 0.07
  --------------------------------------------------------------------------
  data required time                                                 0.07
  data arrival time                                                 -1.35
  --------------------------------------------------------------------------
  slack (MET)                                                        1.27


  Startpoint: writeback_if[0].data[127]
              (input port clocked by CLK)
  Endpoint: g_slices[0].issue_slice/operands/g_collectors[0].opc_unit/g_gpr_rams[0].gpr_ram/g_sync.g_bram.g_read_first.g_wren.ram_reg[17][125]
            (rising edge-triggered flip-flop clocked by CLK)
  Path Group: VX_issue_IN
  Path Type: min

  Des/Clust/Port     Wire Load Model       Library
  ------------------------------------------------
  VX_issue           5K_hvratio_1_1        NangateOpenCellLibrary_tt1p1v25c

  Point                                                   Incr       Path
  --------------------------------------------------------------------------
  clock CLK (rise edge)                                   0.00       0.00
  clock network delay (ideal)                             0.00       0.00
  input external delay                                    1.20       1.20 f
  writeback_if[0].data[127] (in)                          0.06       1.26 f
  U110728/ZN (OAI22_X1)                                   0.07       1.34 r
  g_slices[0].issue_slice/operands/g_collectors[0].opc_unit/g_gpr_rams[0].gpr_ram/g_sync.g_bram.g_read_first.g_wren.ram_reg[17][125]/D (DFF_X1)
                                                          0.01       1.35 r
  data arrival time                                                  1.35

  clock CLK (rise edge)                                   0.00       0.00
  clock network delay (ideal)                             0.00       0.00
  clock uncertainty                                       0.05       0.05
  g_slices[0].issue_slice/operands/g_collectors[0].opc_unit/g_gpr_rams[0].gpr_ram/g_sync.g_bram.g_read_first.g_wren.ram_reg[17][125]/CK (DFF_X1)
                                                          0.00       0.05 r
  library hold time                                       0.02       0.07
  data required time                                                 0.07
  --------------------------------------------------------------------------
  data required time                                                 0.07
  data arrival time                                                 -1.35
  --------------------------------------------------------------------------
  slack (MET)                                                        1.27


  Startpoint: writeback_if[0].data[125]
              (input port clocked by CLK)
  Endpoint: g_slices[0].issue_slice/operands/g_collectors[0].opc_unit/g_gpr_rams[0].gpr_ram/g_sync.g_bram.g_read_first.g_wren.ram_reg[17][123]
            (rising edge-triggered flip-flop clocked by CLK)
  Path Group: VX_issue_IN
  Path Type: min

  Des/Clust/Port     Wire Load Model       Library
  ------------------------------------------------
  VX_issue           5K_hvratio_1_1        NangateOpenCellLibrary_tt1p1v25c

  Point                                                   Incr       Path
  --------------------------------------------------------------------------
  clock CLK (rise edge)                                   0.00       0.00
  clock network delay (ideal)                             0.00       0.00
  input external delay                                    1.20       1.20 f
  writeback_if[0].data[125] (in)                          0.06       1.26 f
  U110726/ZN (OAI22_X1)                                   0.07       1.34 r
  g_slices[0].issue_slice/operands/g_collectors[0].opc_unit/g_gpr_rams[0].gpr_ram/g_sync.g_bram.g_read_first.g_wren.ram_reg[17][123]/D (DFF_X1)
                                                          0.01       1.35 r
  data arrival time                                                  1.35

  clock CLK (rise edge)                                   0.00       0.00
  clock network delay (ideal)                             0.00       0.00
  clock uncertainty                                       0.05       0.05
  g_slices[0].issue_slice/operands/g_collectors[0].opc_unit/g_gpr_rams[0].gpr_ram/g_sync.g_bram.g_read_first.g_wren.ram_reg[17][123]/CK (DFF_X1)
                                                          0.00       0.05 r
  library hold time                                       0.02       0.07
  data required time                                                 0.07
  --------------------------------------------------------------------------
  data required time                                                 0.07
  data arrival time                                                 -1.35
  --------------------------------------------------------------------------
  slack (MET)                                                        1.27


  Startpoint: writeback_if[0].data[119]
              (input port clocked by CLK)
  Endpoint: g_slices[0].issue_slice/operands/g_collectors[0].opc_unit/g_gpr_rams[0].gpr_ram/g_sync.g_bram.g_read_first.g_wren.ram_reg[17][117]
            (rising edge-triggered flip-flop clocked by CLK)
  Path Group: VX_issue_IN
  Path Type: min

  Des/Clust/Port     Wire Load Model       Library
  ------------------------------------------------
  VX_issue           5K_hvratio_1_1        NangateOpenCellLibrary_tt1p1v25c

  Point                                                   Incr       Path
  --------------------------------------------------------------------------
  clock CLK (rise edge)                                   0.00       0.00
  clock network delay (ideal)                             0.00       0.00
  input external delay                                    1.20       1.20 f
  writeback_if[0].data[119] (in)                          0.06       1.26 f
  U110720/ZN (OAI22_X1)                                   0.07       1.34 r
  g_slices[0].issue_slice/operands/g_collectors[0].opc_unit/g_gpr_rams[0].gpr_ram/g_sync.g_bram.g_read_first.g_wren.ram_reg[17][117]/D (DFF_X1)
                                                          0.01       1.35 r
  data arrival time                                                  1.35

  clock CLK (rise edge)                                   0.00       0.00
  clock network delay (ideal)                             0.00       0.00
  clock uncertainty                                       0.05       0.05
  g_slices[0].issue_slice/operands/g_collectors[0].opc_unit/g_gpr_rams[0].gpr_ram/g_sync.g_bram.g_read_first.g_wren.ram_reg[17][117]/CK (DFF_X1)
                                                          0.00       0.05 r
  library hold time                                       0.02       0.07
  data required time                                                 0.07
  --------------------------------------------------------------------------
  data required time                                                 0.07
  data arrival time                                                 -1.35
  --------------------------------------------------------------------------
  slack (MET)                                                        1.27


  Startpoint: writeback_if[0].data[108]
              (input port clocked by CLK)
  Endpoint: g_slices[0].issue_slice/operands/g_collectors[0].opc_unit/g_gpr_rams[0].gpr_ram/g_sync.g_bram.g_read_first.g_wren.ram_reg[17][106]
            (rising edge-triggered flip-flop clocked by CLK)
  Path Group: VX_issue_IN
  Path Type: min

  Des/Clust/Port     Wire Load Model       Library
  ------------------------------------------------
  VX_issue           5K_hvratio_1_1        NangateOpenCellLibrary_tt1p1v25c

  Point                                                   Incr       Path
  --------------------------------------------------------------------------
  clock CLK (rise edge)                                   0.00       0.00
  clock network delay (ideal)                             0.00       0.00
  input external delay                                    1.20       1.20 f
  writeback_if[0].data[108] (in)                          0.06       1.26 f
  U110709/ZN (OAI22_X1)                                   0.07       1.34 r
  g_slices[0].issue_slice/operands/g_collectors[0].opc_unit/g_gpr_rams[0].gpr_ram/g_sync.g_bram.g_read_first.g_wren.ram_reg[17][106]/D (DFF_X1)
                                                          0.01       1.35 r
  data arrival time                                                  1.35

  clock CLK (rise edge)                                   0.00       0.00
  clock network delay (ideal)                             0.00       0.00
  clock uncertainty                                       0.05       0.05
  g_slices[0].issue_slice/operands/g_collectors[0].opc_unit/g_gpr_rams[0].gpr_ram/g_sync.g_bram.g_read_first.g_wren.ram_reg[17][106]/CK (DFF_X1)
                                                          0.00       0.05 r
  library hold time                                       0.02       0.07
  data required time                                                 0.07
  --------------------------------------------------------------------------
  data required time                                                 0.07
  data arrival time                                                 -1.35
  --------------------------------------------------------------------------
  slack (MET)                                                        1.27


  Startpoint: writeback_if[0].data[107]
              (input port clocked by CLK)
  Endpoint: g_slices[0].issue_slice/operands/g_collectors[0].opc_unit/g_gpr_rams[0].gpr_ram/g_sync.g_bram.g_read_first.g_wren.ram_reg[17][105]
            (rising edge-triggered flip-flop clocked by CLK)
  Path Group: VX_issue_IN
  Path Type: min

  Des/Clust/Port     Wire Load Model       Library
  ------------------------------------------------
  VX_issue           5K_hvratio_1_1        NangateOpenCellLibrary_tt1p1v25c

  Point                                                   Incr       Path
  --------------------------------------------------------------------------
  clock CLK (rise edge)                                   0.00       0.00
  clock network delay (ideal)                             0.00       0.00
  input external delay                                    1.20       1.20 f
  writeback_if[0].data[107] (in)                          0.06       1.26 f
  U110708/ZN (OAI22_X1)                                   0.07       1.34 r
  g_slices[0].issue_slice/operands/g_collectors[0].opc_unit/g_gpr_rams[0].gpr_ram/g_sync.g_bram.g_read_first.g_wren.ram_reg[17][105]/D (DFF_X1)
                                                          0.01       1.35 r
  data arrival time                                                  1.35

  clock CLK (rise edge)                                   0.00       0.00
  clock network delay (ideal)                             0.00       0.00
  clock uncertainty                                       0.05       0.05
  g_slices[0].issue_slice/operands/g_collectors[0].opc_unit/g_gpr_rams[0].gpr_ram/g_sync.g_bram.g_read_first.g_wren.ram_reg[17][105]/CK (DFF_X1)
                                                          0.00       0.05 r
  library hold time                                       0.02       0.07
  data required time                                                 0.07
  --------------------------------------------------------------------------
  data required time                                                 0.07
  data arrival time                                                 -1.35
  --------------------------------------------------------------------------
  slack (MET)                                                        1.27


  Startpoint: writeback_if[0].data[104]
              (input port clocked by CLK)
  Endpoint: g_slices[0].issue_slice/operands/g_collectors[0].opc_unit/g_gpr_rams[0].gpr_ram/g_sync.g_bram.g_read_first.g_wren.ram_reg[17][102]
            (rising edge-triggered flip-flop clocked by CLK)
  Path Group: VX_issue_IN
  Path Type: min

  Des/Clust/Port     Wire Load Model       Library
  ------------------------------------------------
  VX_issue           5K_hvratio_1_1        NangateOpenCellLibrary_tt1p1v25c

  Point                                                   Incr       Path
  --------------------------------------------------------------------------
  clock CLK (rise edge)                                   0.00       0.00
  clock network delay (ideal)                             0.00       0.00
  input external delay                                    1.20       1.20 f
  writeback_if[0].data[104] (in)                          0.06       1.26 f
  U110705/ZN (OAI22_X1)                                   0.07       1.34 r
  g_slices[0].issue_slice/operands/g_collectors[0].opc_unit/g_gpr_rams[0].gpr_ram/g_sync.g_bram.g_read_first.g_wren.ram_reg[17][102]/D (DFF_X1)
                                                          0.01       1.35 r
  data arrival time                                                  1.35

  clock CLK (rise edge)                                   0.00       0.00
  clock network delay (ideal)                             0.00       0.00
  clock uncertainty                                       0.05       0.05
  g_slices[0].issue_slice/operands/g_collectors[0].opc_unit/g_gpr_rams[0].gpr_ram/g_sync.g_bram.g_read_first.g_wren.ram_reg[17][102]/CK (DFF_X1)
                                                          0.00       0.05 r
  library hold time                                       0.02       0.07
  data required time                                                 0.07
  --------------------------------------------------------------------------
  data required time                                                 0.07
  data arrival time                                                 -1.35
  --------------------------------------------------------------------------
  slack (MET)                                                        1.27


  Startpoint: writeback_if[0].data[102]
              (input port clocked by CLK)
  Endpoint: g_slices[0].issue_slice/operands/g_collectors[0].opc_unit/g_gpr_rams[0].gpr_ram/g_sync.g_bram.g_read_first.g_wren.ram_reg[17][100]
            (rising edge-triggered flip-flop clocked by CLK)
  Path Group: VX_issue_IN
  Path Type: min

  Des/Clust/Port     Wire Load Model       Library
  ------------------------------------------------
  VX_issue           5K_hvratio_1_1        NangateOpenCellLibrary_tt1p1v25c

  Point                                                   Incr       Path
  --------------------------------------------------------------------------
  clock CLK (rise edge)                                   0.00       0.00
  clock network delay (ideal)                             0.00       0.00
  input external delay                                    1.20       1.20 f
  writeback_if[0].data[102] (in)                          0.06       1.26 f
  U110703/ZN (OAI22_X1)                                   0.07       1.34 r
  g_slices[0].issue_slice/operands/g_collectors[0].opc_unit/g_gpr_rams[0].gpr_ram/g_sync.g_bram.g_read_first.g_wren.ram_reg[17][100]/D (DFF_X1)
                                                          0.01       1.35 r
  data arrival time                                                  1.35

  clock CLK (rise edge)                                   0.00       0.00
  clock network delay (ideal)                             0.00       0.00
  clock uncertainty                                       0.05       0.05
  g_slices[0].issue_slice/operands/g_collectors[0].opc_unit/g_gpr_rams[0].gpr_ram/g_sync.g_bram.g_read_first.g_wren.ram_reg[17][100]/CK (DFF_X1)
                                                          0.00       0.05 r
  library hold time                                       0.02       0.07
  data required time                                                 0.07
  --------------------------------------------------------------------------
  data required time                                                 0.07
  data arrival time                                                 -1.35
  --------------------------------------------------------------------------
  slack (MET)                                                        1.27


  Startpoint: writeback_if[0].data[94]
              (input port clocked by CLK)
  Endpoint: g_slices[0].issue_slice/operands/g_collectors[0].opc_unit/g_gpr_rams[0].gpr_ram/g_sync.g_bram.g_read_first.g_wren.ram_reg[15][92]
            (rising edge-triggered flip-flop clocked by CLK)
  Path Group: VX_issue_IN
  Path Type: min

  Des/Clust/Port     Wire Load Model       Library
  ------------------------------------------------
  VX_issue           5K_hvratio_1_1        NangateOpenCellLibrary_tt1p1v25c

  Point                                                   Incr       Path
  --------------------------------------------------------------------------
  clock CLK (rise edge)                                   0.00       0.00
  clock network delay (ideal)                             0.00       0.00
  input external delay                                    1.20       1.20 f
  writeback_if[0].data[94] (in)                           0.06       1.26 f
  U110960/ZN (OAI22_X1)                                   0.07       1.34 r
  g_slices[0].issue_slice/operands/g_collectors[0].opc_unit/g_gpr_rams[0].gpr_ram/g_sync.g_bram.g_read_first.g_wren.ram_reg[15][92]/D (DFF_X1)
                                                          0.01       1.35 r
  data arrival time                                                  1.35

  clock CLK (rise edge)                                   0.00       0.00
  clock network delay (ideal)                             0.00       0.00
  clock uncertainty                                       0.05       0.05
  g_slices[0].issue_slice/operands/g_collectors[0].opc_unit/g_gpr_rams[0].gpr_ram/g_sync.g_bram.g_read_first.g_wren.ram_reg[15][92]/CK (DFF_X1)
                                                          0.00       0.05 r
  library hold time                                       0.02       0.07
  data required time                                                 0.07
  --------------------------------------------------------------------------
  data required time                                                 0.07
  data arrival time                                                 -1.35
  --------------------------------------------------------------------------
  slack (MET)                                                        1.27


  Startpoint: writeback_if[0].data[30]
              (input port clocked by CLK)
  Endpoint: g_slices[0].issue_slice/operands/g_collectors[0].opc_unit/g_gpr_rams[0].gpr_ram/g_sync.g_bram.g_read_first.g_wren.ram_reg[15][28]
            (rising edge-triggered flip-flop clocked by CLK)
  Path Group: VX_issue_IN
  Path Type: min

  Des/Clust/Port     Wire Load Model       Library
  ------------------------------------------------
  VX_issue           5K_hvratio_1_1        NangateOpenCellLibrary_tt1p1v25c

  Point                                                   Incr       Path
  --------------------------------------------------------------------------
  clock CLK (rise edge)                                   0.00       0.00
  clock network delay (ideal)                             0.00       0.00
  input external delay                                    1.20       1.20 f
  writeback_if[0].data[30] (in)                           0.06       1.26 f
  U110894/ZN (OAI22_X1)                                   0.07       1.34 r
  g_slices[0].issue_slice/operands/g_collectors[0].opc_unit/g_gpr_rams[0].gpr_ram/g_sync.g_bram.g_read_first.g_wren.ram_reg[15][28]/D (DFF_X1)
                                                          0.01       1.35 r
  data arrival time                                                  1.35

  clock CLK (rise edge)                                   0.00       0.00
  clock network delay (ideal)                             0.00       0.00
  clock uncertainty                                       0.05       0.05
  g_slices[0].issue_slice/operands/g_collectors[0].opc_unit/g_gpr_rams[0].gpr_ram/g_sync.g_bram.g_read_first.g_wren.ram_reg[15][28]/CK (DFF_X1)
                                                          0.00       0.05 r
  library hold time                                       0.02       0.07
  data required time                                                 0.07
  --------------------------------------------------------------------------
  data required time                                                 0.07
  data arrival time                                                 -1.35
  --------------------------------------------------------------------------
  slack (MET)                                                        1.27


  Startpoint: writeback_if[0].data[62]
              (input port clocked by CLK)
  Endpoint: g_slices[0].issue_slice/operands/g_collectors[0].opc_unit/g_gpr_rams[0].gpr_ram/g_sync.g_bram.g_read_first.g_wren.ram_reg[13][60]
            (rising edge-triggered flip-flop clocked by CLK)
  Path Group: VX_issue_IN
  Path Type: min

  Des/Clust/Port     Wire Load Model       Library
  ------------------------------------------------
  VX_issue           5K_hvratio_1_1        NangateOpenCellLibrary_tt1p1v25c

  Point                                                   Incr       Path
  --------------------------------------------------------------------------
  clock CLK (rise edge)                                   0.00       0.00
  clock network delay (ideal)                             0.00       0.00
  input external delay                                    1.20       1.20 f
  writeback_if[0].data[62] (in)                           0.06       1.26 f
  U111193/ZN (OAI22_X1)                                   0.07       1.34 r
  g_slices[0].issue_slice/operands/g_collectors[0].opc_unit/g_gpr_rams[0].gpr_ram/g_sync.g_bram.g_read_first.g_wren.ram_reg[13][60]/D (DFF_X1)
                                                          0.01       1.35 r
  data arrival time                                                  1.35

  clock CLK (rise edge)                                   0.00       0.00
  clock network delay (ideal)                             0.00       0.00
  clock uncertainty                                       0.05       0.05
  g_slices[0].issue_slice/operands/g_collectors[0].opc_unit/g_gpr_rams[0].gpr_ram/g_sync.g_bram.g_read_first.g_wren.ram_reg[13][60]/CK (DFF_X1)
                                                          0.00       0.05 r
  library hold time                                       0.02       0.07
  data required time                                                 0.07
  --------------------------------------------------------------------------
  data required time                                                 0.07
  data arrival time                                                 -1.35
  --------------------------------------------------------------------------
  slack (MET)                                                        1.27


  Startpoint: writeback_if[0].data[121]
              (input port clocked by CLK)
  Endpoint: g_slices[0].issue_slice/operands/g_collectors[0].opc_unit/g_gpr_rams[0].gpr_ram/g_sync.g_bram.g_read_first.g_wren.ram_reg[14][119]
            (rising edge-triggered flip-flop clocked by CLK)
  Path Group: VX_issue_IN
  Path Type: min

  Des/Clust/Port     Wire Load Model       Library
  ------------------------------------------------
  VX_issue           5K_hvratio_1_1        NangateOpenCellLibrary_tt1p1v25c

  Point                                                   Incr       Path
  --------------------------------------------------------------------------
  clock CLK (rise edge)                                   0.00       0.00
  clock network delay (ideal)                             0.00       0.00
  input external delay                                    1.20       1.20 f
  writeback_if[0].data[121] (in)                          0.06       1.26 f
  U111121/ZN (OAI22_X1)                                   0.07       1.34 r
  g_slices[0].issue_slice/operands/g_collectors[0].opc_unit/g_gpr_rams[0].gpr_ram/g_sync.g_bram.g_read_first.g_wren.ram_reg[14][119]/D (DFF_X1)
                                                          0.01       1.35 r
  data arrival time                                                  1.35

  clock CLK (rise edge)                                   0.00       0.00
  clock network delay (ideal)                             0.00       0.00
  clock uncertainty                                       0.05       0.05
  g_slices[0].issue_slice/operands/g_collectors[0].opc_unit/g_gpr_rams[0].gpr_ram/g_sync.g_bram.g_read_first.g_wren.ram_reg[14][119]/CK (DFF_X1)
                                                          0.00       0.05 r
  library hold time                                       0.02       0.07
  data required time                                                 0.07
  --------------------------------------------------------------------------
  data required time                                                 0.07
  data arrival time                                                 -1.35
  --------------------------------------------------------------------------
  slack (MET)                                                        1.27


  Startpoint: writeback_if[0].data[90]
              (input port clocked by CLK)
  Endpoint: g_slices[0].issue_slice/operands/g_collectors[0].opc_unit/g_gpr_rams[0].gpr_ram/g_sync.g_bram.g_read_first.g_wren.ram_reg[14][88]
            (rising edge-triggered flip-flop clocked by CLK)
  Path Group: VX_issue_IN
  Path Type: min

  Des/Clust/Port     Wire Load Model       Library
  ------------------------------------------------
  VX_issue           5K_hvratio_1_1        NangateOpenCellLibrary_tt1p1v25c

  Point                                                   Incr       Path
  --------------------------------------------------------------------------
  clock CLK (rise edge)                                   0.00       0.00
  clock network delay (ideal)                             0.00       0.00
  input external delay                                    1.20       1.20 f
  writeback_if[0].data[90] (in)                           0.06       1.26 f
  U111089/ZN (OAI22_X1)                                   0.07       1.34 r
  g_slices[0].issue_slice/operands/g_collectors[0].opc_unit/g_gpr_rams[0].gpr_ram/g_sync.g_bram.g_read_first.g_wren.ram_reg[14][88]/D (DFF_X1)
                                                          0.01       1.35 r
  data arrival time                                                  1.35

  clock CLK (rise edge)                                   0.00       0.00
  clock network delay (ideal)                             0.00       0.00
  clock uncertainty                                       0.05       0.05
  g_slices[0].issue_slice/operands/g_collectors[0].opc_unit/g_gpr_rams[0].gpr_ram/g_sync.g_bram.g_read_first.g_wren.ram_reg[14][88]/CK (DFF_X1)
                                                          0.00       0.05 r
  library hold time                                       0.02       0.07
  data required time                                                 0.07
  --------------------------------------------------------------------------
  data required time                                                 0.07
  data arrival time                                                 -1.35
  --------------------------------------------------------------------------
  slack (MET)                                                        1.27


  Startpoint: writeback_if[0].data[89]
              (input port clocked by CLK)
  Endpoint: g_slices[0].issue_slice/operands/g_collectors[0].opc_unit/g_gpr_rams[0].gpr_ram/g_sync.g_bram.g_read_first.g_wren.ram_reg[14][87]
            (rising edge-triggered flip-flop clocked by CLK)
  Path Group: VX_issue_IN
  Path Type: min

  Des/Clust/Port     Wire Load Model       Library
  ------------------------------------------------
  VX_issue           5K_hvratio_1_1        NangateOpenCellLibrary_tt1p1v25c

  Point                                                   Incr       Path
  --------------------------------------------------------------------------
  clock CLK (rise edge)                                   0.00       0.00
  clock network delay (ideal)                             0.00       0.00
  input external delay                                    1.20       1.20 f
  writeback_if[0].data[89] (in)                           0.06       1.26 f
  U111088/ZN (OAI22_X1)                                   0.07       1.34 r
  g_slices[0].issue_slice/operands/g_collectors[0].opc_unit/g_gpr_rams[0].gpr_ram/g_sync.g_bram.g_read_first.g_wren.ram_reg[14][87]/D (DFF_X1)
                                                          0.01       1.35 r
  data arrival time                                                  1.35

  clock CLK (rise edge)                                   0.00       0.00
  clock network delay (ideal)                             0.00       0.00
  clock uncertainty                                       0.05       0.05
  g_slices[0].issue_slice/operands/g_collectors[0].opc_unit/g_gpr_rams[0].gpr_ram/g_sync.g_bram.g_read_first.g_wren.ram_reg[14][87]/CK (DFF_X1)
                                                          0.00       0.05 r
  library hold time                                       0.02       0.07
  data required time                                                 0.07
  --------------------------------------------------------------------------
  data required time                                                 0.07
  data arrival time                                                 -1.35
  --------------------------------------------------------------------------
  slack (MET)                                                        1.27


  Startpoint: writeback_if[0].data[57]
              (input port clocked by CLK)
  Endpoint: g_slices[0].issue_slice/operands/g_collectors[0].opc_unit/g_gpr_rams[0].gpr_ram/g_sync.g_bram.g_read_first.g_wren.ram_reg[14][55]
            (rising edge-triggered flip-flop clocked by CLK)
  Path Group: VX_issue_IN
  Path Type: min

  Des/Clust/Port     Wire Load Model       Library
  ------------------------------------------------
  VX_issue           5K_hvratio_1_1        NangateOpenCellLibrary_tt1p1v25c

  Point                                                   Incr       Path
  --------------------------------------------------------------------------
  clock CLK (rise edge)                                   0.00       0.00
  clock network delay (ideal)                             0.00       0.00
  input external delay                                    1.20       1.20 f
  writeback_if[0].data[57] (in)                           0.06       1.26 f
  U111055/ZN (OAI22_X1)                                   0.07       1.34 r
  g_slices[0].issue_slice/operands/g_collectors[0].opc_unit/g_gpr_rams[0].gpr_ram/g_sync.g_bram.g_read_first.g_wren.ram_reg[14][55]/D (DFF_X1)
                                                          0.01       1.35 r
  data arrival time                                                  1.35

  clock CLK (rise edge)                                   0.00       0.00
  clock network delay (ideal)                             0.00       0.00
  clock uncertainty                                       0.05       0.05
  g_slices[0].issue_slice/operands/g_collectors[0].opc_unit/g_gpr_rams[0].gpr_ram/g_sync.g_bram.g_read_first.g_wren.ram_reg[14][55]/CK (DFF_X1)
                                                          0.00       0.05 r
  library hold time                                       0.02       0.07
  data required time                                                 0.07
  --------------------------------------------------------------------------
  data required time                                                 0.07
  data arrival time                                                 -1.35
  --------------------------------------------------------------------------
  slack (MET)                                                        1.27


  Startpoint: writeback_if[0].data[41]
              (input port clocked by CLK)
  Endpoint: g_slices[0].issue_slice/operands/g_collectors[0].opc_unit/g_gpr_rams[0].gpr_ram/g_sync.g_bram.g_read_first.g_wren.ram_reg[12][39]
            (rising edge-triggered flip-flop clocked by CLK)
  Path Group: VX_issue_IN
  Path Type: min

  Des/Clust/Port     Wire Load Model       Library
  ------------------------------------------------
  VX_issue           5K_hvratio_1_1        NangateOpenCellLibrary_tt1p1v25c

  Point                                                   Incr       Path
  --------------------------------------------------------------------------
  clock CLK (rise edge)                                   0.00       0.00
  clock network delay (ideal)                             0.00       0.00
  input external delay                                    1.20       1.20 f
  writeback_if[0].data[41] (in)                           0.06       1.26 f
  U111305/ZN (OAI22_X1)                                   0.07       1.34 r
  g_slices[0].issue_slice/operands/g_collectors[0].opc_unit/g_gpr_rams[0].gpr_ram/g_sync.g_bram.g_read_first.g_wren.ram_reg[12][39]/D (DFF_X1)
                                                          0.01       1.35 r
  data arrival time                                                  1.35

  clock CLK (rise edge)                                   0.00       0.00
  clock network delay (ideal)                             0.00       0.00
  clock uncertainty                                       0.05       0.05
  g_slices[0].issue_slice/operands/g_collectors[0].opc_unit/g_gpr_rams[0].gpr_ram/g_sync.g_bram.g_read_first.g_wren.ram_reg[12][39]/CK (DFF_X1)
                                                          0.00       0.05 r
  library hold time                                       0.02       0.07
  data required time                                                 0.07
  --------------------------------------------------------------------------
  data required time                                                 0.07
  data arrival time                                                 -1.35
  --------------------------------------------------------------------------
  slack (MET)                                                        1.27


  Startpoint: writeback_if[0].data[121]
              (input port clocked by CLK)
  Endpoint: g_slices[0].issue_slice/operands/g_collectors[0].opc_unit/g_gpr_rams[0].gpr_ram/g_sync.g_bram.g_read_first.g_wren.ram_reg[10][119]
            (rising edge-triggered flip-flop clocked by CLK)
  Path Group: VX_issue_IN
  Path Type: min

  Des/Clust/Port     Wire Load Model       Library
  ------------------------------------------------
  VX_issue           5K_hvratio_1_1        NangateOpenCellLibrary_tt1p1v25c

  Point                                                   Incr       Path
  --------------------------------------------------------------------------
  clock CLK (rise edge)                                   0.00       0.00
  clock network delay (ideal)                             0.00       0.00
  input external delay                                    1.20       1.20 f
  writeback_if[0].data[121] (in)                          0.06       1.26 f
  U111653/ZN (OAI22_X1)                                   0.07       1.34 r
  g_slices[0].issue_slice/operands/g_collectors[0].opc_unit/g_gpr_rams[0].gpr_ram/g_sync.g_bram.g_read_first.g_wren.ram_reg[10][119]/D (DFF_X1)
                                                          0.01       1.35 r
  data arrival time                                                  1.35

  clock CLK (rise edge)                                   0.00       0.00
  clock network delay (ideal)                             0.00       0.00
  clock uncertainty                                       0.05       0.05
  g_slices[0].issue_slice/operands/g_collectors[0].opc_unit/g_gpr_rams[0].gpr_ram/g_sync.g_bram.g_read_first.g_wren.ram_reg[10][119]/CK (DFF_X1)
                                                          0.00       0.05 r
  library hold time                                       0.02       0.07
  data required time                                                 0.07
  --------------------------------------------------------------------------
  data required time                                                 0.07
  data arrival time                                                 -1.35
  --------------------------------------------------------------------------
  slack (MET)                                                        1.27


  Startpoint: writeback_if[0].data[105]
              (input port clocked by CLK)
  Endpoint: g_slices[0].issue_slice/operands/g_collectors[0].opc_unit/g_gpr_rams[0].gpr_ram/g_sync.g_bram.g_read_first.g_wren.ram_reg[10][103]
            (rising edge-triggered flip-flop clocked by CLK)
  Path Group: VX_issue_IN
  Path Type: min

  Des/Clust/Port     Wire Load Model       Library
  ------------------------------------------------
  VX_issue           5K_hvratio_1_1        NangateOpenCellLibrary_tt1p1v25c

  Point                                                   Incr       Path
  --------------------------------------------------------------------------
  clock CLK (rise edge)                                   0.00       0.00
  clock network delay (ideal)                             0.00       0.00
  input external delay                                    1.20       1.20 f
  writeback_if[0].data[105] (in)                          0.06       1.26 f
  U111637/ZN (OAI22_X1)                                   0.07       1.34 r
  g_slices[0].issue_slice/operands/g_collectors[0].opc_unit/g_gpr_rams[0].gpr_ram/g_sync.g_bram.g_read_first.g_wren.ram_reg[10][103]/D (DFF_X1)
                                                          0.01       1.35 r
  data arrival time                                                  1.35

  clock CLK (rise edge)                                   0.00       0.00
  clock network delay (ideal)                             0.00       0.00
  clock uncertainty                                       0.05       0.05
  g_slices[0].issue_slice/operands/g_collectors[0].opc_unit/g_gpr_rams[0].gpr_ram/g_sync.g_bram.g_read_first.g_wren.ram_reg[10][103]/CK (DFF_X1)
                                                          0.00       0.05 r
  library hold time                                       0.02       0.07
  data required time                                                 0.07
  --------------------------------------------------------------------------
  data required time                                                 0.07
  data arrival time                                                 -1.35
  --------------------------------------------------------------------------
  slack (MET)                                                        1.27


  Startpoint: writeback_if[0].data[90]
              (input port clocked by CLK)
  Endpoint: g_slices[0].issue_slice/operands/g_collectors[0].opc_unit/g_gpr_rams[0].gpr_ram/g_sync.g_bram.g_read_first.g_wren.ram_reg[10][88]
            (rising edge-triggered flip-flop clocked by CLK)
  Path Group: VX_issue_IN
  Path Type: min

  Des/Clust/Port     Wire Load Model       Library
  ------------------------------------------------
  VX_issue           5K_hvratio_1_1        NangateOpenCellLibrary_tt1p1v25c

  Point                                                   Incr       Path
  --------------------------------------------------------------------------
  clock CLK (rise edge)                                   0.00       0.00
  clock network delay (ideal)                             0.00       0.00
  input external delay                                    1.20       1.20 f
  writeback_if[0].data[90] (in)                           0.06       1.26 f
  U111621/ZN (OAI22_X1)                                   0.07       1.34 r
  g_slices[0].issue_slice/operands/g_collectors[0].opc_unit/g_gpr_rams[0].gpr_ram/g_sync.g_bram.g_read_first.g_wren.ram_reg[10][88]/D (DFF_X1)
                                                          0.01       1.35 r
  data arrival time                                                  1.35

  clock CLK (rise edge)                                   0.00       0.00
  clock network delay (ideal)                             0.00       0.00
  clock uncertainty                                       0.05       0.05
  g_slices[0].issue_slice/operands/g_collectors[0].opc_unit/g_gpr_rams[0].gpr_ram/g_sync.g_bram.g_read_first.g_wren.ram_reg[10][88]/CK (DFF_X1)
                                                          0.00       0.05 r
  library hold time                                       0.02       0.07
  data required time                                                 0.07
  --------------------------------------------------------------------------
  data required time                                                 0.07
  data arrival time                                                 -1.35
  --------------------------------------------------------------------------
  slack (MET)                                                        1.27


  Startpoint: writeback_if[0].data[89]
              (input port clocked by CLK)
  Endpoint: g_slices[0].issue_slice/operands/g_collectors[0].opc_unit/g_gpr_rams[0].gpr_ram/g_sync.g_bram.g_read_first.g_wren.ram_reg[10][87]
            (rising edge-triggered flip-flop clocked by CLK)
  Path Group: VX_issue_IN
  Path Type: min

  Des/Clust/Port     Wire Load Model       Library
  ------------------------------------------------
  VX_issue           5K_hvratio_1_1        NangateOpenCellLibrary_tt1p1v25c

  Point                                                   Incr       Path
  --------------------------------------------------------------------------
  clock CLK (rise edge)                                   0.00       0.00
  clock network delay (ideal)                             0.00       0.00
  input external delay                                    1.20       1.20 f
  writeback_if[0].data[89] (in)                           0.06       1.26 f
  U111620/ZN (OAI22_X1)                                   0.07       1.34 r
  g_slices[0].issue_slice/operands/g_collectors[0].opc_unit/g_gpr_rams[0].gpr_ram/g_sync.g_bram.g_read_first.g_wren.ram_reg[10][87]/D (DFF_X1)
                                                          0.01       1.35 r
  data arrival time                                                  1.35

  clock CLK (rise edge)                                   0.00       0.00
  clock network delay (ideal)                             0.00       0.00
  clock uncertainty                                       0.05       0.05
  g_slices[0].issue_slice/operands/g_collectors[0].opc_unit/g_gpr_rams[0].gpr_ram/g_sync.g_bram.g_read_first.g_wren.ram_reg[10][87]/CK (DFF_X1)
                                                          0.00       0.05 r
  library hold time                                       0.02       0.07
  data required time                                                 0.07
  --------------------------------------------------------------------------
  data required time                                                 0.07
  data arrival time                                                 -1.35
  --------------------------------------------------------------------------
  slack (MET)                                                        1.27


  Startpoint: writeback_if[0].data[57]
              (input port clocked by CLK)
  Endpoint: g_slices[0].issue_slice/operands/g_collectors[0].opc_unit/g_gpr_rams[0].gpr_ram/g_sync.g_bram.g_read_first.g_wren.ram_reg[10][55]
            (rising edge-triggered flip-flop clocked by CLK)
  Path Group: VX_issue_IN
  Path Type: min

  Des/Clust/Port     Wire Load Model       Library
  ------------------------------------------------
  VX_issue           5K_hvratio_1_1        NangateOpenCellLibrary_tt1p1v25c

  Point                                                   Incr       Path
  --------------------------------------------------------------------------
  clock CLK (rise edge)                                   0.00       0.00
  clock network delay (ideal)                             0.00       0.00
  input external delay                                    1.20       1.20 f
  writeback_if[0].data[57] (in)                           0.06       1.26 f
  U111587/ZN (OAI22_X1)                                   0.07       1.34 r
  g_slices[0].issue_slice/operands/g_collectors[0].opc_unit/g_gpr_rams[0].gpr_ram/g_sync.g_bram.g_read_first.g_wren.ram_reg[10][55]/D (DFF_X1)
                                                          0.01       1.35 r
  data arrival time                                                  1.35

  clock CLK (rise edge)                                   0.00       0.00
  clock network delay (ideal)                             0.00       0.00
  clock uncertainty                                       0.05       0.05
  g_slices[0].issue_slice/operands/g_collectors[0].opc_unit/g_gpr_rams[0].gpr_ram/g_sync.g_bram.g_read_first.g_wren.ram_reg[10][55]/CK (DFF_X1)
                                                          0.00       0.05 r
  library hold time                                       0.02       0.07
  data required time                                                 0.07
  --------------------------------------------------------------------------
  data required time                                                 0.07
  data arrival time                                                 -1.35
  --------------------------------------------------------------------------
  slack (MET)                                                        1.27


  Startpoint: writeback_if[0].data[9]
              (input port clocked by CLK)
  Endpoint: g_slices[0].issue_slice/operands/g_collectors[0].opc_unit/g_gpr_rams[0].gpr_ram/g_sync.g_bram.g_read_first.g_wren.ram_reg[10][7]
            (rising edge-triggered flip-flop clocked by CLK)
  Path Group: VX_issue_IN
  Path Type: min

  Des/Clust/Port     Wire Load Model       Library
  ------------------------------------------------
  VX_issue           5K_hvratio_1_1        NangateOpenCellLibrary_tt1p1v25c

  Point                                                   Incr       Path
  --------------------------------------------------------------------------
  clock CLK (rise edge)                                   0.00       0.00
  clock network delay (ideal)                             0.00       0.00
  input external delay                                    1.20       1.20 f
  writeback_if[0].data[9] (in)                            0.06       1.26 f
  U111538/ZN (OAI22_X1)                                   0.07       1.34 r
  g_slices[0].issue_slice/operands/g_collectors[0].opc_unit/g_gpr_rams[0].gpr_ram/g_sync.g_bram.g_read_first.g_wren.ram_reg[10][7]/D (DFF_X1)
                                                          0.01       1.35 r
  data arrival time                                                  1.35

  clock CLK (rise edge)                                   0.00       0.00
  clock network delay (ideal)                             0.00       0.00
  clock uncertainty                                       0.05       0.05
  g_slices[0].issue_slice/operands/g_collectors[0].opc_unit/g_gpr_rams[0].gpr_ram/g_sync.g_bram.g_read_first.g_wren.ram_reg[10][7]/CK (DFF_X1)
                                                          0.00       0.05 r
  library hold time                                       0.02       0.07
  data required time                                                 0.07
  --------------------------------------------------------------------------
  data required time                                                 0.07
  data arrival time                                                 -1.35
  --------------------------------------------------------------------------
  slack (MET)                                                        1.27


  Startpoint: writeback_if[0].data[92]
              (input port clocked by CLK)
  Endpoint: g_slices[0].issue_slice/operands/g_collectors[0].opc_unit/g_gpr_rams[0].gpr_ram/g_sync.g_bram.g_read_first.g_wren.ram_reg[8][90]
            (rising edge-triggered flip-flop clocked by CLK)
  Path Group: VX_issue_IN
  Path Type: min

  Des/Clust/Port     Wire Load Model       Library
  ------------------------------------------------
  VX_issue           5K_hvratio_1_1        NangateOpenCellLibrary_tt1p1v25c

  Point                                                   Incr       Path
  --------------------------------------------------------------------------
  clock CLK (rise edge)                                   0.00       0.00
  clock network delay (ideal)                             0.00       0.00
  input external delay                                    1.20       1.20 f
  writeback_if[0].data[92] (in)                           0.06       1.26 f
  U111889/ZN (OAI22_X1)                                   0.07       1.34 r
  g_slices[0].issue_slice/operands/g_collectors[0].opc_unit/g_gpr_rams[0].gpr_ram/g_sync.g_bram.g_read_first.g_wren.ram_reg[8][90]/D (DFF_X1)
                                                          0.01       1.35 r
  data arrival time                                                  1.35

  clock CLK (rise edge)                                   0.00       0.00
  clock network delay (ideal)                             0.00       0.00
  clock uncertainty                                       0.05       0.05
  g_slices[0].issue_slice/operands/g_collectors[0].opc_unit/g_gpr_rams[0].gpr_ram/g_sync.g_bram.g_read_first.g_wren.ram_reg[8][90]/CK (DFF_X1)
                                                          0.00       0.05 r
  library hold time                                       0.02       0.07
  data required time                                                 0.07
  --------------------------------------------------------------------------
  data required time                                                 0.07
  data arrival time                                                 -1.35
  --------------------------------------------------------------------------
  slack (MET)                                                        1.27


  Startpoint: writeback_if[0].data[73]
              (input port clocked by CLK)
  Endpoint: g_slices[0].issue_slice/operands/g_collectors[0].opc_unit/g_gpr_rams[0].gpr_ram/g_sync.g_bram.g_read_first.g_wren.ram_reg[8][71]
            (rising edge-triggered flip-flop clocked by CLK)
  Path Group: VX_issue_IN
  Path Type: min

  Des/Clust/Port     Wire Load Model       Library
  ------------------------------------------------
  VX_issue           5K_hvratio_1_1        NangateOpenCellLibrary_tt1p1v25c

  Point                                                   Incr       Path
  --------------------------------------------------------------------------
  clock CLK (rise edge)                                   0.00       0.00
  clock network delay (ideal)                             0.00       0.00
  input external delay                                    1.20       1.20 f
  writeback_if[0].data[73] (in)                           0.06       1.26 f
  U111870/ZN (OAI22_X1)                                   0.07       1.34 r
  g_slices[0].issue_slice/operands/g_collectors[0].opc_unit/g_gpr_rams[0].gpr_ram/g_sync.g_bram.g_read_first.g_wren.ram_reg[8][71]/D (DFF_X1)
                                                          0.01       1.35 r
  data arrival time                                                  1.35

  clock CLK (rise edge)                                   0.00       0.00
  clock network delay (ideal)                             0.00       0.00
  clock uncertainty                                       0.05       0.05
  g_slices[0].issue_slice/operands/g_collectors[0].opc_unit/g_gpr_rams[0].gpr_ram/g_sync.g_bram.g_read_first.g_wren.ram_reg[8][71]/CK (DFF_X1)
                                                          0.00       0.05 r
  library hold time                                       0.02       0.07
  data required time                                                 0.07
  --------------------------------------------------------------------------
  data required time                                                 0.07
  data arrival time                                                 -1.35
  --------------------------------------------------------------------------
  slack (MET)                                                        1.27


  Startpoint: writeback_if[0].data[5]
              (input port clocked by CLK)
  Endpoint: g_slices[0].issue_slice/operands/g_collectors[0].opc_unit/g_gpr_rams[0].gpr_ram/g_sync.g_bram.g_read_first.g_wren.ram_reg[22][3]
            (rising edge-triggered flip-flop clocked by CLK)
  Path Group: VX_issue_IN
  Path Type: min

  Des/Clust/Port     Wire Load Model       Library
  ------------------------------------------------
  VX_issue           5K_hvratio_1_1        NangateOpenCellLibrary_tt1p1v25c

  Point                                                   Incr       Path
  --------------------------------------------------------------------------
  clock CLK (rise edge)                                   0.00       0.00
  clock network delay (ideal)                             0.00       0.00
  input external delay                                    1.20       1.20 f
  writeback_if[0].data[5] (in)                            0.06       1.26 f
  U109938/ZN (OAI22_X1)                                   0.07       1.34 r
  g_slices[0].issue_slice/operands/g_collectors[0].opc_unit/g_gpr_rams[0].gpr_ram/g_sync.g_bram.g_read_first.g_wren.ram_reg[22][3]/D (DFF_X1)
                                                          0.01       1.35 r
  data arrival time                                                  1.35

  clock CLK (rise edge)                                   0.00       0.00
  clock network delay (ideal)                             0.00       0.00
  clock uncertainty                                       0.05       0.05
  g_slices[0].issue_slice/operands/g_collectors[0].opc_unit/g_gpr_rams[0].gpr_ram/g_sync.g_bram.g_read_first.g_wren.ram_reg[22][3]/CK (DFF_X1)
                                                          0.00       0.05 r
  library hold time                                       0.02       0.07
  data required time                                                 0.07
  --------------------------------------------------------------------------
  data required time                                                 0.07
  data arrival time                                                 -1.35
  --------------------------------------------------------------------------
  slack (MET)                                                        1.27


  Startpoint: writeback_if[0].data[3]
              (input port clocked by CLK)
  Endpoint: g_slices[0].issue_slice/operands/g_collectors[0].opc_unit/g_gpr_rams[0].gpr_ram/g_sync.g_bram.g_read_first.g_wren.ram_reg[22][1]
            (rising edge-triggered flip-flop clocked by CLK)
  Path Group: VX_issue_IN
  Path Type: min

  Des/Clust/Port     Wire Load Model       Library
  ------------------------------------------------
  VX_issue           5K_hvratio_1_1        NangateOpenCellLibrary_tt1p1v25c

  Point                                                   Incr       Path
  --------------------------------------------------------------------------
  clock CLK (rise edge)                                   0.00       0.00
  clock network delay (ideal)                             0.00       0.00
  input external delay                                    1.20       1.20 f
  writeback_if[0].data[3] (in)                            0.06       1.26 f
  U109936/ZN (OAI22_X1)                                   0.07       1.34 r
  g_slices[0].issue_slice/operands/g_collectors[0].opc_unit/g_gpr_rams[0].gpr_ram/g_sync.g_bram.g_read_first.g_wren.ram_reg[22][1]/D (DFF_X1)
                                                          0.01       1.35 r
  data arrival time                                                  1.35

  clock CLK (rise edge)                                   0.00       0.00
  clock network delay (ideal)                             0.00       0.00
  clock uncertainty                                       0.05       0.05
  g_slices[0].issue_slice/operands/g_collectors[0].opc_unit/g_gpr_rams[0].gpr_ram/g_sync.g_bram.g_read_first.g_wren.ram_reg[22][1]/CK (DFF_X1)
                                                          0.00       0.05 r
  library hold time                                       0.02       0.07
  data required time                                                 0.07
  --------------------------------------------------------------------------
  data required time                                                 0.07
  data arrival time                                                 -1.35
  --------------------------------------------------------------------------
  slack (MET)                                                        1.27


  Startpoint: writeback_if[0].data[96]
              (input port clocked by CLK)
  Endpoint: g_slices[0].issue_slice/operands/g_collectors[0].opc_unit/g_gpr_rams[0].gpr_ram/g_sync.g_bram.g_read_first.g_wren.ram_reg[18][94]
            (rising edge-triggered flip-flop clocked by CLK)
  Path Group: VX_issue_IN
  Path Type: min

  Des/Clust/Port     Wire Load Model       Library
  ------------------------------------------------
  VX_issue           5K_hvratio_1_1        NangateOpenCellLibrary_tt1p1v25c

  Point                                                   Incr       Path
  --------------------------------------------------------------------------
  clock CLK (rise edge)                                   0.00       0.00
  clock network delay (ideal)                             0.00       0.00
  input external delay                                    1.20       1.20 f
  writeback_if[0].data[96] (in)                           0.06       1.26 f
  U110563/ZN (OAI22_X1)                                   0.07       1.34 r
  g_slices[0].issue_slice/operands/g_collectors[0].opc_unit/g_gpr_rams[0].gpr_ram/g_sync.g_bram.g_read_first.g_wren.ram_reg[18][94]/D (DFF_X1)
                                                          0.01       1.35 r
  data arrival time                                                  1.35

  clock CLK (rise edge)                                   0.00       0.00
  clock network delay (ideal)                             0.00       0.00
  clock uncertainty                                       0.05       0.05
  g_slices[0].issue_slice/operands/g_collectors[0].opc_unit/g_gpr_rams[0].gpr_ram/g_sync.g_bram.g_read_first.g_wren.ram_reg[18][94]/CK (DFF_X1)
                                                          0.00       0.05 r
  library hold time                                       0.02       0.07
  data required time                                                 0.07
  --------------------------------------------------------------------------
  data required time                                                 0.07
  data arrival time                                                 -1.35
  --------------------------------------------------------------------------
  slack (MET)                                                        1.27


  Startpoint: writeback_if[0].data[95]
              (input port clocked by CLK)
  Endpoint: g_slices[0].issue_slice/operands/g_collectors[0].opc_unit/g_gpr_rams[0].gpr_ram/g_sync.g_bram.g_read_first.g_wren.ram_reg[18][93]
            (rising edge-triggered flip-flop clocked by CLK)
  Path Group: VX_issue_IN
  Path Type: min

  Des/Clust/Port     Wire Load Model       Library
  ------------------------------------------------
  VX_issue           5K_hvratio_1_1        NangateOpenCellLibrary_tt1p1v25c

  Point                                                   Incr       Path
  --------------------------------------------------------------------------
  clock CLK (rise edge)                                   0.00       0.00
  clock network delay (ideal)                             0.00       0.00
  input external delay                                    1.20       1.20 f
  writeback_if[0].data[95] (in)                           0.06       1.26 f
  U110562/ZN (OAI22_X1)                                   0.07       1.34 r
  g_slices[0].issue_slice/operands/g_collectors[0].opc_unit/g_gpr_rams[0].gpr_ram/g_sync.g_bram.g_read_first.g_wren.ram_reg[18][93]/D (DFF_X1)
                                                          0.01       1.35 r
  data arrival time                                                  1.35

  clock CLK (rise edge)                                   0.00       0.00
  clock network delay (ideal)                             0.00       0.00
  clock uncertainty                                       0.05       0.05
  g_slices[0].issue_slice/operands/g_collectors[0].opc_unit/g_gpr_rams[0].gpr_ram/g_sync.g_bram.g_read_first.g_wren.ram_reg[18][93]/CK (DFF_X1)
                                                          0.00       0.05 r
  library hold time                                       0.02       0.07
  data required time                                                 0.07
  --------------------------------------------------------------------------
  data required time                                                 0.07
  data arrival time                                                 -1.35
  --------------------------------------------------------------------------
  slack (MET)                                                        1.27


  Startpoint: writeback_if[0].data[93]
              (input port clocked by CLK)
  Endpoint: g_slices[0].issue_slice/operands/g_collectors[0].opc_unit/g_gpr_rams[0].gpr_ram/g_sync.g_bram.g_read_first.g_wren.ram_reg[18][91]
            (rising edge-triggered flip-flop clocked by CLK)
  Path Group: VX_issue_IN
  Path Type: min

  Des/Clust/Port     Wire Load Model       Library
  ------------------------------------------------
  VX_issue           5K_hvratio_1_1        NangateOpenCellLibrary_tt1p1v25c

  Point                                                   Incr       Path
  --------------------------------------------------------------------------
  clock CLK (rise edge)                                   0.00       0.00
  clock network delay (ideal)                             0.00       0.00
  input external delay                                    1.20       1.20 f
  writeback_if[0].data[93] (in)                           0.06       1.26 f
  U110560/ZN (OAI22_X1)                                   0.07       1.34 r
  g_slices[0].issue_slice/operands/g_collectors[0].opc_unit/g_gpr_rams[0].gpr_ram/g_sync.g_bram.g_read_first.g_wren.ram_reg[18][91]/D (DFF_X1)
                                                          0.01       1.35 r
  data arrival time                                                  1.35

  clock CLK (rise edge)                                   0.00       0.00
  clock network delay (ideal)                             0.00       0.00
  clock uncertainty                                       0.05       0.05
  g_slices[0].issue_slice/operands/g_collectors[0].opc_unit/g_gpr_rams[0].gpr_ram/g_sync.g_bram.g_read_first.g_wren.ram_reg[18][91]/CK (DFF_X1)
                                                          0.00       0.05 r
  library hold time                                       0.02       0.07
  data required time                                                 0.07
  --------------------------------------------------------------------------
  data required time                                                 0.07
  data arrival time                                                 -1.35
  --------------------------------------------------------------------------
  slack (MET)                                                        1.27


  Startpoint: writeback_if[0].data[87]
              (input port clocked by CLK)
  Endpoint: g_slices[0].issue_slice/operands/g_collectors[0].opc_unit/g_gpr_rams[0].gpr_ram/g_sync.g_bram.g_read_first.g_wren.ram_reg[18][85]
            (rising edge-triggered flip-flop clocked by CLK)
  Path Group: VX_issue_IN
  Path Type: min

  Des/Clust/Port     Wire Load Model       Library
  ------------------------------------------------
  VX_issue           5K_hvratio_1_1        NangateOpenCellLibrary_tt1p1v25c

  Point                                                   Incr       Path
  --------------------------------------------------------------------------
  clock CLK (rise edge)                                   0.00       0.00
  clock network delay (ideal)                             0.00       0.00
  input external delay                                    1.20       1.20 f
  writeback_if[0].data[87] (in)                           0.06       1.26 f
  U110554/ZN (OAI22_X1)                                   0.07       1.34 r
  g_slices[0].issue_slice/operands/g_collectors[0].opc_unit/g_gpr_rams[0].gpr_ram/g_sync.g_bram.g_read_first.g_wren.ram_reg[18][85]/D (DFF_X1)
                                                          0.01       1.35 r
  data arrival time                                                  1.35

  clock CLK (rise edge)                                   0.00       0.00
  clock network delay (ideal)                             0.00       0.00
  clock uncertainty                                       0.05       0.05
  g_slices[0].issue_slice/operands/g_collectors[0].opc_unit/g_gpr_rams[0].gpr_ram/g_sync.g_bram.g_read_first.g_wren.ram_reg[18][85]/CK (DFF_X1)
                                                          0.00       0.05 r
  library hold time                                       0.02       0.07
  data required time                                                 0.07
  --------------------------------------------------------------------------
  data required time                                                 0.07
  data arrival time                                                 -1.35
  --------------------------------------------------------------------------
  slack (MET)                                                        1.27


  Startpoint: writeback_if[0].data[70]
              (input port clocked by CLK)
  Endpoint: g_slices[0].issue_slice/operands/g_collectors[0].opc_unit/g_gpr_rams[0].gpr_ram/g_sync.g_bram.g_read_first.g_wren.ram_reg[18][68]
            (rising edge-triggered flip-flop clocked by CLK)
  Path Group: VX_issue_IN
  Path Type: min

  Des/Clust/Port     Wire Load Model       Library
  ------------------------------------------------
  VX_issue           5K_hvratio_1_1        NangateOpenCellLibrary_tt1p1v25c

  Point                                                   Incr       Path
  --------------------------------------------------------------------------
  clock CLK (rise edge)                                   0.00       0.00
  clock network delay (ideal)                             0.00       0.00
  input external delay                                    1.20       1.20 f
  writeback_if[0].data[70] (in)                           0.06       1.26 f
  U110537/ZN (OAI22_X1)                                   0.07       1.34 r
  g_slices[0].issue_slice/operands/g_collectors[0].opc_unit/g_gpr_rams[0].gpr_ram/g_sync.g_bram.g_read_first.g_wren.ram_reg[18][68]/D (DFF_X1)
                                                          0.01       1.35 r
  data arrival time                                                  1.35

  clock CLK (rise edge)                                   0.00       0.00
  clock network delay (ideal)                             0.00       0.00
  clock uncertainty                                       0.05       0.05
  g_slices[0].issue_slice/operands/g_collectors[0].opc_unit/g_gpr_rams[0].gpr_ram/g_sync.g_bram.g_read_first.g_wren.ram_reg[18][68]/CK (DFF_X1)
                                                          0.00       0.05 r
  library hold time                                       0.02       0.07
  data required time                                                 0.07
  --------------------------------------------------------------------------
  data required time                                                 0.07
  data arrival time                                                 -1.35
  --------------------------------------------------------------------------
  slack (MET)                                                        1.27


  Startpoint: writeback_if[0].data[68]
              (input port clocked by CLK)
  Endpoint: g_slices[0].issue_slice/operands/g_collectors[0].opc_unit/g_gpr_rams[0].gpr_ram/g_sync.g_bram.g_read_first.g_wren.ram_reg[18][66]
            (rising edge-triggered flip-flop clocked by CLK)
  Path Group: VX_issue_IN
  Path Type: min

  Des/Clust/Port     Wire Load Model       Library
  ------------------------------------------------
  VX_issue           5K_hvratio_1_1        NangateOpenCellLibrary_tt1p1v25c

  Point                                                   Incr       Path
  --------------------------------------------------------------------------
  clock CLK (rise edge)                                   0.00       0.00
  clock network delay (ideal)                             0.00       0.00
  input external delay                                    1.20       1.20 f
  writeback_if[0].data[68] (in)                           0.06       1.26 f
  U110535/ZN (OAI22_X1)                                   0.07       1.34 r
  g_slices[0].issue_slice/operands/g_collectors[0].opc_unit/g_gpr_rams[0].gpr_ram/g_sync.g_bram.g_read_first.g_wren.ram_reg[18][66]/D (DFF_X1)
                                                          0.01       1.35 r
  data arrival time                                                  1.35

  clock CLK (rise edge)                                   0.00       0.00
  clock network delay (ideal)                             0.00       0.00
  clock uncertainty                                       0.05       0.05
  g_slices[0].issue_slice/operands/g_collectors[0].opc_unit/g_gpr_rams[0].gpr_ram/g_sync.g_bram.g_read_first.g_wren.ram_reg[18][66]/CK (DFF_X1)
                                                          0.00       0.05 r
  library hold time                                       0.02       0.07
  data required time                                                 0.07
  --------------------------------------------------------------------------
  data required time                                                 0.07
  data arrival time                                                 -1.35
  --------------------------------------------------------------------------
  slack (MET)                                                        1.27


  Startpoint: g_slices[0].issue_slice/dispatch/g_buffers[0].buffer/g_eb2.stream_buffer/g_buffer.valid_out_r_reg
              (rising edge-triggered flip-flop clocked by CLK)
  Endpoint: dispatch_if[0].valid
            (output port clocked by CLK)
  Path Group: VX_issue_OUT
  Path Type: min

  Des/Clust/Port     Wire Load Model       Library
  ------------------------------------------------
  VX_issue           5K_hvratio_1_1        NangateOpenCellLibrary_tt1p1v25c

  Point                                                   Incr       Path
  --------------------------------------------------------------------------
  clock CLK (rise edge)                                   0.00       0.00
  clock network delay (ideal)                             0.00       0.00
  g_slices[0].issue_slice/dispatch/g_buffers[0].buffer/g_eb2.stream_buffer/g_buffer.valid_out_r_reg/CK (DFF_X1)
                                                          0.00 #     0.00 r
  g_slices[0].issue_slice/dispatch/g_buffers[0].buffer/g_eb2.stream_buffer/g_buffer.valid_out_r_reg/Q (DFF_X1)
                                                          0.10       0.10 f
  dispatch_if[0].valid (out)                              0.01       0.10 f
  data arrival time                                                  0.10

  clock CLK (rise edge)                                   0.00       0.00
  clock network delay (ideal)                             0.00       0.00
  clock uncertainty                                       0.05       0.05
  output external delay                                  -1.20      -1.15
  data required time                                                -1.15
  --------------------------------------------------------------------------
  data required time                                                -1.15
  data arrival time                                                 -0.10
  --------------------------------------------------------------------------
  slack (MET)                                                        1.25


  Startpoint: g_slices[0].issue_slice/dispatch/g_buffers[1].buffer/g_eb2.stream_buffer/g_buffer.valid_out_r_reg
              (rising edge-triggered flip-flop clocked by CLK)
  Endpoint: dispatch_if[1].valid
            (output port clocked by CLK)
  Path Group: VX_issue_OUT
  Path Type: min

  Des/Clust/Port     Wire Load Model       Library
  ------------------------------------------------
  VX_issue           5K_hvratio_1_1        NangateOpenCellLibrary_tt1p1v25c

  Point                                                   Incr       Path
  --------------------------------------------------------------------------
  clock CLK (rise edge)                                   0.00       0.00
  clock network delay (ideal)                             0.00       0.00
  g_slices[0].issue_slice/dispatch/g_buffers[1].buffer/g_eb2.stream_buffer/g_buffer.valid_out_r_reg/CK (DFF_X1)
                                                          0.00 #     0.00 r
  g_slices[0].issue_slice/dispatch/g_buffers[1].buffer/g_eb2.stream_buffer/g_buffer.valid_out_r_reg/Q (DFF_X1)
                                                          0.10       0.10 f
  dispatch_if[1].valid (out)                              0.01       0.10 f
  data arrival time                                                  0.10

  clock CLK (rise edge)                                   0.00       0.00
  clock network delay (ideal)                             0.00       0.00
  clock uncertainty                                       0.05       0.05
  output external delay                                  -1.20      -1.15
  data required time                                                -1.15
  --------------------------------------------------------------------------
  data required time                                                -1.15
  data arrival time                                                 -0.10
  --------------------------------------------------------------------------
  slack (MET)                                                        1.25


  Startpoint: g_slices[0].issue_slice/dispatch/g_buffers[2].buffer/g_eb2.stream_buffer/g_buffer.valid_out_r_reg
              (rising edge-triggered flip-flop clocked by CLK)
  Endpoint: dispatch_if[2].valid
            (output port clocked by CLK)
  Path Group: VX_issue_OUT
  Path Type: min

  Des/Clust/Port     Wire Load Model       Library
  ------------------------------------------------
  VX_issue           5K_hvratio_1_1        NangateOpenCellLibrary_tt1p1v25c

  Point                                                   Incr       Path
  --------------------------------------------------------------------------
  clock CLK (rise edge)                                   0.00       0.00
  clock network delay (ideal)                             0.00       0.00
  g_slices[0].issue_slice/dispatch/g_buffers[2].buffer/g_eb2.stream_buffer/g_buffer.valid_out_r_reg/CK (DFF_X1)
                                                          0.00 #     0.00 r
  g_slices[0].issue_slice/dispatch/g_buffers[2].buffer/g_eb2.stream_buffer/g_buffer.valid_out_r_reg/Q (DFF_X1)
                                                          0.10       0.10 f
  dispatch_if[2].valid (out)                              0.01       0.10 f
  data arrival time                                                  0.10

  clock CLK (rise edge)                                   0.00       0.00
  clock network delay (ideal)                             0.00       0.00
  clock uncertainty                                       0.05       0.05
  output external delay                                  -1.20      -1.15
  data required time                                                -1.15
  --------------------------------------------------------------------------
  data required time                                                -1.15
  data arrival time                                                 -0.10
  --------------------------------------------------------------------------
  slack (MET)                                                        1.25


  Startpoint: g_slices[0].issue_slice/dispatch/g_buffers[3].buffer/g_eb2.stream_buffer/g_buffer.valid_out_r_reg
              (rising edge-triggered flip-flop clocked by CLK)
  Endpoint: dispatch_if[3].valid
            (output port clocked by CLK)
  Path Group: VX_issue_OUT
  Path Type: min

  Des/Clust/Port     Wire Load Model       Library
  ------------------------------------------------
  VX_issue           5K_hvratio_1_1        NangateOpenCellLibrary_tt1p1v25c

  Point                                                   Incr       Path
  --------------------------------------------------------------------------
  clock CLK (rise edge)                                   0.00       0.00
  clock network delay (ideal)                             0.00       0.00
  g_slices[0].issue_slice/dispatch/g_buffers[3].buffer/g_eb2.stream_buffer/g_buffer.valid_out_r_reg/CK (DFF_X1)
                                                          0.00 #     0.00 r
  g_slices[0].issue_slice/dispatch/g_buffers[3].buffer/g_eb2.stream_buffer/g_buffer.valid_out_r_reg/Q (DFF_X1)
                                                          0.10       0.10 f
  dispatch_if[3].valid (out)                              0.01       0.10 f
  data arrival time                                                  0.10

  clock CLK (rise edge)                                   0.00       0.00
  clock network delay (ideal)                             0.00       0.00
  clock uncertainty                                       0.05       0.05
  output external delay                                  -1.20      -1.15
  data required time                                                -1.15
  --------------------------------------------------------------------------
  data required time                                                -1.15
  data arrival time                                                 -0.10
  --------------------------------------------------------------------------
  slack (MET)                                                        1.25


  Startpoint: g_slices[0].issue_slice/operands/g_collectors[0].opc_unit/out_buf/g_eb2.stream_buffer/g_buffer.data_out_r_reg[472]
              (rising edge-triggered flip-flop clocked by CLK)
  Endpoint: issue_sched_if[0].wis[1]
            (output port clocked by CLK)
  Path Group: VX_issue_OUT
  Path Type: min

  Des/Clust/Port     Wire Load Model       Library
  ------------------------------------------------
  VX_issue           5K_hvratio_1_1        NangateOpenCellLibrary_tt1p1v25c

  Point                                                   Incr       Path
  --------------------------------------------------------------------------
  clock CLK (rise edge)                                   0.00       0.00
  clock network delay (ideal)                             0.00       0.00
  g_slices[0].issue_slice/operands/g_collectors[0].opc_unit/out_buf/g_eb2.stream_buffer/g_buffer.data_out_r_reg[472]/CK (DFF_X1)
                                                          0.00 #     0.00 r
  g_slices[0].issue_slice/operands/g_collectors[0].opc_unit/out_buf/g_eb2.stream_buffer/g_buffer.data_out_r_reg[472]/Q (DFF_X1)
                                                          0.10       0.10 f
  issue_sched_if[0].wis[1] (out)                          0.01       0.10 f
  data arrival time                                                  0.10

  clock CLK (rise edge)                                   0.00       0.00
  clock network delay (ideal)                             0.00       0.00
  clock uncertainty                                       0.05       0.05
  output external delay                                  -1.20      -1.15
  data required time                                                -1.15
  --------------------------------------------------------------------------
  data required time                                                -1.15
  data arrival time                                                 -0.10
  --------------------------------------------------------------------------
  slack (MET)                                                        1.25


  Startpoint: g_slices[0].issue_slice/operands/g_collectors[0].opc_unit/out_buf/g_eb2.stream_buffer/g_buffer.data_out_r_reg[471]
              (rising edge-triggered flip-flop clocked by CLK)
  Endpoint: issue_sched_if[0].wis[0]
            (output port clocked by CLK)
  Path Group: VX_issue_OUT
  Path Type: min

  Des/Clust/Port     Wire Load Model       Library
  ------------------------------------------------
  VX_issue           5K_hvratio_1_1        NangateOpenCellLibrary_tt1p1v25c

  Point                                                   Incr       Path
  --------------------------------------------------------------------------
  clock CLK (rise edge)                                   0.00       0.00
  clock network delay (ideal)                             0.00       0.00
  g_slices[0].issue_slice/operands/g_collectors[0].opc_unit/out_buf/g_eb2.stream_buffer/g_buffer.data_out_r_reg[471]/CK (DFF_X1)
                                                          0.00 #     0.00 r
  g_slices[0].issue_slice/operands/g_collectors[0].opc_unit/out_buf/g_eb2.stream_buffer/g_buffer.data_out_r_reg[471]/Q (DFF_X1)
                                                          0.10       0.10 f
  issue_sched_if[0].wis[0] (out)                          0.01       0.10 f
  data arrival time                                                  0.10

  clock CLK (rise edge)                                   0.00       0.00
  clock network delay (ideal)                             0.00       0.00
  clock uncertainty                                       0.05       0.05
  output external delay                                  -1.20      -1.15
  data required time                                                -1.15
  --------------------------------------------------------------------------
  data required time                                                -1.15
  data arrival time                                                 -0.10
  --------------------------------------------------------------------------
  slack (MET)                                                        1.25


  Startpoint: g_slices[0].issue_slice/dispatch/g_buffers[0].buffer/g_eb2.stream_buffer/g_buffer.data_out_r_reg[1]
              (rising edge-triggered flip-flop clocked by CLK)
  Endpoint: dispatch_if[0].data[1]
            (output port clocked by CLK)
  Path Group: VX_issue_OUT
  Path Type: min

  Des/Clust/Port     Wire Load Model       Library
  ------------------------------------------------
  VX_issue           5K_hvratio_1_1        NangateOpenCellLibrary_tt1p1v25c

  Point                                                   Incr       Path
  --------------------------------------------------------------------------
  clock CLK (rise edge)                                   0.00       0.00
  clock network delay (ideal)                             0.00       0.00
  g_slices[0].issue_slice/dispatch/g_buffers[0].buffer/g_eb2.stream_buffer/g_buffer.data_out_r_reg[1]/CK (DFF_X1)
                                                          0.00 #     0.00 r
  g_slices[0].issue_slice/dispatch/g_buffers[0].buffer/g_eb2.stream_buffer/g_buffer.data_out_r_reg[1]/Q (DFF_X1)
                                                          0.10       0.10 f
  dispatch_if[0].data[1] (out)                            0.01       0.11 f
  data arrival time                                                  0.11

  clock CLK (rise edge)                                   0.00       0.00
  clock network delay (ideal)                             0.00       0.00
  clock uncertainty                                       0.05       0.05
  output external delay                                  -1.20      -1.15
  data required time                                                -1.15
  --------------------------------------------------------------------------
  data required time                                                -1.15
  data arrival time                                                 -0.11
  --------------------------------------------------------------------------
  slack (MET)                                                        1.26


  Startpoint: g_slices[0].issue_slice/dispatch/g_buffers[0].buffer/g_eb2.stream_buffer/g_buffer.data_out_r_reg[0]
              (rising edge-triggered flip-flop clocked by CLK)
  Endpoint: dispatch_if[0].data[0]
            (output port clocked by CLK)
  Path Group: VX_issue_OUT
  Path Type: min

  Des/Clust/Port     Wire Load Model       Library
  ------------------------------------------------
  VX_issue           5K_hvratio_1_1        NangateOpenCellLibrary_tt1p1v25c

  Point                                                   Incr       Path
  --------------------------------------------------------------------------
  clock CLK (rise edge)                                   0.00       0.00
  clock network delay (ideal)                             0.00       0.00
  g_slices[0].issue_slice/dispatch/g_buffers[0].buffer/g_eb2.stream_buffer/g_buffer.data_out_r_reg[0]/CK (DFF_X1)
                                                          0.00 #     0.00 r
  g_slices[0].issue_slice/dispatch/g_buffers[0].buffer/g_eb2.stream_buffer/g_buffer.data_out_r_reg[0]/Q (DFF_X1)
                                                          0.10       0.10 f
  dispatch_if[0].data[0] (out)                            0.01       0.11 f
  data arrival time                                                  0.11

  clock CLK (rise edge)                                   0.00       0.00
  clock network delay (ideal)                             0.00       0.00
  clock uncertainty                                       0.05       0.05
  output external delay                                  -1.20      -1.15
  data required time                                                -1.15
  --------------------------------------------------------------------------
  data required time                                                -1.15
  data arrival time                                                 -0.11
  --------------------------------------------------------------------------
  slack (MET)                                                        1.26


  Startpoint: g_slices[0].issue_slice/dispatch/g_buffers[1].buffer/g_eb2.stream_buffer/g_buffer.data_out_r_reg[1]
              (rising edge-triggered flip-flop clocked by CLK)
  Endpoint: dispatch_if[1].data[1]
            (output port clocked by CLK)
  Path Group: VX_issue_OUT
  Path Type: min

  Des/Clust/Port     Wire Load Model       Library
  ------------------------------------------------
  VX_issue           5K_hvratio_1_1        NangateOpenCellLibrary_tt1p1v25c

  Point                                                   Incr       Path
  --------------------------------------------------------------------------
  clock CLK (rise edge)                                   0.00       0.00
  clock network delay (ideal)                             0.00       0.00
  g_slices[0].issue_slice/dispatch/g_buffers[1].buffer/g_eb2.stream_buffer/g_buffer.data_out_r_reg[1]/CK (DFF_X1)
                                                          0.00 #     0.00 r
  g_slices[0].issue_slice/dispatch/g_buffers[1].buffer/g_eb2.stream_buffer/g_buffer.data_out_r_reg[1]/Q (DFF_X1)
                                                          0.10       0.10 f
  dispatch_if[1].data[1] (out)                            0.01       0.11 f
  data arrival time                                                  0.11

  clock CLK (rise edge)                                   0.00       0.00
  clock network delay (ideal)                             0.00       0.00
  clock uncertainty                                       0.05       0.05
  output external delay                                  -1.20      -1.15
  data required time                                                -1.15
  --------------------------------------------------------------------------
  data required time                                                -1.15
  data arrival time                                                 -0.11
  --------------------------------------------------------------------------
  slack (MET)                                                        1.26


  Startpoint: g_slices[0].issue_slice/dispatch/g_buffers[1].buffer/g_eb2.stream_buffer/g_buffer.data_out_r_reg[0]
              (rising edge-triggered flip-flop clocked by CLK)
  Endpoint: dispatch_if[1].data[0]
            (output port clocked by CLK)
  Path Group: VX_issue_OUT
  Path Type: min

  Des/Clust/Port     Wire Load Model       Library
  ------------------------------------------------
  VX_issue           5K_hvratio_1_1        NangateOpenCellLibrary_tt1p1v25c

  Point                                                   Incr       Path
  --------------------------------------------------------------------------
  clock CLK (rise edge)                                   0.00       0.00
  clock network delay (ideal)                             0.00       0.00
  g_slices[0].issue_slice/dispatch/g_buffers[1].buffer/g_eb2.stream_buffer/g_buffer.data_out_r_reg[0]/CK (DFF_X1)
                                                          0.00 #     0.00 r
  g_slices[0].issue_slice/dispatch/g_buffers[1].buffer/g_eb2.stream_buffer/g_buffer.data_out_r_reg[0]/Q (DFF_X1)
                                                          0.10       0.10 f
  dispatch_if[1].data[0] (out)                            0.01       0.11 f
  data arrival time                                                  0.11

  clock CLK (rise edge)                                   0.00       0.00
  clock network delay (ideal)                             0.00       0.00
  clock uncertainty                                       0.05       0.05
  output external delay                                  -1.20      -1.15
  data required time                                                -1.15
  --------------------------------------------------------------------------
  data required time                                                -1.15
  data arrival time                                                 -0.11
  --------------------------------------------------------------------------
  slack (MET)                                                        1.26


  Startpoint: g_slices[0].issue_slice/dispatch/g_buffers[2].buffer/g_eb2.stream_buffer/g_buffer.data_out_r_reg[1]
              (rising edge-triggered flip-flop clocked by CLK)
  Endpoint: dispatch_if[2].data[1]
            (output port clocked by CLK)
  Path Group: VX_issue_OUT
  Path Type: min

  Des/Clust/Port     Wire Load Model       Library
  ------------------------------------------------
  VX_issue           5K_hvratio_1_1        NangateOpenCellLibrary_tt1p1v25c

  Point                                                   Incr       Path
  --------------------------------------------------------------------------
  clock CLK (rise edge)                                   0.00       0.00
  clock network delay (ideal)                             0.00       0.00
  g_slices[0].issue_slice/dispatch/g_buffers[2].buffer/g_eb2.stream_buffer/g_buffer.data_out_r_reg[1]/CK (DFF_X1)
                                                          0.00 #     0.00 r
  g_slices[0].issue_slice/dispatch/g_buffers[2].buffer/g_eb2.stream_buffer/g_buffer.data_out_r_reg[1]/Q (DFF_X1)
                                                          0.10       0.10 f
  dispatch_if[2].data[1] (out)                            0.01       0.11 f
  data arrival time                                                  0.11

  clock CLK (rise edge)                                   0.00       0.00
  clock network delay (ideal)                             0.00       0.00
  clock uncertainty                                       0.05       0.05
  output external delay                                  -1.20      -1.15
  data required time                                                -1.15
  --------------------------------------------------------------------------
  data required time                                                -1.15
  data arrival time                                                 -0.11
  --------------------------------------------------------------------------
  slack (MET)                                                        1.26


  Startpoint: g_slices[0].issue_slice/dispatch/g_buffers[2].buffer/g_eb2.stream_buffer/g_buffer.data_out_r_reg[0]
              (rising edge-triggered flip-flop clocked by CLK)
  Endpoint: dispatch_if[2].data[0]
            (output port clocked by CLK)
  Path Group: VX_issue_OUT
  Path Type: min

  Des/Clust/Port     Wire Load Model       Library
  ------------------------------------------------
  VX_issue           5K_hvratio_1_1        NangateOpenCellLibrary_tt1p1v25c

  Point                                                   Incr       Path
  --------------------------------------------------------------------------
  clock CLK (rise edge)                                   0.00       0.00
  clock network delay (ideal)                             0.00       0.00
  g_slices[0].issue_slice/dispatch/g_buffers[2].buffer/g_eb2.stream_buffer/g_buffer.data_out_r_reg[0]/CK (DFF_X1)
                                                          0.00 #     0.00 r
  g_slices[0].issue_slice/dispatch/g_buffers[2].buffer/g_eb2.stream_buffer/g_buffer.data_out_r_reg[0]/Q (DFF_X1)
                                                          0.10       0.10 f
  dispatch_if[2].data[0] (out)                            0.01       0.11 f
  data arrival time                                                  0.11

  clock CLK (rise edge)                                   0.00       0.00
  clock network delay (ideal)                             0.00       0.00
  clock uncertainty                                       0.05       0.05
  output external delay                                  -1.20      -1.15
  data required time                                                -1.15
  --------------------------------------------------------------------------
  data required time                                                -1.15
  data arrival time                                                 -0.11
  --------------------------------------------------------------------------
  slack (MET)                                                        1.26


  Startpoint: g_slices[0].issue_slice/dispatch/g_buffers[3].buffer/g_eb2.stream_buffer/g_buffer.data_out_r_reg[1]
              (rising edge-triggered flip-flop clocked by CLK)
  Endpoint: dispatch_if[3].data[1]
            (output port clocked by CLK)
  Path Group: VX_issue_OUT
  Path Type: min

  Des/Clust/Port     Wire Load Model       Library
  ------------------------------------------------
  VX_issue           5K_hvratio_1_1        NangateOpenCellLibrary_tt1p1v25c

  Point                                                   Incr       Path
  --------------------------------------------------------------------------
  clock CLK (rise edge)                                   0.00       0.00
  clock network delay (ideal)                             0.00       0.00
  g_slices[0].issue_slice/dispatch/g_buffers[3].buffer/g_eb2.stream_buffer/g_buffer.data_out_r_reg[1]/CK (DFF_X1)
                                                          0.00 #     0.00 r
  g_slices[0].issue_slice/dispatch/g_buffers[3].buffer/g_eb2.stream_buffer/g_buffer.data_out_r_reg[1]/Q (DFF_X1)
                                                          0.10       0.10 f
  dispatch_if[3].data[1] (out)                            0.01       0.11 f
  data arrival time                                                  0.11

  clock CLK (rise edge)                                   0.00       0.00
  clock network delay (ideal)                             0.00       0.00
  clock uncertainty                                       0.05       0.05
  output external delay                                  -1.20      -1.15
  data required time                                                -1.15
  --------------------------------------------------------------------------
  data required time                                                -1.15
  data arrival time                                                 -0.11
  --------------------------------------------------------------------------
  slack (MET)                                                        1.26


  Startpoint: g_slices[0].issue_slice/dispatch/g_buffers[3].buffer/g_eb2.stream_buffer/g_buffer.data_out_r_reg[0]
              (rising edge-triggered flip-flop clocked by CLK)
  Endpoint: dispatch_if[3].data[0]
            (output port clocked by CLK)
  Path Group: VX_issue_OUT
  Path Type: min

  Des/Clust/Port     Wire Load Model       Library
  ------------------------------------------------
  VX_issue           5K_hvratio_1_1        NangateOpenCellLibrary_tt1p1v25c

  Point                                                   Incr       Path
  --------------------------------------------------------------------------
  clock CLK (rise edge)                                   0.00       0.00
  clock network delay (ideal)                             0.00       0.00
  g_slices[0].issue_slice/dispatch/g_buffers[3].buffer/g_eb2.stream_buffer/g_buffer.data_out_r_reg[0]/CK (DFF_X1)
                                                          0.00 #     0.00 r
  g_slices[0].issue_slice/dispatch/g_buffers[3].buffer/g_eb2.stream_buffer/g_buffer.data_out_r_reg[0]/Q (DFF_X1)
                                                          0.10       0.10 f
  dispatch_if[3].data[0] (out)                            0.01       0.11 f
  data arrival time                                                  0.11

  clock CLK (rise edge)                                   0.00       0.00
  clock network delay (ideal)                             0.00       0.00
  clock uncertainty                                       0.05       0.05
  output external delay                                  -1.20      -1.15
  data required time                                                -1.15
  --------------------------------------------------------------------------
  data required time                                                -1.15
  data arrival time                                                 -0.11
  --------------------------------------------------------------------------
  slack (MET)                                                        1.26


  Startpoint: g_slices[0].issue_slice/dispatch/g_buffers[0].buffer/g_eb2.stream_buffer/g_buffer.data_out_r_reg[87]
              (rising edge-triggered flip-flop clocked by CLK)
  Endpoint: dispatch_if[0].data[87]
            (output port clocked by CLK)
  Path Group: VX_issue_OUT
  Path Type: min

  Des/Clust/Port     Wire Load Model       Library
  ------------------------------------------------
  VX_issue           5K_hvratio_1_1        NangateOpenCellLibrary_tt1p1v25c

  Point                                                   Incr       Path
  --------------------------------------------------------------------------
  clock CLK (rise edge)                                   0.00       0.00
  clock network delay (ideal)                             0.00       0.00
  g_slices[0].issue_slice/dispatch/g_buffers[0].buffer/g_eb2.stream_buffer/g_buffer.data_out_r_reg[87]/CK (DFF_X1)
                                                          0.00 #     0.00 r
  g_slices[0].issue_slice/dispatch/g_buffers[0].buffer/g_eb2.stream_buffer/g_buffer.data_out_r_reg[87]/Q (DFF_X1)
                                                          0.10       0.10 f
  dispatch_if[0].data[87] (out)                           0.01       0.11 f
  data arrival time                                                  0.11

  clock CLK (rise edge)                                   0.00       0.00
  clock network delay (ideal)                             0.00       0.00
  clock uncertainty                                       0.05       0.05
  output external delay                                  -1.20      -1.15
  data required time                                                -1.15
  --------------------------------------------------------------------------
  data required time                                                -1.15
  data arrival time                                                 -0.11
  --------------------------------------------------------------------------
  slack (MET)                                                        1.26


  Startpoint: g_slices[0].issue_slice/dispatch/g_buffers[0].buffer/g_eb2.stream_buffer/g_buffer.data_out_r_reg[86]
              (rising edge-triggered flip-flop clocked by CLK)
  Endpoint: dispatch_if[0].data[86]
            (output port clocked by CLK)
  Path Group: VX_issue_OUT
  Path Type: min

  Des/Clust/Port     Wire Load Model       Library
  ------------------------------------------------
  VX_issue           5K_hvratio_1_1        NangateOpenCellLibrary_tt1p1v25c

  Point                                                   Incr       Path
  --------------------------------------------------------------------------
  clock CLK (rise edge)                                   0.00       0.00
  clock network delay (ideal)                             0.00       0.00
  g_slices[0].issue_slice/dispatch/g_buffers[0].buffer/g_eb2.stream_buffer/g_buffer.data_out_r_reg[86]/CK (DFF_X1)
                                                          0.00 #     0.00 r
  g_slices[0].issue_slice/dispatch/g_buffers[0].buffer/g_eb2.stream_buffer/g_buffer.data_out_r_reg[86]/Q (DFF_X1)
                                                          0.10       0.10 f
  dispatch_if[0].data[86] (out)                           0.01       0.11 f
  data arrival time                                                  0.11

  clock CLK (rise edge)                                   0.00       0.00
  clock network delay (ideal)                             0.00       0.00
  clock uncertainty                                       0.05       0.05
  output external delay                                  -1.20      -1.15
  data required time                                                -1.15
  --------------------------------------------------------------------------
  data required time                                                -1.15
  data arrival time                                                 -0.11
  --------------------------------------------------------------------------
  slack (MET)                                                        1.26


  Startpoint: g_slices[0].issue_slice/dispatch/g_buffers[0].buffer/g_eb2.stream_buffer/g_buffer.data_out_r_reg[85]
              (rising edge-triggered flip-flop clocked by CLK)
  Endpoint: dispatch_if[0].data[85]
            (output port clocked by CLK)
  Path Group: VX_issue_OUT
  Path Type: min

  Des/Clust/Port     Wire Load Model       Library
  ------------------------------------------------
  VX_issue           5K_hvratio_1_1        NangateOpenCellLibrary_tt1p1v25c

  Point                                                   Incr       Path
  --------------------------------------------------------------------------
  clock CLK (rise edge)                                   0.00       0.00
  clock network delay (ideal)                             0.00       0.00
  g_slices[0].issue_slice/dispatch/g_buffers[0].buffer/g_eb2.stream_buffer/g_buffer.data_out_r_reg[85]/CK (DFF_X1)
                                                          0.00 #     0.00 r
  g_slices[0].issue_slice/dispatch/g_buffers[0].buffer/g_eb2.stream_buffer/g_buffer.data_out_r_reg[85]/Q (DFF_X1)
                                                          0.10       0.10 f
  dispatch_if[0].data[85] (out)                           0.01       0.11 f
  data arrival time                                                  0.11

  clock CLK (rise edge)                                   0.00       0.00
  clock network delay (ideal)                             0.00       0.00
  clock uncertainty                                       0.05       0.05
  output external delay                                  -1.20      -1.15
  data required time                                                -1.15
  --------------------------------------------------------------------------
  data required time                                                -1.15
  data arrival time                                                 -0.11
  --------------------------------------------------------------------------
  slack (MET)                                                        1.26


  Startpoint: g_slices[0].issue_slice/dispatch/g_buffers[0].buffer/g_eb2.stream_buffer/g_buffer.data_out_r_reg[84]
              (rising edge-triggered flip-flop clocked by CLK)
  Endpoint: dispatch_if[0].data[84]
            (output port clocked by CLK)
  Path Group: VX_issue_OUT
  Path Type: min

  Des/Clust/Port     Wire Load Model       Library
  ------------------------------------------------
  VX_issue           5K_hvratio_1_1        NangateOpenCellLibrary_tt1p1v25c

  Point                                                   Incr       Path
  --------------------------------------------------------------------------
  clock CLK (rise edge)                                   0.00       0.00
  clock network delay (ideal)                             0.00       0.00
  g_slices[0].issue_slice/dispatch/g_buffers[0].buffer/g_eb2.stream_buffer/g_buffer.data_out_r_reg[84]/CK (DFF_X1)
                                                          0.00 #     0.00 r
  g_slices[0].issue_slice/dispatch/g_buffers[0].buffer/g_eb2.stream_buffer/g_buffer.data_out_r_reg[84]/Q (DFF_X1)
                                                          0.10       0.10 f
  dispatch_if[0].data[84] (out)                           0.01       0.11 f
  data arrival time                                                  0.11

  clock CLK (rise edge)                                   0.00       0.00
  clock network delay (ideal)                             0.00       0.00
  clock uncertainty                                       0.05       0.05
  output external delay                                  -1.20      -1.15
  data required time                                                -1.15
  --------------------------------------------------------------------------
  data required time                                                -1.15
  data arrival time                                                 -0.11
  --------------------------------------------------------------------------
  slack (MET)                                                        1.26


  Startpoint: g_slices[0].issue_slice/dispatch/g_buffers[0].buffer/g_eb2.stream_buffer/g_buffer.data_out_r_reg[83]
              (rising edge-triggered flip-flop clocked by CLK)
  Endpoint: dispatch_if[0].data[83]
            (output port clocked by CLK)
  Path Group: VX_issue_OUT
  Path Type: min

  Des/Clust/Port     Wire Load Model       Library
  ------------------------------------------------
  VX_issue           5K_hvratio_1_1        NangateOpenCellLibrary_tt1p1v25c

  Point                                                   Incr       Path
  --------------------------------------------------------------------------
  clock CLK (rise edge)                                   0.00       0.00
  clock network delay (ideal)                             0.00       0.00
  g_slices[0].issue_slice/dispatch/g_buffers[0].buffer/g_eb2.stream_buffer/g_buffer.data_out_r_reg[83]/CK (DFF_X1)
                                                          0.00 #     0.00 r
  g_slices[0].issue_slice/dispatch/g_buffers[0].buffer/g_eb2.stream_buffer/g_buffer.data_out_r_reg[83]/Q (DFF_X1)
                                                          0.10       0.10 f
  dispatch_if[0].data[83] (out)                           0.01       0.11 f
  data arrival time                                                  0.11

  clock CLK (rise edge)                                   0.00       0.00
  clock network delay (ideal)                             0.00       0.00
  clock uncertainty                                       0.05       0.05
  output external delay                                  -1.20      -1.15
  data required time                                                -1.15
  --------------------------------------------------------------------------
  data required time                                                -1.15
  data arrival time                                                 -0.11
  --------------------------------------------------------------------------
  slack (MET)                                                        1.26


  Startpoint: g_slices[0].issue_slice/dispatch/g_buffers[0].buffer/g_eb2.stream_buffer/g_buffer.data_out_r_reg[82]
              (rising edge-triggered flip-flop clocked by CLK)
  Endpoint: dispatch_if[0].data[82]
            (output port clocked by CLK)
  Path Group: VX_issue_OUT
  Path Type: min

  Des/Clust/Port     Wire Load Model       Library
  ------------------------------------------------
  VX_issue           5K_hvratio_1_1        NangateOpenCellLibrary_tt1p1v25c

  Point                                                   Incr       Path
  --------------------------------------------------------------------------
  clock CLK (rise edge)                                   0.00       0.00
  clock network delay (ideal)                             0.00       0.00
  g_slices[0].issue_slice/dispatch/g_buffers[0].buffer/g_eb2.stream_buffer/g_buffer.data_out_r_reg[82]/CK (DFF_X1)
                                                          0.00 #     0.00 r
  g_slices[0].issue_slice/dispatch/g_buffers[0].buffer/g_eb2.stream_buffer/g_buffer.data_out_r_reg[82]/Q (DFF_X1)
                                                          0.10       0.10 f
  dispatch_if[0].data[82] (out)                           0.01       0.11 f
  data arrival time                                                  0.11

  clock CLK (rise edge)                                   0.00       0.00
  clock network delay (ideal)                             0.00       0.00
  clock uncertainty                                       0.05       0.05
  output external delay                                  -1.20      -1.15
  data required time                                                -1.15
  --------------------------------------------------------------------------
  data required time                                                -1.15
  data arrival time                                                 -0.11
  --------------------------------------------------------------------------
  slack (MET)                                                        1.26


  Startpoint: g_slices[0].issue_slice/dispatch/g_buffers[0].buffer/g_eb2.stream_buffer/g_buffer.data_out_r_reg[81]
              (rising edge-triggered flip-flop clocked by CLK)
  Endpoint: dispatch_if[0].data[81]
            (output port clocked by CLK)
  Path Group: VX_issue_OUT
  Path Type: min

  Des/Clust/Port     Wire Load Model       Library
  ------------------------------------------------
  VX_issue           5K_hvratio_1_1        NangateOpenCellLibrary_tt1p1v25c

  Point                                                   Incr       Path
  --------------------------------------------------------------------------
  clock CLK (rise edge)                                   0.00       0.00
  clock network delay (ideal)                             0.00       0.00
  g_slices[0].issue_slice/dispatch/g_buffers[0].buffer/g_eb2.stream_buffer/g_buffer.data_out_r_reg[81]/CK (DFF_X1)
                                                          0.00 #     0.00 r
  g_slices[0].issue_slice/dispatch/g_buffers[0].buffer/g_eb2.stream_buffer/g_buffer.data_out_r_reg[81]/Q (DFF_X1)
                                                          0.10       0.10 f
  dispatch_if[0].data[81] (out)                           0.01       0.11 f
  data arrival time                                                  0.11

  clock CLK (rise edge)                                   0.00       0.00
  clock network delay (ideal)                             0.00       0.00
  clock uncertainty                                       0.05       0.05
  output external delay                                  -1.20      -1.15
  data required time                                                -1.15
  --------------------------------------------------------------------------
  data required time                                                -1.15
  data arrival time                                                 -0.11
  --------------------------------------------------------------------------
  slack (MET)                                                        1.26


  Startpoint: g_slices[0].issue_slice/dispatch/g_buffers[0].buffer/g_eb2.stream_buffer/g_buffer.data_out_r_reg[80]
              (rising edge-triggered flip-flop clocked by CLK)
  Endpoint: dispatch_if[0].data[80]
            (output port clocked by CLK)
  Path Group: VX_issue_OUT
  Path Type: min

  Des/Clust/Port     Wire Load Model       Library
  ------------------------------------------------
  VX_issue           5K_hvratio_1_1        NangateOpenCellLibrary_tt1p1v25c

  Point                                                   Incr       Path
  --------------------------------------------------------------------------
  clock CLK (rise edge)                                   0.00       0.00
  clock network delay (ideal)                             0.00       0.00
  g_slices[0].issue_slice/dispatch/g_buffers[0].buffer/g_eb2.stream_buffer/g_buffer.data_out_r_reg[80]/CK (DFF_X1)
                                                          0.00 #     0.00 r
  g_slices[0].issue_slice/dispatch/g_buffers[0].buffer/g_eb2.stream_buffer/g_buffer.data_out_r_reg[80]/Q (DFF_X1)
                                                          0.10       0.10 f
  dispatch_if[0].data[80] (out)                           0.01       0.11 f
  data arrival time                                                  0.11

  clock CLK (rise edge)                                   0.00       0.00
  clock network delay (ideal)                             0.00       0.00
  clock uncertainty                                       0.05       0.05
  output external delay                                  -1.20      -1.15
  data required time                                                -1.15
  --------------------------------------------------------------------------
  data required time                                                -1.15
  data arrival time                                                 -0.11
  --------------------------------------------------------------------------
  slack (MET)                                                        1.26


  Startpoint: g_slices[0].issue_slice/dispatch/g_buffers[0].buffer/g_eb2.stream_buffer/g_buffer.data_out_r_reg[79]
              (rising edge-triggered flip-flop clocked by CLK)
  Endpoint: dispatch_if[0].data[79]
            (output port clocked by CLK)
  Path Group: VX_issue_OUT
  Path Type: min

  Des/Clust/Port     Wire Load Model       Library
  ------------------------------------------------
  VX_issue           5K_hvratio_1_1        NangateOpenCellLibrary_tt1p1v25c

  Point                                                   Incr       Path
  --------------------------------------------------------------------------
  clock CLK (rise edge)                                   0.00       0.00
  clock network delay (ideal)                             0.00       0.00
  g_slices[0].issue_slice/dispatch/g_buffers[0].buffer/g_eb2.stream_buffer/g_buffer.data_out_r_reg[79]/CK (DFF_X1)
                                                          0.00 #     0.00 r
  g_slices[0].issue_slice/dispatch/g_buffers[0].buffer/g_eb2.stream_buffer/g_buffer.data_out_r_reg[79]/Q (DFF_X1)
                                                          0.10       0.10 f
  dispatch_if[0].data[79] (out)                           0.01       0.11 f
  data arrival time                                                  0.11

  clock CLK (rise edge)                                   0.00       0.00
  clock network delay (ideal)                             0.00       0.00
  clock uncertainty                                       0.05       0.05
  output external delay                                  -1.20      -1.15
  data required time                                                -1.15
  --------------------------------------------------------------------------
  data required time                                                -1.15
  data arrival time                                                 -0.11
  --------------------------------------------------------------------------
  slack (MET)                                                        1.26


  Startpoint: g_slices[0].issue_slice/dispatch/g_buffers[0].buffer/g_eb2.stream_buffer/g_buffer.data_out_r_reg[78]
              (rising edge-triggered flip-flop clocked by CLK)
  Endpoint: dispatch_if[0].data[78]
            (output port clocked by CLK)
  Path Group: VX_issue_OUT
  Path Type: min

  Des/Clust/Port     Wire Load Model       Library
  ------------------------------------------------
  VX_issue           5K_hvratio_1_1        NangateOpenCellLibrary_tt1p1v25c

  Point                                                   Incr       Path
  --------------------------------------------------------------------------
  clock CLK (rise edge)                                   0.00       0.00
  clock network delay (ideal)                             0.00       0.00
  g_slices[0].issue_slice/dispatch/g_buffers[0].buffer/g_eb2.stream_buffer/g_buffer.data_out_r_reg[78]/CK (DFF_X1)
                                                          0.00 #     0.00 r
  g_slices[0].issue_slice/dispatch/g_buffers[0].buffer/g_eb2.stream_buffer/g_buffer.data_out_r_reg[78]/Q (DFF_X1)
                                                          0.10       0.10 f
  dispatch_if[0].data[78] (out)                           0.01       0.11 f
  data arrival time                                                  0.11

  clock CLK (rise edge)                                   0.00       0.00
  clock network delay (ideal)                             0.00       0.00
  clock uncertainty                                       0.05       0.05
  output external delay                                  -1.20      -1.15
  data required time                                                -1.15
  --------------------------------------------------------------------------
  data required time                                                -1.15
  data arrival time                                                 -0.11
  --------------------------------------------------------------------------
  slack (MET)                                                        1.26


  Startpoint: g_slices[0].issue_slice/dispatch/g_buffers[0].buffer/g_eb2.stream_buffer/g_buffer.data_out_r_reg[77]
              (rising edge-triggered flip-flop clocked by CLK)
  Endpoint: dispatch_if[0].data[77]
            (output port clocked by CLK)
  Path Group: VX_issue_OUT
  Path Type: min

  Des/Clust/Port     Wire Load Model       Library
  ------------------------------------------------
  VX_issue           5K_hvratio_1_1        NangateOpenCellLibrary_tt1p1v25c

  Point                                                   Incr       Path
  --------------------------------------------------------------------------
  clock CLK (rise edge)                                   0.00       0.00
  clock network delay (ideal)                             0.00       0.00
  g_slices[0].issue_slice/dispatch/g_buffers[0].buffer/g_eb2.stream_buffer/g_buffer.data_out_r_reg[77]/CK (DFF_X1)
                                                          0.00 #     0.00 r
  g_slices[0].issue_slice/dispatch/g_buffers[0].buffer/g_eb2.stream_buffer/g_buffer.data_out_r_reg[77]/Q (DFF_X1)
                                                          0.10       0.10 f
  dispatch_if[0].data[77] (out)                           0.01       0.11 f
  data arrival time                                                  0.11

  clock CLK (rise edge)                                   0.00       0.00
  clock network delay (ideal)                             0.00       0.00
  clock uncertainty                                       0.05       0.05
  output external delay                                  -1.20      -1.15
  data required time                                                -1.15
  --------------------------------------------------------------------------
  data required time                                                -1.15
  data arrival time                                                 -0.11
  --------------------------------------------------------------------------
  slack (MET)                                                        1.26


  Startpoint: g_slices[0].issue_slice/dispatch/g_buffers[0].buffer/g_eb2.stream_buffer/g_buffer.data_out_r_reg[76]
              (rising edge-triggered flip-flop clocked by CLK)
  Endpoint: dispatch_if[0].data[76]
            (output port clocked by CLK)
  Path Group: VX_issue_OUT
  Path Type: min

  Des/Clust/Port     Wire Load Model       Library
  ------------------------------------------------
  VX_issue           5K_hvratio_1_1        NangateOpenCellLibrary_tt1p1v25c

  Point                                                   Incr       Path
  --------------------------------------------------------------------------
  clock CLK (rise edge)                                   0.00       0.00
  clock network delay (ideal)                             0.00       0.00
  g_slices[0].issue_slice/dispatch/g_buffers[0].buffer/g_eb2.stream_buffer/g_buffer.data_out_r_reg[76]/CK (DFF_X1)
                                                          0.00 #     0.00 r
  g_slices[0].issue_slice/dispatch/g_buffers[0].buffer/g_eb2.stream_buffer/g_buffer.data_out_r_reg[76]/Q (DFF_X1)
                                                          0.10       0.10 f
  dispatch_if[0].data[76] (out)                           0.01       0.11 f
  data arrival time                                                  0.11

  clock CLK (rise edge)                                   0.00       0.00
  clock network delay (ideal)                             0.00       0.00
  clock uncertainty                                       0.05       0.05
  output external delay                                  -1.20      -1.15
  data required time                                                -1.15
  --------------------------------------------------------------------------
  data required time                                                -1.15
  data arrival time                                                 -0.11
  --------------------------------------------------------------------------
  slack (MET)                                                        1.26


  Startpoint: g_slices[0].issue_slice/dispatch/g_buffers[0].buffer/g_eb2.stream_buffer/g_buffer.data_out_r_reg[75]
              (rising edge-triggered flip-flop clocked by CLK)
  Endpoint: dispatch_if[0].data[75]
            (output port clocked by CLK)
  Path Group: VX_issue_OUT
  Path Type: min

  Des/Clust/Port     Wire Load Model       Library
  ------------------------------------------------
  VX_issue           5K_hvratio_1_1        NangateOpenCellLibrary_tt1p1v25c

  Point                                                   Incr       Path
  --------------------------------------------------------------------------
  clock CLK (rise edge)                                   0.00       0.00
  clock network delay (ideal)                             0.00       0.00
  g_slices[0].issue_slice/dispatch/g_buffers[0].buffer/g_eb2.stream_buffer/g_buffer.data_out_r_reg[75]/CK (DFF_X1)
                                                          0.00 #     0.00 r
  g_slices[0].issue_slice/dispatch/g_buffers[0].buffer/g_eb2.stream_buffer/g_buffer.data_out_r_reg[75]/Q (DFF_X1)
                                                          0.10       0.10 f
  dispatch_if[0].data[75] (out)                           0.01       0.11 f
  data arrival time                                                  0.11

  clock CLK (rise edge)                                   0.00       0.00
  clock network delay (ideal)                             0.00       0.00
  clock uncertainty                                       0.05       0.05
  output external delay                                  -1.20      -1.15
  data required time                                                -1.15
  --------------------------------------------------------------------------
  data required time                                                -1.15
  data arrival time                                                 -0.11
  --------------------------------------------------------------------------
  slack (MET)                                                        1.26


  Startpoint: g_slices[0].issue_slice/dispatch/g_buffers[0].buffer/g_eb2.stream_buffer/g_buffer.data_out_r_reg[74]
              (rising edge-triggered flip-flop clocked by CLK)
  Endpoint: dispatch_if[0].data[74]
            (output port clocked by CLK)
  Path Group: VX_issue_OUT
  Path Type: min

  Des/Clust/Port     Wire Load Model       Library
  ------------------------------------------------
  VX_issue           5K_hvratio_1_1        NangateOpenCellLibrary_tt1p1v25c

  Point                                                   Incr       Path
  --------------------------------------------------------------------------
  clock CLK (rise edge)                                   0.00       0.00
  clock network delay (ideal)                             0.00       0.00
  g_slices[0].issue_slice/dispatch/g_buffers[0].buffer/g_eb2.stream_buffer/g_buffer.data_out_r_reg[74]/CK (DFF_X1)
                                                          0.00 #     0.00 r
  g_slices[0].issue_slice/dispatch/g_buffers[0].buffer/g_eb2.stream_buffer/g_buffer.data_out_r_reg[74]/Q (DFF_X1)
                                                          0.10       0.10 f
  dispatch_if[0].data[74] (out)                           0.01       0.11 f
  data arrival time                                                  0.11

  clock CLK (rise edge)                                   0.00       0.00
  clock network delay (ideal)                             0.00       0.00
  clock uncertainty                                       0.05       0.05
  output external delay                                  -1.20      -1.15
  data required time                                                -1.15
  --------------------------------------------------------------------------
  data required time                                                -1.15
  data arrival time                                                 -0.11
  --------------------------------------------------------------------------
  slack (MET)                                                        1.26


  Startpoint: g_slices[0].issue_slice/dispatch/g_buffers[0].buffer/g_eb2.stream_buffer/g_buffer.data_out_r_reg[73]
              (rising edge-triggered flip-flop clocked by CLK)
  Endpoint: dispatch_if[0].data[73]
            (output port clocked by CLK)
  Path Group: VX_issue_OUT
  Path Type: min

  Des/Clust/Port     Wire Load Model       Library
  ------------------------------------------------
  VX_issue           5K_hvratio_1_1        NangateOpenCellLibrary_tt1p1v25c

  Point                                                   Incr       Path
  --------------------------------------------------------------------------
  clock CLK (rise edge)                                   0.00       0.00
  clock network delay (ideal)                             0.00       0.00
  g_slices[0].issue_slice/dispatch/g_buffers[0].buffer/g_eb2.stream_buffer/g_buffer.data_out_r_reg[73]/CK (DFF_X1)
                                                          0.00 #     0.00 r
  g_slices[0].issue_slice/dispatch/g_buffers[0].buffer/g_eb2.stream_buffer/g_buffer.data_out_r_reg[73]/Q (DFF_X1)
                                                          0.10       0.10 f
  dispatch_if[0].data[73] (out)                           0.01       0.11 f
  data arrival time                                                  0.11

  clock CLK (rise edge)                                   0.00       0.00
  clock network delay (ideal)                             0.00       0.00
  clock uncertainty                                       0.05       0.05
  output external delay                                  -1.20      -1.15
  data required time                                                -1.15
  --------------------------------------------------------------------------
  data required time                                                -1.15
  data arrival time                                                 -0.11
  --------------------------------------------------------------------------
  slack (MET)                                                        1.26


  Startpoint: g_slices[0].issue_slice/dispatch/g_buffers[0].buffer/g_eb2.stream_buffer/g_buffer.data_out_r_reg[72]
              (rising edge-triggered flip-flop clocked by CLK)
  Endpoint: dispatch_if[0].data[72]
            (output port clocked by CLK)
  Path Group: VX_issue_OUT
  Path Type: min

  Des/Clust/Port     Wire Load Model       Library
  ------------------------------------------------
  VX_issue           5K_hvratio_1_1        NangateOpenCellLibrary_tt1p1v25c

  Point                                                   Incr       Path
  --------------------------------------------------------------------------
  clock CLK (rise edge)                                   0.00       0.00
  clock network delay (ideal)                             0.00       0.00
  g_slices[0].issue_slice/dispatch/g_buffers[0].buffer/g_eb2.stream_buffer/g_buffer.data_out_r_reg[72]/CK (DFF_X1)
                                                          0.00 #     0.00 r
  g_slices[0].issue_slice/dispatch/g_buffers[0].buffer/g_eb2.stream_buffer/g_buffer.data_out_r_reg[72]/Q (DFF_X1)
                                                          0.10       0.10 f
  dispatch_if[0].data[72] (out)                           0.01       0.11 f
  data arrival time                                                  0.11

  clock CLK (rise edge)                                   0.00       0.00
  clock network delay (ideal)                             0.00       0.00
  clock uncertainty                                       0.05       0.05
  output external delay                                  -1.20      -1.15
  data required time                                                -1.15
  --------------------------------------------------------------------------
  data required time                                                -1.15
  data arrival time                                                 -0.11
  --------------------------------------------------------------------------
  slack (MET)                                                        1.26


  Startpoint: g_slices[0].issue_slice/dispatch/g_buffers[0].buffer/g_eb2.stream_buffer/g_buffer.data_out_r_reg[71]
              (rising edge-triggered flip-flop clocked by CLK)
  Endpoint: dispatch_if[0].data[71]
            (output port clocked by CLK)
  Path Group: VX_issue_OUT
  Path Type: min

  Des/Clust/Port     Wire Load Model       Library
  ------------------------------------------------
  VX_issue           5K_hvratio_1_1        NangateOpenCellLibrary_tt1p1v25c

  Point                                                   Incr       Path
  --------------------------------------------------------------------------
  clock CLK (rise edge)                                   0.00       0.00
  clock network delay (ideal)                             0.00       0.00
  g_slices[0].issue_slice/dispatch/g_buffers[0].buffer/g_eb2.stream_buffer/g_buffer.data_out_r_reg[71]/CK (DFF_X1)
                                                          0.00 #     0.00 r
  g_slices[0].issue_slice/dispatch/g_buffers[0].buffer/g_eb2.stream_buffer/g_buffer.data_out_r_reg[71]/Q (DFF_X1)
                                                          0.10       0.10 f
  dispatch_if[0].data[71] (out)                           0.01       0.11 f
  data arrival time                                                  0.11

  clock CLK (rise edge)                                   0.00       0.00
  clock network delay (ideal)                             0.00       0.00
  clock uncertainty                                       0.05       0.05
  output external delay                                  -1.20      -1.15
  data required time                                                -1.15
  --------------------------------------------------------------------------
  data required time                                                -1.15
  data arrival time                                                 -0.11
  --------------------------------------------------------------------------
  slack (MET)                                                        1.26


  Startpoint: g_slices[0].issue_slice/dispatch/g_buffers[0].buffer/g_eb2.stream_buffer/g_buffer.data_out_r_reg[70]
              (rising edge-triggered flip-flop clocked by CLK)
  Endpoint: dispatch_if[0].data[70]
            (output port clocked by CLK)
  Path Group: VX_issue_OUT
  Path Type: min

  Des/Clust/Port     Wire Load Model       Library
  ------------------------------------------------
  VX_issue           5K_hvratio_1_1        NangateOpenCellLibrary_tt1p1v25c

  Point                                                   Incr       Path
  --------------------------------------------------------------------------
  clock CLK (rise edge)                                   0.00       0.00
  clock network delay (ideal)                             0.00       0.00
  g_slices[0].issue_slice/dispatch/g_buffers[0].buffer/g_eb2.stream_buffer/g_buffer.data_out_r_reg[70]/CK (DFF_X1)
                                                          0.00 #     0.00 r
  g_slices[0].issue_slice/dispatch/g_buffers[0].buffer/g_eb2.stream_buffer/g_buffer.data_out_r_reg[70]/Q (DFF_X1)
                                                          0.10       0.10 f
  dispatch_if[0].data[70] (out)                           0.01       0.11 f
  data arrival time                                                  0.11

  clock CLK (rise edge)                                   0.00       0.00
  clock network delay (ideal)                             0.00       0.00
  clock uncertainty                                       0.05       0.05
  output external delay                                  -1.20      -1.15
  data required time                                                -1.15
  --------------------------------------------------------------------------
  data required time                                                -1.15
  data arrival time                                                 -0.11
  --------------------------------------------------------------------------
  slack (MET)                                                        1.26


  Startpoint: g_slices[0].issue_slice/dispatch/g_buffers[0].buffer/g_eb2.stream_buffer/g_buffer.data_out_r_reg[69]
              (rising edge-triggered flip-flop clocked by CLK)
  Endpoint: dispatch_if[0].data[69]
            (output port clocked by CLK)
  Path Group: VX_issue_OUT
  Path Type: min

  Des/Clust/Port     Wire Load Model       Library
  ------------------------------------------------
  VX_issue           5K_hvratio_1_1        NangateOpenCellLibrary_tt1p1v25c

  Point                                                   Incr       Path
  --------------------------------------------------------------------------
  clock CLK (rise edge)                                   0.00       0.00
  clock network delay (ideal)                             0.00       0.00
  g_slices[0].issue_slice/dispatch/g_buffers[0].buffer/g_eb2.stream_buffer/g_buffer.data_out_r_reg[69]/CK (DFF_X1)
                                                          0.00 #     0.00 r
  g_slices[0].issue_slice/dispatch/g_buffers[0].buffer/g_eb2.stream_buffer/g_buffer.data_out_r_reg[69]/Q (DFF_X1)
                                                          0.10       0.10 f
  dispatch_if[0].data[69] (out)                           0.01       0.11 f
  data arrival time                                                  0.11

  clock CLK (rise edge)                                   0.00       0.00
  clock network delay (ideal)                             0.00       0.00
  clock uncertainty                                       0.05       0.05
  output external delay                                  -1.20      -1.15
  data required time                                                -1.15
  --------------------------------------------------------------------------
  data required time                                                -1.15
  data arrival time                                                 -0.11
  --------------------------------------------------------------------------
  slack (MET)                                                        1.26


  Startpoint: g_slices[0].issue_slice/dispatch/g_buffers[0].buffer/g_eb2.stream_buffer/g_buffer.data_out_r_reg[68]
              (rising edge-triggered flip-flop clocked by CLK)
  Endpoint: dispatch_if[0].data[68]
            (output port clocked by CLK)
  Path Group: VX_issue_OUT
  Path Type: min

  Des/Clust/Port     Wire Load Model       Library
  ------------------------------------------------
  VX_issue           5K_hvratio_1_1        NangateOpenCellLibrary_tt1p1v25c

  Point                                                   Incr       Path
  --------------------------------------------------------------------------
  clock CLK (rise edge)                                   0.00       0.00
  clock network delay (ideal)                             0.00       0.00
  g_slices[0].issue_slice/dispatch/g_buffers[0].buffer/g_eb2.stream_buffer/g_buffer.data_out_r_reg[68]/CK (DFF_X1)
                                                          0.00 #     0.00 r
  g_slices[0].issue_slice/dispatch/g_buffers[0].buffer/g_eb2.stream_buffer/g_buffer.data_out_r_reg[68]/Q (DFF_X1)
                                                          0.10       0.10 f
  dispatch_if[0].data[68] (out)                           0.01       0.11 f
  data arrival time                                                  0.11

  clock CLK (rise edge)                                   0.00       0.00
  clock network delay (ideal)                             0.00       0.00
  clock uncertainty                                       0.05       0.05
  output external delay                                  -1.20      -1.15
  data required time                                                -1.15
  --------------------------------------------------------------------------
  data required time                                                -1.15
  data arrival time                                                 -0.11
  --------------------------------------------------------------------------
  slack (MET)                                                        1.26


  Startpoint: g_slices[0].issue_slice/dispatch/g_buffers[0].buffer/g_eb2.stream_buffer/g_buffer.data_out_r_reg[67]
              (rising edge-triggered flip-flop clocked by CLK)
  Endpoint: dispatch_if[0].data[67]
            (output port clocked by CLK)
  Path Group: VX_issue_OUT
  Path Type: min

  Des/Clust/Port     Wire Load Model       Library
  ------------------------------------------------
  VX_issue           5K_hvratio_1_1        NangateOpenCellLibrary_tt1p1v25c

  Point                                                   Incr       Path
  --------------------------------------------------------------------------
  clock CLK (rise edge)                                   0.00       0.00
  clock network delay (ideal)                             0.00       0.00
  g_slices[0].issue_slice/dispatch/g_buffers[0].buffer/g_eb2.stream_buffer/g_buffer.data_out_r_reg[67]/CK (DFF_X1)
                                                          0.00 #     0.00 r
  g_slices[0].issue_slice/dispatch/g_buffers[0].buffer/g_eb2.stream_buffer/g_buffer.data_out_r_reg[67]/Q (DFF_X1)
                                                          0.10       0.10 f
  dispatch_if[0].data[67] (out)                           0.01       0.11 f
  data arrival time                                                  0.11

  clock CLK (rise edge)                                   0.00       0.00
  clock network delay (ideal)                             0.00       0.00
  clock uncertainty                                       0.05       0.05
  output external delay                                  -1.20      -1.15
  data required time                                                -1.15
  --------------------------------------------------------------------------
  data required time                                                -1.15
  data arrival time                                                 -0.11
  --------------------------------------------------------------------------
  slack (MET)                                                        1.26


  Startpoint: g_slices[0].issue_slice/dispatch/g_buffers[0].buffer/g_eb2.stream_buffer/g_buffer.data_out_r_reg[66]
              (rising edge-triggered flip-flop clocked by CLK)
  Endpoint: dispatch_if[0].data[66]
            (output port clocked by CLK)
  Path Group: VX_issue_OUT
  Path Type: min

  Des/Clust/Port     Wire Load Model       Library
  ------------------------------------------------
  VX_issue           5K_hvratio_1_1        NangateOpenCellLibrary_tt1p1v25c

  Point                                                   Incr       Path
  --------------------------------------------------------------------------
  clock CLK (rise edge)                                   0.00       0.00
  clock network delay (ideal)                             0.00       0.00
  g_slices[0].issue_slice/dispatch/g_buffers[0].buffer/g_eb2.stream_buffer/g_buffer.data_out_r_reg[66]/CK (DFF_X1)
                                                          0.00 #     0.00 r
  g_slices[0].issue_slice/dispatch/g_buffers[0].buffer/g_eb2.stream_buffer/g_buffer.data_out_r_reg[66]/Q (DFF_X1)
                                                          0.10       0.10 f
  dispatch_if[0].data[66] (out)                           0.01       0.11 f
  data arrival time                                                  0.11

  clock CLK (rise edge)                                   0.00       0.00
  clock network delay (ideal)                             0.00       0.00
  clock uncertainty                                       0.05       0.05
  output external delay                                  -1.20      -1.15
  data required time                                                -1.15
  --------------------------------------------------------------------------
  data required time                                                -1.15
  data arrival time                                                 -0.11
  --------------------------------------------------------------------------
  slack (MET)                                                        1.26


  Startpoint: g_slices[0].issue_slice/dispatch/g_buffers[0].buffer/g_eb2.stream_buffer/g_buffer.data_out_r_reg[65]
              (rising edge-triggered flip-flop clocked by CLK)
  Endpoint: dispatch_if[0].data[65]
            (output port clocked by CLK)
  Path Group: VX_issue_OUT
  Path Type: min

  Des/Clust/Port     Wire Load Model       Library
  ------------------------------------------------
  VX_issue           5K_hvratio_1_1        NangateOpenCellLibrary_tt1p1v25c

  Point                                                   Incr       Path
  --------------------------------------------------------------------------
  clock CLK (rise edge)                                   0.00       0.00
  clock network delay (ideal)                             0.00       0.00
  g_slices[0].issue_slice/dispatch/g_buffers[0].buffer/g_eb2.stream_buffer/g_buffer.data_out_r_reg[65]/CK (DFF_X1)
                                                          0.00 #     0.00 r
  g_slices[0].issue_slice/dispatch/g_buffers[0].buffer/g_eb2.stream_buffer/g_buffer.data_out_r_reg[65]/Q (DFF_X1)
                                                          0.10       0.10 f
  dispatch_if[0].data[65] (out)                           0.01       0.11 f
  data arrival time                                                  0.11

  clock CLK (rise edge)                                   0.00       0.00
  clock network delay (ideal)                             0.00       0.00
  clock uncertainty                                       0.05       0.05
  output external delay                                  -1.20      -1.15
  data required time                                                -1.15
  --------------------------------------------------------------------------
  data required time                                                -1.15
  data arrival time                                                 -0.11
  --------------------------------------------------------------------------
  slack (MET)                                                        1.26


  Startpoint: g_slices[0].issue_slice/dispatch/g_buffers[0].buffer/g_eb2.stream_buffer/g_buffer.data_out_r_reg[64]
              (rising edge-triggered flip-flop clocked by CLK)
  Endpoint: dispatch_if[0].data[64]
            (output port clocked by CLK)
  Path Group: VX_issue_OUT
  Path Type: min

  Des/Clust/Port     Wire Load Model       Library
  ------------------------------------------------
  VX_issue           5K_hvratio_1_1        NangateOpenCellLibrary_tt1p1v25c

  Point                                                   Incr       Path
  --------------------------------------------------------------------------
  clock CLK (rise edge)                                   0.00       0.00
  clock network delay (ideal)                             0.00       0.00
  g_slices[0].issue_slice/dispatch/g_buffers[0].buffer/g_eb2.stream_buffer/g_buffer.data_out_r_reg[64]/CK (DFF_X1)
                                                          0.00 #     0.00 r
  g_slices[0].issue_slice/dispatch/g_buffers[0].buffer/g_eb2.stream_buffer/g_buffer.data_out_r_reg[64]/Q (DFF_X1)
                                                          0.10       0.10 f
  dispatch_if[0].data[64] (out)                           0.01       0.11 f
  data arrival time                                                  0.11

  clock CLK (rise edge)                                   0.00       0.00
  clock network delay (ideal)                             0.00       0.00
  clock uncertainty                                       0.05       0.05
  output external delay                                  -1.20      -1.15
  data required time                                                -1.15
  --------------------------------------------------------------------------
  data required time                                                -1.15
  data arrival time                                                 -0.11
  --------------------------------------------------------------------------
  slack (MET)                                                        1.26


  Startpoint: g_slices[0].issue_slice/dispatch/g_buffers[0].buffer/g_eb2.stream_buffer/g_buffer.data_out_r_reg[63]
              (rising edge-triggered flip-flop clocked by CLK)
  Endpoint: dispatch_if[0].data[63]
            (output port clocked by CLK)
  Path Group: VX_issue_OUT
  Path Type: min

  Des/Clust/Port     Wire Load Model       Library
  ------------------------------------------------
  VX_issue           5K_hvratio_1_1        NangateOpenCellLibrary_tt1p1v25c

  Point                                                   Incr       Path
  --------------------------------------------------------------------------
  clock CLK (rise edge)                                   0.00       0.00
  clock network delay (ideal)                             0.00       0.00
  g_slices[0].issue_slice/dispatch/g_buffers[0].buffer/g_eb2.stream_buffer/g_buffer.data_out_r_reg[63]/CK (DFF_X1)
                                                          0.00 #     0.00 r
  g_slices[0].issue_slice/dispatch/g_buffers[0].buffer/g_eb2.stream_buffer/g_buffer.data_out_r_reg[63]/Q (DFF_X1)
                                                          0.10       0.10 f
  dispatch_if[0].data[63] (out)                           0.01       0.11 f
  data arrival time                                                  0.11

  clock CLK (rise edge)                                   0.00       0.00
  clock network delay (ideal)                             0.00       0.00
  clock uncertainty                                       0.05       0.05
  output external delay                                  -1.20      -1.15
  data required time                                                -1.15
  --------------------------------------------------------------------------
  data required time                                                -1.15
  data arrival time                                                 -0.11
  --------------------------------------------------------------------------
  slack (MET)                                                        1.26


  Startpoint: g_slices[0].issue_slice/dispatch/g_buffers[0].buffer/g_eb2.stream_buffer/g_buffer.data_out_r_reg[62]
              (rising edge-triggered flip-flop clocked by CLK)
  Endpoint: dispatch_if[0].data[62]
            (output port clocked by CLK)
  Path Group: VX_issue_OUT
  Path Type: min

  Des/Clust/Port     Wire Load Model       Library
  ------------------------------------------------
  VX_issue           5K_hvratio_1_1        NangateOpenCellLibrary_tt1p1v25c

  Point                                                   Incr       Path
  --------------------------------------------------------------------------
  clock CLK (rise edge)                                   0.00       0.00
  clock network delay (ideal)                             0.00       0.00
  g_slices[0].issue_slice/dispatch/g_buffers[0].buffer/g_eb2.stream_buffer/g_buffer.data_out_r_reg[62]/CK (DFF_X1)
                                                          0.00 #     0.00 r
  g_slices[0].issue_slice/dispatch/g_buffers[0].buffer/g_eb2.stream_buffer/g_buffer.data_out_r_reg[62]/Q (DFF_X1)
                                                          0.10       0.10 f
  dispatch_if[0].data[62] (out)                           0.01       0.11 f
  data arrival time                                                  0.11

  clock CLK (rise edge)                                   0.00       0.00
  clock network delay (ideal)                             0.00       0.00
  clock uncertainty                                       0.05       0.05
  output external delay                                  -1.20      -1.15
  data required time                                                -1.15
  --------------------------------------------------------------------------
  data required time                                                -1.15
  data arrival time                                                 -0.11
  --------------------------------------------------------------------------
  slack (MET)                                                        1.26


  Startpoint: g_slices[0].issue_slice/dispatch/g_buffers[0].buffer/g_eb2.stream_buffer/g_buffer.data_out_r_reg[61]
              (rising edge-triggered flip-flop clocked by CLK)
  Endpoint: dispatch_if[0].data[61]
            (output port clocked by CLK)
  Path Group: VX_issue_OUT
  Path Type: min

  Des/Clust/Port     Wire Load Model       Library
  ------------------------------------------------
  VX_issue           5K_hvratio_1_1        NangateOpenCellLibrary_tt1p1v25c

  Point                                                   Incr       Path
  --------------------------------------------------------------------------
  clock CLK (rise edge)                                   0.00       0.00
  clock network delay (ideal)                             0.00       0.00
  g_slices[0].issue_slice/dispatch/g_buffers[0].buffer/g_eb2.stream_buffer/g_buffer.data_out_r_reg[61]/CK (DFF_X1)
                                                          0.00 #     0.00 r
  g_slices[0].issue_slice/dispatch/g_buffers[0].buffer/g_eb2.stream_buffer/g_buffer.data_out_r_reg[61]/Q (DFF_X1)
                                                          0.10       0.10 f
  dispatch_if[0].data[61] (out)                           0.01       0.11 f
  data arrival time                                                  0.11

  clock CLK (rise edge)                                   0.00       0.00
  clock network delay (ideal)                             0.00       0.00
  clock uncertainty                                       0.05       0.05
  output external delay                                  -1.20      -1.15
  data required time                                                -1.15
  --------------------------------------------------------------------------
  data required time                                                -1.15
  data arrival time                                                 -0.11
  --------------------------------------------------------------------------
  slack (MET)                                                        1.26


  Startpoint: g_slices[0].issue_slice/dispatch/g_buffers[0].buffer/g_eb2.stream_buffer/g_buffer.data_out_r_reg[60]
              (rising edge-triggered flip-flop clocked by CLK)
  Endpoint: dispatch_if[0].data[60]
            (output port clocked by CLK)
  Path Group: VX_issue_OUT
  Path Type: min

  Des/Clust/Port     Wire Load Model       Library
  ------------------------------------------------
  VX_issue           5K_hvratio_1_1        NangateOpenCellLibrary_tt1p1v25c

  Point                                                   Incr       Path
  --------------------------------------------------------------------------
  clock CLK (rise edge)                                   0.00       0.00
  clock network delay (ideal)                             0.00       0.00
  g_slices[0].issue_slice/dispatch/g_buffers[0].buffer/g_eb2.stream_buffer/g_buffer.data_out_r_reg[60]/CK (DFF_X1)
                                                          0.00 #     0.00 r
  g_slices[0].issue_slice/dispatch/g_buffers[0].buffer/g_eb2.stream_buffer/g_buffer.data_out_r_reg[60]/Q (DFF_X1)
                                                          0.10       0.10 f
  dispatch_if[0].data[60] (out)                           0.01       0.11 f
  data arrival time                                                  0.11

  clock CLK (rise edge)                                   0.00       0.00
  clock network delay (ideal)                             0.00       0.00
  clock uncertainty                                       0.05       0.05
  output external delay                                  -1.20      -1.15
  data required time                                                -1.15
  --------------------------------------------------------------------------
  data required time                                                -1.15
  data arrival time                                                 -0.11
  --------------------------------------------------------------------------
  slack (MET)                                                        1.26


  Startpoint: g_slices[0].issue_slice/dispatch/g_buffers[0].buffer/g_eb2.stream_buffer/g_buffer.data_out_r_reg[59]
              (rising edge-triggered flip-flop clocked by CLK)
  Endpoint: dispatch_if[0].data[59]
            (output port clocked by CLK)
  Path Group: VX_issue_OUT
  Path Type: min

  Des/Clust/Port     Wire Load Model       Library
  ------------------------------------------------
  VX_issue           5K_hvratio_1_1        NangateOpenCellLibrary_tt1p1v25c

  Point                                                   Incr       Path
  --------------------------------------------------------------------------
  clock CLK (rise edge)                                   0.00       0.00
  clock network delay (ideal)                             0.00       0.00
  g_slices[0].issue_slice/dispatch/g_buffers[0].buffer/g_eb2.stream_buffer/g_buffer.data_out_r_reg[59]/CK (DFF_X1)
                                                          0.00 #     0.00 r
  g_slices[0].issue_slice/dispatch/g_buffers[0].buffer/g_eb2.stream_buffer/g_buffer.data_out_r_reg[59]/Q (DFF_X1)
                                                          0.10       0.10 f
  dispatch_if[0].data[59] (out)                           0.01       0.11 f
  data arrival time                                                  0.11

  clock CLK (rise edge)                                   0.00       0.00
  clock network delay (ideal)                             0.00       0.00
  clock uncertainty                                       0.05       0.05
  output external delay                                  -1.20      -1.15
  data required time                                                -1.15
  --------------------------------------------------------------------------
  data required time                                                -1.15
  data arrival time                                                 -0.11
  --------------------------------------------------------------------------
  slack (MET)                                                        1.26


  Startpoint: g_slices[0].issue_slice/dispatch/g_buffers[0].buffer/g_eb2.stream_buffer/g_buffer.data_out_r_reg[58]
              (rising edge-triggered flip-flop clocked by CLK)
  Endpoint: dispatch_if[0].data[58]
            (output port clocked by CLK)
  Path Group: VX_issue_OUT
  Path Type: min

  Des/Clust/Port     Wire Load Model       Library
  ------------------------------------------------
  VX_issue           5K_hvratio_1_1        NangateOpenCellLibrary_tt1p1v25c

  Point                                                   Incr       Path
  --------------------------------------------------------------------------
  clock CLK (rise edge)                                   0.00       0.00
  clock network delay (ideal)                             0.00       0.00
  g_slices[0].issue_slice/dispatch/g_buffers[0].buffer/g_eb2.stream_buffer/g_buffer.data_out_r_reg[58]/CK (DFF_X1)
                                                          0.00 #     0.00 r
  g_slices[0].issue_slice/dispatch/g_buffers[0].buffer/g_eb2.stream_buffer/g_buffer.data_out_r_reg[58]/Q (DFF_X1)
                                                          0.10       0.10 f
  dispatch_if[0].data[58] (out)                           0.01       0.11 f
  data arrival time                                                  0.11

  clock CLK (rise edge)                                   0.00       0.00
  clock network delay (ideal)                             0.00       0.00
  clock uncertainty                                       0.05       0.05
  output external delay                                  -1.20      -1.15
  data required time                                                -1.15
  --------------------------------------------------------------------------
  data required time                                                -1.15
  data arrival time                                                 -0.11
  --------------------------------------------------------------------------
  slack (MET)                                                        1.26


  Startpoint: g_slices[0].issue_slice/dispatch/g_buffers[0].buffer/g_eb2.stream_buffer/g_buffer.data_out_r_reg[57]
              (rising edge-triggered flip-flop clocked by CLK)
  Endpoint: dispatch_if[0].data[57]
            (output port clocked by CLK)
  Path Group: VX_issue_OUT
  Path Type: min

  Des/Clust/Port     Wire Load Model       Library
  ------------------------------------------------
  VX_issue           5K_hvratio_1_1        NangateOpenCellLibrary_tt1p1v25c

  Point                                                   Incr       Path
  --------------------------------------------------------------------------
  clock CLK (rise edge)                                   0.00       0.00
  clock network delay (ideal)                             0.00       0.00
  g_slices[0].issue_slice/dispatch/g_buffers[0].buffer/g_eb2.stream_buffer/g_buffer.data_out_r_reg[57]/CK (DFF_X1)
                                                          0.00 #     0.00 r
  g_slices[0].issue_slice/dispatch/g_buffers[0].buffer/g_eb2.stream_buffer/g_buffer.data_out_r_reg[57]/Q (DFF_X1)
                                                          0.10       0.10 f
  dispatch_if[0].data[57] (out)                           0.01       0.11 f
  data arrival time                                                  0.11

  clock CLK (rise edge)                                   0.00       0.00
  clock network delay (ideal)                             0.00       0.00
  clock uncertainty                                       0.05       0.05
  output external delay                                  -1.20      -1.15
  data required time                                                -1.15
  --------------------------------------------------------------------------
  data required time                                                -1.15
  data arrival time                                                 -0.11
  --------------------------------------------------------------------------
  slack (MET)                                                        1.26


  Startpoint: g_slices[0].issue_slice/dispatch/g_buffers[0].buffer/g_eb2.stream_buffer/g_buffer.data_out_r_reg[56]
              (rising edge-triggered flip-flop clocked by CLK)
  Endpoint: dispatch_if[0].data[56]
            (output port clocked by CLK)
  Path Group: VX_issue_OUT
  Path Type: min

  Des/Clust/Port     Wire Load Model       Library
  ------------------------------------------------
  VX_issue           5K_hvratio_1_1        NangateOpenCellLibrary_tt1p1v25c

  Point                                                   Incr       Path
  --------------------------------------------------------------------------
  clock CLK (rise edge)                                   0.00       0.00
  clock network delay (ideal)                             0.00       0.00
  g_slices[0].issue_slice/dispatch/g_buffers[0].buffer/g_eb2.stream_buffer/g_buffer.data_out_r_reg[56]/CK (DFF_X1)
                                                          0.00 #     0.00 r
  g_slices[0].issue_slice/dispatch/g_buffers[0].buffer/g_eb2.stream_buffer/g_buffer.data_out_r_reg[56]/Q (DFF_X1)
                                                          0.10       0.10 f
  dispatch_if[0].data[56] (out)                           0.01       0.11 f
  data arrival time                                                  0.11

  clock CLK (rise edge)                                   0.00       0.00
  clock network delay (ideal)                             0.00       0.00
  clock uncertainty                                       0.05       0.05
  output external delay                                  -1.20      -1.15
  data required time                                                -1.15
  --------------------------------------------------------------------------
  data required time                                                -1.15
  data arrival time                                                 -0.11
  --------------------------------------------------------------------------
  slack (MET)                                                        1.26


  Startpoint: g_slices[0].issue_slice/dispatch/g_buffers[0].buffer/g_eb2.stream_buffer/g_buffer.data_out_r_reg[55]
              (rising edge-triggered flip-flop clocked by CLK)
  Endpoint: dispatch_if[0].data[55]
            (output port clocked by CLK)
  Path Group: VX_issue_OUT
  Path Type: min

  Des/Clust/Port     Wire Load Model       Library
  ------------------------------------------------
  VX_issue           5K_hvratio_1_1        NangateOpenCellLibrary_tt1p1v25c

  Point                                                   Incr       Path
  --------------------------------------------------------------------------
  clock CLK (rise edge)                                   0.00       0.00
  clock network delay (ideal)                             0.00       0.00
  g_slices[0].issue_slice/dispatch/g_buffers[0].buffer/g_eb2.stream_buffer/g_buffer.data_out_r_reg[55]/CK (DFF_X1)
                                                          0.00 #     0.00 r
  g_slices[0].issue_slice/dispatch/g_buffers[0].buffer/g_eb2.stream_buffer/g_buffer.data_out_r_reg[55]/Q (DFF_X1)
                                                          0.10       0.10 f
  dispatch_if[0].data[55] (out)                           0.01       0.11 f
  data arrival time                                                  0.11

  clock CLK (rise edge)                                   0.00       0.00
  clock network delay (ideal)                             0.00       0.00
  clock uncertainty                                       0.05       0.05
  output external delay                                  -1.20      -1.15
  data required time                                                -1.15
  --------------------------------------------------------------------------
  data required time                                                -1.15
  data arrival time                                                 -0.11
  --------------------------------------------------------------------------
  slack (MET)                                                        1.26


  Startpoint: g_slices[0].issue_slice/dispatch/g_buffers[0].buffer/g_eb2.stream_buffer/g_buffer.data_out_r_reg[54]
              (rising edge-triggered flip-flop clocked by CLK)
  Endpoint: dispatch_if[0].data[54]
            (output port clocked by CLK)
  Path Group: VX_issue_OUT
  Path Type: min

  Des/Clust/Port     Wire Load Model       Library
  ------------------------------------------------
  VX_issue           5K_hvratio_1_1        NangateOpenCellLibrary_tt1p1v25c

  Point                                                   Incr       Path
  --------------------------------------------------------------------------
  clock CLK (rise edge)                                   0.00       0.00
  clock network delay (ideal)                             0.00       0.00
  g_slices[0].issue_slice/dispatch/g_buffers[0].buffer/g_eb2.stream_buffer/g_buffer.data_out_r_reg[54]/CK (DFF_X1)
                                                          0.00 #     0.00 r
  g_slices[0].issue_slice/dispatch/g_buffers[0].buffer/g_eb2.stream_buffer/g_buffer.data_out_r_reg[54]/Q (DFF_X1)
                                                          0.10       0.10 f
  dispatch_if[0].data[54] (out)                           0.01       0.11 f
  data arrival time                                                  0.11

  clock CLK (rise edge)                                   0.00       0.00
  clock network delay (ideal)                             0.00       0.00
  clock uncertainty                                       0.05       0.05
  output external delay                                  -1.20      -1.15
  data required time                                                -1.15
  --------------------------------------------------------------------------
  data required time                                                -1.15
  data arrival time                                                 -0.11
  --------------------------------------------------------------------------
  slack (MET)                                                        1.26


  Startpoint: g_slices[0].issue_slice/dispatch/g_buffers[0].buffer/g_eb2.stream_buffer/g_buffer.data_out_r_reg[53]
              (rising edge-triggered flip-flop clocked by CLK)
  Endpoint: dispatch_if[0].data[53]
            (output port clocked by CLK)
  Path Group: VX_issue_OUT
  Path Type: min

  Des/Clust/Port     Wire Load Model       Library
  ------------------------------------------------
  VX_issue           5K_hvratio_1_1        NangateOpenCellLibrary_tt1p1v25c

  Point                                                   Incr       Path
  --------------------------------------------------------------------------
  clock CLK (rise edge)                                   0.00       0.00
  clock network delay (ideal)                             0.00       0.00
  g_slices[0].issue_slice/dispatch/g_buffers[0].buffer/g_eb2.stream_buffer/g_buffer.data_out_r_reg[53]/CK (DFF_X1)
                                                          0.00 #     0.00 r
  g_slices[0].issue_slice/dispatch/g_buffers[0].buffer/g_eb2.stream_buffer/g_buffer.data_out_r_reg[53]/Q (DFF_X1)
                                                          0.10       0.10 f
  dispatch_if[0].data[53] (out)                           0.01       0.11 f
  data arrival time                                                  0.11

  clock CLK (rise edge)                                   0.00       0.00
  clock network delay (ideal)                             0.00       0.00
  clock uncertainty                                       0.05       0.05
  output external delay                                  -1.20      -1.15
  data required time                                                -1.15
  --------------------------------------------------------------------------
  data required time                                                -1.15
  data arrival time                                                 -0.11
  --------------------------------------------------------------------------
  slack (MET)                                                        1.26


  Startpoint: g_slices[0].issue_slice/dispatch/g_buffers[0].buffer/g_eb2.stream_buffer/g_buffer.data_out_r_reg[52]
              (rising edge-triggered flip-flop clocked by CLK)
  Endpoint: dispatch_if[0].data[52]
            (output port clocked by CLK)
  Path Group: VX_issue_OUT
  Path Type: min

  Des/Clust/Port     Wire Load Model       Library
  ------------------------------------------------
  VX_issue           5K_hvratio_1_1        NangateOpenCellLibrary_tt1p1v25c

  Point                                                   Incr       Path
  --------------------------------------------------------------------------
  clock CLK (rise edge)                                   0.00       0.00
  clock network delay (ideal)                             0.00       0.00
  g_slices[0].issue_slice/dispatch/g_buffers[0].buffer/g_eb2.stream_buffer/g_buffer.data_out_r_reg[52]/CK (DFF_X1)
                                                          0.00 #     0.00 r
  g_slices[0].issue_slice/dispatch/g_buffers[0].buffer/g_eb2.stream_buffer/g_buffer.data_out_r_reg[52]/Q (DFF_X1)
                                                          0.10       0.10 f
  dispatch_if[0].data[52] (out)                           0.01       0.11 f
  data arrival time                                                  0.11

  clock CLK (rise edge)                                   0.00       0.00
  clock network delay (ideal)                             0.00       0.00
  clock uncertainty                                       0.05       0.05
  output external delay                                  -1.20      -1.15
  data required time                                                -1.15
  --------------------------------------------------------------------------
  data required time                                                -1.15
  data arrival time                                                 -0.11
  --------------------------------------------------------------------------
  slack (MET)                                                        1.26


  Startpoint: g_slices[0].issue_slice/dispatch/g_buffers[0].buffer/g_eb2.stream_buffer/g_buffer.data_out_r_reg[51]
              (rising edge-triggered flip-flop clocked by CLK)
  Endpoint: dispatch_if[0].data[51]
            (output port clocked by CLK)
  Path Group: VX_issue_OUT
  Path Type: min

  Des/Clust/Port     Wire Load Model       Library
  ------------------------------------------------
  VX_issue           5K_hvratio_1_1        NangateOpenCellLibrary_tt1p1v25c

  Point                                                   Incr       Path
  --------------------------------------------------------------------------
  clock CLK (rise edge)                                   0.00       0.00
  clock network delay (ideal)                             0.00       0.00
  g_slices[0].issue_slice/dispatch/g_buffers[0].buffer/g_eb2.stream_buffer/g_buffer.data_out_r_reg[51]/CK (DFF_X1)
                                                          0.00 #     0.00 r
  g_slices[0].issue_slice/dispatch/g_buffers[0].buffer/g_eb2.stream_buffer/g_buffer.data_out_r_reg[51]/Q (DFF_X1)
                                                          0.10       0.10 f
  dispatch_if[0].data[51] (out)                           0.01       0.11 f
  data arrival time                                                  0.11

  clock CLK (rise edge)                                   0.00       0.00
  clock network delay (ideal)                             0.00       0.00
  clock uncertainty                                       0.05       0.05
  output external delay                                  -1.20      -1.15
  data required time                                                -1.15
  --------------------------------------------------------------------------
  data required time                                                -1.15
  data arrival time                                                 -0.11
  --------------------------------------------------------------------------
  slack (MET)                                                        1.26


  Startpoint: g_slices[0].issue_slice/dispatch/g_buffers[0].buffer/g_eb2.stream_buffer/g_buffer.data_out_r_reg[50]
              (rising edge-triggered flip-flop clocked by CLK)
  Endpoint: dispatch_if[0].data[50]
            (output port clocked by CLK)
  Path Group: VX_issue_OUT
  Path Type: min

  Des/Clust/Port     Wire Load Model       Library
  ------------------------------------------------
  VX_issue           5K_hvratio_1_1        NangateOpenCellLibrary_tt1p1v25c

  Point                                                   Incr       Path
  --------------------------------------------------------------------------
  clock CLK (rise edge)                                   0.00       0.00
  clock network delay (ideal)                             0.00       0.00
  g_slices[0].issue_slice/dispatch/g_buffers[0].buffer/g_eb2.stream_buffer/g_buffer.data_out_r_reg[50]/CK (DFF_X1)
                                                          0.00 #     0.00 r
  g_slices[0].issue_slice/dispatch/g_buffers[0].buffer/g_eb2.stream_buffer/g_buffer.data_out_r_reg[50]/Q (DFF_X1)
                                                          0.10       0.10 f
  dispatch_if[0].data[50] (out)                           0.01       0.11 f
  data arrival time                                                  0.11

  clock CLK (rise edge)                                   0.00       0.00
  clock network delay (ideal)                             0.00       0.00
  clock uncertainty                                       0.05       0.05
  output external delay                                  -1.20      -1.15
  data required time                                                -1.15
  --------------------------------------------------------------------------
  data required time                                                -1.15
  data arrival time                                                 -0.11
  --------------------------------------------------------------------------
  slack (MET)                                                        1.26


  Startpoint: g_slices[0].issue_slice/dispatch/g_buffers[0].buffer/g_eb2.stream_buffer/g_buffer.data_out_r_reg[49]
              (rising edge-triggered flip-flop clocked by CLK)
  Endpoint: dispatch_if[0].data[49]
            (output port clocked by CLK)
  Path Group: VX_issue_OUT
  Path Type: min

  Des/Clust/Port     Wire Load Model       Library
  ------------------------------------------------
  VX_issue           5K_hvratio_1_1        NangateOpenCellLibrary_tt1p1v25c

  Point                                                   Incr       Path
  --------------------------------------------------------------------------
  clock CLK (rise edge)                                   0.00       0.00
  clock network delay (ideal)                             0.00       0.00
  g_slices[0].issue_slice/dispatch/g_buffers[0].buffer/g_eb2.stream_buffer/g_buffer.data_out_r_reg[49]/CK (DFF_X1)
                                                          0.00 #     0.00 r
  g_slices[0].issue_slice/dispatch/g_buffers[0].buffer/g_eb2.stream_buffer/g_buffer.data_out_r_reg[49]/Q (DFF_X1)
                                                          0.10       0.10 f
  dispatch_if[0].data[49] (out)                           0.01       0.11 f
  data arrival time                                                  0.11

  clock CLK (rise edge)                                   0.00       0.00
  clock network delay (ideal)                             0.00       0.00
  clock uncertainty                                       0.05       0.05
  output external delay                                  -1.20      -1.15
  data required time                                                -1.15
  --------------------------------------------------------------------------
  data required time                                                -1.15
  data arrival time                                                 -0.11
  --------------------------------------------------------------------------
  slack (MET)                                                        1.26


  Startpoint: g_slices[0].issue_slice/dispatch/g_buffers[0].buffer/g_eb2.stream_buffer/g_buffer.data_out_r_reg[48]
              (rising edge-triggered flip-flop clocked by CLK)
  Endpoint: dispatch_if[0].data[48]
            (output port clocked by CLK)
  Path Group: VX_issue_OUT
  Path Type: min

  Des/Clust/Port     Wire Load Model       Library
  ------------------------------------------------
  VX_issue           5K_hvratio_1_1        NangateOpenCellLibrary_tt1p1v25c

  Point                                                   Incr       Path
  --------------------------------------------------------------------------
  clock CLK (rise edge)                                   0.00       0.00
  clock network delay (ideal)                             0.00       0.00
  g_slices[0].issue_slice/dispatch/g_buffers[0].buffer/g_eb2.stream_buffer/g_buffer.data_out_r_reg[48]/CK (DFF_X1)
                                                          0.00 #     0.00 r
  g_slices[0].issue_slice/dispatch/g_buffers[0].buffer/g_eb2.stream_buffer/g_buffer.data_out_r_reg[48]/Q (DFF_X1)
                                                          0.10       0.10 f
  dispatch_if[0].data[48] (out)                           0.01       0.11 f
  data arrival time                                                  0.11

  clock CLK (rise edge)                                   0.00       0.00
  clock network delay (ideal)                             0.00       0.00
  clock uncertainty                                       0.05       0.05
  output external delay                                  -1.20      -1.15
  data required time                                                -1.15
  --------------------------------------------------------------------------
  data required time                                                -1.15
  data arrival time                                                 -0.11
  --------------------------------------------------------------------------
  slack (MET)                                                        1.26


  Startpoint: g_slices[0].issue_slice/dispatch/g_buffers[0].buffer/g_eb2.stream_buffer/g_buffer.data_out_r_reg[47]
              (rising edge-triggered flip-flop clocked by CLK)
  Endpoint: dispatch_if[0].data[47]
            (output port clocked by CLK)
  Path Group: VX_issue_OUT
  Path Type: min

  Des/Clust/Port     Wire Load Model       Library
  ------------------------------------------------
  VX_issue           5K_hvratio_1_1        NangateOpenCellLibrary_tt1p1v25c

  Point                                                   Incr       Path
  --------------------------------------------------------------------------
  clock CLK (rise edge)                                   0.00       0.00
  clock network delay (ideal)                             0.00       0.00
  g_slices[0].issue_slice/dispatch/g_buffers[0].buffer/g_eb2.stream_buffer/g_buffer.data_out_r_reg[47]/CK (DFF_X1)
                                                          0.00 #     0.00 r
  g_slices[0].issue_slice/dispatch/g_buffers[0].buffer/g_eb2.stream_buffer/g_buffer.data_out_r_reg[47]/Q (DFF_X1)
                                                          0.10       0.10 f
  dispatch_if[0].data[47] (out)                           0.01       0.11 f
  data arrival time                                                  0.11

  clock CLK (rise edge)                                   0.00       0.00
  clock network delay (ideal)                             0.00       0.00
  clock uncertainty                                       0.05       0.05
  output external delay                                  -1.20      -1.15
  data required time                                                -1.15
  --------------------------------------------------------------------------
  data required time                                                -1.15
  data arrival time                                                 -0.11
  --------------------------------------------------------------------------
  slack (MET)                                                        1.26


  Startpoint: g_slices[0].issue_slice/dispatch/g_buffers[0].buffer/g_eb2.stream_buffer/g_buffer.data_out_r_reg[46]
              (rising edge-triggered flip-flop clocked by CLK)
  Endpoint: dispatch_if[0].data[46]
            (output port clocked by CLK)
  Path Group: VX_issue_OUT
  Path Type: min

  Des/Clust/Port     Wire Load Model       Library
  ------------------------------------------------
  VX_issue           5K_hvratio_1_1        NangateOpenCellLibrary_tt1p1v25c

  Point                                                   Incr       Path
  --------------------------------------------------------------------------
  clock CLK (rise edge)                                   0.00       0.00
  clock network delay (ideal)                             0.00       0.00
  g_slices[0].issue_slice/dispatch/g_buffers[0].buffer/g_eb2.stream_buffer/g_buffer.data_out_r_reg[46]/CK (DFF_X1)
                                                          0.00 #     0.00 r
  g_slices[0].issue_slice/dispatch/g_buffers[0].buffer/g_eb2.stream_buffer/g_buffer.data_out_r_reg[46]/Q (DFF_X1)
                                                          0.10       0.10 f
  dispatch_if[0].data[46] (out)                           0.01       0.11 f
  data arrival time                                                  0.11

  clock CLK (rise edge)                                   0.00       0.00
  clock network delay (ideal)                             0.00       0.00
  clock uncertainty                                       0.05       0.05
  output external delay                                  -1.20      -1.15
  data required time                                                -1.15
  --------------------------------------------------------------------------
  data required time                                                -1.15
  data arrival time                                                 -0.11
  --------------------------------------------------------------------------
  slack (MET)                                                        1.26


  Startpoint: g_slices[0].issue_slice/dispatch/g_buffers[0].buffer/g_eb2.stream_buffer/g_buffer.data_out_r_reg[45]
              (rising edge-triggered flip-flop clocked by CLK)
  Endpoint: dispatch_if[0].data[45]
            (output port clocked by CLK)
  Path Group: VX_issue_OUT
  Path Type: min

  Des/Clust/Port     Wire Load Model       Library
  ------------------------------------------------
  VX_issue           5K_hvratio_1_1        NangateOpenCellLibrary_tt1p1v25c

  Point                                                   Incr       Path
  --------------------------------------------------------------------------
  clock CLK (rise edge)                                   0.00       0.00
  clock network delay (ideal)                             0.00       0.00
  g_slices[0].issue_slice/dispatch/g_buffers[0].buffer/g_eb2.stream_buffer/g_buffer.data_out_r_reg[45]/CK (DFF_X1)
                                                          0.00 #     0.00 r
  g_slices[0].issue_slice/dispatch/g_buffers[0].buffer/g_eb2.stream_buffer/g_buffer.data_out_r_reg[45]/Q (DFF_X1)
                                                          0.10       0.10 f
  dispatch_if[0].data[45] (out)                           0.01       0.11 f
  data arrival time                                                  0.11

  clock CLK (rise edge)                                   0.00       0.00
  clock network delay (ideal)                             0.00       0.00
  clock uncertainty                                       0.05       0.05
  output external delay                                  -1.20      -1.15
  data required time                                                -1.15
  --------------------------------------------------------------------------
  data required time                                                -1.15
  data arrival time                                                 -0.11
  --------------------------------------------------------------------------
  slack (MET)                                                        1.26


  Startpoint: g_slices[0].issue_slice/dispatch/g_buffers[0].buffer/g_eb2.stream_buffer/g_buffer.data_out_r_reg[44]
              (rising edge-triggered flip-flop clocked by CLK)
  Endpoint: dispatch_if[0].data[44]
            (output port clocked by CLK)
  Path Group: VX_issue_OUT
  Path Type: min

  Des/Clust/Port     Wire Load Model       Library
  ------------------------------------------------
  VX_issue           5K_hvratio_1_1        NangateOpenCellLibrary_tt1p1v25c

  Point                                                   Incr       Path
  --------------------------------------------------------------------------
  clock CLK (rise edge)                                   0.00       0.00
  clock network delay (ideal)                             0.00       0.00
  g_slices[0].issue_slice/dispatch/g_buffers[0].buffer/g_eb2.stream_buffer/g_buffer.data_out_r_reg[44]/CK (DFF_X1)
                                                          0.00 #     0.00 r
  g_slices[0].issue_slice/dispatch/g_buffers[0].buffer/g_eb2.stream_buffer/g_buffer.data_out_r_reg[44]/Q (DFF_X1)
                                                          0.10       0.10 f
  dispatch_if[0].data[44] (out)                           0.01       0.11 f
  data arrival time                                                  0.11

  clock CLK (rise edge)                                   0.00       0.00
  clock network delay (ideal)                             0.00       0.00
  clock uncertainty                                       0.05       0.05
  output external delay                                  -1.20      -1.15
  data required time                                                -1.15
  --------------------------------------------------------------------------
  data required time                                                -1.15
  data arrival time                                                 -0.11
  --------------------------------------------------------------------------
  slack (MET)                                                        1.26


  Startpoint: g_slices[0].issue_slice/dispatch/g_buffers[0].buffer/g_eb2.stream_buffer/g_buffer.data_out_r_reg[43]
              (rising edge-triggered flip-flop clocked by CLK)
  Endpoint: dispatch_if[0].data[43]
            (output port clocked by CLK)
  Path Group: VX_issue_OUT
  Path Type: min

  Des/Clust/Port     Wire Load Model       Library
  ------------------------------------------------
  VX_issue           5K_hvratio_1_1        NangateOpenCellLibrary_tt1p1v25c

  Point                                                   Incr       Path
  --------------------------------------------------------------------------
  clock CLK (rise edge)                                   0.00       0.00
  clock network delay (ideal)                             0.00       0.00
  g_slices[0].issue_slice/dispatch/g_buffers[0].buffer/g_eb2.stream_buffer/g_buffer.data_out_r_reg[43]/CK (DFF_X1)
                                                          0.00 #     0.00 r
  g_slices[0].issue_slice/dispatch/g_buffers[0].buffer/g_eb2.stream_buffer/g_buffer.data_out_r_reg[43]/Q (DFF_X1)
                                                          0.10       0.10 f
  dispatch_if[0].data[43] (out)                           0.01       0.11 f
  data arrival time                                                  0.11

  clock CLK (rise edge)                                   0.00       0.00
  clock network delay (ideal)                             0.00       0.00
  clock uncertainty                                       0.05       0.05
  output external delay                                  -1.20      -1.15
  data required time                                                -1.15
  --------------------------------------------------------------------------
  data required time                                                -1.15
  data arrival time                                                 -0.11
  --------------------------------------------------------------------------
  slack (MET)                                                        1.26


  Startpoint: g_slices[0].issue_slice/dispatch/g_buffers[0].buffer/g_eb2.stream_buffer/g_buffer.data_out_r_reg[42]
              (rising edge-triggered flip-flop clocked by CLK)
  Endpoint: dispatch_if[0].data[42]
            (output port clocked by CLK)
  Path Group: VX_issue_OUT
  Path Type: min

  Des/Clust/Port     Wire Load Model       Library
  ------------------------------------------------
  VX_issue           5K_hvratio_1_1        NangateOpenCellLibrary_tt1p1v25c

  Point                                                   Incr       Path
  --------------------------------------------------------------------------
  clock CLK (rise edge)                                   0.00       0.00
  clock network delay (ideal)                             0.00       0.00
  g_slices[0].issue_slice/dispatch/g_buffers[0].buffer/g_eb2.stream_buffer/g_buffer.data_out_r_reg[42]/CK (DFF_X1)
                                                          0.00 #     0.00 r
  g_slices[0].issue_slice/dispatch/g_buffers[0].buffer/g_eb2.stream_buffer/g_buffer.data_out_r_reg[42]/Q (DFF_X1)
                                                          0.10       0.10 f
  dispatch_if[0].data[42] (out)                           0.01       0.11 f
  data arrival time                                                  0.11

  clock CLK (rise edge)                                   0.00       0.00
  clock network delay (ideal)                             0.00       0.00
  clock uncertainty                                       0.05       0.05
  output external delay                                  -1.20      -1.15
  data required time                                                -1.15
  --------------------------------------------------------------------------
  data required time                                                -1.15
  data arrival time                                                 -0.11
  --------------------------------------------------------------------------
  slack (MET)                                                        1.26


  Startpoint: g_slices[0].issue_slice/dispatch/g_buffers[0].buffer/g_eb2.stream_buffer/g_buffer.data_out_r_reg[41]
              (rising edge-triggered flip-flop clocked by CLK)
  Endpoint: dispatch_if[0].data[41]
            (output port clocked by CLK)
  Path Group: VX_issue_OUT
  Path Type: min

  Des/Clust/Port     Wire Load Model       Library
  ------------------------------------------------
  VX_issue           5K_hvratio_1_1        NangateOpenCellLibrary_tt1p1v25c

  Point                                                   Incr       Path
  --------------------------------------------------------------------------
  clock CLK (rise edge)                                   0.00       0.00
  clock network delay (ideal)                             0.00       0.00
  g_slices[0].issue_slice/dispatch/g_buffers[0].buffer/g_eb2.stream_buffer/g_buffer.data_out_r_reg[41]/CK (DFF_X1)
                                                          0.00 #     0.00 r
  g_slices[0].issue_slice/dispatch/g_buffers[0].buffer/g_eb2.stream_buffer/g_buffer.data_out_r_reg[41]/Q (DFF_X1)
                                                          0.10       0.10 f
  dispatch_if[0].data[41] (out)                           0.01       0.11 f
  data arrival time                                                  0.11

  clock CLK (rise edge)                                   0.00       0.00
  clock network delay (ideal)                             0.00       0.00
  clock uncertainty                                       0.05       0.05
  output external delay                                  -1.20      -1.15
  data required time                                                -1.15
  --------------------------------------------------------------------------
  data required time                                                -1.15
  data arrival time                                                 -0.11
  --------------------------------------------------------------------------
  slack (MET)                                                        1.26


  Startpoint: g_slices[0].issue_slice/dispatch/g_buffers[0].buffer/g_eb2.stream_buffer/g_buffer.data_out_r_reg[40]
              (rising edge-triggered flip-flop clocked by CLK)
  Endpoint: dispatch_if[0].data[40]
            (output port clocked by CLK)
  Path Group: VX_issue_OUT
  Path Type: min

  Des/Clust/Port     Wire Load Model       Library
  ------------------------------------------------
  VX_issue           5K_hvratio_1_1        NangateOpenCellLibrary_tt1p1v25c

  Point                                                   Incr       Path
  --------------------------------------------------------------------------
  clock CLK (rise edge)                                   0.00       0.00
  clock network delay (ideal)                             0.00       0.00
  g_slices[0].issue_slice/dispatch/g_buffers[0].buffer/g_eb2.stream_buffer/g_buffer.data_out_r_reg[40]/CK (DFF_X1)
                                                          0.00 #     0.00 r
  g_slices[0].issue_slice/dispatch/g_buffers[0].buffer/g_eb2.stream_buffer/g_buffer.data_out_r_reg[40]/Q (DFF_X1)
                                                          0.10       0.10 f
  dispatch_if[0].data[40] (out)                           0.01       0.11 f
  data arrival time                                                  0.11

  clock CLK (rise edge)                                   0.00       0.00
  clock network delay (ideal)                             0.00       0.00
  clock uncertainty                                       0.05       0.05
  output external delay                                  -1.20      -1.15
  data required time                                                -1.15
  --------------------------------------------------------------------------
  data required time                                                -1.15
  data arrival time                                                 -0.11
  --------------------------------------------------------------------------
  slack (MET)                                                        1.26


  Startpoint: g_slices[0].issue_slice/dispatch/g_buffers[0].buffer/g_eb2.stream_buffer/g_buffer.data_out_r_reg[39]
              (rising edge-triggered flip-flop clocked by CLK)
  Endpoint: dispatch_if[0].data[39]
            (output port clocked by CLK)
  Path Group: VX_issue_OUT
  Path Type: min

  Des/Clust/Port     Wire Load Model       Library
  ------------------------------------------------
  VX_issue           5K_hvratio_1_1        NangateOpenCellLibrary_tt1p1v25c

  Point                                                   Incr       Path
  --------------------------------------------------------------------------
  clock CLK (rise edge)                                   0.00       0.00
  clock network delay (ideal)                             0.00       0.00
  g_slices[0].issue_slice/dispatch/g_buffers[0].buffer/g_eb2.stream_buffer/g_buffer.data_out_r_reg[39]/CK (DFF_X1)
                                                          0.00 #     0.00 r
  g_slices[0].issue_slice/dispatch/g_buffers[0].buffer/g_eb2.stream_buffer/g_buffer.data_out_r_reg[39]/Q (DFF_X1)
                                                          0.10       0.10 f
  dispatch_if[0].data[39] (out)                           0.01       0.11 f
  data arrival time                                                  0.11

  clock CLK (rise edge)                                   0.00       0.00
  clock network delay (ideal)                             0.00       0.00
  clock uncertainty                                       0.05       0.05
  output external delay                                  -1.20      -1.15
  data required time                                                -1.15
  --------------------------------------------------------------------------
  data required time                                                -1.15
  data arrival time                                                 -0.11
  --------------------------------------------------------------------------
  slack (MET)                                                        1.26


  Startpoint: g_slices[0].issue_slice/dispatch/g_buffers[0].buffer/g_eb2.stream_buffer/g_buffer.data_out_r_reg[38]
              (rising edge-triggered flip-flop clocked by CLK)
  Endpoint: dispatch_if[0].data[38]
            (output port clocked by CLK)
  Path Group: VX_issue_OUT
  Path Type: min

  Des/Clust/Port     Wire Load Model       Library
  ------------------------------------------------
  VX_issue           5K_hvratio_1_1        NangateOpenCellLibrary_tt1p1v25c

  Point                                                   Incr       Path
  --------------------------------------------------------------------------
  clock CLK (rise edge)                                   0.00       0.00
  clock network delay (ideal)                             0.00       0.00
  g_slices[0].issue_slice/dispatch/g_buffers[0].buffer/g_eb2.stream_buffer/g_buffer.data_out_r_reg[38]/CK (DFF_X1)
                                                          0.00 #     0.00 r
  g_slices[0].issue_slice/dispatch/g_buffers[0].buffer/g_eb2.stream_buffer/g_buffer.data_out_r_reg[38]/Q (DFF_X1)
                                                          0.10       0.10 f
  dispatch_if[0].data[38] (out)                           0.01       0.11 f
  data arrival time                                                  0.11

  clock CLK (rise edge)                                   0.00       0.00
  clock network delay (ideal)                             0.00       0.00
  clock uncertainty                                       0.05       0.05
  output external delay                                  -1.20      -1.15
  data required time                                                -1.15
  --------------------------------------------------------------------------
  data required time                                                -1.15
  data arrival time                                                 -0.11
  --------------------------------------------------------------------------
  slack (MET)                                                        1.26


  Startpoint: g_slices[0].issue_slice/dispatch/g_buffers[0].buffer/g_eb2.stream_buffer/g_buffer.data_out_r_reg[37]
              (rising edge-triggered flip-flop clocked by CLK)
  Endpoint: dispatch_if[0].data[37]
            (output port clocked by CLK)
  Path Group: VX_issue_OUT
  Path Type: min

  Des/Clust/Port     Wire Load Model       Library
  ------------------------------------------------
  VX_issue           5K_hvratio_1_1        NangateOpenCellLibrary_tt1p1v25c

  Point                                                   Incr       Path
  --------------------------------------------------------------------------
  clock CLK (rise edge)                                   0.00       0.00
  clock network delay (ideal)                             0.00       0.00
  g_slices[0].issue_slice/dispatch/g_buffers[0].buffer/g_eb2.stream_buffer/g_buffer.data_out_r_reg[37]/CK (DFF_X1)
                                                          0.00 #     0.00 r
  g_slices[0].issue_slice/dispatch/g_buffers[0].buffer/g_eb2.stream_buffer/g_buffer.data_out_r_reg[37]/Q (DFF_X1)
                                                          0.10       0.10 f
  dispatch_if[0].data[37] (out)                           0.01       0.11 f
  data arrival time                                                  0.11

  clock CLK (rise edge)                                   0.00       0.00
  clock network delay (ideal)                             0.00       0.00
  clock uncertainty                                       0.05       0.05
  output external delay                                  -1.20      -1.15
  data required time                                                -1.15
  --------------------------------------------------------------------------
  data required time                                                -1.15
  data arrival time                                                 -0.11
  --------------------------------------------------------------------------
  slack (MET)                                                        1.26


  Startpoint: g_slices[0].issue_slice/dispatch/g_buffers[0].buffer/g_eb2.stream_buffer/g_buffer.data_out_r_reg[36]
              (rising edge-triggered flip-flop clocked by CLK)
  Endpoint: dispatch_if[0].data[36]
            (output port clocked by CLK)
  Path Group: VX_issue_OUT
  Path Type: min

  Des/Clust/Port     Wire Load Model       Library
  ------------------------------------------------
  VX_issue           5K_hvratio_1_1        NangateOpenCellLibrary_tt1p1v25c

  Point                                                   Incr       Path
  --------------------------------------------------------------------------
  clock CLK (rise edge)                                   0.00       0.00
  clock network delay (ideal)                             0.00       0.00
  g_slices[0].issue_slice/dispatch/g_buffers[0].buffer/g_eb2.stream_buffer/g_buffer.data_out_r_reg[36]/CK (DFF_X1)
                                                          0.00 #     0.00 r
  g_slices[0].issue_slice/dispatch/g_buffers[0].buffer/g_eb2.stream_buffer/g_buffer.data_out_r_reg[36]/Q (DFF_X1)
                                                          0.10       0.10 f
  dispatch_if[0].data[36] (out)                           0.01       0.11 f
  data arrival time                                                  0.11

  clock CLK (rise edge)                                   0.00       0.00
  clock network delay (ideal)                             0.00       0.00
  clock uncertainty                                       0.05       0.05
  output external delay                                  -1.20      -1.15
  data required time                                                -1.15
  --------------------------------------------------------------------------
  data required time                                                -1.15
  data arrival time                                                 -0.11
  --------------------------------------------------------------------------
  slack (MET)                                                        1.26


  Startpoint: g_slices[0].issue_slice/dispatch/g_buffers[0].buffer/g_eb2.stream_buffer/g_buffer.data_out_r_reg[35]
              (rising edge-triggered flip-flop clocked by CLK)
  Endpoint: dispatch_if[0].data[35]
            (output port clocked by CLK)
  Path Group: VX_issue_OUT
  Path Type: min

  Des/Clust/Port     Wire Load Model       Library
  ------------------------------------------------
  VX_issue           5K_hvratio_1_1        NangateOpenCellLibrary_tt1p1v25c

  Point                                                   Incr       Path
  --------------------------------------------------------------------------
  clock CLK (rise edge)                                   0.00       0.00
  clock network delay (ideal)                             0.00       0.00
  g_slices[0].issue_slice/dispatch/g_buffers[0].buffer/g_eb2.stream_buffer/g_buffer.data_out_r_reg[35]/CK (DFF_X1)
                                                          0.00 #     0.00 r
  g_slices[0].issue_slice/dispatch/g_buffers[0].buffer/g_eb2.stream_buffer/g_buffer.data_out_r_reg[35]/Q (DFF_X1)
                                                          0.10       0.10 f
  dispatch_if[0].data[35] (out)                           0.01       0.11 f
  data arrival time                                                  0.11

  clock CLK (rise edge)                                   0.00       0.00
  clock network delay (ideal)                             0.00       0.00
  clock uncertainty                                       0.05       0.05
  output external delay                                  -1.20      -1.15
  data required time                                                -1.15
  --------------------------------------------------------------------------
  data required time                                                -1.15
  data arrival time                                                 -0.11
  --------------------------------------------------------------------------
  slack (MET)                                                        1.26


  Startpoint: g_slices[0].issue_slice/dispatch/g_buffers[0].buffer/g_eb2.stream_buffer/g_buffer.data_out_r_reg[34]
              (rising edge-triggered flip-flop clocked by CLK)
  Endpoint: dispatch_if[0].data[34]
            (output port clocked by CLK)
  Path Group: VX_issue_OUT
  Path Type: min

  Des/Clust/Port     Wire Load Model       Library
  ------------------------------------------------
  VX_issue           5K_hvratio_1_1        NangateOpenCellLibrary_tt1p1v25c

  Point                                                   Incr       Path
  --------------------------------------------------------------------------
  clock CLK (rise edge)                                   0.00       0.00
  clock network delay (ideal)                             0.00       0.00
  g_slices[0].issue_slice/dispatch/g_buffers[0].buffer/g_eb2.stream_buffer/g_buffer.data_out_r_reg[34]/CK (DFF_X1)
                                                          0.00 #     0.00 r
  g_slices[0].issue_slice/dispatch/g_buffers[0].buffer/g_eb2.stream_buffer/g_buffer.data_out_r_reg[34]/Q (DFF_X1)
                                                          0.10       0.10 f
  dispatch_if[0].data[34] (out)                           0.01       0.11 f
  data arrival time                                                  0.11

  clock CLK (rise edge)                                   0.00       0.00
  clock network delay (ideal)                             0.00       0.00
  clock uncertainty                                       0.05       0.05
  output external delay                                  -1.20      -1.15
  data required time                                                -1.15
  --------------------------------------------------------------------------
  data required time                                                -1.15
  data arrival time                                                 -0.11
  --------------------------------------------------------------------------
  slack (MET)                                                        1.26


  Startpoint: g_slices[0].issue_slice/dispatch/g_buffers[0].buffer/g_eb2.stream_buffer/g_buffer.data_out_r_reg[33]
              (rising edge-triggered flip-flop clocked by CLK)
  Endpoint: dispatch_if[0].data[33]
            (output port clocked by CLK)
  Path Group: VX_issue_OUT
  Path Type: min

  Des/Clust/Port     Wire Load Model       Library
  ------------------------------------------------
  VX_issue           5K_hvratio_1_1        NangateOpenCellLibrary_tt1p1v25c

  Point                                                   Incr       Path
  --------------------------------------------------------------------------
  clock CLK (rise edge)                                   0.00       0.00
  clock network delay (ideal)                             0.00       0.00
  g_slices[0].issue_slice/dispatch/g_buffers[0].buffer/g_eb2.stream_buffer/g_buffer.data_out_r_reg[33]/CK (DFF_X1)
                                                          0.00 #     0.00 r
  g_slices[0].issue_slice/dispatch/g_buffers[0].buffer/g_eb2.stream_buffer/g_buffer.data_out_r_reg[33]/Q (DFF_X1)
                                                          0.10       0.10 f
  dispatch_if[0].data[33] (out)                           0.01       0.11 f
  data arrival time                                                  0.11

  clock CLK (rise edge)                                   0.00       0.00
  clock network delay (ideal)                             0.00       0.00
  clock uncertainty                                       0.05       0.05
  output external delay                                  -1.20      -1.15
  data required time                                                -1.15
  --------------------------------------------------------------------------
  data required time                                                -1.15
  data arrival time                                                 -0.11
  --------------------------------------------------------------------------
  slack (MET)                                                        1.26


  Startpoint: g_slices[0].issue_slice/dispatch/g_buffers[0].buffer/g_eb2.stream_buffer/g_buffer.data_out_r_reg[32]
              (rising edge-triggered flip-flop clocked by CLK)
  Endpoint: dispatch_if[0].data[32]
            (output port clocked by CLK)
  Path Group: VX_issue_OUT
  Path Type: min

  Des/Clust/Port     Wire Load Model       Library
  ------------------------------------------------
  VX_issue           5K_hvratio_1_1        NangateOpenCellLibrary_tt1p1v25c

  Point                                                   Incr       Path
  --------------------------------------------------------------------------
  clock CLK (rise edge)                                   0.00       0.00
  clock network delay (ideal)                             0.00       0.00
  g_slices[0].issue_slice/dispatch/g_buffers[0].buffer/g_eb2.stream_buffer/g_buffer.data_out_r_reg[32]/CK (DFF_X1)
                                                          0.00 #     0.00 r
  g_slices[0].issue_slice/dispatch/g_buffers[0].buffer/g_eb2.stream_buffer/g_buffer.data_out_r_reg[32]/Q (DFF_X1)
                                                          0.10       0.10 f
  dispatch_if[0].data[32] (out)                           0.01       0.11 f
  data arrival time                                                  0.11

  clock CLK (rise edge)                                   0.00       0.00
  clock network delay (ideal)                             0.00       0.00
  clock uncertainty                                       0.05       0.05
  output external delay                                  -1.20      -1.15
  data required time                                                -1.15
  --------------------------------------------------------------------------
  data required time                                                -1.15
  data arrival time                                                 -0.11
  --------------------------------------------------------------------------
  slack (MET)                                                        1.26


  Startpoint: g_slices[0].issue_slice/dispatch/g_buffers[0].buffer/g_eb2.stream_buffer/g_buffer.data_out_r_reg[31]
              (rising edge-triggered flip-flop clocked by CLK)
  Endpoint: dispatch_if[0].data[31]
            (output port clocked by CLK)
  Path Group: VX_issue_OUT
  Path Type: min

  Des/Clust/Port     Wire Load Model       Library
  ------------------------------------------------
  VX_issue           5K_hvratio_1_1        NangateOpenCellLibrary_tt1p1v25c

  Point                                                   Incr       Path
  --------------------------------------------------------------------------
  clock CLK (rise edge)                                   0.00       0.00
  clock network delay (ideal)                             0.00       0.00
  g_slices[0].issue_slice/dispatch/g_buffers[0].buffer/g_eb2.stream_buffer/g_buffer.data_out_r_reg[31]/CK (DFF_X1)
                                                          0.00 #     0.00 r
  g_slices[0].issue_slice/dispatch/g_buffers[0].buffer/g_eb2.stream_buffer/g_buffer.data_out_r_reg[31]/Q (DFF_X1)
                                                          0.10       0.10 f
  dispatch_if[0].data[31] (out)                           0.01       0.11 f
  data arrival time                                                  0.11

  clock CLK (rise edge)                                   0.00       0.00
  clock network delay (ideal)                             0.00       0.00
  clock uncertainty                                       0.05       0.05
  output external delay                                  -1.20      -1.15
  data required time                                                -1.15
  --------------------------------------------------------------------------
  data required time                                                -1.15
  data arrival time                                                 -0.11
  --------------------------------------------------------------------------
  slack (MET)                                                        1.26


  Startpoint: g_slices[0].issue_slice/dispatch/g_buffers[0].buffer/g_eb2.stream_buffer/g_buffer.data_out_r_reg[30]
              (rising edge-triggered flip-flop clocked by CLK)
  Endpoint: dispatch_if[0].data[30]
            (output port clocked by CLK)
  Path Group: VX_issue_OUT
  Path Type: min

  Des/Clust/Port     Wire Load Model       Library
  ------------------------------------------------
  VX_issue           5K_hvratio_1_1        NangateOpenCellLibrary_tt1p1v25c

  Point                                                   Incr       Path
  --------------------------------------------------------------------------
  clock CLK (rise edge)                                   0.00       0.00
  clock network delay (ideal)                             0.00       0.00
  g_slices[0].issue_slice/dispatch/g_buffers[0].buffer/g_eb2.stream_buffer/g_buffer.data_out_r_reg[30]/CK (DFF_X1)
                                                          0.00 #     0.00 r
  g_slices[0].issue_slice/dispatch/g_buffers[0].buffer/g_eb2.stream_buffer/g_buffer.data_out_r_reg[30]/Q (DFF_X1)
                                                          0.10       0.10 f
  dispatch_if[0].data[30] (out)                           0.01       0.11 f
  data arrival time                                                  0.11

  clock CLK (rise edge)                                   0.00       0.00
  clock network delay (ideal)                             0.00       0.00
  clock uncertainty                                       0.05       0.05
  output external delay                                  -1.20      -1.15
  data required time                                                -1.15
  --------------------------------------------------------------------------
  data required time                                                -1.15
  data arrival time                                                 -0.11
  --------------------------------------------------------------------------
  slack (MET)                                                        1.26


  Startpoint: g_slices[0].issue_slice/dispatch/g_buffers[0].buffer/g_eb2.stream_buffer/g_buffer.data_out_r_reg[29]
              (rising edge-triggered flip-flop clocked by CLK)
  Endpoint: dispatch_if[0].data[29]
            (output port clocked by CLK)
  Path Group: VX_issue_OUT
  Path Type: min

  Des/Clust/Port     Wire Load Model       Library
  ------------------------------------------------
  VX_issue           5K_hvratio_1_1        NangateOpenCellLibrary_tt1p1v25c

  Point                                                   Incr       Path
  --------------------------------------------------------------------------
  clock CLK (rise edge)                                   0.00       0.00
  clock network delay (ideal)                             0.00       0.00
  g_slices[0].issue_slice/dispatch/g_buffers[0].buffer/g_eb2.stream_buffer/g_buffer.data_out_r_reg[29]/CK (DFF_X1)
                                                          0.00 #     0.00 r
  g_slices[0].issue_slice/dispatch/g_buffers[0].buffer/g_eb2.stream_buffer/g_buffer.data_out_r_reg[29]/Q (DFF_X1)
                                                          0.10       0.10 f
  dispatch_if[0].data[29] (out)                           0.01       0.11 f
  data arrival time                                                  0.11

  clock CLK (rise edge)                                   0.00       0.00
  clock network delay (ideal)                             0.00       0.00
  clock uncertainty                                       0.05       0.05
  output external delay                                  -1.20      -1.15
  data required time                                                -1.15
  --------------------------------------------------------------------------
  data required time                                                -1.15
  data arrival time                                                 -0.11
  --------------------------------------------------------------------------
  slack (MET)                                                        1.26


  Startpoint: g_slices[0].issue_slice/dispatch/g_buffers[0].buffer/g_eb2.stream_buffer/g_buffer.data_out_r_reg[28]
              (rising edge-triggered flip-flop clocked by CLK)
  Endpoint: dispatch_if[0].data[28]
            (output port clocked by CLK)
  Path Group: VX_issue_OUT
  Path Type: min

  Des/Clust/Port     Wire Load Model       Library
  ------------------------------------------------
  VX_issue           5K_hvratio_1_1        NangateOpenCellLibrary_tt1p1v25c

  Point                                                   Incr       Path
  --------------------------------------------------------------------------
  clock CLK (rise edge)                                   0.00       0.00
  clock network delay (ideal)                             0.00       0.00
  g_slices[0].issue_slice/dispatch/g_buffers[0].buffer/g_eb2.stream_buffer/g_buffer.data_out_r_reg[28]/CK (DFF_X1)
                                                          0.00 #     0.00 r
  g_slices[0].issue_slice/dispatch/g_buffers[0].buffer/g_eb2.stream_buffer/g_buffer.data_out_r_reg[28]/Q (DFF_X1)
                                                          0.10       0.10 f
  dispatch_if[0].data[28] (out)                           0.01       0.11 f
  data arrival time                                                  0.11

  clock CLK (rise edge)                                   0.00       0.00
  clock network delay (ideal)                             0.00       0.00
  clock uncertainty                                       0.05       0.05
  output external delay                                  -1.20      -1.15
  data required time                                                -1.15
  --------------------------------------------------------------------------
  data required time                                                -1.15
  data arrival time                                                 -0.11
  --------------------------------------------------------------------------
  slack (MET)                                                        1.26


  Startpoint: g_slices[0].issue_slice/dispatch/g_buffers[0].buffer/g_eb2.stream_buffer/g_buffer.data_out_r_reg[27]
              (rising edge-triggered flip-flop clocked by CLK)
  Endpoint: dispatch_if[0].data[27]
            (output port clocked by CLK)
  Path Group: VX_issue_OUT
  Path Type: min

  Des/Clust/Port     Wire Load Model       Library
  ------------------------------------------------
  VX_issue           5K_hvratio_1_1        NangateOpenCellLibrary_tt1p1v25c

  Point                                                   Incr       Path
  --------------------------------------------------------------------------
  clock CLK (rise edge)                                   0.00       0.00
  clock network delay (ideal)                             0.00       0.00
  g_slices[0].issue_slice/dispatch/g_buffers[0].buffer/g_eb2.stream_buffer/g_buffer.data_out_r_reg[27]/CK (DFF_X1)
                                                          0.00 #     0.00 r
  g_slices[0].issue_slice/dispatch/g_buffers[0].buffer/g_eb2.stream_buffer/g_buffer.data_out_r_reg[27]/Q (DFF_X1)
                                                          0.10       0.10 f
  dispatch_if[0].data[27] (out)                           0.01       0.11 f
  data arrival time                                                  0.11

  clock CLK (rise edge)                                   0.00       0.00
  clock network delay (ideal)                             0.00       0.00
  clock uncertainty                                       0.05       0.05
  output external delay                                  -1.20      -1.15
  data required time                                                -1.15
  --------------------------------------------------------------------------
  data required time                                                -1.15
  data arrival time                                                 -0.11
  --------------------------------------------------------------------------
  slack (MET)                                                        1.26


  Startpoint: g_slices[0].issue_slice/dispatch/g_buffers[0].buffer/g_eb2.stream_buffer/g_buffer.data_out_r_reg[26]
              (rising edge-triggered flip-flop clocked by CLK)
  Endpoint: dispatch_if[0].data[26]
            (output port clocked by CLK)
  Path Group: VX_issue_OUT
  Path Type: min

  Des/Clust/Port     Wire Load Model       Library
  ------------------------------------------------
  VX_issue           5K_hvratio_1_1        NangateOpenCellLibrary_tt1p1v25c

  Point                                                   Incr       Path
  --------------------------------------------------------------------------
  clock CLK (rise edge)                                   0.00       0.00
  clock network delay (ideal)                             0.00       0.00
  g_slices[0].issue_slice/dispatch/g_buffers[0].buffer/g_eb2.stream_buffer/g_buffer.data_out_r_reg[26]/CK (DFF_X1)
                                                          0.00 #     0.00 r
  g_slices[0].issue_slice/dispatch/g_buffers[0].buffer/g_eb2.stream_buffer/g_buffer.data_out_r_reg[26]/Q (DFF_X1)
                                                          0.10       0.10 f
  dispatch_if[0].data[26] (out)                           0.01       0.11 f
  data arrival time                                                  0.11

  clock CLK (rise edge)                                   0.00       0.00
  clock network delay (ideal)                             0.00       0.00
  clock uncertainty                                       0.05       0.05
  output external delay                                  -1.20      -1.15
  data required time                                                -1.15
  --------------------------------------------------------------------------
  data required time                                                -1.15
  data arrival time                                                 -0.11
  --------------------------------------------------------------------------
  slack (MET)                                                        1.26


  Startpoint: g_slices[0].issue_slice/dispatch/g_buffers[0].buffer/g_eb2.stream_buffer/g_buffer.data_out_r_reg[25]
              (rising edge-triggered flip-flop clocked by CLK)
  Endpoint: dispatch_if[0].data[25]
            (output port clocked by CLK)
  Path Group: VX_issue_OUT
  Path Type: min

  Des/Clust/Port     Wire Load Model       Library
  ------------------------------------------------
  VX_issue           5K_hvratio_1_1        NangateOpenCellLibrary_tt1p1v25c

  Point                                                   Incr       Path
  --------------------------------------------------------------------------
  clock CLK (rise edge)                                   0.00       0.00
  clock network delay (ideal)                             0.00       0.00
  g_slices[0].issue_slice/dispatch/g_buffers[0].buffer/g_eb2.stream_buffer/g_buffer.data_out_r_reg[25]/CK (DFF_X1)
                                                          0.00 #     0.00 r
  g_slices[0].issue_slice/dispatch/g_buffers[0].buffer/g_eb2.stream_buffer/g_buffer.data_out_r_reg[25]/Q (DFF_X1)
                                                          0.10       0.10 f
  dispatch_if[0].data[25] (out)                           0.01       0.11 f
  data arrival time                                                  0.11

  clock CLK (rise edge)                                   0.00       0.00
  clock network delay (ideal)                             0.00       0.00
  clock uncertainty                                       0.05       0.05
  output external delay                                  -1.20      -1.15
  data required time                                                -1.15
  --------------------------------------------------------------------------
  data required time                                                -1.15
  data arrival time                                                 -0.11
  --------------------------------------------------------------------------
  slack (MET)                                                        1.26


  Startpoint: g_slices[0].issue_slice/dispatch/g_buffers[0].buffer/g_eb2.stream_buffer/g_buffer.data_out_r_reg[24]
              (rising edge-triggered flip-flop clocked by CLK)
  Endpoint: dispatch_if[0].data[24]
            (output port clocked by CLK)
  Path Group: VX_issue_OUT
  Path Type: min

  Des/Clust/Port     Wire Load Model       Library
  ------------------------------------------------
  VX_issue           5K_hvratio_1_1        NangateOpenCellLibrary_tt1p1v25c

  Point                                                   Incr       Path
  --------------------------------------------------------------------------
  clock CLK (rise edge)                                   0.00       0.00
  clock network delay (ideal)                             0.00       0.00
  g_slices[0].issue_slice/dispatch/g_buffers[0].buffer/g_eb2.stream_buffer/g_buffer.data_out_r_reg[24]/CK (DFF_X1)
                                                          0.00 #     0.00 r
  g_slices[0].issue_slice/dispatch/g_buffers[0].buffer/g_eb2.stream_buffer/g_buffer.data_out_r_reg[24]/Q (DFF_X1)
                                                          0.10       0.10 f
  dispatch_if[0].data[24] (out)                           0.01       0.11 f
  data arrival time                                                  0.11

  clock CLK (rise edge)                                   0.00       0.00
  clock network delay (ideal)                             0.00       0.00
  clock uncertainty                                       0.05       0.05
  output external delay                                  -1.20      -1.15
  data required time                                                -1.15
  --------------------------------------------------------------------------
  data required time                                                -1.15
  data arrival time                                                 -0.11
  --------------------------------------------------------------------------
  slack (MET)                                                        1.26


  Startpoint: g_slices[0].issue_slice/dispatch/g_buffers[0].buffer/g_eb2.stream_buffer/g_buffer.data_out_r_reg[23]
              (rising edge-triggered flip-flop clocked by CLK)
  Endpoint: dispatch_if[0].data[23]
            (output port clocked by CLK)
  Path Group: VX_issue_OUT
  Path Type: min

  Des/Clust/Port     Wire Load Model       Library
  ------------------------------------------------
  VX_issue           5K_hvratio_1_1        NangateOpenCellLibrary_tt1p1v25c

  Point                                                   Incr       Path
  --------------------------------------------------------------------------
  clock CLK (rise edge)                                   0.00       0.00
  clock network delay (ideal)                             0.00       0.00
  g_slices[0].issue_slice/dispatch/g_buffers[0].buffer/g_eb2.stream_buffer/g_buffer.data_out_r_reg[23]/CK (DFF_X1)
                                                          0.00 #     0.00 r
  g_slices[0].issue_slice/dispatch/g_buffers[0].buffer/g_eb2.stream_buffer/g_buffer.data_out_r_reg[23]/Q (DFF_X1)
                                                          0.10       0.10 f
  dispatch_if[0].data[23] (out)                           0.01       0.11 f
  data arrival time                                                  0.11

  clock CLK (rise edge)                                   0.00       0.00
  clock network delay (ideal)                             0.00       0.00
  clock uncertainty                                       0.05       0.05
  output external delay                                  -1.20      -1.15
  data required time                                                -1.15
  --------------------------------------------------------------------------
  data required time                                                -1.15
  data arrival time                                                 -0.11
  --------------------------------------------------------------------------
  slack (MET)                                                        1.26


  Startpoint: g_slices[0].issue_slice/dispatch/g_buffers[0].buffer/g_eb2.stream_buffer/g_buffer.data_out_r_reg[22]
              (rising edge-triggered flip-flop clocked by CLK)
  Endpoint: dispatch_if[0].data[22]
            (output port clocked by CLK)
  Path Group: VX_issue_OUT
  Path Type: min

  Des/Clust/Port     Wire Load Model       Library
  ------------------------------------------------
  VX_issue           5K_hvratio_1_1        NangateOpenCellLibrary_tt1p1v25c

  Point                                                   Incr       Path
  --------------------------------------------------------------------------
  clock CLK (rise edge)                                   0.00       0.00
  clock network delay (ideal)                             0.00       0.00
  g_slices[0].issue_slice/dispatch/g_buffers[0].buffer/g_eb2.stream_buffer/g_buffer.data_out_r_reg[22]/CK (DFF_X1)
                                                          0.00 #     0.00 r
  g_slices[0].issue_slice/dispatch/g_buffers[0].buffer/g_eb2.stream_buffer/g_buffer.data_out_r_reg[22]/Q (DFF_X1)
                                                          0.10       0.10 f
  dispatch_if[0].data[22] (out)                           0.01       0.11 f
  data arrival time                                                  0.11

  clock CLK (rise edge)                                   0.00       0.00
  clock network delay (ideal)                             0.00       0.00
  clock uncertainty                                       0.05       0.05
  output external delay                                  -1.20      -1.15
  data required time                                                -1.15
  --------------------------------------------------------------------------
  data required time                                                -1.15
  data arrival time                                                 -0.11
  --------------------------------------------------------------------------
  slack (MET)                                                        1.26


  Startpoint: g_slices[0].issue_slice/dispatch/g_buffers[0].buffer/g_eb2.stream_buffer/g_buffer.data_out_r_reg[21]
              (rising edge-triggered flip-flop clocked by CLK)
  Endpoint: dispatch_if[0].data[21]
            (output port clocked by CLK)
  Path Group: VX_issue_OUT
  Path Type: min

  Des/Clust/Port     Wire Load Model       Library
  ------------------------------------------------
  VX_issue           5K_hvratio_1_1        NangateOpenCellLibrary_tt1p1v25c

  Point                                                   Incr       Path
  --------------------------------------------------------------------------
  clock CLK (rise edge)                                   0.00       0.00
  clock network delay (ideal)                             0.00       0.00
  g_slices[0].issue_slice/dispatch/g_buffers[0].buffer/g_eb2.stream_buffer/g_buffer.data_out_r_reg[21]/CK (DFF_X1)
                                                          0.00 #     0.00 r
  g_slices[0].issue_slice/dispatch/g_buffers[0].buffer/g_eb2.stream_buffer/g_buffer.data_out_r_reg[21]/Q (DFF_X1)
                                                          0.10       0.10 f
  dispatch_if[0].data[21] (out)                           0.01       0.11 f
  data arrival time                                                  0.11

  clock CLK (rise edge)                                   0.00       0.00
  clock network delay (ideal)                             0.00       0.00
  clock uncertainty                                       0.05       0.05
  output external delay                                  -1.20      -1.15
  data required time                                                -1.15
  --------------------------------------------------------------------------
  data required time                                                -1.15
  data arrival time                                                 -0.11
  --------------------------------------------------------------------------
  slack (MET)                                                        1.26


  Startpoint: g_slices[0].issue_slice/dispatch/g_buffers[0].buffer/g_eb2.stream_buffer/g_buffer.data_out_r_reg[20]
              (rising edge-triggered flip-flop clocked by CLK)
  Endpoint: dispatch_if[0].data[20]
            (output port clocked by CLK)
  Path Group: VX_issue_OUT
  Path Type: min

  Des/Clust/Port     Wire Load Model       Library
  ------------------------------------------------
  VX_issue           5K_hvratio_1_1        NangateOpenCellLibrary_tt1p1v25c

  Point                                                   Incr       Path
  --------------------------------------------------------------------------
  clock CLK (rise edge)                                   0.00       0.00
  clock network delay (ideal)                             0.00       0.00
  g_slices[0].issue_slice/dispatch/g_buffers[0].buffer/g_eb2.stream_buffer/g_buffer.data_out_r_reg[20]/CK (DFF_X1)
                                                          0.00 #     0.00 r
  g_slices[0].issue_slice/dispatch/g_buffers[0].buffer/g_eb2.stream_buffer/g_buffer.data_out_r_reg[20]/Q (DFF_X1)
                                                          0.10       0.10 f
  dispatch_if[0].data[20] (out)                           0.01       0.11 f
  data arrival time                                                  0.11

  clock CLK (rise edge)                                   0.00       0.00
  clock network delay (ideal)                             0.00       0.00
  clock uncertainty                                       0.05       0.05
  output external delay                                  -1.20      -1.15
  data required time                                                -1.15
  --------------------------------------------------------------------------
  data required time                                                -1.15
  data arrival time                                                 -0.11
  --------------------------------------------------------------------------
  slack (MET)                                                        1.26


  Startpoint: g_slices[0].issue_slice/dispatch/g_buffers[0].buffer/g_eb2.stream_buffer/g_buffer.data_out_r_reg[19]
              (rising edge-triggered flip-flop clocked by CLK)
  Endpoint: dispatch_if[0].data[19]
            (output port clocked by CLK)
  Path Group: VX_issue_OUT
  Path Type: min

  Des/Clust/Port     Wire Load Model       Library
  ------------------------------------------------
  VX_issue           5K_hvratio_1_1        NangateOpenCellLibrary_tt1p1v25c

  Point                                                   Incr       Path
  --------------------------------------------------------------------------
  clock CLK (rise edge)                                   0.00       0.00
  clock network delay (ideal)                             0.00       0.00
  g_slices[0].issue_slice/dispatch/g_buffers[0].buffer/g_eb2.stream_buffer/g_buffer.data_out_r_reg[19]/CK (DFF_X1)
                                                          0.00 #     0.00 r
  g_slices[0].issue_slice/dispatch/g_buffers[0].buffer/g_eb2.stream_buffer/g_buffer.data_out_r_reg[19]/Q (DFF_X1)
                                                          0.10       0.10 f
  dispatch_if[0].data[19] (out)                           0.01       0.11 f
  data arrival time                                                  0.11

  clock CLK (rise edge)                                   0.00       0.00
  clock network delay (ideal)                             0.00       0.00
  clock uncertainty                                       0.05       0.05
  output external delay                                  -1.20      -1.15
  data required time                                                -1.15
  --------------------------------------------------------------------------
  data required time                                                -1.15
  data arrival time                                                 -0.11
  --------------------------------------------------------------------------
  slack (MET)                                                        1.26


  Startpoint: g_slices[0].issue_slice/dispatch/g_buffers[0].buffer/g_eb2.stream_buffer/g_buffer.data_out_r_reg[18]
              (rising edge-triggered flip-flop clocked by CLK)
  Endpoint: dispatch_if[0].data[18]
            (output port clocked by CLK)
  Path Group: VX_issue_OUT
  Path Type: min

  Des/Clust/Port     Wire Load Model       Library
  ------------------------------------------------
  VX_issue           5K_hvratio_1_1        NangateOpenCellLibrary_tt1p1v25c

  Point                                                   Incr       Path
  --------------------------------------------------------------------------
  clock CLK (rise edge)                                   0.00       0.00
  clock network delay (ideal)                             0.00       0.00
  g_slices[0].issue_slice/dispatch/g_buffers[0].buffer/g_eb2.stream_buffer/g_buffer.data_out_r_reg[18]/CK (DFF_X1)
                                                          0.00 #     0.00 r
  g_slices[0].issue_slice/dispatch/g_buffers[0].buffer/g_eb2.stream_buffer/g_buffer.data_out_r_reg[18]/Q (DFF_X1)
                                                          0.10       0.10 f
  dispatch_if[0].data[18] (out)                           0.01       0.11 f
  data arrival time                                                  0.11

  clock CLK (rise edge)                                   0.00       0.00
  clock network delay (ideal)                             0.00       0.00
  clock uncertainty                                       0.05       0.05
  output external delay                                  -1.20      -1.15
  data required time                                                -1.15
  --------------------------------------------------------------------------
  data required time                                                -1.15
  data arrival time                                                 -0.11
  --------------------------------------------------------------------------
  slack (MET)                                                        1.26


  Startpoint: g_slices[0].issue_slice/dispatch/g_buffers[0].buffer/g_eb2.stream_buffer/g_buffer.data_out_r_reg[17]
              (rising edge-triggered flip-flop clocked by CLK)
  Endpoint: dispatch_if[0].data[17]
            (output port clocked by CLK)
  Path Group: VX_issue_OUT
  Path Type: min

  Des/Clust/Port     Wire Load Model       Library
  ------------------------------------------------
  VX_issue           5K_hvratio_1_1        NangateOpenCellLibrary_tt1p1v25c

  Point                                                   Incr       Path
  --------------------------------------------------------------------------
  clock CLK (rise edge)                                   0.00       0.00
  clock network delay (ideal)                             0.00       0.00
  g_slices[0].issue_slice/dispatch/g_buffers[0].buffer/g_eb2.stream_buffer/g_buffer.data_out_r_reg[17]/CK (DFF_X1)
                                                          0.00 #     0.00 r
  g_slices[0].issue_slice/dispatch/g_buffers[0].buffer/g_eb2.stream_buffer/g_buffer.data_out_r_reg[17]/Q (DFF_X1)
                                                          0.10       0.10 f
  dispatch_if[0].data[17] (out)                           0.01       0.11 f
  data arrival time                                                  0.11

  clock CLK (rise edge)                                   0.00       0.00
  clock network delay (ideal)                             0.00       0.00
  clock uncertainty                                       0.05       0.05
  output external delay                                  -1.20      -1.15
  data required time                                                -1.15
  --------------------------------------------------------------------------
  data required time                                                -1.15
  data arrival time                                                 -0.11
  --------------------------------------------------------------------------
  slack (MET)                                                        1.26


  Startpoint: g_slices[0].issue_slice/dispatch/g_buffers[0].buffer/g_eb2.stream_buffer/g_buffer.data_out_r_reg[16]
              (rising edge-triggered flip-flop clocked by CLK)
  Endpoint: dispatch_if[0].data[16]
            (output port clocked by CLK)
  Path Group: VX_issue_OUT
  Path Type: min

  Des/Clust/Port     Wire Load Model       Library
  ------------------------------------------------
  VX_issue           5K_hvratio_1_1        NangateOpenCellLibrary_tt1p1v25c

  Point                                                   Incr       Path
  --------------------------------------------------------------------------
  clock CLK (rise edge)                                   0.00       0.00
  clock network delay (ideal)                             0.00       0.00
  g_slices[0].issue_slice/dispatch/g_buffers[0].buffer/g_eb2.stream_buffer/g_buffer.data_out_r_reg[16]/CK (DFF_X1)
                                                          0.00 #     0.00 r
  g_slices[0].issue_slice/dispatch/g_buffers[0].buffer/g_eb2.stream_buffer/g_buffer.data_out_r_reg[16]/Q (DFF_X1)
                                                          0.10       0.10 f
  dispatch_if[0].data[16] (out)                           0.01       0.11 f
  data arrival time                                                  0.11

  clock CLK (rise edge)                                   0.00       0.00
  clock network delay (ideal)                             0.00       0.00
  clock uncertainty                                       0.05       0.05
  output external delay                                  -1.20      -1.15
  data required time                                                -1.15
  --------------------------------------------------------------------------
  data required time                                                -1.15
  data arrival time                                                 -0.11
  --------------------------------------------------------------------------
  slack (MET)                                                        1.26


  Startpoint: g_slices[0].issue_slice/dispatch/g_buffers[0].buffer/g_eb2.stream_buffer/g_buffer.data_out_r_reg[15]
              (rising edge-triggered flip-flop clocked by CLK)
  Endpoint: dispatch_if[0].data[15]
            (output port clocked by CLK)
  Path Group: VX_issue_OUT
  Path Type: min

  Des/Clust/Port     Wire Load Model       Library
  ------------------------------------------------
  VX_issue           5K_hvratio_1_1        NangateOpenCellLibrary_tt1p1v25c

  Point                                                   Incr       Path
  --------------------------------------------------------------------------
  clock CLK (rise edge)                                   0.00       0.00
  clock network delay (ideal)                             0.00       0.00
  g_slices[0].issue_slice/dispatch/g_buffers[0].buffer/g_eb2.stream_buffer/g_buffer.data_out_r_reg[15]/CK (DFF_X1)
                                                          0.00 #     0.00 r
  g_slices[0].issue_slice/dispatch/g_buffers[0].buffer/g_eb2.stream_buffer/g_buffer.data_out_r_reg[15]/Q (DFF_X1)
                                                          0.10       0.10 f
  dispatch_if[0].data[15] (out)                           0.01       0.11 f
  data arrival time                                                  0.11

  clock CLK (rise edge)                                   0.00       0.00
  clock network delay (ideal)                             0.00       0.00
  clock uncertainty                                       0.05       0.05
  output external delay                                  -1.20      -1.15
  data required time                                                -1.15
  --------------------------------------------------------------------------
  data required time                                                -1.15
  data arrival time                                                 -0.11
  --------------------------------------------------------------------------
  slack (MET)                                                        1.26


  Startpoint: g_slices[0].issue_slice/dispatch/g_buffers[0].buffer/g_eb2.stream_buffer/g_buffer.data_out_r_reg[14]
              (rising edge-triggered flip-flop clocked by CLK)
  Endpoint: dispatch_if[0].data[14]
            (output port clocked by CLK)
  Path Group: VX_issue_OUT
  Path Type: min

  Des/Clust/Port     Wire Load Model       Library
  ------------------------------------------------
  VX_issue           5K_hvratio_1_1        NangateOpenCellLibrary_tt1p1v25c

  Point                                                   Incr       Path
  --------------------------------------------------------------------------
  clock CLK (rise edge)                                   0.00       0.00
  clock network delay (ideal)                             0.00       0.00
  g_slices[0].issue_slice/dispatch/g_buffers[0].buffer/g_eb2.stream_buffer/g_buffer.data_out_r_reg[14]/CK (DFF_X1)
                                                          0.00 #     0.00 r
  g_slices[0].issue_slice/dispatch/g_buffers[0].buffer/g_eb2.stream_buffer/g_buffer.data_out_r_reg[14]/Q (DFF_X1)
                                                          0.10       0.10 f
  dispatch_if[0].data[14] (out)                           0.01       0.11 f
  data arrival time                                                  0.11

  clock CLK (rise edge)                                   0.00       0.00
  clock network delay (ideal)                             0.00       0.00
  clock uncertainty                                       0.05       0.05
  output external delay                                  -1.20      -1.15
  data required time                                                -1.15
  --------------------------------------------------------------------------
  data required time                                                -1.15
  data arrival time                                                 -0.11
  --------------------------------------------------------------------------
  slack (MET)                                                        1.26


  Startpoint: g_slices[0].issue_slice/dispatch/g_buffers[0].buffer/g_eb2.stream_buffer/g_buffer.data_out_r_reg[13]
              (rising edge-triggered flip-flop clocked by CLK)
  Endpoint: dispatch_if[0].data[13]
            (output port clocked by CLK)
  Path Group: VX_issue_OUT
  Path Type: min

  Des/Clust/Port     Wire Load Model       Library
  ------------------------------------------------
  VX_issue           5K_hvratio_1_1        NangateOpenCellLibrary_tt1p1v25c

  Point                                                   Incr       Path
  --------------------------------------------------------------------------
  clock CLK (rise edge)                                   0.00       0.00
  clock network delay (ideal)                             0.00       0.00
  g_slices[0].issue_slice/dispatch/g_buffers[0].buffer/g_eb2.stream_buffer/g_buffer.data_out_r_reg[13]/CK (DFF_X1)
                                                          0.00 #     0.00 r
  g_slices[0].issue_slice/dispatch/g_buffers[0].buffer/g_eb2.stream_buffer/g_buffer.data_out_r_reg[13]/Q (DFF_X1)
                                                          0.10       0.10 f
  dispatch_if[0].data[13] (out)                           0.01       0.11 f
  data arrival time                                                  0.11

  clock CLK (rise edge)                                   0.00       0.00
  clock network delay (ideal)                             0.00       0.00
  clock uncertainty                                       0.05       0.05
  output external delay                                  -1.20      -1.15
  data required time                                                -1.15
  --------------------------------------------------------------------------
  data required time                                                -1.15
  data arrival time                                                 -0.11
  --------------------------------------------------------------------------
  slack (MET)                                                        1.26


  Startpoint: g_slices[0].issue_slice/dispatch/g_buffers[0].buffer/g_eb2.stream_buffer/g_buffer.data_out_r_reg[12]
              (rising edge-triggered flip-flop clocked by CLK)
  Endpoint: dispatch_if[0].data[12]
            (output port clocked by CLK)
  Path Group: VX_issue_OUT
  Path Type: min

  Des/Clust/Port     Wire Load Model       Library
  ------------------------------------------------
  VX_issue           5K_hvratio_1_1        NangateOpenCellLibrary_tt1p1v25c

  Point                                                   Incr       Path
  --------------------------------------------------------------------------
  clock CLK (rise edge)                                   0.00       0.00
  clock network delay (ideal)                             0.00       0.00
  g_slices[0].issue_slice/dispatch/g_buffers[0].buffer/g_eb2.stream_buffer/g_buffer.data_out_r_reg[12]/CK (DFF_X1)
                                                          0.00 #     0.00 r
  g_slices[0].issue_slice/dispatch/g_buffers[0].buffer/g_eb2.stream_buffer/g_buffer.data_out_r_reg[12]/Q (DFF_X1)
                                                          0.10       0.10 f
  dispatch_if[0].data[12] (out)                           0.01       0.11 f
  data arrival time                                                  0.11

  clock CLK (rise edge)                                   0.00       0.00
  clock network delay (ideal)                             0.00       0.00
  clock uncertainty                                       0.05       0.05
  output external delay                                  -1.20      -1.15
  data required time                                                -1.15
  --------------------------------------------------------------------------
  data required time                                                -1.15
  data arrival time                                                 -0.11
  --------------------------------------------------------------------------
  slack (MET)                                                        1.26


  Startpoint: g_slices[0].issue_slice/dispatch/g_buffers[0].buffer/g_eb2.stream_buffer/g_buffer.data_out_r_reg[11]
              (rising edge-triggered flip-flop clocked by CLK)
  Endpoint: dispatch_if[0].data[11]
            (output port clocked by CLK)
  Path Group: VX_issue_OUT
  Path Type: min

  Des/Clust/Port     Wire Load Model       Library
  ------------------------------------------------
  VX_issue           5K_hvratio_1_1        NangateOpenCellLibrary_tt1p1v25c

  Point                                                   Incr       Path
  --------------------------------------------------------------------------
  clock CLK (rise edge)                                   0.00       0.00
  clock network delay (ideal)                             0.00       0.00
  g_slices[0].issue_slice/dispatch/g_buffers[0].buffer/g_eb2.stream_buffer/g_buffer.data_out_r_reg[11]/CK (DFF_X1)
                                                          0.00 #     0.00 r
  g_slices[0].issue_slice/dispatch/g_buffers[0].buffer/g_eb2.stream_buffer/g_buffer.data_out_r_reg[11]/Q (DFF_X1)
                                                          0.10       0.10 f
  dispatch_if[0].data[11] (out)                           0.01       0.11 f
  data arrival time                                                  0.11

  clock CLK (rise edge)                                   0.00       0.00
  clock network delay (ideal)                             0.00       0.00
  clock uncertainty                                       0.05       0.05
  output external delay                                  -1.20      -1.15
  data required time                                                -1.15
  --------------------------------------------------------------------------
  data required time                                                -1.15
  data arrival time                                                 -0.11
  --------------------------------------------------------------------------
  slack (MET)                                                        1.26


  Startpoint: g_slices[0].issue_slice/dispatch/g_buffers[0].buffer/g_eb2.stream_buffer/g_buffer.data_out_r_reg[10]
              (rising edge-triggered flip-flop clocked by CLK)
  Endpoint: dispatch_if[0].data[10]
            (output port clocked by CLK)
  Path Group: VX_issue_OUT
  Path Type: min

  Des/Clust/Port     Wire Load Model       Library
  ------------------------------------------------
  VX_issue           5K_hvratio_1_1        NangateOpenCellLibrary_tt1p1v25c

  Point                                                   Incr       Path
  --------------------------------------------------------------------------
  clock CLK (rise edge)                                   0.00       0.00
  clock network delay (ideal)                             0.00       0.00
  g_slices[0].issue_slice/dispatch/g_buffers[0].buffer/g_eb2.stream_buffer/g_buffer.data_out_r_reg[10]/CK (DFF_X1)
                                                          0.00 #     0.00 r
  g_slices[0].issue_slice/dispatch/g_buffers[0].buffer/g_eb2.stream_buffer/g_buffer.data_out_r_reg[10]/Q (DFF_X1)
                                                          0.10       0.10 f
  dispatch_if[0].data[10] (out)                           0.01       0.11 f
  data arrival time                                                  0.11

  clock CLK (rise edge)                                   0.00       0.00
  clock network delay (ideal)                             0.00       0.00
  clock uncertainty                                       0.05       0.05
  output external delay                                  -1.20      -1.15
  data required time                                                -1.15
  --------------------------------------------------------------------------
  data required time                                                -1.15
  data arrival time                                                 -0.11
  --------------------------------------------------------------------------
  slack (MET)                                                        1.26


  Startpoint: g_slices[0].issue_slice/dispatch/g_buffers[0].buffer/g_eb2.stream_buffer/g_buffer.data_out_r_reg[9]
              (rising edge-triggered flip-flop clocked by CLK)
  Endpoint: dispatch_if[0].data[9]
            (output port clocked by CLK)
  Path Group: VX_issue_OUT
  Path Type: min

  Des/Clust/Port     Wire Load Model       Library
  ------------------------------------------------
  VX_issue           5K_hvratio_1_1        NangateOpenCellLibrary_tt1p1v25c

  Point                                                   Incr       Path
  --------------------------------------------------------------------------
  clock CLK (rise edge)                                   0.00       0.00
  clock network delay (ideal)                             0.00       0.00
  g_slices[0].issue_slice/dispatch/g_buffers[0].buffer/g_eb2.stream_buffer/g_buffer.data_out_r_reg[9]/CK (DFF_X1)
                                                          0.00 #     0.00 r
  g_slices[0].issue_slice/dispatch/g_buffers[0].buffer/g_eb2.stream_buffer/g_buffer.data_out_r_reg[9]/Q (DFF_X1)
                                                          0.10       0.10 f
  dispatch_if[0].data[9] (out)                            0.01       0.11 f
  data arrival time                                                  0.11

  clock CLK (rise edge)                                   0.00       0.00
  clock network delay (ideal)                             0.00       0.00
  clock uncertainty                                       0.05       0.05
  output external delay                                  -1.20      -1.15
  data required time                                                -1.15
  --------------------------------------------------------------------------
  data required time                                                -1.15
  data arrival time                                                 -0.11
  --------------------------------------------------------------------------
  slack (MET)                                                        1.26


  Startpoint: g_slices[0].issue_slice/dispatch/g_buffers[0].buffer/g_eb2.stream_buffer/g_buffer.data_out_r_reg[8]
              (rising edge-triggered flip-flop clocked by CLK)
  Endpoint: dispatch_if[0].data[8]
            (output port clocked by CLK)
  Path Group: VX_issue_OUT
  Path Type: min

  Des/Clust/Port     Wire Load Model       Library
  ------------------------------------------------
  VX_issue           5K_hvratio_1_1        NangateOpenCellLibrary_tt1p1v25c

  Point                                                   Incr       Path
  --------------------------------------------------------------------------
  clock CLK (rise edge)                                   0.00       0.00
  clock network delay (ideal)                             0.00       0.00
  g_slices[0].issue_slice/dispatch/g_buffers[0].buffer/g_eb2.stream_buffer/g_buffer.data_out_r_reg[8]/CK (DFF_X1)
                                                          0.00 #     0.00 r
  g_slices[0].issue_slice/dispatch/g_buffers[0].buffer/g_eb2.stream_buffer/g_buffer.data_out_r_reg[8]/Q (DFF_X1)
                                                          0.10       0.10 f
  dispatch_if[0].data[8] (out)                            0.01       0.11 f
  data arrival time                                                  0.11

  clock CLK (rise edge)                                   0.00       0.00
  clock network delay (ideal)                             0.00       0.00
  clock uncertainty                                       0.05       0.05
  output external delay                                  -1.20      -1.15
  data required time                                                -1.15
  --------------------------------------------------------------------------
  data required time                                                -1.15
  data arrival time                                                 -0.11
  --------------------------------------------------------------------------
  slack (MET)                                                        1.26


  Startpoint: g_slices[0].issue_slice/dispatch/g_buffers[0].buffer/g_eb2.stream_buffer/g_buffer.data_out_r_reg[7]
              (rising edge-triggered flip-flop clocked by CLK)
  Endpoint: dispatch_if[0].data[7]
            (output port clocked by CLK)
  Path Group: VX_issue_OUT
  Path Type: min

  Des/Clust/Port     Wire Load Model       Library
  ------------------------------------------------
  VX_issue           5K_hvratio_1_1        NangateOpenCellLibrary_tt1p1v25c

  Point                                                   Incr       Path
  --------------------------------------------------------------------------
  clock CLK (rise edge)                                   0.00       0.00
  clock network delay (ideal)                             0.00       0.00
  g_slices[0].issue_slice/dispatch/g_buffers[0].buffer/g_eb2.stream_buffer/g_buffer.data_out_r_reg[7]/CK (DFF_X1)
                                                          0.00 #     0.00 r
  g_slices[0].issue_slice/dispatch/g_buffers[0].buffer/g_eb2.stream_buffer/g_buffer.data_out_r_reg[7]/Q (DFF_X1)
                                                          0.10       0.10 f
  dispatch_if[0].data[7] (out)                            0.01       0.11 f
  data arrival time                                                  0.11

  clock CLK (rise edge)                                   0.00       0.00
  clock network delay (ideal)                             0.00       0.00
  clock uncertainty                                       0.05       0.05
  output external delay                                  -1.20      -1.15
  data required time                                                -1.15
  --------------------------------------------------------------------------
  data required time                                                -1.15
  data arrival time                                                 -0.11
  --------------------------------------------------------------------------
  slack (MET)                                                        1.26


  Startpoint: g_slices[0].issue_slice/dispatch/g_buffers[0].buffer/g_eb2.stream_buffer/g_buffer.data_out_r_reg[6]
              (rising edge-triggered flip-flop clocked by CLK)
  Endpoint: dispatch_if[0].data[6]
            (output port clocked by CLK)
  Path Group: VX_issue_OUT
  Path Type: min

  Des/Clust/Port     Wire Load Model       Library
  ------------------------------------------------
  VX_issue           5K_hvratio_1_1        NangateOpenCellLibrary_tt1p1v25c

  Point                                                   Incr       Path
  --------------------------------------------------------------------------
  clock CLK (rise edge)                                   0.00       0.00
  clock network delay (ideal)                             0.00       0.00
  g_slices[0].issue_slice/dispatch/g_buffers[0].buffer/g_eb2.stream_buffer/g_buffer.data_out_r_reg[6]/CK (DFF_X1)
                                                          0.00 #     0.00 r
  g_slices[0].issue_slice/dispatch/g_buffers[0].buffer/g_eb2.stream_buffer/g_buffer.data_out_r_reg[6]/Q (DFF_X1)
                                                          0.10       0.10 f
  dispatch_if[0].data[6] (out)                            0.01       0.11 f
  data arrival time                                                  0.11

  clock CLK (rise edge)                                   0.00       0.00
  clock network delay (ideal)                             0.00       0.00
  clock uncertainty                                       0.05       0.05
  output external delay                                  -1.20      -1.15
  data required time                                                -1.15
  --------------------------------------------------------------------------
  data required time                                                -1.15
  data arrival time                                                 -0.11
  --------------------------------------------------------------------------
  slack (MET)                                                        1.26


  Startpoint: g_slices[0].issue_slice/dispatch/g_buffers[0].buffer/g_eb2.stream_buffer/g_buffer.data_out_r_reg[5]
              (rising edge-triggered flip-flop clocked by CLK)
  Endpoint: dispatch_if[0].data[5]
            (output port clocked by CLK)
  Path Group: VX_issue_OUT
  Path Type: min

  Des/Clust/Port     Wire Load Model       Library
  ------------------------------------------------
  VX_issue           5K_hvratio_1_1        NangateOpenCellLibrary_tt1p1v25c

  Point                                                   Incr       Path
  --------------------------------------------------------------------------
  clock CLK (rise edge)                                   0.00       0.00
  clock network delay (ideal)                             0.00       0.00
  g_slices[0].issue_slice/dispatch/g_buffers[0].buffer/g_eb2.stream_buffer/g_buffer.data_out_r_reg[5]/CK (DFF_X1)
                                                          0.00 #     0.00 r
  g_slices[0].issue_slice/dispatch/g_buffers[0].buffer/g_eb2.stream_buffer/g_buffer.data_out_r_reg[5]/Q (DFF_X1)
                                                          0.10       0.10 f
  dispatch_if[0].data[5] (out)                            0.01       0.11 f
  data arrival time                                                  0.11

  clock CLK (rise edge)                                   0.00       0.00
  clock network delay (ideal)                             0.00       0.00
  clock uncertainty                                       0.05       0.05
  output external delay                                  -1.20      -1.15
  data required time                                                -1.15
  --------------------------------------------------------------------------
  data required time                                                -1.15
  data arrival time                                                 -0.11
  --------------------------------------------------------------------------
  slack (MET)                                                        1.26


  Startpoint: g_slices[0].issue_slice/dispatch/g_buffers[0].buffer/g_eb2.stream_buffer/g_buffer.data_out_r_reg[4]
              (rising edge-triggered flip-flop clocked by CLK)
  Endpoint: dispatch_if[0].data[4]
            (output port clocked by CLK)
  Path Group: VX_issue_OUT
  Path Type: min

  Des/Clust/Port     Wire Load Model       Library
  ------------------------------------------------
  VX_issue           5K_hvratio_1_1        NangateOpenCellLibrary_tt1p1v25c

  Point                                                   Incr       Path
  --------------------------------------------------------------------------
  clock CLK (rise edge)                                   0.00       0.00
  clock network delay (ideal)                             0.00       0.00
  g_slices[0].issue_slice/dispatch/g_buffers[0].buffer/g_eb2.stream_buffer/g_buffer.data_out_r_reg[4]/CK (DFF_X1)
                                                          0.00 #     0.00 r
  g_slices[0].issue_slice/dispatch/g_buffers[0].buffer/g_eb2.stream_buffer/g_buffer.data_out_r_reg[4]/Q (DFF_X1)
                                                          0.10       0.10 f
  dispatch_if[0].data[4] (out)                            0.01       0.11 f
  data arrival time                                                  0.11

  clock CLK (rise edge)                                   0.00       0.00
  clock network delay (ideal)                             0.00       0.00
  clock uncertainty                                       0.05       0.05
  output external delay                                  -1.20      -1.15
  data required time                                                -1.15
  --------------------------------------------------------------------------
  data required time                                                -1.15
  data arrival time                                                 -0.11
  --------------------------------------------------------------------------
  slack (MET)                                                        1.26


  Startpoint: g_slices[0].issue_slice/dispatch/g_buffers[0].buffer/g_eb2.stream_buffer/g_buffer.data_out_r_reg[3]
              (rising edge-triggered flip-flop clocked by CLK)
  Endpoint: dispatch_if[0].data[3]
            (output port clocked by CLK)
  Path Group: VX_issue_OUT
  Path Type: min

  Des/Clust/Port     Wire Load Model       Library
  ------------------------------------------------
  VX_issue           5K_hvratio_1_1        NangateOpenCellLibrary_tt1p1v25c

  Point                                                   Incr       Path
  --------------------------------------------------------------------------
  clock CLK (rise edge)                                   0.00       0.00
  clock network delay (ideal)                             0.00       0.00
  g_slices[0].issue_slice/dispatch/g_buffers[0].buffer/g_eb2.stream_buffer/g_buffer.data_out_r_reg[3]/CK (DFF_X1)
                                                          0.00 #     0.00 r
  g_slices[0].issue_slice/dispatch/g_buffers[0].buffer/g_eb2.stream_buffer/g_buffer.data_out_r_reg[3]/Q (DFF_X1)
                                                          0.10       0.10 f
  dispatch_if[0].data[3] (out)                            0.01       0.11 f
  data arrival time                                                  0.11

  clock CLK (rise edge)                                   0.00       0.00
  clock network delay (ideal)                             0.00       0.00
  clock uncertainty                                       0.05       0.05
  output external delay                                  -1.20      -1.15
  data required time                                                -1.15
  --------------------------------------------------------------------------
  data required time                                                -1.15
  data arrival time                                                 -0.11
  --------------------------------------------------------------------------
  slack (MET)                                                        1.26


  Startpoint: g_slices[0].issue_slice/dispatch/g_buffers[0].buffer/g_eb2.stream_buffer/g_buffer.data_out_r_reg[2]
              (rising edge-triggered flip-flop clocked by CLK)
  Endpoint: dispatch_if[0].data[2]
            (output port clocked by CLK)
  Path Group: VX_issue_OUT
  Path Type: min

  Des/Clust/Port     Wire Load Model       Library
  ------------------------------------------------
  VX_issue           5K_hvratio_1_1        NangateOpenCellLibrary_tt1p1v25c

  Point                                                   Incr       Path
  --------------------------------------------------------------------------
  clock CLK (rise edge)                                   0.00       0.00
  clock network delay (ideal)                             0.00       0.00
  g_slices[0].issue_slice/dispatch/g_buffers[0].buffer/g_eb2.stream_buffer/g_buffer.data_out_r_reg[2]/CK (DFF_X1)
                                                          0.00 #     0.00 r
  g_slices[0].issue_slice/dispatch/g_buffers[0].buffer/g_eb2.stream_buffer/g_buffer.data_out_r_reg[2]/Q (DFF_X1)
                                                          0.10       0.10 f
  dispatch_if[0].data[2] (out)                            0.01       0.11 f
  data arrival time                                                  0.11

  clock CLK (rise edge)                                   0.00       0.00
  clock network delay (ideal)                             0.00       0.00
  clock uncertainty                                       0.05       0.05
  output external delay                                  -1.20      -1.15
  data required time                                                -1.15
  --------------------------------------------------------------------------
  data required time                                                -1.15
  data arrival time                                                 -0.11
  --------------------------------------------------------------------------
  slack (MET)                                                        1.26


  Startpoint: decode_if.data[wid][1]
              (input port clocked by CLK)
  Endpoint: decode_if.ready
            (output port clocked by CLK)
  Path Group: VX_issue_in_out
  Path Type: min

  Des/Clust/Port     Wire Load Model       Library
  ------------------------------------------------
  VX_issue           5K_hvratio_1_1        NangateOpenCellLibrary_tt1p1v25c

  Point                                    Incr       Path
  -----------------------------------------------------------
  clock CLK (rise edge)                    0.00       0.00
  clock network delay (ideal)              0.00       0.00
  input external delay                     1.20       1.20 f
  decode_if.data[wid][1] (in)              0.01       1.21 f
  U98114/ZN (NOR3_X1)                      0.06       1.28 r
  U176821/ZN (OR4_X1)                      0.04       1.32 r
  decode_if.ready (out)                    0.01       1.32 r
  data arrival time                                   1.32

  clock CLK (rise edge)                    0.00       0.00
  clock network delay (ideal)              0.00       0.00
  clock uncertainty                        0.05       0.05
  output external delay                   -1.20      -1.15
  data required time                                 -1.15
  -----------------------------------------------------------
  data required time                                 -1.15
  data arrival time                                  -1.32
  -----------------------------------------------------------
  slack (MET)                                         2.47


1
