 
****************************************
Report : timing
        -path full
        -delay max
        -max_paths 100
Design : VX_issue
Version: K-2015.06
Date   : Wed Jun  3 00:53:35 2026
****************************************

 # A fanout number of 1000 was used for high fanout net computations.

Operating Conditions: slow   Library: NangateOpenCellLibrary_ss0p95v125c
Wire Load Model Mode: top

  Startpoint: g_slices[0].issue_slice/scoreboard/g_stanging_bufs[2].stanging_buf/g_register.g_pipe_regs[0].pipe_register/g_shift_register/g_shift.pipe_reg[0][106]
              (rising edge-triggered flip-flop clocked by CLK)
  Endpoint: g_slices[0].issue_slice/scoreboard/g_scoreboard[1].operands_ready_r_reg
            (rising edge-triggered flip-flop clocked by CLK)
  Path Group: CLK
  Path Type: max

  Des/Clust/Port     Wire Load Model       Library
  ------------------------------------------------
  VX_issue           5K_hvratio_1_1        NangateOpenCellLibrary_tt1p1v25c

  Point                                                   Incr       Path
  --------------------------------------------------------------------------
  clock CLK (rise edge)                                   0.00       0.00
  clock network delay (ideal)                             0.00       0.00
  g_slices[0].issue_slice/scoreboard/g_stanging_bufs[2].stanging_buf/g_register.g_pipe_regs[0].pipe_register/g_shift_register/g_shift.pipe_reg[0][106]/CK (DFF_X1)
                                                          0.00 #     0.00 r
  g_slices[0].issue_slice/scoreboard/g_stanging_bufs[2].stanging_buf/g_register.g_pipe_regs[0].pipe_register/g_shift_register/g_shift.pipe_reg[0][106]/Q (DFF_X1)
                                                          0.10       0.10 f
  U98052/ZN (NAND2_X1)                                    0.04       0.14 r
  U98082/ZN (NOR3_X1)                                     0.03       0.17 f
  U98083/ZN (NOR2_X1)                                     0.07       0.24 r
  U98085/ZN (NAND2_X1)                                    0.04       0.28 f
  U98086/ZN (AOI21_X1)                                    0.07       0.35 r
  U98102/ZN (OAI211_X1)                                   0.10       0.45 f
  U95268/Z (BUF_X2)                                       0.10       0.55 f
  U98103/ZN (INV_X1)                                      0.19       0.74 r
  U98104/ZN (NAND2_X1)                                    0.09       0.84 f
  U95241/ZN (NAND2_X2)                                    0.18       1.01 r
  U98105/ZN (INV_X2)                                      0.18       1.19 f
  U98106/ZN (NOR2_X1)                                     0.20       1.39 r
  U98107/ZN (INV_X1)                                      0.07       1.46 f
  U102986/ZN (NAND2_X1)                                   0.07       1.53 r
  U98022/ZN (NOR2_X2)                                     0.06       1.59 f
  U103342/ZN (INV_X1)                                     0.14       1.72 r
  U103427/ZN (OAI22_X1)                                   0.05       1.78 f
  U103428/ZN (OR4_X1)                                     0.13       1.90 f
  U103434/ZN (AOI22_X1)                                   0.05       1.96 r
  U103491/ZN (NAND4_X1)                                   0.04       2.00 f
  U103492/ZN (AOI211_X1)                                  0.08       2.08 r
  U103493/ZN (OAI211_X1)                                  0.05       2.12 f
  U103723/ZN (NOR4_X1)                                    0.09       2.21 r
  g_slices[0].issue_slice/scoreboard/g_scoreboard[1].operands_ready_r_reg/D (DFF_X1)
                                                          0.01       2.22 r
  data arrival time                                                  2.22

  clock CLK (rise edge)                                   4.00       4.00
  clock network delay (ideal)                             0.00       4.00
  clock uncertainty                                      -0.25       3.75
  g_slices[0].issue_slice/scoreboard/g_scoreboard[1].operands_ready_r_reg/CK (DFF_X1)
                                                          0.00       3.75 r
  library setup time                                     -0.04       3.71
  data required time                                                 3.71
  --------------------------------------------------------------------------
  data required time                                                 3.71
  data arrival time                                                 -2.22
  --------------------------------------------------------------------------
  slack (MET)                                                        1.49


  Startpoint: g_slices[0].issue_slice/scoreboard/g_stanging_bufs[2].stanging_buf/g_register.g_pipe_regs[0].pipe_register/g_shift_register/g_shift.pipe_reg[0][106]
              (rising edge-triggered flip-flop clocked by CLK)
  Endpoint: g_slices[0].issue_slice/ibuffer/g_instr_bufs[1].instr_buf/g_ebN.fifo_queue/g_depth_n.g_out_reg.data_out_r_reg[45]
            (rising edge-triggered flip-flop clocked by CLK)
  Path Group: CLK
  Path Type: max

  Des/Clust/Port     Wire Load Model       Library
  ------------------------------------------------
  VX_issue           5K_hvratio_1_1        NangateOpenCellLibrary_tt1p1v25c

  Point                                                   Incr       Path
  --------------------------------------------------------------------------
  clock CLK (rise edge)                                   0.00       0.00
  clock network delay (ideal)                             0.00       0.00
  g_slices[0].issue_slice/scoreboard/g_stanging_bufs[2].stanging_buf/g_register.g_pipe_regs[0].pipe_register/g_shift_register/g_shift.pipe_reg[0][106]/CK (DFF_X1)
                                                          0.00 #     0.00 r
  g_slices[0].issue_slice/scoreboard/g_stanging_bufs[2].stanging_buf/g_register.g_pipe_regs[0].pipe_register/g_shift_register/g_shift.pipe_reg[0][106]/Q (DFF_X1)
                                                          0.10       0.10 f
  U98052/ZN (NAND2_X1)                                    0.04       0.14 r
  U98082/ZN (NOR3_X1)                                     0.03       0.17 f
  U98083/ZN (NOR2_X1)                                     0.07       0.24 r
  U98085/ZN (NAND2_X1)                                    0.04       0.28 f
  U98086/ZN (AOI21_X1)                                    0.07       0.35 r
  U98102/ZN (OAI211_X1)                                   0.10       0.45 f
  U95268/Z (BUF_X2)                                       0.10       0.55 f
  U98103/ZN (INV_X1)                                      0.19       0.74 r
  U98104/ZN (NAND2_X1)                                    0.09       0.84 f
  U95241/ZN (NAND2_X2)                                    0.18       1.01 r
  U98105/ZN (INV_X2)                                      0.18       1.19 f
  U98106/ZN (NOR2_X1)                                     0.20       1.39 r
  U98107/ZN (INV_X1)                                      0.07       1.46 f
  U98027/ZN (NOR4_X2)                                     0.22       1.68 r
  U97959/Z (CLKBUF_X1)                                    0.21       1.88 r
  U97961/Z (CLKBUF_X1)                                    0.22       2.10 r
  U144518/ZN (AOI22_X1)                                   0.05       2.15 f
  U144519/ZN (NAND3_X1)                                   0.04       2.20 r
  g_slices[0].issue_slice/ibuffer/g_instr_bufs[1].instr_buf/g_ebN.fifo_queue/g_depth_n.g_out_reg.data_out_r_reg[45]/D (DFF_X1)
                                                          0.01       2.21 r
  data arrival time                                                  2.21

  clock CLK (rise edge)                                   4.00       4.00
  clock network delay (ideal)                             0.00       4.00
  clock uncertainty                                      -0.25       3.75
  g_slices[0].issue_slice/ibuffer/g_instr_bufs[1].instr_buf/g_ebN.fifo_queue/g_depth_n.g_out_reg.data_out_r_reg[45]/CK (DFF_X1)
                                                          0.00       3.75 r
  library setup time                                     -0.03       3.72
  data required time                                                 3.72
  --------------------------------------------------------------------------
  data required time                                                 3.72
  data arrival time                                                 -2.21
  --------------------------------------------------------------------------
  slack (MET)                                                        1.51


  Startpoint: g_slices[0].issue_slice/scoreboard/g_stanging_bufs[2].stanging_buf/g_register.g_pipe_regs[0].pipe_register/g_shift_register/g_shift.pipe_reg[0][106]
              (rising edge-triggered flip-flop clocked by CLK)
  Endpoint: g_slices[0].issue_slice/ibuffer/g_instr_bufs[1].instr_buf/g_ebN.fifo_queue/g_depth_n.g_out_reg.data_out_r_reg[47]
            (rising edge-triggered flip-flop clocked by CLK)
  Path Group: CLK
  Path Type: max

  Des/Clust/Port     Wire Load Model       Library
  ------------------------------------------------
  VX_issue           5K_hvratio_1_1        NangateOpenCellLibrary_tt1p1v25c

  Point                                                   Incr       Path
  --------------------------------------------------------------------------
  clock CLK (rise edge)                                   0.00       0.00
  clock network delay (ideal)                             0.00       0.00
  g_slices[0].issue_slice/scoreboard/g_stanging_bufs[2].stanging_buf/g_register.g_pipe_regs[0].pipe_register/g_shift_register/g_shift.pipe_reg[0][106]/CK (DFF_X1)
                                                          0.00 #     0.00 r
  g_slices[0].issue_slice/scoreboard/g_stanging_bufs[2].stanging_buf/g_register.g_pipe_regs[0].pipe_register/g_shift_register/g_shift.pipe_reg[0][106]/Q (DFF_X1)
                                                          0.10       0.10 f
  U98052/ZN (NAND2_X1)                                    0.04       0.14 r
  U98082/ZN (NOR3_X1)                                     0.03       0.17 f
  U98083/ZN (NOR2_X1)                                     0.07       0.24 r
  U98085/ZN (NAND2_X1)                                    0.04       0.28 f
  U98086/ZN (AOI21_X1)                                    0.07       0.35 r
  U98102/ZN (OAI211_X1)                                   0.10       0.45 f
  U95268/Z (BUF_X2)                                       0.10       0.55 f
  U98103/ZN (INV_X1)                                      0.19       0.74 r
  U98104/ZN (NAND2_X1)                                    0.09       0.84 f
  U95241/ZN (NAND2_X2)                                    0.18       1.01 r
  U98105/ZN (INV_X2)                                      0.18       1.19 f
  U98106/ZN (NOR2_X1)                                     0.20       1.39 r
  U98107/ZN (INV_X1)                                      0.07       1.46 f
  U98027/ZN (NOR4_X2)                                     0.22       1.68 r
  U97959/Z (CLKBUF_X1)                                    0.21       1.88 r
  U97961/Z (CLKBUF_X1)                                    0.22       2.10 r
  U144526/ZN (AOI22_X1)                                   0.05       2.15 f
  U144527/ZN (NAND3_X1)                                   0.04       2.20 r
  g_slices[0].issue_slice/ibuffer/g_instr_bufs[1].instr_buf/g_ebN.fifo_queue/g_depth_n.g_out_reg.data_out_r_reg[47]/D (DFF_X1)
                                                          0.01       2.21 r
  data arrival time                                                  2.21

  clock CLK (rise edge)                                   4.00       4.00
  clock network delay (ideal)                             0.00       4.00
  clock uncertainty                                      -0.25       3.75
  g_slices[0].issue_slice/ibuffer/g_instr_bufs[1].instr_buf/g_ebN.fifo_queue/g_depth_n.g_out_reg.data_out_r_reg[47]/CK (DFF_X1)
                                                          0.00       3.75 r
  library setup time                                     -0.03       3.72
  data required time                                                 3.72
  --------------------------------------------------------------------------
  data required time                                                 3.72
  data arrival time                                                 -2.21
  --------------------------------------------------------------------------
  slack (MET)                                                        1.51


  Startpoint: g_slices[0].issue_slice/scoreboard/g_stanging_bufs[2].stanging_buf/g_register.g_pipe_regs[0].pipe_register/g_shift_register/g_shift.pipe_reg[0][106]
              (rising edge-triggered flip-flop clocked by CLK)
  Endpoint: g_slices[0].issue_slice/ibuffer/g_instr_bufs[1].instr_buf/g_ebN.fifo_queue/g_depth_n.g_out_reg.data_out_r_reg[56]
            (rising edge-triggered flip-flop clocked by CLK)
  Path Group: CLK
  Path Type: max

  Des/Clust/Port     Wire Load Model       Library
  ------------------------------------------------
  VX_issue           5K_hvratio_1_1        NangateOpenCellLibrary_tt1p1v25c

  Point                                                   Incr       Path
  --------------------------------------------------------------------------
  clock CLK (rise edge)                                   0.00       0.00
  clock network delay (ideal)                             0.00       0.00
  g_slices[0].issue_slice/scoreboard/g_stanging_bufs[2].stanging_buf/g_register.g_pipe_regs[0].pipe_register/g_shift_register/g_shift.pipe_reg[0][106]/CK (DFF_X1)
                                                          0.00 #     0.00 r
  g_slices[0].issue_slice/scoreboard/g_stanging_bufs[2].stanging_buf/g_register.g_pipe_regs[0].pipe_register/g_shift_register/g_shift.pipe_reg[0][106]/Q (DFF_X1)
                                                          0.10       0.10 f
  U98052/ZN (NAND2_X1)                                    0.04       0.14 r
  U98082/ZN (NOR3_X1)                                     0.03       0.17 f
  U98083/ZN (NOR2_X1)                                     0.07       0.24 r
  U98085/ZN (NAND2_X1)                                    0.04       0.28 f
  U98086/ZN (AOI21_X1)                                    0.07       0.35 r
  U98102/ZN (OAI211_X1)                                   0.10       0.45 f
  U95268/Z (BUF_X2)                                       0.10       0.55 f
  U98103/ZN (INV_X1)                                      0.19       0.74 r
  U98104/ZN (NAND2_X1)                                    0.09       0.84 f
  U95241/ZN (NAND2_X2)                                    0.18       1.01 r
  U98105/ZN (INV_X2)                                      0.18       1.19 f
  U98106/ZN (NOR2_X1)                                     0.20       1.39 r
  U98107/ZN (INV_X1)                                      0.07       1.46 f
  U98027/ZN (NOR4_X2)                                     0.22       1.68 r
  U97959/Z (CLKBUF_X1)                                    0.21       1.88 r
  U97961/Z (CLKBUF_X1)                                    0.22       2.10 r
  U144562/ZN (AOI22_X1)                                   0.05       2.15 f
  U144563/ZN (NAND3_X1)                                   0.04       2.20 r
  g_slices[0].issue_slice/ibuffer/g_instr_bufs[1].instr_buf/g_ebN.fifo_queue/g_depth_n.g_out_reg.data_out_r_reg[56]/D (DFF_X1)
                                                          0.01       2.21 r
  data arrival time                                                  2.21

  clock CLK (rise edge)                                   4.00       4.00
  clock network delay (ideal)                             0.00       4.00
  clock uncertainty                                      -0.25       3.75
  g_slices[0].issue_slice/ibuffer/g_instr_bufs[1].instr_buf/g_ebN.fifo_queue/g_depth_n.g_out_reg.data_out_r_reg[56]/CK (DFF_X1)
                                                          0.00       3.75 r
  library setup time                                     -0.03       3.72
  data required time                                                 3.72
  --------------------------------------------------------------------------
  data required time                                                 3.72
  data arrival time                                                 -2.21
  --------------------------------------------------------------------------
  slack (MET)                                                        1.51


  Startpoint: g_slices[0].issue_slice/scoreboard/g_stanging_bufs[2].stanging_buf/g_register.g_pipe_regs[0].pipe_register/g_shift_register/g_shift.pipe_reg[0][106]
              (rising edge-triggered flip-flop clocked by CLK)
  Endpoint: g_slices[0].issue_slice/ibuffer/g_instr_bufs[1].instr_buf/g_ebN.fifo_queue/g_depth_n.g_out_reg.data_out_r_reg[88]
            (rising edge-triggered flip-flop clocked by CLK)
  Path Group: CLK
  Path Type: max

  Des/Clust/Port     Wire Load Model       Library
  ------------------------------------------------
  VX_issue           5K_hvratio_1_1        NangateOpenCellLibrary_tt1p1v25c

  Point                                                   Incr       Path
  --------------------------------------------------------------------------
  clock CLK (rise edge)                                   0.00       0.00
  clock network delay (ideal)                             0.00       0.00
  g_slices[0].issue_slice/scoreboard/g_stanging_bufs[2].stanging_buf/g_register.g_pipe_regs[0].pipe_register/g_shift_register/g_shift.pipe_reg[0][106]/CK (DFF_X1)
                                                          0.00 #     0.00 r
  g_slices[0].issue_slice/scoreboard/g_stanging_bufs[2].stanging_buf/g_register.g_pipe_regs[0].pipe_register/g_shift_register/g_shift.pipe_reg[0][106]/Q (DFF_X1)
                                                          0.10       0.10 f
  U98052/ZN (NAND2_X1)                                    0.04       0.14 r
  U98082/ZN (NOR3_X1)                                     0.03       0.17 f
  U98083/ZN (NOR2_X1)                                     0.07       0.24 r
  U98085/ZN (NAND2_X1)                                    0.04       0.28 f
  U98086/ZN (AOI21_X1)                                    0.07       0.35 r
  U98102/ZN (OAI211_X1)                                   0.10       0.45 f
  U95268/Z (BUF_X2)                                       0.10       0.55 f
  U98103/ZN (INV_X1)                                      0.19       0.74 r
  U98104/ZN (NAND2_X1)                                    0.09       0.84 f
  U95241/ZN (NAND2_X2)                                    0.18       1.01 r
  U98105/ZN (INV_X2)                                      0.18       1.19 f
  U98106/ZN (NOR2_X1)                                     0.20       1.39 r
  U98107/ZN (INV_X1)                                      0.07       1.46 f
  U98027/ZN (NOR4_X2)                                     0.22       1.68 r
  U97959/Z (CLKBUF_X1)                                    0.21       1.88 r
  U97961/Z (CLKBUF_X1)                                    0.22       2.10 r
  U144690/ZN (AOI22_X1)                                   0.05       2.15 f
  U144691/ZN (NAND3_X1)                                   0.04       2.20 r
  g_slices[0].issue_slice/ibuffer/g_instr_bufs[1].instr_buf/g_ebN.fifo_queue/g_depth_n.g_out_reg.data_out_r_reg[88]/D (DFF_X1)
                                                          0.01       2.21 r
  data arrival time                                                  2.21

  clock CLK (rise edge)                                   4.00       4.00
  clock network delay (ideal)                             0.00       4.00
  clock uncertainty                                      -0.25       3.75
  g_slices[0].issue_slice/ibuffer/g_instr_bufs[1].instr_buf/g_ebN.fifo_queue/g_depth_n.g_out_reg.data_out_r_reg[88]/CK (DFF_X1)
                                                          0.00       3.75 r
  library setup time                                     -0.03       3.72
  data required time                                                 3.72
  --------------------------------------------------------------------------
  data required time                                                 3.72
  data arrival time                                                 -2.21
  --------------------------------------------------------------------------
  slack (MET)                                                        1.51


  Startpoint: g_slices[0].issue_slice/scoreboard/g_stanging_bufs[2].stanging_buf/g_register.g_pipe_regs[0].pipe_register/g_shift_register/g_shift.pipe_reg[0][106]
              (rising edge-triggered flip-flop clocked by CLK)
  Endpoint: g_slices[0].issue_slice/ibuffer/g_instr_bufs[1].instr_buf/g_ebN.fifo_queue/g_depth_n.g_out_reg.data_out_r_reg[96]
            (rising edge-triggered flip-flop clocked by CLK)
  Path Group: CLK
  Path Type: max

  Des/Clust/Port     Wire Load Model       Library
  ------------------------------------------------
  VX_issue           5K_hvratio_1_1        NangateOpenCellLibrary_tt1p1v25c

  Point                                                   Incr       Path
  --------------------------------------------------------------------------
  clock CLK (rise edge)                                   0.00       0.00
  clock network delay (ideal)                             0.00       0.00
  g_slices[0].issue_slice/scoreboard/g_stanging_bufs[2].stanging_buf/g_register.g_pipe_regs[0].pipe_register/g_shift_register/g_shift.pipe_reg[0][106]/CK (DFF_X1)
                                                          0.00 #     0.00 r
  g_slices[0].issue_slice/scoreboard/g_stanging_bufs[2].stanging_buf/g_register.g_pipe_regs[0].pipe_register/g_shift_register/g_shift.pipe_reg[0][106]/Q (DFF_X1)
                                                          0.10       0.10 f
  U98052/ZN (NAND2_X1)                                    0.04       0.14 r
  U98082/ZN (NOR3_X1)                                     0.03       0.17 f
  U98083/ZN (NOR2_X1)                                     0.07       0.24 r
  U98085/ZN (NAND2_X1)                                    0.04       0.28 f
  U98086/ZN (AOI21_X1)                                    0.07       0.35 r
  U98102/ZN (OAI211_X1)                                   0.10       0.45 f
  U95268/Z (BUF_X2)                                       0.10       0.55 f
  U98103/ZN (INV_X1)                                      0.19       0.74 r
  U98104/ZN (NAND2_X1)                                    0.09       0.84 f
  U95241/ZN (NAND2_X2)                                    0.18       1.01 r
  U98105/ZN (INV_X2)                                      0.18       1.19 f
  U98106/ZN (NOR2_X1)                                     0.20       1.39 r
  U98107/ZN (INV_X1)                                      0.07       1.46 f
  U98027/ZN (NOR4_X2)                                     0.22       1.68 r
  U97959/Z (CLKBUF_X1)                                    0.21       1.88 r
  U97961/Z (CLKBUF_X1)                                    0.22       2.10 r
  U144722/ZN (AOI22_X1)                                   0.05       2.15 f
  U144723/ZN (NAND3_X1)                                   0.04       2.20 r
  g_slices[0].issue_slice/ibuffer/g_instr_bufs[1].instr_buf/g_ebN.fifo_queue/g_depth_n.g_out_reg.data_out_r_reg[96]/D (DFF_X1)
                                                          0.01       2.21 r
  data arrival time                                                  2.21

  clock CLK (rise edge)                                   4.00       4.00
  clock network delay (ideal)                             0.00       4.00
  clock uncertainty                                      -0.25       3.75
  g_slices[0].issue_slice/ibuffer/g_instr_bufs[1].instr_buf/g_ebN.fifo_queue/g_depth_n.g_out_reg.data_out_r_reg[96]/CK (DFF_X1)
                                                          0.00       3.75 r
  library setup time                                     -0.03       3.72
  data required time                                                 3.72
  --------------------------------------------------------------------------
  data required time                                                 3.72
  data arrival time                                                 -2.21
  --------------------------------------------------------------------------
  slack (MET)                                                        1.51


  Startpoint: g_slices[0].issue_slice/scoreboard/g_stanging_bufs[2].stanging_buf/g_register.g_pipe_regs[0].pipe_register/g_shift_register/g_shift.pipe_reg[0][106]
              (rising edge-triggered flip-flop clocked by CLK)
  Endpoint: g_slices[0].issue_slice/ibuffer/g_instr_bufs[1].instr_buf/g_ebN.fifo_queue/g_depth_n.g_out_reg.data_out_r_reg[98]
            (rising edge-triggered flip-flop clocked by CLK)
  Path Group: CLK
  Path Type: max

  Des/Clust/Port     Wire Load Model       Library
  ------------------------------------------------
  VX_issue           5K_hvratio_1_1        NangateOpenCellLibrary_tt1p1v25c

  Point                                                   Incr       Path
  --------------------------------------------------------------------------
  clock CLK (rise edge)                                   0.00       0.00
  clock network delay (ideal)                             0.00       0.00
  g_slices[0].issue_slice/scoreboard/g_stanging_bufs[2].stanging_buf/g_register.g_pipe_regs[0].pipe_register/g_shift_register/g_shift.pipe_reg[0][106]/CK (DFF_X1)
                                                          0.00 #     0.00 r
  g_slices[0].issue_slice/scoreboard/g_stanging_bufs[2].stanging_buf/g_register.g_pipe_regs[0].pipe_register/g_shift_register/g_shift.pipe_reg[0][106]/Q (DFF_X1)
                                                          0.10       0.10 f
  U98052/ZN (NAND2_X1)                                    0.04       0.14 r
  U98082/ZN (NOR3_X1)                                     0.03       0.17 f
  U98083/ZN (NOR2_X1)                                     0.07       0.24 r
  U98085/ZN (NAND2_X1)                                    0.04       0.28 f
  U98086/ZN (AOI21_X1)                                    0.07       0.35 r
  U98102/ZN (OAI211_X1)                                   0.10       0.45 f
  U95268/Z (BUF_X2)                                       0.10       0.55 f
  U98103/ZN (INV_X1)                                      0.19       0.74 r
  U98104/ZN (NAND2_X1)                                    0.09       0.84 f
  U95241/ZN (NAND2_X2)                                    0.18       1.01 r
  U98105/ZN (INV_X2)                                      0.18       1.19 f
  U98106/ZN (NOR2_X1)                                     0.20       1.39 r
  U98107/ZN (INV_X1)                                      0.07       1.46 f
  U98027/ZN (NOR4_X2)                                     0.22       1.68 r
  U97959/Z (CLKBUF_X1)                                    0.21       1.88 r
  U97961/Z (CLKBUF_X1)                                    0.22       2.10 r
  U144730/ZN (AOI22_X1)                                   0.05       2.15 f
  U144731/ZN (NAND3_X1)                                   0.04       2.20 r
  g_slices[0].issue_slice/ibuffer/g_instr_bufs[1].instr_buf/g_ebN.fifo_queue/g_depth_n.g_out_reg.data_out_r_reg[98]/D (DFF_X1)
                                                          0.01       2.21 r
  data arrival time                                                  2.21

  clock CLK (rise edge)                                   4.00       4.00
  clock network delay (ideal)                             0.00       4.00
  clock uncertainty                                      -0.25       3.75
  g_slices[0].issue_slice/ibuffer/g_instr_bufs[1].instr_buf/g_ebN.fifo_queue/g_depth_n.g_out_reg.data_out_r_reg[98]/CK (DFF_X1)
                                                          0.00       3.75 r
  library setup time                                     -0.03       3.72
  data required time                                                 3.72
  --------------------------------------------------------------------------
  data required time                                                 3.72
  data arrival time                                                 -2.21
  --------------------------------------------------------------------------
  slack (MET)                                                        1.51


  Startpoint: g_slices[0].issue_slice/scoreboard/g_stanging_bufs[2].stanging_buf/g_register.g_pipe_regs[0].pipe_register/g_shift_register/g_shift.pipe_reg[0][106]
              (rising edge-triggered flip-flop clocked by CLK)
  Endpoint: g_slices[0].issue_slice/ibuffer/g_instr_bufs[1].instr_buf/g_ebN.fifo_queue/g_depth_n.g_out_reg.data_out_r_reg[100]
            (rising edge-triggered flip-flop clocked by CLK)
  Path Group: CLK
  Path Type: max

  Des/Clust/Port     Wire Load Model       Library
  ------------------------------------------------
  VX_issue           5K_hvratio_1_1        NangateOpenCellLibrary_tt1p1v25c

  Point                                                   Incr       Path
  --------------------------------------------------------------------------
  clock CLK (rise edge)                                   0.00       0.00
  clock network delay (ideal)                             0.00       0.00
  g_slices[0].issue_slice/scoreboard/g_stanging_bufs[2].stanging_buf/g_register.g_pipe_regs[0].pipe_register/g_shift_register/g_shift.pipe_reg[0][106]/CK (DFF_X1)
                                                          0.00 #     0.00 r
  g_slices[0].issue_slice/scoreboard/g_stanging_bufs[2].stanging_buf/g_register.g_pipe_regs[0].pipe_register/g_shift_register/g_shift.pipe_reg[0][106]/Q (DFF_X1)
                                                          0.10       0.10 f
  U98052/ZN (NAND2_X1)                                    0.04       0.14 r
  U98082/ZN (NOR3_X1)                                     0.03       0.17 f
  U98083/ZN (NOR2_X1)                                     0.07       0.24 r
  U98085/ZN (NAND2_X1)                                    0.04       0.28 f
  U98086/ZN (AOI21_X1)                                    0.07       0.35 r
  U98102/ZN (OAI211_X1)                                   0.10       0.45 f
  U95268/Z (BUF_X2)                                       0.10       0.55 f
  U98103/ZN (INV_X1)                                      0.19       0.74 r
  U98104/ZN (NAND2_X1)                                    0.09       0.84 f
  U95241/ZN (NAND2_X2)                                    0.18       1.01 r
  U98105/ZN (INV_X2)                                      0.18       1.19 f
  U98106/ZN (NOR2_X1)                                     0.20       1.39 r
  U98107/ZN (INV_X1)                                      0.07       1.46 f
  U98027/ZN (NOR4_X2)                                     0.22       1.68 r
  U97959/Z (CLKBUF_X1)                                    0.21       1.88 r
  U97961/Z (CLKBUF_X1)                                    0.22       2.10 r
  U144738/ZN (AOI22_X1)                                   0.05       2.15 f
  U144739/ZN (NAND3_X1)                                   0.04       2.20 r
  g_slices[0].issue_slice/ibuffer/g_instr_bufs[1].instr_buf/g_ebN.fifo_queue/g_depth_n.g_out_reg.data_out_r_reg[100]/D (DFF_X1)
                                                          0.01       2.21 r
  data arrival time                                                  2.21

  clock CLK (rise edge)                                   4.00       4.00
  clock network delay (ideal)                             0.00       4.00
  clock uncertainty                                      -0.25       3.75
  g_slices[0].issue_slice/ibuffer/g_instr_bufs[1].instr_buf/g_ebN.fifo_queue/g_depth_n.g_out_reg.data_out_r_reg[100]/CK (DFF_X1)
                                                          0.00       3.75 r
  library setup time                                     -0.03       3.72
  data required time                                                 3.72
  --------------------------------------------------------------------------
  data required time                                                 3.72
  data arrival time                                                 -2.21
  --------------------------------------------------------------------------
  slack (MET)                                                        1.51


  Startpoint: g_slices[0].issue_slice/scoreboard/g_stanging_bufs[2].stanging_buf/g_register.g_pipe_regs[0].pipe_register/g_shift_register/g_shift.pipe_reg[0][106]
              (rising edge-triggered flip-flop clocked by CLK)
  Endpoint: g_slices[0].issue_slice/ibuffer/g_instr_bufs[1].instr_buf/g_ebN.fifo_queue/g_depth_n.g_out_reg.data_out_r_reg[37]
            (rising edge-triggered flip-flop clocked by CLK)
  Path Group: CLK
  Path Type: max

  Des/Clust/Port     Wire Load Model       Library
  ------------------------------------------------
  VX_issue           5K_hvratio_1_1        NangateOpenCellLibrary_tt1p1v25c

  Point                                                   Incr       Path
  --------------------------------------------------------------------------
  clock CLK (rise edge)                                   0.00       0.00
  clock network delay (ideal)                             0.00       0.00
  g_slices[0].issue_slice/scoreboard/g_stanging_bufs[2].stanging_buf/g_register.g_pipe_regs[0].pipe_register/g_shift_register/g_shift.pipe_reg[0][106]/CK (DFF_X1)
                                                          0.00 #     0.00 r
  g_slices[0].issue_slice/scoreboard/g_stanging_bufs[2].stanging_buf/g_register.g_pipe_regs[0].pipe_register/g_shift_register/g_shift.pipe_reg[0][106]/Q (DFF_X1)
                                                          0.10       0.10 f
  U98052/ZN (NAND2_X1)                                    0.04       0.14 r
  U98082/ZN (NOR3_X1)                                     0.03       0.17 f
  U98083/ZN (NOR2_X1)                                     0.07       0.24 r
  U98085/ZN (NAND2_X1)                                    0.04       0.28 f
  U98086/ZN (AOI21_X1)                                    0.07       0.35 r
  U98102/ZN (OAI211_X1)                                   0.10       0.45 f
  U95268/Z (BUF_X2)                                       0.10       0.55 f
  U98103/ZN (INV_X1)                                      0.19       0.74 r
  U98104/ZN (NAND2_X1)                                    0.09       0.84 f
  U95241/ZN (NAND2_X2)                                    0.18       1.01 r
  U98105/ZN (INV_X2)                                      0.18       1.19 f
  U98106/ZN (NOR2_X1)                                     0.20       1.39 r
  U98107/ZN (INV_X1)                                      0.07       1.46 f
  U98027/ZN (NOR4_X2)                                     0.22       1.68 r
  U97959/Z (CLKBUF_X1)                                    0.21       1.88 r
  U97961/Z (CLKBUF_X1)                                    0.22       2.10 r
  U144486/ZN (AOI22_X1)                                   0.05       2.15 f
  U144487/ZN (NAND3_X1)                                   0.04       2.20 r
  g_slices[0].issue_slice/ibuffer/g_instr_bufs[1].instr_buf/g_ebN.fifo_queue/g_depth_n.g_out_reg.data_out_r_reg[37]/D (DFF_X1)
                                                          0.01       2.21 r
  data arrival time                                                  2.21

  clock CLK (rise edge)                                   4.00       4.00
  clock network delay (ideal)                             0.00       4.00
  clock uncertainty                                      -0.25       3.75
  g_slices[0].issue_slice/ibuffer/g_instr_bufs[1].instr_buf/g_ebN.fifo_queue/g_depth_n.g_out_reg.data_out_r_reg[37]/CK (DFF_X1)
                                                          0.00       3.75 r
  library setup time                                     -0.03       3.72
  data required time                                                 3.72
  --------------------------------------------------------------------------
  data required time                                                 3.72
  data arrival time                                                 -2.21
  --------------------------------------------------------------------------
  slack (MET)                                                        1.51


  Startpoint: g_slices[0].issue_slice/scoreboard/g_stanging_bufs[2].stanging_buf/g_register.g_pipe_regs[0].pipe_register/g_shift_register/g_shift.pipe_reg[0][106]
              (rising edge-triggered flip-flop clocked by CLK)
  Endpoint: g_slices[0].issue_slice/ibuffer/g_instr_bufs[1].instr_buf/g_ebN.fifo_queue/g_depth_n.g_out_reg.data_out_r_reg[38]
            (rising edge-triggered flip-flop clocked by CLK)
  Path Group: CLK
  Path Type: max

  Des/Clust/Port     Wire Load Model       Library
  ------------------------------------------------
  VX_issue           5K_hvratio_1_1        NangateOpenCellLibrary_tt1p1v25c

  Point                                                   Incr       Path
  --------------------------------------------------------------------------
  clock CLK (rise edge)                                   0.00       0.00
  clock network delay (ideal)                             0.00       0.00
  g_slices[0].issue_slice/scoreboard/g_stanging_bufs[2].stanging_buf/g_register.g_pipe_regs[0].pipe_register/g_shift_register/g_shift.pipe_reg[0][106]/CK (DFF_X1)
                                                          0.00 #     0.00 r
  g_slices[0].issue_slice/scoreboard/g_stanging_bufs[2].stanging_buf/g_register.g_pipe_regs[0].pipe_register/g_shift_register/g_shift.pipe_reg[0][106]/Q (DFF_X1)
                                                          0.10       0.10 f
  U98052/ZN (NAND2_X1)                                    0.04       0.14 r
  U98082/ZN (NOR3_X1)                                     0.03       0.17 f
  U98083/ZN (NOR2_X1)                                     0.07       0.24 r
  U98085/ZN (NAND2_X1)                                    0.04       0.28 f
  U98086/ZN (AOI21_X1)                                    0.07       0.35 r
  U98102/ZN (OAI211_X1)                                   0.10       0.45 f
  U95268/Z (BUF_X2)                                       0.10       0.55 f
  U98103/ZN (INV_X1)                                      0.19       0.74 r
  U98104/ZN (NAND2_X1)                                    0.09       0.84 f
  U95241/ZN (NAND2_X2)                                    0.18       1.01 r
  U98105/ZN (INV_X2)                                      0.18       1.19 f
  U98106/ZN (NOR2_X1)                                     0.20       1.39 r
  U98107/ZN (INV_X1)                                      0.07       1.46 f
  U98027/ZN (NOR4_X2)                                     0.22       1.68 r
  U97959/Z (CLKBUF_X1)                                    0.21       1.88 r
  U97961/Z (CLKBUF_X1)                                    0.22       2.10 r
  U144490/ZN (AOI22_X1)                                   0.05       2.15 f
  U144491/ZN (NAND3_X1)                                   0.04       2.20 r
  g_slices[0].issue_slice/ibuffer/g_instr_bufs[1].instr_buf/g_ebN.fifo_queue/g_depth_n.g_out_reg.data_out_r_reg[38]/D (DFF_X1)
                                                          0.01       2.21 r
  data arrival time                                                  2.21

  clock CLK (rise edge)                                   4.00       4.00
  clock network delay (ideal)                             0.00       4.00
  clock uncertainty                                      -0.25       3.75
  g_slices[0].issue_slice/ibuffer/g_instr_bufs[1].instr_buf/g_ebN.fifo_queue/g_depth_n.g_out_reg.data_out_r_reg[38]/CK (DFF_X1)
                                                          0.00       3.75 r
  library setup time                                     -0.03       3.72
  data required time                                                 3.72
  --------------------------------------------------------------------------
  data required time                                                 3.72
  data arrival time                                                 -2.21
  --------------------------------------------------------------------------
  slack (MET)                                                        1.51


  Startpoint: g_slices[0].issue_slice/scoreboard/g_stanging_bufs[2].stanging_buf/g_register.g_pipe_regs[0].pipe_register/g_shift_register/g_shift.pipe_reg[0][106]
              (rising edge-triggered flip-flop clocked by CLK)
  Endpoint: g_slices[0].issue_slice/ibuffer/g_instr_bufs[1].instr_buf/g_ebN.fifo_queue/g_depth_n.g_out_reg.data_out_r_reg[39]
            (rising edge-triggered flip-flop clocked by CLK)
  Path Group: CLK
  Path Type: max

  Des/Clust/Port     Wire Load Model       Library
  ------------------------------------------------
  VX_issue           5K_hvratio_1_1        NangateOpenCellLibrary_tt1p1v25c

  Point                                                   Incr       Path
  --------------------------------------------------------------------------
  clock CLK (rise edge)                                   0.00       0.00
  clock network delay (ideal)                             0.00       0.00
  g_slices[0].issue_slice/scoreboard/g_stanging_bufs[2].stanging_buf/g_register.g_pipe_regs[0].pipe_register/g_shift_register/g_shift.pipe_reg[0][106]/CK (DFF_X1)
                                                          0.00 #     0.00 r
  g_slices[0].issue_slice/scoreboard/g_stanging_bufs[2].stanging_buf/g_register.g_pipe_regs[0].pipe_register/g_shift_register/g_shift.pipe_reg[0][106]/Q (DFF_X1)
                                                          0.10       0.10 f
  U98052/ZN (NAND2_X1)                                    0.04       0.14 r
  U98082/ZN (NOR3_X1)                                     0.03       0.17 f
  U98083/ZN (NOR2_X1)                                     0.07       0.24 r
  U98085/ZN (NAND2_X1)                                    0.04       0.28 f
  U98086/ZN (AOI21_X1)                                    0.07       0.35 r
  U98102/ZN (OAI211_X1)                                   0.10       0.45 f
  U95268/Z (BUF_X2)                                       0.10       0.55 f
  U98103/ZN (INV_X1)                                      0.19       0.74 r
  U98104/ZN (NAND2_X1)                                    0.09       0.84 f
  U95241/ZN (NAND2_X2)                                    0.18       1.01 r
  U98105/ZN (INV_X2)                                      0.18       1.19 f
  U98106/ZN (NOR2_X1)                                     0.20       1.39 r
  U98107/ZN (INV_X1)                                      0.07       1.46 f
  U98027/ZN (NOR4_X2)                                     0.22       1.68 r
  U97959/Z (CLKBUF_X1)                                    0.21       1.88 r
  U97961/Z (CLKBUF_X1)                                    0.22       2.10 r
  U144494/ZN (AOI22_X1)                                   0.05       2.15 f
  U144495/ZN (NAND3_X1)                                   0.04       2.20 r
  g_slices[0].issue_slice/ibuffer/g_instr_bufs[1].instr_buf/g_ebN.fifo_queue/g_depth_n.g_out_reg.data_out_r_reg[39]/D (DFF_X1)
                                                          0.01       2.21 r
  data arrival time                                                  2.21

  clock CLK (rise edge)                                   4.00       4.00
  clock network delay (ideal)                             0.00       4.00
  clock uncertainty                                      -0.25       3.75
  g_slices[0].issue_slice/ibuffer/g_instr_bufs[1].instr_buf/g_ebN.fifo_queue/g_depth_n.g_out_reg.data_out_r_reg[39]/CK (DFF_X1)
                                                          0.00       3.75 r
  library setup time                                     -0.03       3.72
  data required time                                                 3.72
  --------------------------------------------------------------------------
  data required time                                                 3.72
  data arrival time                                                 -2.21
  --------------------------------------------------------------------------
  slack (MET)                                                        1.51


  Startpoint: g_slices[0].issue_slice/scoreboard/g_stanging_bufs[2].stanging_buf/g_register.g_pipe_regs[0].pipe_register/g_shift_register/g_shift.pipe_reg[0][106]
              (rising edge-triggered flip-flop clocked by CLK)
  Endpoint: g_slices[0].issue_slice/ibuffer/g_instr_bufs[1].instr_buf/g_ebN.fifo_queue/g_depth_n.g_out_reg.data_out_r_reg[41]
            (rising edge-triggered flip-flop clocked by CLK)
  Path Group: CLK
  Path Type: max

  Des/Clust/Port     Wire Load Model       Library
  ------------------------------------------------
  VX_issue           5K_hvratio_1_1        NangateOpenCellLibrary_tt1p1v25c

  Point                                                   Incr       Path
  --------------------------------------------------------------------------
  clock CLK (rise edge)                                   0.00       0.00
  clock network delay (ideal)                             0.00       0.00
  g_slices[0].issue_slice/scoreboard/g_stanging_bufs[2].stanging_buf/g_register.g_pipe_regs[0].pipe_register/g_shift_register/g_shift.pipe_reg[0][106]/CK (DFF_X1)
                                                          0.00 #     0.00 r
  g_slices[0].issue_slice/scoreboard/g_stanging_bufs[2].stanging_buf/g_register.g_pipe_regs[0].pipe_register/g_shift_register/g_shift.pipe_reg[0][106]/Q (DFF_X1)
                                                          0.10       0.10 f
  U98052/ZN (NAND2_X1)                                    0.04       0.14 r
  U98082/ZN (NOR3_X1)                                     0.03       0.17 f
  U98083/ZN (NOR2_X1)                                     0.07       0.24 r
  U98085/ZN (NAND2_X1)                                    0.04       0.28 f
  U98086/ZN (AOI21_X1)                                    0.07       0.35 r
  U98102/ZN (OAI211_X1)                                   0.10       0.45 f
  U95268/Z (BUF_X2)                                       0.10       0.55 f
  U98103/ZN (INV_X1)                                      0.19       0.74 r
  U98104/ZN (NAND2_X1)                                    0.09       0.84 f
  U95241/ZN (NAND2_X2)                                    0.18       1.01 r
  U98105/ZN (INV_X2)                                      0.18       1.19 f
  U98106/ZN (NOR2_X1)                                     0.20       1.39 r
  U98107/ZN (INV_X1)                                      0.07       1.46 f
  U98027/ZN (NOR4_X2)                                     0.22       1.68 r
  U97959/Z (CLKBUF_X1)                                    0.21       1.88 r
  U97961/Z (CLKBUF_X1)                                    0.22       2.10 r
  U144502/ZN (AOI22_X1)                                   0.05       2.15 f
  U144503/ZN (NAND3_X1)                                   0.04       2.20 r
  g_slices[0].issue_slice/ibuffer/g_instr_bufs[1].instr_buf/g_ebN.fifo_queue/g_depth_n.g_out_reg.data_out_r_reg[41]/D (DFF_X1)
                                                          0.01       2.21 r
  data arrival time                                                  2.21

  clock CLK (rise edge)                                   4.00       4.00
  clock network delay (ideal)                             0.00       4.00
  clock uncertainty                                      -0.25       3.75
  g_slices[0].issue_slice/ibuffer/g_instr_bufs[1].instr_buf/g_ebN.fifo_queue/g_depth_n.g_out_reg.data_out_r_reg[41]/CK (DFF_X1)
                                                          0.00       3.75 r
  library setup time                                     -0.03       3.72
  data required time                                                 3.72
  --------------------------------------------------------------------------
  data required time                                                 3.72
  data arrival time                                                 -2.21
  --------------------------------------------------------------------------
  slack (MET)                                                        1.51


  Startpoint: g_slices[0].issue_slice/scoreboard/g_stanging_bufs[2].stanging_buf/g_register.g_pipe_regs[0].pipe_register/g_shift_register/g_shift.pipe_reg[0][106]
              (rising edge-triggered flip-flop clocked by CLK)
  Endpoint: g_slices[0].issue_slice/ibuffer/g_instr_bufs[1].instr_buf/g_ebN.fifo_queue/g_depth_n.g_out_reg.data_out_r_reg[42]
            (rising edge-triggered flip-flop clocked by CLK)
  Path Group: CLK
  Path Type: max

  Des/Clust/Port     Wire Load Model       Library
  ------------------------------------------------
  VX_issue           5K_hvratio_1_1        NangateOpenCellLibrary_tt1p1v25c

  Point                                                   Incr       Path
  --------------------------------------------------------------------------
  clock CLK (rise edge)                                   0.00       0.00
  clock network delay (ideal)                             0.00       0.00
  g_slices[0].issue_slice/scoreboard/g_stanging_bufs[2].stanging_buf/g_register.g_pipe_regs[0].pipe_register/g_shift_register/g_shift.pipe_reg[0][106]/CK (DFF_X1)
                                                          0.00 #     0.00 r
  g_slices[0].issue_slice/scoreboard/g_stanging_bufs[2].stanging_buf/g_register.g_pipe_regs[0].pipe_register/g_shift_register/g_shift.pipe_reg[0][106]/Q (DFF_X1)
                                                          0.10       0.10 f
  U98052/ZN (NAND2_X1)                                    0.04       0.14 r
  U98082/ZN (NOR3_X1)                                     0.03       0.17 f
  U98083/ZN (NOR2_X1)                                     0.07       0.24 r
  U98085/ZN (NAND2_X1)                                    0.04       0.28 f
  U98086/ZN (AOI21_X1)                                    0.07       0.35 r
  U98102/ZN (OAI211_X1)                                   0.10       0.45 f
  U95268/Z (BUF_X2)                                       0.10       0.55 f
  U98103/ZN (INV_X1)                                      0.19       0.74 r
  U98104/ZN (NAND2_X1)                                    0.09       0.84 f
  U95241/ZN (NAND2_X2)                                    0.18       1.01 r
  U98105/ZN (INV_X2)                                      0.18       1.19 f
  U98106/ZN (NOR2_X1)                                     0.20       1.39 r
  U98107/ZN (INV_X1)                                      0.07       1.46 f
  U98027/ZN (NOR4_X2)                                     0.22       1.68 r
  U97959/Z (CLKBUF_X1)                                    0.21       1.88 r
  U97961/Z (CLKBUF_X1)                                    0.22       2.10 r
  U144506/ZN (AOI22_X1)                                   0.05       2.15 f
  U144507/ZN (NAND3_X1)                                   0.04       2.20 r
  g_slices[0].issue_slice/ibuffer/g_instr_bufs[1].instr_buf/g_ebN.fifo_queue/g_depth_n.g_out_reg.data_out_r_reg[42]/D (DFF_X1)
                                                          0.01       2.21 r
  data arrival time                                                  2.21

  clock CLK (rise edge)                                   4.00       4.00
  clock network delay (ideal)                             0.00       4.00
  clock uncertainty                                      -0.25       3.75
  g_slices[0].issue_slice/ibuffer/g_instr_bufs[1].instr_buf/g_ebN.fifo_queue/g_depth_n.g_out_reg.data_out_r_reg[42]/CK (DFF_X1)
                                                          0.00       3.75 r
  library setup time                                     -0.03       3.72
  data required time                                                 3.72
  --------------------------------------------------------------------------
  data required time                                                 3.72
  data arrival time                                                 -2.21
  --------------------------------------------------------------------------
  slack (MET)                                                        1.51


  Startpoint: g_slices[0].issue_slice/scoreboard/g_stanging_bufs[2].stanging_buf/g_register.g_pipe_regs[0].pipe_register/g_shift_register/g_shift.pipe_reg[0][106]
              (rising edge-triggered flip-flop clocked by CLK)
  Endpoint: g_slices[0].issue_slice/ibuffer/g_instr_bufs[1].instr_buf/g_ebN.fifo_queue/g_depth_n.g_out_reg.data_out_r_reg[46]
            (rising edge-triggered flip-flop clocked by CLK)
  Path Group: CLK
  Path Type: max

  Des/Clust/Port     Wire Load Model       Library
  ------------------------------------------------
  VX_issue           5K_hvratio_1_1        NangateOpenCellLibrary_tt1p1v25c

  Point                                                   Incr       Path
  --------------------------------------------------------------------------
  clock CLK (rise edge)                                   0.00       0.00
  clock network delay (ideal)                             0.00       0.00
  g_slices[0].issue_slice/scoreboard/g_stanging_bufs[2].stanging_buf/g_register.g_pipe_regs[0].pipe_register/g_shift_register/g_shift.pipe_reg[0][106]/CK (DFF_X1)
                                                          0.00 #     0.00 r
  g_slices[0].issue_slice/scoreboard/g_stanging_bufs[2].stanging_buf/g_register.g_pipe_regs[0].pipe_register/g_shift_register/g_shift.pipe_reg[0][106]/Q (DFF_X1)
                                                          0.10       0.10 f
  U98052/ZN (NAND2_X1)                                    0.04       0.14 r
  U98082/ZN (NOR3_X1)                                     0.03       0.17 f
  U98083/ZN (NOR2_X1)                                     0.07       0.24 r
  U98085/ZN (NAND2_X1)                                    0.04       0.28 f
  U98086/ZN (AOI21_X1)                                    0.07       0.35 r
  U98102/ZN (OAI211_X1)                                   0.10       0.45 f
  U95268/Z (BUF_X2)                                       0.10       0.55 f
  U98103/ZN (INV_X1)                                      0.19       0.74 r
  U98104/ZN (NAND2_X1)                                    0.09       0.84 f
  U95241/ZN (NAND2_X2)                                    0.18       1.01 r
  U98105/ZN (INV_X2)                                      0.18       1.19 f
  U98106/ZN (NOR2_X1)                                     0.20       1.39 r
  U98107/ZN (INV_X1)                                      0.07       1.46 f
  U98027/ZN (NOR4_X2)                                     0.22       1.68 r
  U97959/Z (CLKBUF_X1)                                    0.21       1.88 r
  U97961/Z (CLKBUF_X1)                                    0.22       2.10 r
  U144522/ZN (AOI22_X1)                                   0.05       2.15 f
  U144523/ZN (NAND3_X1)                                   0.04       2.20 r
  g_slices[0].issue_slice/ibuffer/g_instr_bufs[1].instr_buf/g_ebN.fifo_queue/g_depth_n.g_out_reg.data_out_r_reg[46]/D (DFF_X1)
                                                          0.01       2.21 r
  data arrival time                                                  2.21

  clock CLK (rise edge)                                   4.00       4.00
  clock network delay (ideal)                             0.00       4.00
  clock uncertainty                                      -0.25       3.75
  g_slices[0].issue_slice/ibuffer/g_instr_bufs[1].instr_buf/g_ebN.fifo_queue/g_depth_n.g_out_reg.data_out_r_reg[46]/CK (DFF_X1)
                                                          0.00       3.75 r
  library setup time                                     -0.03       3.72
  data required time                                                 3.72
  --------------------------------------------------------------------------
  data required time                                                 3.72
  data arrival time                                                 -2.21
  --------------------------------------------------------------------------
  slack (MET)                                                        1.51


  Startpoint: g_slices[0].issue_slice/scoreboard/g_stanging_bufs[2].stanging_buf/g_register.g_pipe_regs[0].pipe_register/g_shift_register/g_shift.pipe_reg[0][106]
              (rising edge-triggered flip-flop clocked by CLK)
  Endpoint: g_slices[0].issue_slice/ibuffer/g_instr_bufs[1].instr_buf/g_ebN.fifo_queue/g_depth_n.g_out_reg.data_out_r_reg[70]
            (rising edge-triggered flip-flop clocked by CLK)
  Path Group: CLK
  Path Type: max

  Des/Clust/Port     Wire Load Model       Library
  ------------------------------------------------
  VX_issue           5K_hvratio_1_1        NangateOpenCellLibrary_tt1p1v25c

  Point                                                   Incr       Path
  --------------------------------------------------------------------------
  clock CLK (rise edge)                                   0.00       0.00
  clock network delay (ideal)                             0.00       0.00
  g_slices[0].issue_slice/scoreboard/g_stanging_bufs[2].stanging_buf/g_register.g_pipe_regs[0].pipe_register/g_shift_register/g_shift.pipe_reg[0][106]/CK (DFF_X1)
                                                          0.00 #     0.00 r
  g_slices[0].issue_slice/scoreboard/g_stanging_bufs[2].stanging_buf/g_register.g_pipe_regs[0].pipe_register/g_shift_register/g_shift.pipe_reg[0][106]/Q (DFF_X1)
                                                          0.10       0.10 f
  U98052/ZN (NAND2_X1)                                    0.04       0.14 r
  U98082/ZN (NOR3_X1)                                     0.03       0.17 f
  U98083/ZN (NOR2_X1)                                     0.07       0.24 r
  U98085/ZN (NAND2_X1)                                    0.04       0.28 f
  U98086/ZN (AOI21_X1)                                    0.07       0.35 r
  U98102/ZN (OAI211_X1)                                   0.10       0.45 f
  U95268/Z (BUF_X2)                                       0.10       0.55 f
  U98103/ZN (INV_X1)                                      0.19       0.74 r
  U98104/ZN (NAND2_X1)                                    0.09       0.84 f
  U95241/ZN (NAND2_X2)                                    0.18       1.01 r
  U98105/ZN (INV_X2)                                      0.18       1.19 f
  U98106/ZN (NOR2_X1)                                     0.20       1.39 r
  U98107/ZN (INV_X1)                                      0.07       1.46 f
  U98027/ZN (NOR4_X2)                                     0.22       1.68 r
  U97959/Z (CLKBUF_X1)                                    0.21       1.88 r
  U97961/Z (CLKBUF_X1)                                    0.22       2.10 r
  U144618/ZN (AOI22_X1)                                   0.05       2.15 f
  U144619/ZN (NAND3_X1)                                   0.04       2.20 r
  g_slices[0].issue_slice/ibuffer/g_instr_bufs[1].instr_buf/g_ebN.fifo_queue/g_depth_n.g_out_reg.data_out_r_reg[70]/D (DFF_X1)
                                                          0.01       2.21 r
  data arrival time                                                  2.21

  clock CLK (rise edge)                                   4.00       4.00
  clock network delay (ideal)                             0.00       4.00
  clock uncertainty                                      -0.25       3.75
  g_slices[0].issue_slice/ibuffer/g_instr_bufs[1].instr_buf/g_ebN.fifo_queue/g_depth_n.g_out_reg.data_out_r_reg[70]/CK (DFF_X1)
                                                          0.00       3.75 r
  library setup time                                     -0.03       3.72
  data required time                                                 3.72
  --------------------------------------------------------------------------
  data required time                                                 3.72
  data arrival time                                                 -2.21
  --------------------------------------------------------------------------
  slack (MET)                                                        1.51


  Startpoint: g_slices[0].issue_slice/scoreboard/g_stanging_bufs[2].stanging_buf/g_register.g_pipe_regs[0].pipe_register/g_shift_register/g_shift.pipe_reg[0][106]
              (rising edge-triggered flip-flop clocked by CLK)
  Endpoint: g_slices[0].issue_slice/ibuffer/g_instr_bufs[1].instr_buf/g_ebN.fifo_queue/g_depth_n.g_out_reg.data_out_r_reg[72]
            (rising edge-triggered flip-flop clocked by CLK)
  Path Group: CLK
  Path Type: max

  Des/Clust/Port     Wire Load Model       Library
  ------------------------------------------------
  VX_issue           5K_hvratio_1_1        NangateOpenCellLibrary_tt1p1v25c

  Point                                                   Incr       Path
  --------------------------------------------------------------------------
  clock CLK (rise edge)                                   0.00       0.00
  clock network delay (ideal)                             0.00       0.00
  g_slices[0].issue_slice/scoreboard/g_stanging_bufs[2].stanging_buf/g_register.g_pipe_regs[0].pipe_register/g_shift_register/g_shift.pipe_reg[0][106]/CK (DFF_X1)
                                                          0.00 #     0.00 r
  g_slices[0].issue_slice/scoreboard/g_stanging_bufs[2].stanging_buf/g_register.g_pipe_regs[0].pipe_register/g_shift_register/g_shift.pipe_reg[0][106]/Q (DFF_X1)
                                                          0.10       0.10 f
  U98052/ZN (NAND2_X1)                                    0.04       0.14 r
  U98082/ZN (NOR3_X1)                                     0.03       0.17 f
  U98083/ZN (NOR2_X1)                                     0.07       0.24 r
  U98085/ZN (NAND2_X1)                                    0.04       0.28 f
  U98086/ZN (AOI21_X1)                                    0.07       0.35 r
  U98102/ZN (OAI211_X1)                                   0.10       0.45 f
  U95268/Z (BUF_X2)                                       0.10       0.55 f
  U98103/ZN (INV_X1)                                      0.19       0.74 r
  U98104/ZN (NAND2_X1)                                    0.09       0.84 f
  U95241/ZN (NAND2_X2)                                    0.18       1.01 r
  U98105/ZN (INV_X2)                                      0.18       1.19 f
  U98106/ZN (NOR2_X1)                                     0.20       1.39 r
  U98107/ZN (INV_X1)                                      0.07       1.46 f
  U98027/ZN (NOR4_X2)                                     0.22       1.68 r
  U97959/Z (CLKBUF_X1)                                    0.21       1.88 r
  U97961/Z (CLKBUF_X1)                                    0.22       2.10 r
  U144626/ZN (AOI22_X1)                                   0.05       2.15 f
  U144627/ZN (NAND3_X1)                                   0.04       2.20 r
  g_slices[0].issue_slice/ibuffer/g_instr_bufs[1].instr_buf/g_ebN.fifo_queue/g_depth_n.g_out_reg.data_out_r_reg[72]/D (DFF_X1)
                                                          0.01       2.21 r
  data arrival time                                                  2.21

  clock CLK (rise edge)                                   4.00       4.00
  clock network delay (ideal)                             0.00       4.00
  clock uncertainty                                      -0.25       3.75
  g_slices[0].issue_slice/ibuffer/g_instr_bufs[1].instr_buf/g_ebN.fifo_queue/g_depth_n.g_out_reg.data_out_r_reg[72]/CK (DFF_X1)
                                                          0.00       3.75 r
  library setup time                                     -0.03       3.72
  data required time                                                 3.72
  --------------------------------------------------------------------------
  data required time                                                 3.72
  data arrival time                                                 -2.21
  --------------------------------------------------------------------------
  slack (MET)                                                        1.51


  Startpoint: g_slices[0].issue_slice/scoreboard/g_stanging_bufs[2].stanging_buf/g_register.g_pipe_regs[0].pipe_register/g_shift_register/g_shift.pipe_reg[0][106]
              (rising edge-triggered flip-flop clocked by CLK)
  Endpoint: g_slices[0].issue_slice/ibuffer/g_instr_bufs[1].instr_buf/g_ebN.fifo_queue/g_depth_n.g_out_reg.data_out_r_reg[83]
            (rising edge-triggered flip-flop clocked by CLK)
  Path Group: CLK
  Path Type: max

  Des/Clust/Port     Wire Load Model       Library
  ------------------------------------------------
  VX_issue           5K_hvratio_1_1        NangateOpenCellLibrary_tt1p1v25c

  Point                                                   Incr       Path
  --------------------------------------------------------------------------
  clock CLK (rise edge)                                   0.00       0.00
  clock network delay (ideal)                             0.00       0.00
  g_slices[0].issue_slice/scoreboard/g_stanging_bufs[2].stanging_buf/g_register.g_pipe_regs[0].pipe_register/g_shift_register/g_shift.pipe_reg[0][106]/CK (DFF_X1)
                                                          0.00 #     0.00 r
  g_slices[0].issue_slice/scoreboard/g_stanging_bufs[2].stanging_buf/g_register.g_pipe_regs[0].pipe_register/g_shift_register/g_shift.pipe_reg[0][106]/Q (DFF_X1)
                                                          0.10       0.10 f
  U98052/ZN (NAND2_X1)                                    0.04       0.14 r
  U98082/ZN (NOR3_X1)                                     0.03       0.17 f
  U98083/ZN (NOR2_X1)                                     0.07       0.24 r
  U98085/ZN (NAND2_X1)                                    0.04       0.28 f
  U98086/ZN (AOI21_X1)                                    0.07       0.35 r
  U98102/ZN (OAI211_X1)                                   0.10       0.45 f
  U95268/Z (BUF_X2)                                       0.10       0.55 f
  U98103/ZN (INV_X1)                                      0.19       0.74 r
  U98104/ZN (NAND2_X1)                                    0.09       0.84 f
  U95241/ZN (NAND2_X2)                                    0.18       1.01 r
  U98105/ZN (INV_X2)                                      0.18       1.19 f
  U98106/ZN (NOR2_X1)                                     0.20       1.39 r
  U98107/ZN (INV_X1)                                      0.07       1.46 f
  U98027/ZN (NOR4_X2)                                     0.22       1.68 r
  U97959/Z (CLKBUF_X1)                                    0.21       1.88 r
  U97961/Z (CLKBUF_X1)                                    0.22       2.10 r
  U144670/ZN (AOI22_X1)                                   0.05       2.15 f
  U144671/ZN (NAND3_X1)                                   0.04       2.20 r
  g_slices[0].issue_slice/ibuffer/g_instr_bufs[1].instr_buf/g_ebN.fifo_queue/g_depth_n.g_out_reg.data_out_r_reg[83]/D (DFF_X1)
                                                          0.01       2.21 r
  data arrival time                                                  2.21

  clock CLK (rise edge)                                   4.00       4.00
  clock network delay (ideal)                             0.00       4.00
  clock uncertainty                                      -0.25       3.75
  g_slices[0].issue_slice/ibuffer/g_instr_bufs[1].instr_buf/g_ebN.fifo_queue/g_depth_n.g_out_reg.data_out_r_reg[83]/CK (DFF_X1)
                                                          0.00       3.75 r
  library setup time                                     -0.03       3.72
  data required time                                                 3.72
  --------------------------------------------------------------------------
  data required time                                                 3.72
  data arrival time                                                 -2.21
  --------------------------------------------------------------------------
  slack (MET)                                                        1.51


  Startpoint: g_slices[0].issue_slice/scoreboard/g_stanging_bufs[2].stanging_buf/g_register.g_pipe_regs[0].pipe_register/g_shift_register/g_shift.pipe_reg[0][106]
              (rising edge-triggered flip-flop clocked by CLK)
  Endpoint: g_slices[0].issue_slice/ibuffer/g_instr_bufs[1].instr_buf/g_ebN.fifo_queue/g_depth_n.g_out_reg.data_out_r_reg[92]
            (rising edge-triggered flip-flop clocked by CLK)
  Path Group: CLK
  Path Type: max

  Des/Clust/Port     Wire Load Model       Library
  ------------------------------------------------
  VX_issue           5K_hvratio_1_1        NangateOpenCellLibrary_tt1p1v25c

  Point                                                   Incr       Path
  --------------------------------------------------------------------------
  clock CLK (rise edge)                                   0.00       0.00
  clock network delay (ideal)                             0.00       0.00
  g_slices[0].issue_slice/scoreboard/g_stanging_bufs[2].stanging_buf/g_register.g_pipe_regs[0].pipe_register/g_shift_register/g_shift.pipe_reg[0][106]/CK (DFF_X1)
                                                          0.00 #     0.00 r
  g_slices[0].issue_slice/scoreboard/g_stanging_bufs[2].stanging_buf/g_register.g_pipe_regs[0].pipe_register/g_shift_register/g_shift.pipe_reg[0][106]/Q (DFF_X1)
                                                          0.10       0.10 f
  U98052/ZN (NAND2_X1)                                    0.04       0.14 r
  U98082/ZN (NOR3_X1)                                     0.03       0.17 f
  U98083/ZN (NOR2_X1)                                     0.07       0.24 r
  U98085/ZN (NAND2_X1)                                    0.04       0.28 f
  U98086/ZN (AOI21_X1)                                    0.07       0.35 r
  U98102/ZN (OAI211_X1)                                   0.10       0.45 f
  U95268/Z (BUF_X2)                                       0.10       0.55 f
  U98103/ZN (INV_X1)                                      0.19       0.74 r
  U98104/ZN (NAND2_X1)                                    0.09       0.84 f
  U95241/ZN (NAND2_X2)                                    0.18       1.01 r
  U98105/ZN (INV_X2)                                      0.18       1.19 f
  U98106/ZN (NOR2_X1)                                     0.20       1.39 r
  U98107/ZN (INV_X1)                                      0.07       1.46 f
  U98027/ZN (NOR4_X2)                                     0.22       1.68 r
  U97959/Z (CLKBUF_X1)                                    0.21       1.88 r
  U97961/Z (CLKBUF_X1)                                    0.22       2.10 r
  U144706/ZN (AOI22_X1)                                   0.05       2.15 f
  U144707/ZN (NAND3_X1)                                   0.04       2.20 r
  g_slices[0].issue_slice/ibuffer/g_instr_bufs[1].instr_buf/g_ebN.fifo_queue/g_depth_n.g_out_reg.data_out_r_reg[92]/D (DFF_X1)
                                                          0.01       2.21 r
  data arrival time                                                  2.21

  clock CLK (rise edge)                                   4.00       4.00
  clock network delay (ideal)                             0.00       4.00
  clock uncertainty                                      -0.25       3.75
  g_slices[0].issue_slice/ibuffer/g_instr_bufs[1].instr_buf/g_ebN.fifo_queue/g_depth_n.g_out_reg.data_out_r_reg[92]/CK (DFF_X1)
                                                          0.00       3.75 r
  library setup time                                     -0.03       3.72
  data required time                                                 3.72
  --------------------------------------------------------------------------
  data required time                                                 3.72
  data arrival time                                                 -2.21
  --------------------------------------------------------------------------
  slack (MET)                                                        1.51


  Startpoint: g_slices[0].issue_slice/scoreboard/g_stanging_bufs[2].stanging_buf/g_register.g_pipe_regs[0].pipe_register/g_shift_register/g_shift.pipe_reg[0][106]
              (rising edge-triggered flip-flop clocked by CLK)
  Endpoint: g_slices[0].issue_slice/ibuffer/g_instr_bufs[1].instr_buf/g_ebN.fifo_queue/g_depth_n.g_out_reg.data_out_r_reg[94]
            (rising edge-triggered flip-flop clocked by CLK)
  Path Group: CLK
  Path Type: max

  Des/Clust/Port     Wire Load Model       Library
  ------------------------------------------------
  VX_issue           5K_hvratio_1_1        NangateOpenCellLibrary_tt1p1v25c

  Point                                                   Incr       Path
  --------------------------------------------------------------------------
  clock CLK (rise edge)                                   0.00       0.00
  clock network delay (ideal)                             0.00       0.00
  g_slices[0].issue_slice/scoreboard/g_stanging_bufs[2].stanging_buf/g_register.g_pipe_regs[0].pipe_register/g_shift_register/g_shift.pipe_reg[0][106]/CK (DFF_X1)
                                                          0.00 #     0.00 r
  g_slices[0].issue_slice/scoreboard/g_stanging_bufs[2].stanging_buf/g_register.g_pipe_regs[0].pipe_register/g_shift_register/g_shift.pipe_reg[0][106]/Q (DFF_X1)
                                                          0.10       0.10 f
  U98052/ZN (NAND2_X1)                                    0.04       0.14 r
  U98082/ZN (NOR3_X1)                                     0.03       0.17 f
  U98083/ZN (NOR2_X1)                                     0.07       0.24 r
  U98085/ZN (NAND2_X1)                                    0.04       0.28 f
  U98086/ZN (AOI21_X1)                                    0.07       0.35 r
  U98102/ZN (OAI211_X1)                                   0.10       0.45 f
  U95268/Z (BUF_X2)                                       0.10       0.55 f
  U98103/ZN (INV_X1)                                      0.19       0.74 r
  U98104/ZN (NAND2_X1)                                    0.09       0.84 f
  U95241/ZN (NAND2_X2)                                    0.18       1.01 r
  U98105/ZN (INV_X2)                                      0.18       1.19 f
  U98106/ZN (NOR2_X1)                                     0.20       1.39 r
  U98107/ZN (INV_X1)                                      0.07       1.46 f
  U98027/ZN (NOR4_X2)                                     0.22       1.68 r
  U97959/Z (CLKBUF_X1)                                    0.21       1.88 r
  U97961/Z (CLKBUF_X1)                                    0.22       2.10 r
  U144714/ZN (AOI22_X1)                                   0.05       2.15 f
  U144715/ZN (NAND3_X1)                                   0.04       2.20 r
  g_slices[0].issue_slice/ibuffer/g_instr_bufs[1].instr_buf/g_ebN.fifo_queue/g_depth_n.g_out_reg.data_out_r_reg[94]/D (DFF_X1)
                                                          0.01       2.21 r
  data arrival time                                                  2.21

  clock CLK (rise edge)                                   4.00       4.00
  clock network delay (ideal)                             0.00       4.00
  clock uncertainty                                      -0.25       3.75
  g_slices[0].issue_slice/ibuffer/g_instr_bufs[1].instr_buf/g_ebN.fifo_queue/g_depth_n.g_out_reg.data_out_r_reg[94]/CK (DFF_X1)
                                                          0.00       3.75 r
  library setup time                                     -0.03       3.72
  data required time                                                 3.72
  --------------------------------------------------------------------------
  data required time                                                 3.72
  data arrival time                                                 -2.21
  --------------------------------------------------------------------------
  slack (MET)                                                        1.51


  Startpoint: g_slices[0].issue_slice/scoreboard/g_stanging_bufs[2].stanging_buf/g_register.g_pipe_regs[0].pipe_register/g_shift_register/g_shift.pipe_reg[0][106]
              (rising edge-triggered flip-flop clocked by CLK)
  Endpoint: g_slices[0].issue_slice/ibuffer/g_instr_bufs[1].instr_buf/g_ebN.fifo_queue/g_depth_n.g_out_reg.data_out_r_reg[36]
            (rising edge-triggered flip-flop clocked by CLK)
  Path Group: CLK
  Path Type: max

  Des/Clust/Port     Wire Load Model       Library
  ------------------------------------------------
  VX_issue           5K_hvratio_1_1        NangateOpenCellLibrary_tt1p1v25c

  Point                                                   Incr       Path
  --------------------------------------------------------------------------
  clock CLK (rise edge)                                   0.00       0.00
  clock network delay (ideal)                             0.00       0.00
  g_slices[0].issue_slice/scoreboard/g_stanging_bufs[2].stanging_buf/g_register.g_pipe_regs[0].pipe_register/g_shift_register/g_shift.pipe_reg[0][106]/CK (DFF_X1)
                                                          0.00 #     0.00 r
  g_slices[0].issue_slice/scoreboard/g_stanging_bufs[2].stanging_buf/g_register.g_pipe_regs[0].pipe_register/g_shift_register/g_shift.pipe_reg[0][106]/Q (DFF_X1)
                                                          0.10       0.10 f
  U98052/ZN (NAND2_X1)                                    0.04       0.14 r
  U98082/ZN (NOR3_X1)                                     0.03       0.17 f
  U98083/ZN (NOR2_X1)                                     0.07       0.24 r
  U98085/ZN (NAND2_X1)                                    0.04       0.28 f
  U98086/ZN (AOI21_X1)                                    0.07       0.35 r
  U98102/ZN (OAI211_X1)                                   0.10       0.45 f
  U95268/Z (BUF_X2)                                       0.10       0.55 f
  U98103/ZN (INV_X1)                                      0.19       0.74 r
  U98104/ZN (NAND2_X1)                                    0.09       0.84 f
  U95241/ZN (NAND2_X2)                                    0.18       1.01 r
  U98105/ZN (INV_X2)                                      0.18       1.19 f
  U98106/ZN (NOR2_X1)                                     0.20       1.39 r
  U98107/ZN (INV_X1)                                      0.07       1.46 f
  U98027/ZN (NOR4_X2)                                     0.22       1.68 r
  U97959/Z (CLKBUF_X1)                                    0.21       1.88 r
  U97961/Z (CLKBUF_X1)                                    0.22       2.10 r
  U144482/ZN (AOI22_X1)                                   0.05       2.15 f
  U144483/ZN (NAND3_X1)                                   0.04       2.20 r
  g_slices[0].issue_slice/ibuffer/g_instr_bufs[1].instr_buf/g_ebN.fifo_queue/g_depth_n.g_out_reg.data_out_r_reg[36]/D (DFF_X1)
                                                          0.01       2.21 r
  data arrival time                                                  2.21

  clock CLK (rise edge)                                   4.00       4.00
  clock network delay (ideal)                             0.00       4.00
  clock uncertainty                                      -0.25       3.75
  g_slices[0].issue_slice/ibuffer/g_instr_bufs[1].instr_buf/g_ebN.fifo_queue/g_depth_n.g_out_reg.data_out_r_reg[36]/CK (DFF_X1)
                                                          0.00       3.75 r
  library setup time                                     -0.03       3.72
  data required time                                                 3.72
  --------------------------------------------------------------------------
  data required time                                                 3.72
  data arrival time                                                 -2.21
  --------------------------------------------------------------------------
  slack (MET)                                                        1.51


  Startpoint: g_slices[0].issue_slice/scoreboard/g_stanging_bufs[2].stanging_buf/g_register.g_pipe_regs[0].pipe_register/g_shift_register/g_shift.pipe_reg[0][106]
              (rising edge-triggered flip-flop clocked by CLK)
  Endpoint: g_slices[0].issue_slice/ibuffer/g_instr_bufs[1].instr_buf/g_ebN.fifo_queue/g_depth_n.g_out_reg.data_out_r_reg[40]
            (rising edge-triggered flip-flop clocked by CLK)
  Path Group: CLK
  Path Type: max

  Des/Clust/Port     Wire Load Model       Library
  ------------------------------------------------
  VX_issue           5K_hvratio_1_1        NangateOpenCellLibrary_tt1p1v25c

  Point                                                   Incr       Path
  --------------------------------------------------------------------------
  clock CLK (rise edge)                                   0.00       0.00
  clock network delay (ideal)                             0.00       0.00
  g_slices[0].issue_slice/scoreboard/g_stanging_bufs[2].stanging_buf/g_register.g_pipe_regs[0].pipe_register/g_shift_register/g_shift.pipe_reg[0][106]/CK (DFF_X1)
                                                          0.00 #     0.00 r
  g_slices[0].issue_slice/scoreboard/g_stanging_bufs[2].stanging_buf/g_register.g_pipe_regs[0].pipe_register/g_shift_register/g_shift.pipe_reg[0][106]/Q (DFF_X1)
                                                          0.10       0.10 f
  U98052/ZN (NAND2_X1)                                    0.04       0.14 r
  U98082/ZN (NOR3_X1)                                     0.03       0.17 f
  U98083/ZN (NOR2_X1)                                     0.07       0.24 r
  U98085/ZN (NAND2_X1)                                    0.04       0.28 f
  U98086/ZN (AOI21_X1)                                    0.07       0.35 r
  U98102/ZN (OAI211_X1)                                   0.10       0.45 f
  U95268/Z (BUF_X2)                                       0.10       0.55 f
  U98103/ZN (INV_X1)                                      0.19       0.74 r
  U98104/ZN (NAND2_X1)                                    0.09       0.84 f
  U95241/ZN (NAND2_X2)                                    0.18       1.01 r
  U98105/ZN (INV_X2)                                      0.18       1.19 f
  U98106/ZN (NOR2_X1)                                     0.20       1.39 r
  U98107/ZN (INV_X1)                                      0.07       1.46 f
  U98027/ZN (NOR4_X2)                                     0.22       1.68 r
  U97959/Z (CLKBUF_X1)                                    0.21       1.88 r
  U97961/Z (CLKBUF_X1)                                    0.22       2.10 r
  U144498/ZN (AOI22_X1)                                   0.05       2.15 f
  U144499/ZN (NAND3_X1)                                   0.04       2.20 r
  g_slices[0].issue_slice/ibuffer/g_instr_bufs[1].instr_buf/g_ebN.fifo_queue/g_depth_n.g_out_reg.data_out_r_reg[40]/D (DFF_X1)
                                                          0.01       2.21 r
  data arrival time                                                  2.21

  clock CLK (rise edge)                                   4.00       4.00
  clock network delay (ideal)                             0.00       4.00
  clock uncertainty                                      -0.25       3.75
  g_slices[0].issue_slice/ibuffer/g_instr_bufs[1].instr_buf/g_ebN.fifo_queue/g_depth_n.g_out_reg.data_out_r_reg[40]/CK (DFF_X1)
                                                          0.00       3.75 r
  library setup time                                     -0.03       3.72
  data required time                                                 3.72
  --------------------------------------------------------------------------
  data required time                                                 3.72
  data arrival time                                                 -2.21
  --------------------------------------------------------------------------
  slack (MET)                                                        1.51


  Startpoint: g_slices[0].issue_slice/scoreboard/g_stanging_bufs[2].stanging_buf/g_register.g_pipe_regs[0].pipe_register/g_shift_register/g_shift.pipe_reg[0][106]
              (rising edge-triggered flip-flop clocked by CLK)
  Endpoint: g_slices[0].issue_slice/ibuffer/g_instr_bufs[1].instr_buf/g_ebN.fifo_queue/g_depth_n.g_out_reg.data_out_r_reg[43]
            (rising edge-triggered flip-flop clocked by CLK)
  Path Group: CLK
  Path Type: max

  Des/Clust/Port     Wire Load Model       Library
  ------------------------------------------------
  VX_issue           5K_hvratio_1_1        NangateOpenCellLibrary_tt1p1v25c

  Point                                                   Incr       Path
  --------------------------------------------------------------------------
  clock CLK (rise edge)                                   0.00       0.00
  clock network delay (ideal)                             0.00       0.00
  g_slices[0].issue_slice/scoreboard/g_stanging_bufs[2].stanging_buf/g_register.g_pipe_regs[0].pipe_register/g_shift_register/g_shift.pipe_reg[0][106]/CK (DFF_X1)
                                                          0.00 #     0.00 r
  g_slices[0].issue_slice/scoreboard/g_stanging_bufs[2].stanging_buf/g_register.g_pipe_regs[0].pipe_register/g_shift_register/g_shift.pipe_reg[0][106]/Q (DFF_X1)
                                                          0.10       0.10 f
  U98052/ZN (NAND2_X1)                                    0.04       0.14 r
  U98082/ZN (NOR3_X1)                                     0.03       0.17 f
  U98083/ZN (NOR2_X1)                                     0.07       0.24 r
  U98085/ZN (NAND2_X1)                                    0.04       0.28 f
  U98086/ZN (AOI21_X1)                                    0.07       0.35 r
  U98102/ZN (OAI211_X1)                                   0.10       0.45 f
  U95268/Z (BUF_X2)                                       0.10       0.55 f
  U98103/ZN (INV_X1)                                      0.19       0.74 r
  U98104/ZN (NAND2_X1)                                    0.09       0.84 f
  U95241/ZN (NAND2_X2)                                    0.18       1.01 r
  U98105/ZN (INV_X2)                                      0.18       1.19 f
  U98106/ZN (NOR2_X1)                                     0.20       1.39 r
  U98107/ZN (INV_X1)                                      0.07       1.46 f
  U98027/ZN (NOR4_X2)                                     0.22       1.68 r
  U97959/Z (CLKBUF_X1)                                    0.21       1.88 r
  U97961/Z (CLKBUF_X1)                                    0.22       2.10 r
  U144510/ZN (AOI22_X1)                                   0.05       2.15 f
  U144511/ZN (NAND3_X1)                                   0.04       2.20 r
  g_slices[0].issue_slice/ibuffer/g_instr_bufs[1].instr_buf/g_ebN.fifo_queue/g_depth_n.g_out_reg.data_out_r_reg[43]/D (DFF_X1)
                                                          0.01       2.21 r
  data arrival time                                                  2.21

  clock CLK (rise edge)                                   4.00       4.00
  clock network delay (ideal)                             0.00       4.00
  clock uncertainty                                      -0.25       3.75
  g_slices[0].issue_slice/ibuffer/g_instr_bufs[1].instr_buf/g_ebN.fifo_queue/g_depth_n.g_out_reg.data_out_r_reg[43]/CK (DFF_X1)
                                                          0.00       3.75 r
  library setup time                                     -0.03       3.72
  data required time                                                 3.72
  --------------------------------------------------------------------------
  data required time                                                 3.72
  data arrival time                                                 -2.21
  --------------------------------------------------------------------------
  slack (MET)                                                        1.51


  Startpoint: g_slices[0].issue_slice/scoreboard/g_stanging_bufs[2].stanging_buf/g_register.g_pipe_regs[0].pipe_register/g_shift_register/g_shift.pipe_reg[0][106]
              (rising edge-triggered flip-flop clocked by CLK)
  Endpoint: g_slices[0].issue_slice/ibuffer/g_instr_bufs[1].instr_buf/g_ebN.fifo_queue/g_depth_n.g_out_reg.data_out_r_reg[44]
            (rising edge-triggered flip-flop clocked by CLK)
  Path Group: CLK
  Path Type: max

  Des/Clust/Port     Wire Load Model       Library
  ------------------------------------------------
  VX_issue           5K_hvratio_1_1        NangateOpenCellLibrary_tt1p1v25c

  Point                                                   Incr       Path
  --------------------------------------------------------------------------
  clock CLK (rise edge)                                   0.00       0.00
  clock network delay (ideal)                             0.00       0.00
  g_slices[0].issue_slice/scoreboard/g_stanging_bufs[2].stanging_buf/g_register.g_pipe_regs[0].pipe_register/g_shift_register/g_shift.pipe_reg[0][106]/CK (DFF_X1)
                                                          0.00 #     0.00 r
  g_slices[0].issue_slice/scoreboard/g_stanging_bufs[2].stanging_buf/g_register.g_pipe_regs[0].pipe_register/g_shift_register/g_shift.pipe_reg[0][106]/Q (DFF_X1)
                                                          0.10       0.10 f
  U98052/ZN (NAND2_X1)                                    0.04       0.14 r
  U98082/ZN (NOR3_X1)                                     0.03       0.17 f
  U98083/ZN (NOR2_X1)                                     0.07       0.24 r
  U98085/ZN (NAND2_X1)                                    0.04       0.28 f
  U98086/ZN (AOI21_X1)                                    0.07       0.35 r
  U98102/ZN (OAI211_X1)                                   0.10       0.45 f
  U95268/Z (BUF_X2)                                       0.10       0.55 f
  U98103/ZN (INV_X1)                                      0.19       0.74 r
  U98104/ZN (NAND2_X1)                                    0.09       0.84 f
  U95241/ZN (NAND2_X2)                                    0.18       1.01 r
  U98105/ZN (INV_X2)                                      0.18       1.19 f
  U98106/ZN (NOR2_X1)                                     0.20       1.39 r
  U98107/ZN (INV_X1)                                      0.07       1.46 f
  U98027/ZN (NOR4_X2)                                     0.22       1.68 r
  U97959/Z (CLKBUF_X1)                                    0.21       1.88 r
  U97961/Z (CLKBUF_X1)                                    0.22       2.10 r
  U144514/ZN (AOI22_X1)                                   0.05       2.15 f
  U144515/ZN (NAND3_X1)                                   0.04       2.20 r
  g_slices[0].issue_slice/ibuffer/g_instr_bufs[1].instr_buf/g_ebN.fifo_queue/g_depth_n.g_out_reg.data_out_r_reg[44]/D (DFF_X1)
                                                          0.01       2.21 r
  data arrival time                                                  2.21

  clock CLK (rise edge)                                   4.00       4.00
  clock network delay (ideal)                             0.00       4.00
  clock uncertainty                                      -0.25       3.75
  g_slices[0].issue_slice/ibuffer/g_instr_bufs[1].instr_buf/g_ebN.fifo_queue/g_depth_n.g_out_reg.data_out_r_reg[44]/CK (DFF_X1)
                                                          0.00       3.75 r
  library setup time                                     -0.03       3.72
  data required time                                                 3.72
  --------------------------------------------------------------------------
  data required time                                                 3.72
  data arrival time                                                 -2.21
  --------------------------------------------------------------------------
  slack (MET)                                                        1.51


  Startpoint: g_slices[0].issue_slice/scoreboard/g_stanging_bufs[2].stanging_buf/g_register.g_pipe_regs[0].pipe_register/g_shift_register/g_shift.pipe_reg[0][106]
              (rising edge-triggered flip-flop clocked by CLK)
  Endpoint: g_slices[0].issue_slice/ibuffer/g_instr_bufs[1].instr_buf/g_ebN.fifo_queue/g_depth_n.g_out_reg.data_out_r_reg[73]
            (rising edge-triggered flip-flop clocked by CLK)
  Path Group: CLK
  Path Type: max

  Des/Clust/Port     Wire Load Model       Library
  ------------------------------------------------
  VX_issue           5K_hvratio_1_1        NangateOpenCellLibrary_tt1p1v25c

  Point                                                   Incr       Path
  --------------------------------------------------------------------------
  clock CLK (rise edge)                                   0.00       0.00
  clock network delay (ideal)                             0.00       0.00
  g_slices[0].issue_slice/scoreboard/g_stanging_bufs[2].stanging_buf/g_register.g_pipe_regs[0].pipe_register/g_shift_register/g_shift.pipe_reg[0][106]/CK (DFF_X1)
                                                          0.00 #     0.00 r
  g_slices[0].issue_slice/scoreboard/g_stanging_bufs[2].stanging_buf/g_register.g_pipe_regs[0].pipe_register/g_shift_register/g_shift.pipe_reg[0][106]/Q (DFF_X1)
                                                          0.10       0.10 f
  U98052/ZN (NAND2_X1)                                    0.04       0.14 r
  U98082/ZN (NOR3_X1)                                     0.03       0.17 f
  U98083/ZN (NOR2_X1)                                     0.07       0.24 r
  U98085/ZN (NAND2_X1)                                    0.04       0.28 f
  U98086/ZN (AOI21_X1)                                    0.07       0.35 r
  U98102/ZN (OAI211_X1)                                   0.10       0.45 f
  U95268/Z (BUF_X2)                                       0.10       0.55 f
  U98103/ZN (INV_X1)                                      0.19       0.74 r
  U98104/ZN (NAND2_X1)                                    0.09       0.84 f
  U95241/ZN (NAND2_X2)                                    0.18       1.01 r
  U98105/ZN (INV_X2)                                      0.18       1.19 f
  U98106/ZN (NOR2_X1)                                     0.20       1.39 r
  U98107/ZN (INV_X1)                                      0.07       1.46 f
  U98027/ZN (NOR4_X2)                                     0.22       1.68 r
  U97959/Z (CLKBUF_X1)                                    0.21       1.88 r
  U97961/Z (CLKBUF_X1)                                    0.22       2.10 r
  U144630/ZN (AOI22_X1)                                   0.05       2.15 f
  U144631/ZN (NAND3_X1)                                   0.04       2.20 r
  g_slices[0].issue_slice/ibuffer/g_instr_bufs[1].instr_buf/g_ebN.fifo_queue/g_depth_n.g_out_reg.data_out_r_reg[73]/D (DFF_X1)
                                                          0.01       2.21 r
  data arrival time                                                  2.21

  clock CLK (rise edge)                                   4.00       4.00
  clock network delay (ideal)                             0.00       4.00
  clock uncertainty                                      -0.25       3.75
  g_slices[0].issue_slice/ibuffer/g_instr_bufs[1].instr_buf/g_ebN.fifo_queue/g_depth_n.g_out_reg.data_out_r_reg[73]/CK (DFF_X1)
                                                          0.00       3.75 r
  library setup time                                     -0.03       3.72
  data required time                                                 3.72
  --------------------------------------------------------------------------
  data required time                                                 3.72
  data arrival time                                                 -2.21
  --------------------------------------------------------------------------
  slack (MET)                                                        1.51


  Startpoint: g_slices[0].issue_slice/scoreboard/g_stanging_bufs[2].stanging_buf/g_register.g_pipe_regs[0].pipe_register/g_shift_register/g_shift.pipe_reg[0][106]
              (rising edge-triggered flip-flop clocked by CLK)
  Endpoint: g_slices[0].issue_slice/ibuffer/g_instr_bufs[1].instr_buf/g_ebN.fifo_queue/g_depth_n.g_out_reg.data_out_r_reg[77]
            (rising edge-triggered flip-flop clocked by CLK)
  Path Group: CLK
  Path Type: max

  Des/Clust/Port     Wire Load Model       Library
  ------------------------------------------------
  VX_issue           5K_hvratio_1_1        NangateOpenCellLibrary_tt1p1v25c

  Point                                                   Incr       Path
  --------------------------------------------------------------------------
  clock CLK (rise edge)                                   0.00       0.00
  clock network delay (ideal)                             0.00       0.00
  g_slices[0].issue_slice/scoreboard/g_stanging_bufs[2].stanging_buf/g_register.g_pipe_regs[0].pipe_register/g_shift_register/g_shift.pipe_reg[0][106]/CK (DFF_X1)
                                                          0.00 #     0.00 r
  g_slices[0].issue_slice/scoreboard/g_stanging_bufs[2].stanging_buf/g_register.g_pipe_regs[0].pipe_register/g_shift_register/g_shift.pipe_reg[0][106]/Q (DFF_X1)
                                                          0.10       0.10 f
  U98052/ZN (NAND2_X1)                                    0.04       0.14 r
  U98082/ZN (NOR3_X1)                                     0.03       0.17 f
  U98083/ZN (NOR2_X1)                                     0.07       0.24 r
  U98085/ZN (NAND2_X1)                                    0.04       0.28 f
  U98086/ZN (AOI21_X1)                                    0.07       0.35 r
  U98102/ZN (OAI211_X1)                                   0.10       0.45 f
  U95268/Z (BUF_X2)                                       0.10       0.55 f
  U98103/ZN (INV_X1)                                      0.19       0.74 r
  U98104/ZN (NAND2_X1)                                    0.09       0.84 f
  U95241/ZN (NAND2_X2)                                    0.18       1.01 r
  U98105/ZN (INV_X2)                                      0.18       1.19 f
  U98106/ZN (NOR2_X1)                                     0.20       1.39 r
  U98107/ZN (INV_X1)                                      0.07       1.46 f
  U98027/ZN (NOR4_X2)                                     0.22       1.68 r
  U97959/Z (CLKBUF_X1)                                    0.21       1.88 r
  U97961/Z (CLKBUF_X1)                                    0.22       2.10 r
  U144646/ZN (AOI22_X1)                                   0.05       2.15 f
  U144647/ZN (NAND3_X1)                                   0.04       2.20 r
  g_slices[0].issue_slice/ibuffer/g_instr_bufs[1].instr_buf/g_ebN.fifo_queue/g_depth_n.g_out_reg.data_out_r_reg[77]/D (DFF_X1)
                                                          0.01       2.21 r
  data arrival time                                                  2.21

  clock CLK (rise edge)                                   4.00       4.00
  clock network delay (ideal)                             0.00       4.00
  clock uncertainty                                      -0.25       3.75
  g_slices[0].issue_slice/ibuffer/g_instr_bufs[1].instr_buf/g_ebN.fifo_queue/g_depth_n.g_out_reg.data_out_r_reg[77]/CK (DFF_X1)
                                                          0.00       3.75 r
  library setup time                                     -0.03       3.72
  data required time                                                 3.72
  --------------------------------------------------------------------------
  data required time                                                 3.72
  data arrival time                                                 -2.21
  --------------------------------------------------------------------------
  slack (MET)                                                        1.51


  Startpoint: g_slices[0].issue_slice/scoreboard/g_stanging_bufs[2].stanging_buf/g_register.g_pipe_regs[0].pipe_register/g_shift_register/g_shift.pipe_reg[0][106]
              (rising edge-triggered flip-flop clocked by CLK)
  Endpoint: g_slices[0].issue_slice/ibuffer/g_instr_bufs[1].instr_buf/g_ebN.fifo_queue/g_depth_n.g_out_reg.data_out_r_reg[90]
            (rising edge-triggered flip-flop clocked by CLK)
  Path Group: CLK
  Path Type: max

  Des/Clust/Port     Wire Load Model       Library
  ------------------------------------------------
  VX_issue           5K_hvratio_1_1        NangateOpenCellLibrary_tt1p1v25c

  Point                                                   Incr       Path
  --------------------------------------------------------------------------
  clock CLK (rise edge)                                   0.00       0.00
  clock network delay (ideal)                             0.00       0.00
  g_slices[0].issue_slice/scoreboard/g_stanging_bufs[2].stanging_buf/g_register.g_pipe_regs[0].pipe_register/g_shift_register/g_shift.pipe_reg[0][106]/CK (DFF_X1)
                                                          0.00 #     0.00 r
  g_slices[0].issue_slice/scoreboard/g_stanging_bufs[2].stanging_buf/g_register.g_pipe_regs[0].pipe_register/g_shift_register/g_shift.pipe_reg[0][106]/Q (DFF_X1)
                                                          0.10       0.10 f
  U98052/ZN (NAND2_X1)                                    0.04       0.14 r
  U98082/ZN (NOR3_X1)                                     0.03       0.17 f
  U98083/ZN (NOR2_X1)                                     0.07       0.24 r
  U98085/ZN (NAND2_X1)                                    0.04       0.28 f
  U98086/ZN (AOI21_X1)                                    0.07       0.35 r
  U98102/ZN (OAI211_X1)                                   0.10       0.45 f
  U95268/Z (BUF_X2)                                       0.10       0.55 f
  U98103/ZN (INV_X1)                                      0.19       0.74 r
  U98104/ZN (NAND2_X1)                                    0.09       0.84 f
  U95241/ZN (NAND2_X2)                                    0.18       1.01 r
  U98105/ZN (INV_X2)                                      0.18       1.19 f
  U98106/ZN (NOR2_X1)                                     0.20       1.39 r
  U98107/ZN (INV_X1)                                      0.07       1.46 f
  U98027/ZN (NOR4_X2)                                     0.22       1.68 r
  U97959/Z (CLKBUF_X1)                                    0.21       1.88 r
  U97961/Z (CLKBUF_X1)                                    0.22       2.10 r
  U144698/ZN (AOI22_X1)                                   0.05       2.15 f
  U144699/ZN (NAND3_X1)                                   0.04       2.20 r
  g_slices[0].issue_slice/ibuffer/g_instr_bufs[1].instr_buf/g_ebN.fifo_queue/g_depth_n.g_out_reg.data_out_r_reg[90]/D (DFF_X1)
                                                          0.01       2.21 r
  data arrival time                                                  2.21

  clock CLK (rise edge)                                   4.00       4.00
  clock network delay (ideal)                             0.00       4.00
  clock uncertainty                                      -0.25       3.75
  g_slices[0].issue_slice/ibuffer/g_instr_bufs[1].instr_buf/g_ebN.fifo_queue/g_depth_n.g_out_reg.data_out_r_reg[90]/CK (DFF_X1)
                                                          0.00       3.75 r
  library setup time                                     -0.03       3.72
  data required time                                                 3.72
  --------------------------------------------------------------------------
  data required time                                                 3.72
  data arrival time                                                 -2.21
  --------------------------------------------------------------------------
  slack (MET)                                                        1.51


  Startpoint: g_slices[0].issue_slice/scoreboard/g_stanging_bufs[2].stanging_buf/g_register.g_pipe_regs[0].pipe_register/g_shift_register/g_shift.pipe_reg[0][106]
              (rising edge-triggered flip-flop clocked by CLK)
  Endpoint: g_slices[0].issue_slice/ibuffer/g_instr_bufs[1].instr_buf/g_ebN.fifo_queue/g_depth_n.g_out_reg.data_out_r_reg[0]
            (rising edge-triggered flip-flop clocked by CLK)
  Path Group: CLK
  Path Type: max

  Des/Clust/Port     Wire Load Model       Library
  ------------------------------------------------
  VX_issue           5K_hvratio_1_1        NangateOpenCellLibrary_tt1p1v25c

  Point                                                   Incr       Path
  --------------------------------------------------------------------------
  clock CLK (rise edge)                                   0.00       0.00
  clock network delay (ideal)                             0.00       0.00
  g_slices[0].issue_slice/scoreboard/g_stanging_bufs[2].stanging_buf/g_register.g_pipe_regs[0].pipe_register/g_shift_register/g_shift.pipe_reg[0][106]/CK (DFF_X1)
                                                          0.00 #     0.00 r
  g_slices[0].issue_slice/scoreboard/g_stanging_bufs[2].stanging_buf/g_register.g_pipe_regs[0].pipe_register/g_shift_register/g_shift.pipe_reg[0][106]/Q (DFF_X1)
                                                          0.10       0.10 f
  U98052/ZN (NAND2_X1)                                    0.04       0.14 r
  U98082/ZN (NOR3_X1)                                     0.03       0.17 f
  U98083/ZN (NOR2_X1)                                     0.07       0.24 r
  U98085/ZN (NAND2_X1)                                    0.04       0.28 f
  U98086/ZN (AOI21_X1)                                    0.07       0.35 r
  U98102/ZN (OAI211_X1)                                   0.10       0.45 f
  U95268/Z (BUF_X2)                                       0.10       0.55 f
  U98103/ZN (INV_X1)                                      0.19       0.74 r
  U98104/ZN (NAND2_X1)                                    0.09       0.84 f
  U95241/ZN (NAND2_X2)                                    0.18       1.01 r
  U98105/ZN (INV_X2)                                      0.18       1.19 f
  U98106/ZN (NOR2_X1)                                     0.20       1.39 r
  U98107/ZN (INV_X1)                                      0.07       1.46 f
  U144337/ZN (NOR4_X1)                                    0.18       1.64 r
  U97960/Z (CLKBUF_X1)                                    0.21       1.85 r
  U97972/Z (CLKBUF_X1)                                    0.22       2.06 r
  U144338/ZN (AOI22_X1)                                   0.07       2.13 f
  U144339/ZN (NAND3_X1)                                   0.04       2.18 r
  g_slices[0].issue_slice/ibuffer/g_instr_bufs[1].instr_buf/g_ebN.fifo_queue/g_depth_n.g_out_reg.data_out_r_reg[0]/D (DFF_X1)
                                                          0.01       2.19 r
  data arrival time                                                  2.19

  clock CLK (rise edge)                                   4.00       4.00
  clock network delay (ideal)                             0.00       4.00
  clock uncertainty                                      -0.25       3.75
  g_slices[0].issue_slice/ibuffer/g_instr_bufs[1].instr_buf/g_ebN.fifo_queue/g_depth_n.g_out_reg.data_out_r_reg[0]/CK (DFF_X1)
                                                          0.00       3.75 r
  library setup time                                     -0.03       3.72
  data required time                                                 3.72
  --------------------------------------------------------------------------
  data required time                                                 3.72
  data arrival time                                                 -2.19
  --------------------------------------------------------------------------
  slack (MET)                                                        1.53


  Startpoint: g_slices[0].issue_slice/scoreboard/g_stanging_bufs[2].stanging_buf/g_register.g_pipe_regs[0].pipe_register/g_shift_register/g_shift.pipe_reg[0][106]
              (rising edge-triggered flip-flop clocked by CLK)
  Endpoint: g_slices[0].issue_slice/ibuffer/g_instr_bufs[1].instr_buf/g_ebN.fifo_queue/g_depth_n.g_out_reg.data_out_r_reg[1]
            (rising edge-triggered flip-flop clocked by CLK)
  Path Group: CLK
  Path Type: max

  Des/Clust/Port     Wire Load Model       Library
  ------------------------------------------------
  VX_issue           5K_hvratio_1_1        NangateOpenCellLibrary_tt1p1v25c

  Point                                                   Incr       Path
  --------------------------------------------------------------------------
  clock CLK (rise edge)                                   0.00       0.00
  clock network delay (ideal)                             0.00       0.00
  g_slices[0].issue_slice/scoreboard/g_stanging_bufs[2].stanging_buf/g_register.g_pipe_regs[0].pipe_register/g_shift_register/g_shift.pipe_reg[0][106]/CK (DFF_X1)
                                                          0.00 #     0.00 r
  g_slices[0].issue_slice/scoreboard/g_stanging_bufs[2].stanging_buf/g_register.g_pipe_regs[0].pipe_register/g_shift_register/g_shift.pipe_reg[0][106]/Q (DFF_X1)
                                                          0.10       0.10 f
  U98052/ZN (NAND2_X1)                                    0.04       0.14 r
  U98082/ZN (NOR3_X1)                                     0.03       0.17 f
  U98083/ZN (NOR2_X1)                                     0.07       0.24 r
  U98085/ZN (NAND2_X1)                                    0.04       0.28 f
  U98086/ZN (AOI21_X1)                                    0.07       0.35 r
  U98102/ZN (OAI211_X1)                                   0.10       0.45 f
  U95268/Z (BUF_X2)                                       0.10       0.55 f
  U98103/ZN (INV_X1)                                      0.19       0.74 r
  U98104/ZN (NAND2_X1)                                    0.09       0.84 f
  U95241/ZN (NAND2_X2)                                    0.18       1.01 r
  U98105/ZN (INV_X2)                                      0.18       1.19 f
  U98106/ZN (NOR2_X1)                                     0.20       1.39 r
  U98107/ZN (INV_X1)                                      0.07       1.46 f
  U144337/ZN (NOR4_X1)                                    0.18       1.64 r
  U97960/Z (CLKBUF_X1)                                    0.21       1.85 r
  U97972/Z (CLKBUF_X1)                                    0.22       2.06 r
  U144342/ZN (AOI22_X1)                                   0.07       2.13 f
  U144343/ZN (NAND3_X1)                                   0.04       2.18 r
  g_slices[0].issue_slice/ibuffer/g_instr_bufs[1].instr_buf/g_ebN.fifo_queue/g_depth_n.g_out_reg.data_out_r_reg[1]/D (DFF_X1)
                                                          0.01       2.19 r
  data arrival time                                                  2.19

  clock CLK (rise edge)                                   4.00       4.00
  clock network delay (ideal)                             0.00       4.00
  clock uncertainty                                      -0.25       3.75
  g_slices[0].issue_slice/ibuffer/g_instr_bufs[1].instr_buf/g_ebN.fifo_queue/g_depth_n.g_out_reg.data_out_r_reg[1]/CK (DFF_X1)
                                                          0.00       3.75 r
  library setup time                                     -0.03       3.72
  data required time                                                 3.72
  --------------------------------------------------------------------------
  data required time                                                 3.72
  data arrival time                                                 -2.19
  --------------------------------------------------------------------------
  slack (MET)                                                        1.53


  Startpoint: g_slices[0].issue_slice/scoreboard/g_stanging_bufs[2].stanging_buf/g_register.g_pipe_regs[0].pipe_register/g_shift_register/g_shift.pipe_reg[0][106]
              (rising edge-triggered flip-flop clocked by CLK)
  Endpoint: g_slices[0].issue_slice/ibuffer/g_instr_bufs[1].instr_buf/g_ebN.fifo_queue/g_depth_n.g_out_reg.data_out_r_reg[2]
            (rising edge-triggered flip-flop clocked by CLK)
  Path Group: CLK
  Path Type: max

  Des/Clust/Port     Wire Load Model       Library
  ------------------------------------------------
  VX_issue           5K_hvratio_1_1        NangateOpenCellLibrary_tt1p1v25c

  Point                                                   Incr       Path
  --------------------------------------------------------------------------
  clock CLK (rise edge)                                   0.00       0.00
  clock network delay (ideal)                             0.00       0.00
  g_slices[0].issue_slice/scoreboard/g_stanging_bufs[2].stanging_buf/g_register.g_pipe_regs[0].pipe_register/g_shift_register/g_shift.pipe_reg[0][106]/CK (DFF_X1)
                                                          0.00 #     0.00 r
  g_slices[0].issue_slice/scoreboard/g_stanging_bufs[2].stanging_buf/g_register.g_pipe_regs[0].pipe_register/g_shift_register/g_shift.pipe_reg[0][106]/Q (DFF_X1)
                                                          0.10       0.10 f
  U98052/ZN (NAND2_X1)                                    0.04       0.14 r
  U98082/ZN (NOR3_X1)                                     0.03       0.17 f
  U98083/ZN (NOR2_X1)                                     0.07       0.24 r
  U98085/ZN (NAND2_X1)                                    0.04       0.28 f
  U98086/ZN (AOI21_X1)                                    0.07       0.35 r
  U98102/ZN (OAI211_X1)                                   0.10       0.45 f
  U95268/Z (BUF_X2)                                       0.10       0.55 f
  U98103/ZN (INV_X1)                                      0.19       0.74 r
  U98104/ZN (NAND2_X1)                                    0.09       0.84 f
  U95241/ZN (NAND2_X2)                                    0.18       1.01 r
  U98105/ZN (INV_X2)                                      0.18       1.19 f
  U98106/ZN (NOR2_X1)                                     0.20       1.39 r
  U98107/ZN (INV_X1)                                      0.07       1.46 f
  U144337/ZN (NOR4_X1)                                    0.18       1.64 r
  U97960/Z (CLKBUF_X1)                                    0.21       1.85 r
  U97972/Z (CLKBUF_X1)                                    0.22       2.06 r
  U144346/ZN (AOI22_X1)                                   0.07       2.13 f
  U144347/ZN (NAND3_X1)                                   0.04       2.18 r
  g_slices[0].issue_slice/ibuffer/g_instr_bufs[1].instr_buf/g_ebN.fifo_queue/g_depth_n.g_out_reg.data_out_r_reg[2]/D (DFF_X1)
                                                          0.01       2.19 r
  data arrival time                                                  2.19

  clock CLK (rise edge)                                   4.00       4.00
  clock network delay (ideal)                             0.00       4.00
  clock uncertainty                                      -0.25       3.75
  g_slices[0].issue_slice/ibuffer/g_instr_bufs[1].instr_buf/g_ebN.fifo_queue/g_depth_n.g_out_reg.data_out_r_reg[2]/CK (DFF_X1)
                                                          0.00       3.75 r
  library setup time                                     -0.03       3.72
  data required time                                                 3.72
  --------------------------------------------------------------------------
  data required time                                                 3.72
  data arrival time                                                 -2.19
  --------------------------------------------------------------------------
  slack (MET)                                                        1.53


  Startpoint: g_slices[0].issue_slice/scoreboard/g_stanging_bufs[2].stanging_buf/g_register.g_pipe_regs[0].pipe_register/g_shift_register/g_shift.pipe_reg[0][106]
              (rising edge-triggered flip-flop clocked by CLK)
  Endpoint: g_slices[0].issue_slice/ibuffer/g_instr_bufs[1].instr_buf/g_ebN.fifo_queue/g_depth_n.g_out_reg.data_out_r_reg[3]
            (rising edge-triggered flip-flop clocked by CLK)
  Path Group: CLK
  Path Type: max

  Des/Clust/Port     Wire Load Model       Library
  ------------------------------------------------
  VX_issue           5K_hvratio_1_1        NangateOpenCellLibrary_tt1p1v25c

  Point                                                   Incr       Path
  --------------------------------------------------------------------------
  clock CLK (rise edge)                                   0.00       0.00
  clock network delay (ideal)                             0.00       0.00
  g_slices[0].issue_slice/scoreboard/g_stanging_bufs[2].stanging_buf/g_register.g_pipe_regs[0].pipe_register/g_shift_register/g_shift.pipe_reg[0][106]/CK (DFF_X1)
                                                          0.00 #     0.00 r
  g_slices[0].issue_slice/scoreboard/g_stanging_bufs[2].stanging_buf/g_register.g_pipe_regs[0].pipe_register/g_shift_register/g_shift.pipe_reg[0][106]/Q (DFF_X1)
                                                          0.10       0.10 f
  U98052/ZN (NAND2_X1)                                    0.04       0.14 r
  U98082/ZN (NOR3_X1)                                     0.03       0.17 f
  U98083/ZN (NOR2_X1)                                     0.07       0.24 r
  U98085/ZN (NAND2_X1)                                    0.04       0.28 f
  U98086/ZN (AOI21_X1)                                    0.07       0.35 r
  U98102/ZN (OAI211_X1)                                   0.10       0.45 f
  U95268/Z (BUF_X2)                                       0.10       0.55 f
  U98103/ZN (INV_X1)                                      0.19       0.74 r
  U98104/ZN (NAND2_X1)                                    0.09       0.84 f
  U95241/ZN (NAND2_X2)                                    0.18       1.01 r
  U98105/ZN (INV_X2)                                      0.18       1.19 f
  U98106/ZN (NOR2_X1)                                     0.20       1.39 r
  U98107/ZN (INV_X1)                                      0.07       1.46 f
  U144337/ZN (NOR4_X1)                                    0.18       1.64 r
  U97960/Z (CLKBUF_X1)                                    0.21       1.85 r
  U97972/Z (CLKBUF_X1)                                    0.22       2.06 r
  U144350/ZN (AOI22_X1)                                   0.07       2.13 f
  U144351/ZN (NAND3_X1)                                   0.04       2.18 r
  g_slices[0].issue_slice/ibuffer/g_instr_bufs[1].instr_buf/g_ebN.fifo_queue/g_depth_n.g_out_reg.data_out_r_reg[3]/D (DFF_X1)
                                                          0.01       2.19 r
  data arrival time                                                  2.19

  clock CLK (rise edge)                                   4.00       4.00
  clock network delay (ideal)                             0.00       4.00
  clock uncertainty                                      -0.25       3.75
  g_slices[0].issue_slice/ibuffer/g_instr_bufs[1].instr_buf/g_ebN.fifo_queue/g_depth_n.g_out_reg.data_out_r_reg[3]/CK (DFF_X1)
                                                          0.00       3.75 r
  library setup time                                     -0.03       3.72
  data required time                                                 3.72
  --------------------------------------------------------------------------
  data required time                                                 3.72
  data arrival time                                                 -2.19
  --------------------------------------------------------------------------
  slack (MET)                                                        1.53


  Startpoint: g_slices[0].issue_slice/scoreboard/g_stanging_bufs[2].stanging_buf/g_register.g_pipe_regs[0].pipe_register/g_shift_register/g_shift.pipe_reg[0][106]
              (rising edge-triggered flip-flop clocked by CLK)
  Endpoint: g_slices[0].issue_slice/ibuffer/g_instr_bufs[1].instr_buf/g_ebN.fifo_queue/g_depth_n.g_out_reg.data_out_r_reg[4]
            (rising edge-triggered flip-flop clocked by CLK)
  Path Group: CLK
  Path Type: max

  Des/Clust/Port     Wire Load Model       Library
  ------------------------------------------------
  VX_issue           5K_hvratio_1_1        NangateOpenCellLibrary_tt1p1v25c

  Point                                                   Incr       Path
  --------------------------------------------------------------------------
  clock CLK (rise edge)                                   0.00       0.00
  clock network delay (ideal)                             0.00       0.00
  g_slices[0].issue_slice/scoreboard/g_stanging_bufs[2].stanging_buf/g_register.g_pipe_regs[0].pipe_register/g_shift_register/g_shift.pipe_reg[0][106]/CK (DFF_X1)
                                                          0.00 #     0.00 r
  g_slices[0].issue_slice/scoreboard/g_stanging_bufs[2].stanging_buf/g_register.g_pipe_regs[0].pipe_register/g_shift_register/g_shift.pipe_reg[0][106]/Q (DFF_X1)
                                                          0.10       0.10 f
  U98052/ZN (NAND2_X1)                                    0.04       0.14 r
  U98082/ZN (NOR3_X1)                                     0.03       0.17 f
  U98083/ZN (NOR2_X1)                                     0.07       0.24 r
  U98085/ZN (NAND2_X1)                                    0.04       0.28 f
  U98086/ZN (AOI21_X1)                                    0.07       0.35 r
  U98102/ZN (OAI211_X1)                                   0.10       0.45 f
  U95268/Z (BUF_X2)                                       0.10       0.55 f
  U98103/ZN (INV_X1)                                      0.19       0.74 r
  U98104/ZN (NAND2_X1)                                    0.09       0.84 f
  U95241/ZN (NAND2_X2)                                    0.18       1.01 r
  U98105/ZN (INV_X2)                                      0.18       1.19 f
  U98106/ZN (NOR2_X1)                                     0.20       1.39 r
  U98107/ZN (INV_X1)                                      0.07       1.46 f
  U144337/ZN (NOR4_X1)                                    0.18       1.64 r
  U97960/Z (CLKBUF_X1)                                    0.21       1.85 r
  U97972/Z (CLKBUF_X1)                                    0.22       2.06 r
  U144354/ZN (AOI22_X1)                                   0.07       2.13 f
  U144355/ZN (NAND3_X1)                                   0.04       2.18 r
  g_slices[0].issue_slice/ibuffer/g_instr_bufs[1].instr_buf/g_ebN.fifo_queue/g_depth_n.g_out_reg.data_out_r_reg[4]/D (DFF_X1)
                                                          0.01       2.19 r
  data arrival time                                                  2.19

  clock CLK (rise edge)                                   4.00       4.00
  clock network delay (ideal)                             0.00       4.00
  clock uncertainty                                      -0.25       3.75
  g_slices[0].issue_slice/ibuffer/g_instr_bufs[1].instr_buf/g_ebN.fifo_queue/g_depth_n.g_out_reg.data_out_r_reg[4]/CK (DFF_X1)
                                                          0.00       3.75 r
  library setup time                                     -0.03       3.72
  data required time                                                 3.72
  --------------------------------------------------------------------------
  data required time                                                 3.72
  data arrival time                                                 -2.19
  --------------------------------------------------------------------------
  slack (MET)                                                        1.53


  Startpoint: g_slices[0].issue_slice/scoreboard/g_stanging_bufs[2].stanging_buf/g_register.g_pipe_regs[0].pipe_register/g_shift_register/g_shift.pipe_reg[0][106]
              (rising edge-triggered flip-flop clocked by CLK)
  Endpoint: g_slices[0].issue_slice/ibuffer/g_instr_bufs[1].instr_buf/g_ebN.fifo_queue/g_depth_n.g_out_reg.data_out_r_reg[5]
            (rising edge-triggered flip-flop clocked by CLK)
  Path Group: CLK
  Path Type: max

  Des/Clust/Port     Wire Load Model       Library
  ------------------------------------------------
  VX_issue           5K_hvratio_1_1        NangateOpenCellLibrary_tt1p1v25c

  Point                                                   Incr       Path
  --------------------------------------------------------------------------
  clock CLK (rise edge)                                   0.00       0.00
  clock network delay (ideal)                             0.00       0.00
  g_slices[0].issue_slice/scoreboard/g_stanging_bufs[2].stanging_buf/g_register.g_pipe_regs[0].pipe_register/g_shift_register/g_shift.pipe_reg[0][106]/CK (DFF_X1)
                                                          0.00 #     0.00 r
  g_slices[0].issue_slice/scoreboard/g_stanging_bufs[2].stanging_buf/g_register.g_pipe_regs[0].pipe_register/g_shift_register/g_shift.pipe_reg[0][106]/Q (DFF_X1)
                                                          0.10       0.10 f
  U98052/ZN (NAND2_X1)                                    0.04       0.14 r
  U98082/ZN (NOR3_X1)                                     0.03       0.17 f
  U98083/ZN (NOR2_X1)                                     0.07       0.24 r
  U98085/ZN (NAND2_X1)                                    0.04       0.28 f
  U98086/ZN (AOI21_X1)                                    0.07       0.35 r
  U98102/ZN (OAI211_X1)                                   0.10       0.45 f
  U95268/Z (BUF_X2)                                       0.10       0.55 f
  U98103/ZN (INV_X1)                                      0.19       0.74 r
  U98104/ZN (NAND2_X1)                                    0.09       0.84 f
  U95241/ZN (NAND2_X2)                                    0.18       1.01 r
  U98105/ZN (INV_X2)                                      0.18       1.19 f
  U98106/ZN (NOR2_X1)                                     0.20       1.39 r
  U98107/ZN (INV_X1)                                      0.07       1.46 f
  U144337/ZN (NOR4_X1)                                    0.18       1.64 r
  U97960/Z (CLKBUF_X1)                                    0.21       1.85 r
  U97972/Z (CLKBUF_X1)                                    0.22       2.06 r
  U144358/ZN (AOI22_X1)                                   0.07       2.13 f
  U144359/ZN (NAND3_X1)                                   0.04       2.18 r
  g_slices[0].issue_slice/ibuffer/g_instr_bufs[1].instr_buf/g_ebN.fifo_queue/g_depth_n.g_out_reg.data_out_r_reg[5]/D (DFF_X1)
                                                          0.01       2.19 r
  data arrival time                                                  2.19

  clock CLK (rise edge)                                   4.00       4.00
  clock network delay (ideal)                             0.00       4.00
  clock uncertainty                                      -0.25       3.75
  g_slices[0].issue_slice/ibuffer/g_instr_bufs[1].instr_buf/g_ebN.fifo_queue/g_depth_n.g_out_reg.data_out_r_reg[5]/CK (DFF_X1)
                                                          0.00       3.75 r
  library setup time                                     -0.03       3.72
  data required time                                                 3.72
  --------------------------------------------------------------------------
  data required time                                                 3.72
  data arrival time                                                 -2.19
  --------------------------------------------------------------------------
  slack (MET)                                                        1.53


  Startpoint: g_slices[0].issue_slice/scoreboard/g_stanging_bufs[2].stanging_buf/g_register.g_pipe_regs[0].pipe_register/g_shift_register/g_shift.pipe_reg[0][106]
              (rising edge-triggered flip-flop clocked by CLK)
  Endpoint: g_slices[0].issue_slice/ibuffer/g_instr_bufs[1].instr_buf/g_ebN.fifo_queue/g_depth_n.g_out_reg.data_out_r_reg[6]
            (rising edge-triggered flip-flop clocked by CLK)
  Path Group: CLK
  Path Type: max

  Des/Clust/Port     Wire Load Model       Library
  ------------------------------------------------
  VX_issue           5K_hvratio_1_1        NangateOpenCellLibrary_tt1p1v25c

  Point                                                   Incr       Path
  --------------------------------------------------------------------------
  clock CLK (rise edge)                                   0.00       0.00
  clock network delay (ideal)                             0.00       0.00
  g_slices[0].issue_slice/scoreboard/g_stanging_bufs[2].stanging_buf/g_register.g_pipe_regs[0].pipe_register/g_shift_register/g_shift.pipe_reg[0][106]/CK (DFF_X1)
                                                          0.00 #     0.00 r
  g_slices[0].issue_slice/scoreboard/g_stanging_bufs[2].stanging_buf/g_register.g_pipe_regs[0].pipe_register/g_shift_register/g_shift.pipe_reg[0][106]/Q (DFF_X1)
                                                          0.10       0.10 f
  U98052/ZN (NAND2_X1)                                    0.04       0.14 r
  U98082/ZN (NOR3_X1)                                     0.03       0.17 f
  U98083/ZN (NOR2_X1)                                     0.07       0.24 r
  U98085/ZN (NAND2_X1)                                    0.04       0.28 f
  U98086/ZN (AOI21_X1)                                    0.07       0.35 r
  U98102/ZN (OAI211_X1)                                   0.10       0.45 f
  U95268/Z (BUF_X2)                                       0.10       0.55 f
  U98103/ZN (INV_X1)                                      0.19       0.74 r
  U98104/ZN (NAND2_X1)                                    0.09       0.84 f
  U95241/ZN (NAND2_X2)                                    0.18       1.01 r
  U98105/ZN (INV_X2)                                      0.18       1.19 f
  U98106/ZN (NOR2_X1)                                     0.20       1.39 r
  U98107/ZN (INV_X1)                                      0.07       1.46 f
  U144337/ZN (NOR4_X1)                                    0.18       1.64 r
  U97960/Z (CLKBUF_X1)                                    0.21       1.85 r
  U97972/Z (CLKBUF_X1)                                    0.22       2.06 r
  U144362/ZN (AOI22_X1)                                   0.07       2.13 f
  U144363/ZN (NAND3_X1)                                   0.04       2.18 r
  g_slices[0].issue_slice/ibuffer/g_instr_bufs[1].instr_buf/g_ebN.fifo_queue/g_depth_n.g_out_reg.data_out_r_reg[6]/D (DFF_X1)
                                                          0.01       2.19 r
  data arrival time                                                  2.19

  clock CLK (rise edge)                                   4.00       4.00
  clock network delay (ideal)                             0.00       4.00
  clock uncertainty                                      -0.25       3.75
  g_slices[0].issue_slice/ibuffer/g_instr_bufs[1].instr_buf/g_ebN.fifo_queue/g_depth_n.g_out_reg.data_out_r_reg[6]/CK (DFF_X1)
                                                          0.00       3.75 r
  library setup time                                     -0.03       3.72
  data required time                                                 3.72
  --------------------------------------------------------------------------
  data required time                                                 3.72
  data arrival time                                                 -2.19
  --------------------------------------------------------------------------
  slack (MET)                                                        1.53


  Startpoint: g_slices[0].issue_slice/scoreboard/g_stanging_bufs[2].stanging_buf/g_register.g_pipe_regs[0].pipe_register/g_shift_register/g_shift.pipe_reg[0][106]
              (rising edge-triggered flip-flop clocked by CLK)
  Endpoint: g_slices[0].issue_slice/ibuffer/g_instr_bufs[1].instr_buf/g_ebN.fifo_queue/g_depth_n.g_out_reg.data_out_r_reg[7]
            (rising edge-triggered flip-flop clocked by CLK)
  Path Group: CLK
  Path Type: max

  Des/Clust/Port     Wire Load Model       Library
  ------------------------------------------------
  VX_issue           5K_hvratio_1_1        NangateOpenCellLibrary_tt1p1v25c

  Point                                                   Incr       Path
  --------------------------------------------------------------------------
  clock CLK (rise edge)                                   0.00       0.00
  clock network delay (ideal)                             0.00       0.00
  g_slices[0].issue_slice/scoreboard/g_stanging_bufs[2].stanging_buf/g_register.g_pipe_regs[0].pipe_register/g_shift_register/g_shift.pipe_reg[0][106]/CK (DFF_X1)
                                                          0.00 #     0.00 r
  g_slices[0].issue_slice/scoreboard/g_stanging_bufs[2].stanging_buf/g_register.g_pipe_regs[0].pipe_register/g_shift_register/g_shift.pipe_reg[0][106]/Q (DFF_X1)
                                                          0.10       0.10 f
  U98052/ZN (NAND2_X1)                                    0.04       0.14 r
  U98082/ZN (NOR3_X1)                                     0.03       0.17 f
  U98083/ZN (NOR2_X1)                                     0.07       0.24 r
  U98085/ZN (NAND2_X1)                                    0.04       0.28 f
  U98086/ZN (AOI21_X1)                                    0.07       0.35 r
  U98102/ZN (OAI211_X1)                                   0.10       0.45 f
  U95268/Z (BUF_X2)                                       0.10       0.55 f
  U98103/ZN (INV_X1)                                      0.19       0.74 r
  U98104/ZN (NAND2_X1)                                    0.09       0.84 f
  U95241/ZN (NAND2_X2)                                    0.18       1.01 r
  U98105/ZN (INV_X2)                                      0.18       1.19 f
  U98106/ZN (NOR2_X1)                                     0.20       1.39 r
  U98107/ZN (INV_X1)                                      0.07       1.46 f
  U144337/ZN (NOR4_X1)                                    0.18       1.64 r
  U97960/Z (CLKBUF_X1)                                    0.21       1.85 r
  U97972/Z (CLKBUF_X1)                                    0.22       2.06 r
  U144366/ZN (AOI22_X1)                                   0.07       2.13 f
  U144367/ZN (NAND3_X1)                                   0.04       2.18 r
  g_slices[0].issue_slice/ibuffer/g_instr_bufs[1].instr_buf/g_ebN.fifo_queue/g_depth_n.g_out_reg.data_out_r_reg[7]/D (DFF_X1)
                                                          0.01       2.19 r
  data arrival time                                                  2.19

  clock CLK (rise edge)                                   4.00       4.00
  clock network delay (ideal)                             0.00       4.00
  clock uncertainty                                      -0.25       3.75
  g_slices[0].issue_slice/ibuffer/g_instr_bufs[1].instr_buf/g_ebN.fifo_queue/g_depth_n.g_out_reg.data_out_r_reg[7]/CK (DFF_X1)
                                                          0.00       3.75 r
  library setup time                                     -0.03       3.72
  data required time                                                 3.72
  --------------------------------------------------------------------------
  data required time                                                 3.72
  data arrival time                                                 -2.19
  --------------------------------------------------------------------------
  slack (MET)                                                        1.53


  Startpoint: g_slices[0].issue_slice/scoreboard/g_stanging_bufs[2].stanging_buf/g_register.g_pipe_regs[0].pipe_register/g_shift_register/g_shift.pipe_reg[0][106]
              (rising edge-triggered flip-flop clocked by CLK)
  Endpoint: g_slices[0].issue_slice/ibuffer/g_instr_bufs[1].instr_buf/g_ebN.fifo_queue/g_depth_n.g_out_reg.data_out_r_reg[8]
            (rising edge-triggered flip-flop clocked by CLK)
  Path Group: CLK
  Path Type: max

  Des/Clust/Port     Wire Load Model       Library
  ------------------------------------------------
  VX_issue           5K_hvratio_1_1        NangateOpenCellLibrary_tt1p1v25c

  Point                                                   Incr       Path
  --------------------------------------------------------------------------
  clock CLK (rise edge)                                   0.00       0.00
  clock network delay (ideal)                             0.00       0.00
  g_slices[0].issue_slice/scoreboard/g_stanging_bufs[2].stanging_buf/g_register.g_pipe_regs[0].pipe_register/g_shift_register/g_shift.pipe_reg[0][106]/CK (DFF_X1)
                                                          0.00 #     0.00 r
  g_slices[0].issue_slice/scoreboard/g_stanging_bufs[2].stanging_buf/g_register.g_pipe_regs[0].pipe_register/g_shift_register/g_shift.pipe_reg[0][106]/Q (DFF_X1)
                                                          0.10       0.10 f
  U98052/ZN (NAND2_X1)                                    0.04       0.14 r
  U98082/ZN (NOR3_X1)                                     0.03       0.17 f
  U98083/ZN (NOR2_X1)                                     0.07       0.24 r
  U98085/ZN (NAND2_X1)                                    0.04       0.28 f
  U98086/ZN (AOI21_X1)                                    0.07       0.35 r
  U98102/ZN (OAI211_X1)                                   0.10       0.45 f
  U95268/Z (BUF_X2)                                       0.10       0.55 f
  U98103/ZN (INV_X1)                                      0.19       0.74 r
  U98104/ZN (NAND2_X1)                                    0.09       0.84 f
  U95241/ZN (NAND2_X2)                                    0.18       1.01 r
  U98105/ZN (INV_X2)                                      0.18       1.19 f
  U98106/ZN (NOR2_X1)                                     0.20       1.39 r
  U98107/ZN (INV_X1)                                      0.07       1.46 f
  U144337/ZN (NOR4_X1)                                    0.18       1.64 r
  U97960/Z (CLKBUF_X1)                                    0.21       1.85 r
  U97972/Z (CLKBUF_X1)                                    0.22       2.06 r
  U144370/ZN (AOI22_X1)                                   0.07       2.13 f
  U144371/ZN (NAND3_X1)                                   0.04       2.18 r
  g_slices[0].issue_slice/ibuffer/g_instr_bufs[1].instr_buf/g_ebN.fifo_queue/g_depth_n.g_out_reg.data_out_r_reg[8]/D (DFF_X1)
                                                          0.01       2.19 r
  data arrival time                                                  2.19

  clock CLK (rise edge)                                   4.00       4.00
  clock network delay (ideal)                             0.00       4.00
  clock uncertainty                                      -0.25       3.75
  g_slices[0].issue_slice/ibuffer/g_instr_bufs[1].instr_buf/g_ebN.fifo_queue/g_depth_n.g_out_reg.data_out_r_reg[8]/CK (DFF_X1)
                                                          0.00       3.75 r
  library setup time                                     -0.03       3.72
  data required time                                                 3.72
  --------------------------------------------------------------------------
  data required time                                                 3.72
  data arrival time                                                 -2.19
  --------------------------------------------------------------------------
  slack (MET)                                                        1.53


  Startpoint: g_slices[0].issue_slice/scoreboard/g_stanging_bufs[2].stanging_buf/g_register.g_pipe_regs[0].pipe_register/g_shift_register/g_shift.pipe_reg[0][106]
              (rising edge-triggered flip-flop clocked by CLK)
  Endpoint: g_slices[0].issue_slice/ibuffer/g_instr_bufs[1].instr_buf/g_ebN.fifo_queue/g_depth_n.g_out_reg.data_out_r_reg[9]
            (rising edge-triggered flip-flop clocked by CLK)
  Path Group: CLK
  Path Type: max

  Des/Clust/Port     Wire Load Model       Library
  ------------------------------------------------
  VX_issue           5K_hvratio_1_1        NangateOpenCellLibrary_tt1p1v25c

  Point                                                   Incr       Path
  --------------------------------------------------------------------------
  clock CLK (rise edge)                                   0.00       0.00
  clock network delay (ideal)                             0.00       0.00
  g_slices[0].issue_slice/scoreboard/g_stanging_bufs[2].stanging_buf/g_register.g_pipe_regs[0].pipe_register/g_shift_register/g_shift.pipe_reg[0][106]/CK (DFF_X1)
                                                          0.00 #     0.00 r
  g_slices[0].issue_slice/scoreboard/g_stanging_bufs[2].stanging_buf/g_register.g_pipe_regs[0].pipe_register/g_shift_register/g_shift.pipe_reg[0][106]/Q (DFF_X1)
                                                          0.10       0.10 f
  U98052/ZN (NAND2_X1)                                    0.04       0.14 r
  U98082/ZN (NOR3_X1)                                     0.03       0.17 f
  U98083/ZN (NOR2_X1)                                     0.07       0.24 r
  U98085/ZN (NAND2_X1)                                    0.04       0.28 f
  U98086/ZN (AOI21_X1)                                    0.07       0.35 r
  U98102/ZN (OAI211_X1)                                   0.10       0.45 f
  U95268/Z (BUF_X2)                                       0.10       0.55 f
  U98103/ZN (INV_X1)                                      0.19       0.74 r
  U98104/ZN (NAND2_X1)                                    0.09       0.84 f
  U95241/ZN (NAND2_X2)                                    0.18       1.01 r
  U98105/ZN (INV_X2)                                      0.18       1.19 f
  U98106/ZN (NOR2_X1)                                     0.20       1.39 r
  U98107/ZN (INV_X1)                                      0.07       1.46 f
  U144337/ZN (NOR4_X1)                                    0.18       1.64 r
  U97960/Z (CLKBUF_X1)                                    0.21       1.85 r
  U97972/Z (CLKBUF_X1)                                    0.22       2.06 r
  U144374/ZN (AOI22_X1)                                   0.07       2.13 f
  U144375/ZN (NAND3_X1)                                   0.04       2.18 r
  g_slices[0].issue_slice/ibuffer/g_instr_bufs[1].instr_buf/g_ebN.fifo_queue/g_depth_n.g_out_reg.data_out_r_reg[9]/D (DFF_X1)
                                                          0.01       2.19 r
  data arrival time                                                  2.19

  clock CLK (rise edge)                                   4.00       4.00
  clock network delay (ideal)                             0.00       4.00
  clock uncertainty                                      -0.25       3.75
  g_slices[0].issue_slice/ibuffer/g_instr_bufs[1].instr_buf/g_ebN.fifo_queue/g_depth_n.g_out_reg.data_out_r_reg[9]/CK (DFF_X1)
                                                          0.00       3.75 r
  library setup time                                     -0.03       3.72
  data required time                                                 3.72
  --------------------------------------------------------------------------
  data required time                                                 3.72
  data arrival time                                                 -2.19
  --------------------------------------------------------------------------
  slack (MET)                                                        1.53


  Startpoint: g_slices[0].issue_slice/scoreboard/g_stanging_bufs[2].stanging_buf/g_register.g_pipe_regs[0].pipe_register/g_shift_register/g_shift.pipe_reg[0][106]
              (rising edge-triggered flip-flop clocked by CLK)
  Endpoint: g_slices[0].issue_slice/ibuffer/g_instr_bufs[1].instr_buf/g_ebN.fifo_queue/g_depth_n.g_out_reg.data_out_r_reg[10]
            (rising edge-triggered flip-flop clocked by CLK)
  Path Group: CLK
  Path Type: max

  Des/Clust/Port     Wire Load Model       Library
  ------------------------------------------------
  VX_issue           5K_hvratio_1_1        NangateOpenCellLibrary_tt1p1v25c

  Point                                                   Incr       Path
  --------------------------------------------------------------------------
  clock CLK (rise edge)                                   0.00       0.00
  clock network delay (ideal)                             0.00       0.00
  g_slices[0].issue_slice/scoreboard/g_stanging_bufs[2].stanging_buf/g_register.g_pipe_regs[0].pipe_register/g_shift_register/g_shift.pipe_reg[0][106]/CK (DFF_X1)
                                                          0.00 #     0.00 r
  g_slices[0].issue_slice/scoreboard/g_stanging_bufs[2].stanging_buf/g_register.g_pipe_regs[0].pipe_register/g_shift_register/g_shift.pipe_reg[0][106]/Q (DFF_X1)
                                                          0.10       0.10 f
  U98052/ZN (NAND2_X1)                                    0.04       0.14 r
  U98082/ZN (NOR3_X1)                                     0.03       0.17 f
  U98083/ZN (NOR2_X1)                                     0.07       0.24 r
  U98085/ZN (NAND2_X1)                                    0.04       0.28 f
  U98086/ZN (AOI21_X1)                                    0.07       0.35 r
  U98102/ZN (OAI211_X1)                                   0.10       0.45 f
  U95268/Z (BUF_X2)                                       0.10       0.55 f
  U98103/ZN (INV_X1)                                      0.19       0.74 r
  U98104/ZN (NAND2_X1)                                    0.09       0.84 f
  U95241/ZN (NAND2_X2)                                    0.18       1.01 r
  U98105/ZN (INV_X2)                                      0.18       1.19 f
  U98106/ZN (NOR2_X1)                                     0.20       1.39 r
  U98107/ZN (INV_X1)                                      0.07       1.46 f
  U144337/ZN (NOR4_X1)                                    0.18       1.64 r
  U97960/Z (CLKBUF_X1)                                    0.21       1.85 r
  U97972/Z (CLKBUF_X1)                                    0.22       2.06 r
  U144378/ZN (AOI22_X1)                                   0.07       2.13 f
  U144379/ZN (NAND3_X1)                                   0.04       2.18 r
  g_slices[0].issue_slice/ibuffer/g_instr_bufs[1].instr_buf/g_ebN.fifo_queue/g_depth_n.g_out_reg.data_out_r_reg[10]/D (DFF_X1)
                                                          0.01       2.19 r
  data arrival time                                                  2.19

  clock CLK (rise edge)                                   4.00       4.00
  clock network delay (ideal)                             0.00       4.00
  clock uncertainty                                      -0.25       3.75
  g_slices[0].issue_slice/ibuffer/g_instr_bufs[1].instr_buf/g_ebN.fifo_queue/g_depth_n.g_out_reg.data_out_r_reg[10]/CK (DFF_X1)
                                                          0.00       3.75 r
  library setup time                                     -0.03       3.72
  data required time                                                 3.72
  --------------------------------------------------------------------------
  data required time                                                 3.72
  data arrival time                                                 -2.19
  --------------------------------------------------------------------------
  slack (MET)                                                        1.53


  Startpoint: g_slices[0].issue_slice/scoreboard/g_stanging_bufs[2].stanging_buf/g_register.g_pipe_regs[0].pipe_register/g_shift_register/g_shift.pipe_reg[0][106]
              (rising edge-triggered flip-flop clocked by CLK)
  Endpoint: g_slices[0].issue_slice/ibuffer/g_instr_bufs[1].instr_buf/g_ebN.fifo_queue/g_depth_n.g_out_reg.data_out_r_reg[11]
            (rising edge-triggered flip-flop clocked by CLK)
  Path Group: CLK
  Path Type: max

  Des/Clust/Port     Wire Load Model       Library
  ------------------------------------------------
  VX_issue           5K_hvratio_1_1        NangateOpenCellLibrary_tt1p1v25c

  Point                                                   Incr       Path
  --------------------------------------------------------------------------
  clock CLK (rise edge)                                   0.00       0.00
  clock network delay (ideal)                             0.00       0.00
  g_slices[0].issue_slice/scoreboard/g_stanging_bufs[2].stanging_buf/g_register.g_pipe_regs[0].pipe_register/g_shift_register/g_shift.pipe_reg[0][106]/CK (DFF_X1)
                                                          0.00 #     0.00 r
  g_slices[0].issue_slice/scoreboard/g_stanging_bufs[2].stanging_buf/g_register.g_pipe_regs[0].pipe_register/g_shift_register/g_shift.pipe_reg[0][106]/Q (DFF_X1)
                                                          0.10       0.10 f
  U98052/ZN (NAND2_X1)                                    0.04       0.14 r
  U98082/ZN (NOR3_X1)                                     0.03       0.17 f
  U98083/ZN (NOR2_X1)                                     0.07       0.24 r
  U98085/ZN (NAND2_X1)                                    0.04       0.28 f
  U98086/ZN (AOI21_X1)                                    0.07       0.35 r
  U98102/ZN (OAI211_X1)                                   0.10       0.45 f
  U95268/Z (BUF_X2)                                       0.10       0.55 f
  U98103/ZN (INV_X1)                                      0.19       0.74 r
  U98104/ZN (NAND2_X1)                                    0.09       0.84 f
  U95241/ZN (NAND2_X2)                                    0.18       1.01 r
  U98105/ZN (INV_X2)                                      0.18       1.19 f
  U98106/ZN (NOR2_X1)                                     0.20       1.39 r
  U98107/ZN (INV_X1)                                      0.07       1.46 f
  U144337/ZN (NOR4_X1)                                    0.18       1.64 r
  U97960/Z (CLKBUF_X1)                                    0.21       1.85 r
  U97972/Z (CLKBUF_X1)                                    0.22       2.06 r
  U144382/ZN (AOI22_X1)                                   0.07       2.13 f
  U144383/ZN (NAND3_X1)                                   0.04       2.18 r
  g_slices[0].issue_slice/ibuffer/g_instr_bufs[1].instr_buf/g_ebN.fifo_queue/g_depth_n.g_out_reg.data_out_r_reg[11]/D (DFF_X1)
                                                          0.01       2.19 r
  data arrival time                                                  2.19

  clock CLK (rise edge)                                   4.00       4.00
  clock network delay (ideal)                             0.00       4.00
  clock uncertainty                                      -0.25       3.75
  g_slices[0].issue_slice/ibuffer/g_instr_bufs[1].instr_buf/g_ebN.fifo_queue/g_depth_n.g_out_reg.data_out_r_reg[11]/CK (DFF_X1)
                                                          0.00       3.75 r
  library setup time                                     -0.03       3.72
  data required time                                                 3.72
  --------------------------------------------------------------------------
  data required time                                                 3.72
  data arrival time                                                 -2.19
  --------------------------------------------------------------------------
  slack (MET)                                                        1.53


  Startpoint: g_slices[0].issue_slice/scoreboard/g_stanging_bufs[2].stanging_buf/g_register.g_pipe_regs[0].pipe_register/g_shift_register/g_shift.pipe_reg[0][106]
              (rising edge-triggered flip-flop clocked by CLK)
  Endpoint: g_slices[0].issue_slice/ibuffer/g_instr_bufs[1].instr_buf/g_ebN.fifo_queue/g_depth_n.g_out_reg.data_out_r_reg[12]
            (rising edge-triggered flip-flop clocked by CLK)
  Path Group: CLK
  Path Type: max

  Des/Clust/Port     Wire Load Model       Library
  ------------------------------------------------
  VX_issue           5K_hvratio_1_1        NangateOpenCellLibrary_tt1p1v25c

  Point                                                   Incr       Path
  --------------------------------------------------------------------------
  clock CLK (rise edge)                                   0.00       0.00
  clock network delay (ideal)                             0.00       0.00
  g_slices[0].issue_slice/scoreboard/g_stanging_bufs[2].stanging_buf/g_register.g_pipe_regs[0].pipe_register/g_shift_register/g_shift.pipe_reg[0][106]/CK (DFF_X1)
                                                          0.00 #     0.00 r
  g_slices[0].issue_slice/scoreboard/g_stanging_bufs[2].stanging_buf/g_register.g_pipe_regs[0].pipe_register/g_shift_register/g_shift.pipe_reg[0][106]/Q (DFF_X1)
                                                          0.10       0.10 f
  U98052/ZN (NAND2_X1)                                    0.04       0.14 r
  U98082/ZN (NOR3_X1)                                     0.03       0.17 f
  U98083/ZN (NOR2_X1)                                     0.07       0.24 r
  U98085/ZN (NAND2_X1)                                    0.04       0.28 f
  U98086/ZN (AOI21_X1)                                    0.07       0.35 r
  U98102/ZN (OAI211_X1)                                   0.10       0.45 f
  U95268/Z (BUF_X2)                                       0.10       0.55 f
  U98103/ZN (INV_X1)                                      0.19       0.74 r
  U98104/ZN (NAND2_X1)                                    0.09       0.84 f
  U95241/ZN (NAND2_X2)                                    0.18       1.01 r
  U98105/ZN (INV_X2)                                      0.18       1.19 f
  U98106/ZN (NOR2_X1)                                     0.20       1.39 r
  U98107/ZN (INV_X1)                                      0.07       1.46 f
  U144337/ZN (NOR4_X1)                                    0.18       1.64 r
  U97960/Z (CLKBUF_X1)                                    0.21       1.85 r
  U97964/Z (CLKBUF_X1)                                    0.22       2.06 r
  U144386/ZN (AOI22_X1)                                   0.07       2.13 f
  U144387/ZN (NAND3_X1)                                   0.04       2.18 r
  g_slices[0].issue_slice/ibuffer/g_instr_bufs[1].instr_buf/g_ebN.fifo_queue/g_depth_n.g_out_reg.data_out_r_reg[12]/D (DFF_X1)
                                                          0.01       2.19 r
  data arrival time                                                  2.19

  clock CLK (rise edge)                                   4.00       4.00
  clock network delay (ideal)                             0.00       4.00
  clock uncertainty                                      -0.25       3.75
  g_slices[0].issue_slice/ibuffer/g_instr_bufs[1].instr_buf/g_ebN.fifo_queue/g_depth_n.g_out_reg.data_out_r_reg[12]/CK (DFF_X1)
                                                          0.00       3.75 r
  library setup time                                     -0.03       3.72
  data required time                                                 3.72
  --------------------------------------------------------------------------
  data required time                                                 3.72
  data arrival time                                                 -2.19
  --------------------------------------------------------------------------
  slack (MET)                                                        1.53


  Startpoint: g_slices[0].issue_slice/scoreboard/g_stanging_bufs[2].stanging_buf/g_register.g_pipe_regs[0].pipe_register/g_shift_register/g_shift.pipe_reg[0][106]
              (rising edge-triggered flip-flop clocked by CLK)
  Endpoint: g_slices[0].issue_slice/ibuffer/g_instr_bufs[1].instr_buf/g_ebN.fifo_queue/g_depth_n.g_out_reg.data_out_r_reg[13]
            (rising edge-triggered flip-flop clocked by CLK)
  Path Group: CLK
  Path Type: max

  Des/Clust/Port     Wire Load Model       Library
  ------------------------------------------------
  VX_issue           5K_hvratio_1_1        NangateOpenCellLibrary_tt1p1v25c

  Point                                                   Incr       Path
  --------------------------------------------------------------------------
  clock CLK (rise edge)                                   0.00       0.00
  clock network delay (ideal)                             0.00       0.00
  g_slices[0].issue_slice/scoreboard/g_stanging_bufs[2].stanging_buf/g_register.g_pipe_regs[0].pipe_register/g_shift_register/g_shift.pipe_reg[0][106]/CK (DFF_X1)
                                                          0.00 #     0.00 r
  g_slices[0].issue_slice/scoreboard/g_stanging_bufs[2].stanging_buf/g_register.g_pipe_regs[0].pipe_register/g_shift_register/g_shift.pipe_reg[0][106]/Q (DFF_X1)
                                                          0.10       0.10 f
  U98052/ZN (NAND2_X1)                                    0.04       0.14 r
  U98082/ZN (NOR3_X1)                                     0.03       0.17 f
  U98083/ZN (NOR2_X1)                                     0.07       0.24 r
  U98085/ZN (NAND2_X1)                                    0.04       0.28 f
  U98086/ZN (AOI21_X1)                                    0.07       0.35 r
  U98102/ZN (OAI211_X1)                                   0.10       0.45 f
  U95268/Z (BUF_X2)                                       0.10       0.55 f
  U98103/ZN (INV_X1)                                      0.19       0.74 r
  U98104/ZN (NAND2_X1)                                    0.09       0.84 f
  U95241/ZN (NAND2_X2)                                    0.18       1.01 r
  U98105/ZN (INV_X2)                                      0.18       1.19 f
  U98106/ZN (NOR2_X1)                                     0.20       1.39 r
  U98107/ZN (INV_X1)                                      0.07       1.46 f
  U144337/ZN (NOR4_X1)                                    0.18       1.64 r
  U97960/Z (CLKBUF_X1)                                    0.21       1.85 r
  U97964/Z (CLKBUF_X1)                                    0.22       2.06 r
  U144390/ZN (AOI22_X1)                                   0.07       2.13 f
  U144391/ZN (NAND3_X1)                                   0.04       2.18 r
  g_slices[0].issue_slice/ibuffer/g_instr_bufs[1].instr_buf/g_ebN.fifo_queue/g_depth_n.g_out_reg.data_out_r_reg[13]/D (DFF_X1)
                                                          0.01       2.19 r
  data arrival time                                                  2.19

  clock CLK (rise edge)                                   4.00       4.00
  clock network delay (ideal)                             0.00       4.00
  clock uncertainty                                      -0.25       3.75
  g_slices[0].issue_slice/ibuffer/g_instr_bufs[1].instr_buf/g_ebN.fifo_queue/g_depth_n.g_out_reg.data_out_r_reg[13]/CK (DFF_X1)
                                                          0.00       3.75 r
  library setup time                                     -0.03       3.72
  data required time                                                 3.72
  --------------------------------------------------------------------------
  data required time                                                 3.72
  data arrival time                                                 -2.19
  --------------------------------------------------------------------------
  slack (MET)                                                        1.53


  Startpoint: g_slices[0].issue_slice/scoreboard/g_stanging_bufs[2].stanging_buf/g_register.g_pipe_regs[0].pipe_register/g_shift_register/g_shift.pipe_reg[0][106]
              (rising edge-triggered flip-flop clocked by CLK)
  Endpoint: g_slices[0].issue_slice/ibuffer/g_instr_bufs[1].instr_buf/g_ebN.fifo_queue/g_depth_n.g_out_reg.data_out_r_reg[14]
            (rising edge-triggered flip-flop clocked by CLK)
  Path Group: CLK
  Path Type: max

  Des/Clust/Port     Wire Load Model       Library
  ------------------------------------------------
  VX_issue           5K_hvratio_1_1        NangateOpenCellLibrary_tt1p1v25c

  Point                                                   Incr       Path
  --------------------------------------------------------------------------
  clock CLK (rise edge)                                   0.00       0.00
  clock network delay (ideal)                             0.00       0.00
  g_slices[0].issue_slice/scoreboard/g_stanging_bufs[2].stanging_buf/g_register.g_pipe_regs[0].pipe_register/g_shift_register/g_shift.pipe_reg[0][106]/CK (DFF_X1)
                                                          0.00 #     0.00 r
  g_slices[0].issue_slice/scoreboard/g_stanging_bufs[2].stanging_buf/g_register.g_pipe_regs[0].pipe_register/g_shift_register/g_shift.pipe_reg[0][106]/Q (DFF_X1)
                                                          0.10       0.10 f
  U98052/ZN (NAND2_X1)                                    0.04       0.14 r
  U98082/ZN (NOR3_X1)                                     0.03       0.17 f
  U98083/ZN (NOR2_X1)                                     0.07       0.24 r
  U98085/ZN (NAND2_X1)                                    0.04       0.28 f
  U98086/ZN (AOI21_X1)                                    0.07       0.35 r
  U98102/ZN (OAI211_X1)                                   0.10       0.45 f
  U95268/Z (BUF_X2)                                       0.10       0.55 f
  U98103/ZN (INV_X1)                                      0.19       0.74 r
  U98104/ZN (NAND2_X1)                                    0.09       0.84 f
  U95241/ZN (NAND2_X2)                                    0.18       1.01 r
  U98105/ZN (INV_X2)                                      0.18       1.19 f
  U98106/ZN (NOR2_X1)                                     0.20       1.39 r
  U98107/ZN (INV_X1)                                      0.07       1.46 f
  U144337/ZN (NOR4_X1)                                    0.18       1.64 r
  U97960/Z (CLKBUF_X1)                                    0.21       1.85 r
  U97964/Z (CLKBUF_X1)                                    0.22       2.06 r
  U144394/ZN (AOI22_X1)                                   0.07       2.13 f
  U144395/ZN (NAND3_X1)                                   0.04       2.18 r
  g_slices[0].issue_slice/ibuffer/g_instr_bufs[1].instr_buf/g_ebN.fifo_queue/g_depth_n.g_out_reg.data_out_r_reg[14]/D (DFF_X1)
                                                          0.01       2.19 r
  data arrival time                                                  2.19

  clock CLK (rise edge)                                   4.00       4.00
  clock network delay (ideal)                             0.00       4.00
  clock uncertainty                                      -0.25       3.75
  g_slices[0].issue_slice/ibuffer/g_instr_bufs[1].instr_buf/g_ebN.fifo_queue/g_depth_n.g_out_reg.data_out_r_reg[14]/CK (DFF_X1)
                                                          0.00       3.75 r
  library setup time                                     -0.03       3.72
  data required time                                                 3.72
  --------------------------------------------------------------------------
  data required time                                                 3.72
  data arrival time                                                 -2.19
  --------------------------------------------------------------------------
  slack (MET)                                                        1.53


  Startpoint: g_slices[0].issue_slice/scoreboard/g_stanging_bufs[2].stanging_buf/g_register.g_pipe_regs[0].pipe_register/g_shift_register/g_shift.pipe_reg[0][106]
              (rising edge-triggered flip-flop clocked by CLK)
  Endpoint: g_slices[0].issue_slice/ibuffer/g_instr_bufs[1].instr_buf/g_ebN.fifo_queue/g_depth_n.g_out_reg.data_out_r_reg[15]
            (rising edge-triggered flip-flop clocked by CLK)
  Path Group: CLK
  Path Type: max

  Des/Clust/Port     Wire Load Model       Library
  ------------------------------------------------
  VX_issue           5K_hvratio_1_1        NangateOpenCellLibrary_tt1p1v25c

  Point                                                   Incr       Path
  --------------------------------------------------------------------------
  clock CLK (rise edge)                                   0.00       0.00
  clock network delay (ideal)                             0.00       0.00
  g_slices[0].issue_slice/scoreboard/g_stanging_bufs[2].stanging_buf/g_register.g_pipe_regs[0].pipe_register/g_shift_register/g_shift.pipe_reg[0][106]/CK (DFF_X1)
                                                          0.00 #     0.00 r
  g_slices[0].issue_slice/scoreboard/g_stanging_bufs[2].stanging_buf/g_register.g_pipe_regs[0].pipe_register/g_shift_register/g_shift.pipe_reg[0][106]/Q (DFF_X1)
                                                          0.10       0.10 f
  U98052/ZN (NAND2_X1)                                    0.04       0.14 r
  U98082/ZN (NOR3_X1)                                     0.03       0.17 f
  U98083/ZN (NOR2_X1)                                     0.07       0.24 r
  U98085/ZN (NAND2_X1)                                    0.04       0.28 f
  U98086/ZN (AOI21_X1)                                    0.07       0.35 r
  U98102/ZN (OAI211_X1)                                   0.10       0.45 f
  U95268/Z (BUF_X2)                                       0.10       0.55 f
  U98103/ZN (INV_X1)                                      0.19       0.74 r
  U98104/ZN (NAND2_X1)                                    0.09       0.84 f
  U95241/ZN (NAND2_X2)                                    0.18       1.01 r
  U98105/ZN (INV_X2)                                      0.18       1.19 f
  U98106/ZN (NOR2_X1)                                     0.20       1.39 r
  U98107/ZN (INV_X1)                                      0.07       1.46 f
  U144337/ZN (NOR4_X1)                                    0.18       1.64 r
  U97960/Z (CLKBUF_X1)                                    0.21       1.85 r
  U97964/Z (CLKBUF_X1)                                    0.22       2.06 r
  U144398/ZN (AOI22_X1)                                   0.07       2.13 f
  U144399/ZN (NAND3_X1)                                   0.04       2.18 r
  g_slices[0].issue_slice/ibuffer/g_instr_bufs[1].instr_buf/g_ebN.fifo_queue/g_depth_n.g_out_reg.data_out_r_reg[15]/D (DFF_X1)
                                                          0.01       2.19 r
  data arrival time                                                  2.19

  clock CLK (rise edge)                                   4.00       4.00
  clock network delay (ideal)                             0.00       4.00
  clock uncertainty                                      -0.25       3.75
  g_slices[0].issue_slice/ibuffer/g_instr_bufs[1].instr_buf/g_ebN.fifo_queue/g_depth_n.g_out_reg.data_out_r_reg[15]/CK (DFF_X1)
                                                          0.00       3.75 r
  library setup time                                     -0.03       3.72
  data required time                                                 3.72
  --------------------------------------------------------------------------
  data required time                                                 3.72
  data arrival time                                                 -2.19
  --------------------------------------------------------------------------
  slack (MET)                                                        1.53


  Startpoint: g_slices[0].issue_slice/scoreboard/g_stanging_bufs[2].stanging_buf/g_register.g_pipe_regs[0].pipe_register/g_shift_register/g_shift.pipe_reg[0][106]
              (rising edge-triggered flip-flop clocked by CLK)
  Endpoint: g_slices[0].issue_slice/ibuffer/g_instr_bufs[1].instr_buf/g_ebN.fifo_queue/g_depth_n.g_out_reg.data_out_r_reg[16]
            (rising edge-triggered flip-flop clocked by CLK)
  Path Group: CLK
  Path Type: max

  Des/Clust/Port     Wire Load Model       Library
  ------------------------------------------------
  VX_issue           5K_hvratio_1_1        NangateOpenCellLibrary_tt1p1v25c

  Point                                                   Incr       Path
  --------------------------------------------------------------------------
  clock CLK (rise edge)                                   0.00       0.00
  clock network delay (ideal)                             0.00       0.00
  g_slices[0].issue_slice/scoreboard/g_stanging_bufs[2].stanging_buf/g_register.g_pipe_regs[0].pipe_register/g_shift_register/g_shift.pipe_reg[0][106]/CK (DFF_X1)
                                                          0.00 #     0.00 r
  g_slices[0].issue_slice/scoreboard/g_stanging_bufs[2].stanging_buf/g_register.g_pipe_regs[0].pipe_register/g_shift_register/g_shift.pipe_reg[0][106]/Q (DFF_X1)
                                                          0.10       0.10 f
  U98052/ZN (NAND2_X1)                                    0.04       0.14 r
  U98082/ZN (NOR3_X1)                                     0.03       0.17 f
  U98083/ZN (NOR2_X1)                                     0.07       0.24 r
  U98085/ZN (NAND2_X1)                                    0.04       0.28 f
  U98086/ZN (AOI21_X1)                                    0.07       0.35 r
  U98102/ZN (OAI211_X1)                                   0.10       0.45 f
  U95268/Z (BUF_X2)                                       0.10       0.55 f
  U98103/ZN (INV_X1)                                      0.19       0.74 r
  U98104/ZN (NAND2_X1)                                    0.09       0.84 f
  U95241/ZN (NAND2_X2)                                    0.18       1.01 r
  U98105/ZN (INV_X2)                                      0.18       1.19 f
  U98106/ZN (NOR2_X1)                                     0.20       1.39 r
  U98107/ZN (INV_X1)                                      0.07       1.46 f
  U144337/ZN (NOR4_X1)                                    0.18       1.64 r
  U97960/Z (CLKBUF_X1)                                    0.21       1.85 r
  U97964/Z (CLKBUF_X1)                                    0.22       2.06 r
  U144402/ZN (AOI22_X1)                                   0.07       2.13 f
  U144403/ZN (NAND3_X1)                                   0.04       2.18 r
  g_slices[0].issue_slice/ibuffer/g_instr_bufs[1].instr_buf/g_ebN.fifo_queue/g_depth_n.g_out_reg.data_out_r_reg[16]/D (DFF_X1)
                                                          0.01       2.19 r
  data arrival time                                                  2.19

  clock CLK (rise edge)                                   4.00       4.00
  clock network delay (ideal)                             0.00       4.00
  clock uncertainty                                      -0.25       3.75
  g_slices[0].issue_slice/ibuffer/g_instr_bufs[1].instr_buf/g_ebN.fifo_queue/g_depth_n.g_out_reg.data_out_r_reg[16]/CK (DFF_X1)
                                                          0.00       3.75 r
  library setup time                                     -0.03       3.72
  data required time                                                 3.72
  --------------------------------------------------------------------------
  data required time                                                 3.72
  data arrival time                                                 -2.19
  --------------------------------------------------------------------------
  slack (MET)                                                        1.53


  Startpoint: g_slices[0].issue_slice/scoreboard/g_stanging_bufs[2].stanging_buf/g_register.g_pipe_regs[0].pipe_register/g_shift_register/g_shift.pipe_reg[0][106]
              (rising edge-triggered flip-flop clocked by CLK)
  Endpoint: g_slices[0].issue_slice/ibuffer/g_instr_bufs[1].instr_buf/g_ebN.fifo_queue/g_depth_n.g_out_reg.data_out_r_reg[17]
            (rising edge-triggered flip-flop clocked by CLK)
  Path Group: CLK
  Path Type: max

  Des/Clust/Port     Wire Load Model       Library
  ------------------------------------------------
  VX_issue           5K_hvratio_1_1        NangateOpenCellLibrary_tt1p1v25c

  Point                                                   Incr       Path
  --------------------------------------------------------------------------
  clock CLK (rise edge)                                   0.00       0.00
  clock network delay (ideal)                             0.00       0.00
  g_slices[0].issue_slice/scoreboard/g_stanging_bufs[2].stanging_buf/g_register.g_pipe_regs[0].pipe_register/g_shift_register/g_shift.pipe_reg[0][106]/CK (DFF_X1)
                                                          0.00 #     0.00 r
  g_slices[0].issue_slice/scoreboard/g_stanging_bufs[2].stanging_buf/g_register.g_pipe_regs[0].pipe_register/g_shift_register/g_shift.pipe_reg[0][106]/Q (DFF_X1)
                                                          0.10       0.10 f
  U98052/ZN (NAND2_X1)                                    0.04       0.14 r
  U98082/ZN (NOR3_X1)                                     0.03       0.17 f
  U98083/ZN (NOR2_X1)                                     0.07       0.24 r
  U98085/ZN (NAND2_X1)                                    0.04       0.28 f
  U98086/ZN (AOI21_X1)                                    0.07       0.35 r
  U98102/ZN (OAI211_X1)                                   0.10       0.45 f
  U95268/Z (BUF_X2)                                       0.10       0.55 f
  U98103/ZN (INV_X1)                                      0.19       0.74 r
  U98104/ZN (NAND2_X1)                                    0.09       0.84 f
  U95241/ZN (NAND2_X2)                                    0.18       1.01 r
  U98105/ZN (INV_X2)                                      0.18       1.19 f
  U98106/ZN (NOR2_X1)                                     0.20       1.39 r
  U98107/ZN (INV_X1)                                      0.07       1.46 f
  U144337/ZN (NOR4_X1)                                    0.18       1.64 r
  U97960/Z (CLKBUF_X1)                                    0.21       1.85 r
  U97964/Z (CLKBUF_X1)                                    0.22       2.06 r
  U144406/ZN (AOI22_X1)                                   0.07       2.13 f
  U144407/ZN (NAND3_X1)                                   0.04       2.18 r
  g_slices[0].issue_slice/ibuffer/g_instr_bufs[1].instr_buf/g_ebN.fifo_queue/g_depth_n.g_out_reg.data_out_r_reg[17]/D (DFF_X1)
                                                          0.01       2.19 r
  data arrival time                                                  2.19

  clock CLK (rise edge)                                   4.00       4.00
  clock network delay (ideal)                             0.00       4.00
  clock uncertainty                                      -0.25       3.75
  g_slices[0].issue_slice/ibuffer/g_instr_bufs[1].instr_buf/g_ebN.fifo_queue/g_depth_n.g_out_reg.data_out_r_reg[17]/CK (DFF_X1)
                                                          0.00       3.75 r
  library setup time                                     -0.03       3.72
  data required time                                                 3.72
  --------------------------------------------------------------------------
  data required time                                                 3.72
  data arrival time                                                 -2.19
  --------------------------------------------------------------------------
  slack (MET)                                                        1.53


  Startpoint: g_slices[0].issue_slice/scoreboard/g_stanging_bufs[2].stanging_buf/g_register.g_pipe_regs[0].pipe_register/g_shift_register/g_shift.pipe_reg[0][106]
              (rising edge-triggered flip-flop clocked by CLK)
  Endpoint: g_slices[0].issue_slice/ibuffer/g_instr_bufs[1].instr_buf/g_ebN.fifo_queue/g_depth_n.g_out_reg.data_out_r_reg[18]
            (rising edge-triggered flip-flop clocked by CLK)
  Path Group: CLK
  Path Type: max

  Des/Clust/Port     Wire Load Model       Library
  ------------------------------------------------
  VX_issue           5K_hvratio_1_1        NangateOpenCellLibrary_tt1p1v25c

  Point                                                   Incr       Path
  --------------------------------------------------------------------------
  clock CLK (rise edge)                                   0.00       0.00
  clock network delay (ideal)                             0.00       0.00
  g_slices[0].issue_slice/scoreboard/g_stanging_bufs[2].stanging_buf/g_register.g_pipe_regs[0].pipe_register/g_shift_register/g_shift.pipe_reg[0][106]/CK (DFF_X1)
                                                          0.00 #     0.00 r
  g_slices[0].issue_slice/scoreboard/g_stanging_bufs[2].stanging_buf/g_register.g_pipe_regs[0].pipe_register/g_shift_register/g_shift.pipe_reg[0][106]/Q (DFF_X1)
                                                          0.10       0.10 f
  U98052/ZN (NAND2_X1)                                    0.04       0.14 r
  U98082/ZN (NOR3_X1)                                     0.03       0.17 f
  U98083/ZN (NOR2_X1)                                     0.07       0.24 r
  U98085/ZN (NAND2_X1)                                    0.04       0.28 f
  U98086/ZN (AOI21_X1)                                    0.07       0.35 r
  U98102/ZN (OAI211_X1)                                   0.10       0.45 f
  U95268/Z (BUF_X2)                                       0.10       0.55 f
  U98103/ZN (INV_X1)                                      0.19       0.74 r
  U98104/ZN (NAND2_X1)                                    0.09       0.84 f
  U95241/ZN (NAND2_X2)                                    0.18       1.01 r
  U98105/ZN (INV_X2)                                      0.18       1.19 f
  U98106/ZN (NOR2_X1)                                     0.20       1.39 r
  U98107/ZN (INV_X1)                                      0.07       1.46 f
  U144337/ZN (NOR4_X1)                                    0.18       1.64 r
  U97960/Z (CLKBUF_X1)                                    0.21       1.85 r
  U97964/Z (CLKBUF_X1)                                    0.22       2.06 r
  U144410/ZN (AOI22_X1)                                   0.07       2.13 f
  U144411/ZN (NAND3_X1)                                   0.04       2.18 r
  g_slices[0].issue_slice/ibuffer/g_instr_bufs[1].instr_buf/g_ebN.fifo_queue/g_depth_n.g_out_reg.data_out_r_reg[18]/D (DFF_X1)
                                                          0.01       2.19 r
  data arrival time                                                  2.19

  clock CLK (rise edge)                                   4.00       4.00
  clock network delay (ideal)                             0.00       4.00
  clock uncertainty                                      -0.25       3.75
  g_slices[0].issue_slice/ibuffer/g_instr_bufs[1].instr_buf/g_ebN.fifo_queue/g_depth_n.g_out_reg.data_out_r_reg[18]/CK (DFF_X1)
                                                          0.00       3.75 r
  library setup time                                     -0.03       3.72
  data required time                                                 3.72
  --------------------------------------------------------------------------
  data required time                                                 3.72
  data arrival time                                                 -2.19
  --------------------------------------------------------------------------
  slack (MET)                                                        1.53


  Startpoint: g_slices[0].issue_slice/scoreboard/g_stanging_bufs[2].stanging_buf/g_register.g_pipe_regs[0].pipe_register/g_shift_register/g_shift.pipe_reg[0][106]
              (rising edge-triggered flip-flop clocked by CLK)
  Endpoint: g_slices[0].issue_slice/ibuffer/g_instr_bufs[1].instr_buf/g_ebN.fifo_queue/g_depth_n.g_out_reg.data_out_r_reg[19]
            (rising edge-triggered flip-flop clocked by CLK)
  Path Group: CLK
  Path Type: max

  Des/Clust/Port     Wire Load Model       Library
  ------------------------------------------------
  VX_issue           5K_hvratio_1_1        NangateOpenCellLibrary_tt1p1v25c

  Point                                                   Incr       Path
  --------------------------------------------------------------------------
  clock CLK (rise edge)                                   0.00       0.00
  clock network delay (ideal)                             0.00       0.00
  g_slices[0].issue_slice/scoreboard/g_stanging_bufs[2].stanging_buf/g_register.g_pipe_regs[0].pipe_register/g_shift_register/g_shift.pipe_reg[0][106]/CK (DFF_X1)
                                                          0.00 #     0.00 r
  g_slices[0].issue_slice/scoreboard/g_stanging_bufs[2].stanging_buf/g_register.g_pipe_regs[0].pipe_register/g_shift_register/g_shift.pipe_reg[0][106]/Q (DFF_X1)
                                                          0.10       0.10 f
  U98052/ZN (NAND2_X1)                                    0.04       0.14 r
  U98082/ZN (NOR3_X1)                                     0.03       0.17 f
  U98083/ZN (NOR2_X1)                                     0.07       0.24 r
  U98085/ZN (NAND2_X1)                                    0.04       0.28 f
  U98086/ZN (AOI21_X1)                                    0.07       0.35 r
  U98102/ZN (OAI211_X1)                                   0.10       0.45 f
  U95268/Z (BUF_X2)                                       0.10       0.55 f
  U98103/ZN (INV_X1)                                      0.19       0.74 r
  U98104/ZN (NAND2_X1)                                    0.09       0.84 f
  U95241/ZN (NAND2_X2)                                    0.18       1.01 r
  U98105/ZN (INV_X2)                                      0.18       1.19 f
  U98106/ZN (NOR2_X1)                                     0.20       1.39 r
  U98107/ZN (INV_X1)                                      0.07       1.46 f
  U144337/ZN (NOR4_X1)                                    0.18       1.64 r
  U97960/Z (CLKBUF_X1)                                    0.21       1.85 r
  U97964/Z (CLKBUF_X1)                                    0.22       2.06 r
  U144414/ZN (AOI22_X1)                                   0.07       2.13 f
  U144415/ZN (NAND3_X1)                                   0.04       2.18 r
  g_slices[0].issue_slice/ibuffer/g_instr_bufs[1].instr_buf/g_ebN.fifo_queue/g_depth_n.g_out_reg.data_out_r_reg[19]/D (DFF_X1)
                                                          0.01       2.19 r
  data arrival time                                                  2.19

  clock CLK (rise edge)                                   4.00       4.00
  clock network delay (ideal)                             0.00       4.00
  clock uncertainty                                      -0.25       3.75
  g_slices[0].issue_slice/ibuffer/g_instr_bufs[1].instr_buf/g_ebN.fifo_queue/g_depth_n.g_out_reg.data_out_r_reg[19]/CK (DFF_X1)
                                                          0.00       3.75 r
  library setup time                                     -0.03       3.72
  data required time                                                 3.72
  --------------------------------------------------------------------------
  data required time                                                 3.72
  data arrival time                                                 -2.19
  --------------------------------------------------------------------------
  slack (MET)                                                        1.53


  Startpoint: g_slices[0].issue_slice/scoreboard/g_stanging_bufs[2].stanging_buf/g_register.g_pipe_regs[0].pipe_register/g_shift_register/g_shift.pipe_reg[0][106]
              (rising edge-triggered flip-flop clocked by CLK)
  Endpoint: g_slices[0].issue_slice/ibuffer/g_instr_bufs[1].instr_buf/g_ebN.fifo_queue/g_depth_n.g_out_reg.data_out_r_reg[20]
            (rising edge-triggered flip-flop clocked by CLK)
  Path Group: CLK
  Path Type: max

  Des/Clust/Port     Wire Load Model       Library
  ------------------------------------------------
  VX_issue           5K_hvratio_1_1        NangateOpenCellLibrary_tt1p1v25c

  Point                                                   Incr       Path
  --------------------------------------------------------------------------
  clock CLK (rise edge)                                   0.00       0.00
  clock network delay (ideal)                             0.00       0.00
  g_slices[0].issue_slice/scoreboard/g_stanging_bufs[2].stanging_buf/g_register.g_pipe_regs[0].pipe_register/g_shift_register/g_shift.pipe_reg[0][106]/CK (DFF_X1)
                                                          0.00 #     0.00 r
  g_slices[0].issue_slice/scoreboard/g_stanging_bufs[2].stanging_buf/g_register.g_pipe_regs[0].pipe_register/g_shift_register/g_shift.pipe_reg[0][106]/Q (DFF_X1)
                                                          0.10       0.10 f
  U98052/ZN (NAND2_X1)                                    0.04       0.14 r
  U98082/ZN (NOR3_X1)                                     0.03       0.17 f
  U98083/ZN (NOR2_X1)                                     0.07       0.24 r
  U98085/ZN (NAND2_X1)                                    0.04       0.28 f
  U98086/ZN (AOI21_X1)                                    0.07       0.35 r
  U98102/ZN (OAI211_X1)                                   0.10       0.45 f
  U95268/Z (BUF_X2)                                       0.10       0.55 f
  U98103/ZN (INV_X1)                                      0.19       0.74 r
  U98104/ZN (NAND2_X1)                                    0.09       0.84 f
  U95241/ZN (NAND2_X2)                                    0.18       1.01 r
  U98105/ZN (INV_X2)                                      0.18       1.19 f
  U98106/ZN (NOR2_X1)                                     0.20       1.39 r
  U98107/ZN (INV_X1)                                      0.07       1.46 f
  U144337/ZN (NOR4_X1)                                    0.18       1.64 r
  U97960/Z (CLKBUF_X1)                                    0.21       1.85 r
  U97964/Z (CLKBUF_X1)                                    0.22       2.06 r
  U144418/ZN (AOI22_X1)                                   0.07       2.13 f
  U144419/ZN (NAND3_X1)                                   0.04       2.18 r
  g_slices[0].issue_slice/ibuffer/g_instr_bufs[1].instr_buf/g_ebN.fifo_queue/g_depth_n.g_out_reg.data_out_r_reg[20]/D (DFF_X1)
                                                          0.01       2.19 r
  data arrival time                                                  2.19

  clock CLK (rise edge)                                   4.00       4.00
  clock network delay (ideal)                             0.00       4.00
  clock uncertainty                                      -0.25       3.75
  g_slices[0].issue_slice/ibuffer/g_instr_bufs[1].instr_buf/g_ebN.fifo_queue/g_depth_n.g_out_reg.data_out_r_reg[20]/CK (DFF_X1)
                                                          0.00       3.75 r
  library setup time                                     -0.03       3.72
  data required time                                                 3.72
  --------------------------------------------------------------------------
  data required time                                                 3.72
  data arrival time                                                 -2.19
  --------------------------------------------------------------------------
  slack (MET)                                                        1.53


  Startpoint: g_slices[0].issue_slice/scoreboard/g_stanging_bufs[2].stanging_buf/g_register.g_pipe_regs[0].pipe_register/g_shift_register/g_shift.pipe_reg[0][106]
              (rising edge-triggered flip-flop clocked by CLK)
  Endpoint: g_slices[0].issue_slice/ibuffer/g_instr_bufs[1].instr_buf/g_ebN.fifo_queue/g_depth_n.g_out_reg.data_out_r_reg[21]
            (rising edge-triggered flip-flop clocked by CLK)
  Path Group: CLK
  Path Type: max

  Des/Clust/Port     Wire Load Model       Library
  ------------------------------------------------
  VX_issue           5K_hvratio_1_1        NangateOpenCellLibrary_tt1p1v25c

  Point                                                   Incr       Path
  --------------------------------------------------------------------------
  clock CLK (rise edge)                                   0.00       0.00
  clock network delay (ideal)                             0.00       0.00
  g_slices[0].issue_slice/scoreboard/g_stanging_bufs[2].stanging_buf/g_register.g_pipe_regs[0].pipe_register/g_shift_register/g_shift.pipe_reg[0][106]/CK (DFF_X1)
                                                          0.00 #     0.00 r
  g_slices[0].issue_slice/scoreboard/g_stanging_bufs[2].stanging_buf/g_register.g_pipe_regs[0].pipe_register/g_shift_register/g_shift.pipe_reg[0][106]/Q (DFF_X1)
                                                          0.10       0.10 f
  U98052/ZN (NAND2_X1)                                    0.04       0.14 r
  U98082/ZN (NOR3_X1)                                     0.03       0.17 f
  U98083/ZN (NOR2_X1)                                     0.07       0.24 r
  U98085/ZN (NAND2_X1)                                    0.04       0.28 f
  U98086/ZN (AOI21_X1)                                    0.07       0.35 r
  U98102/ZN (OAI211_X1)                                   0.10       0.45 f
  U95268/Z (BUF_X2)                                       0.10       0.55 f
  U98103/ZN (INV_X1)                                      0.19       0.74 r
  U98104/ZN (NAND2_X1)                                    0.09       0.84 f
  U95241/ZN (NAND2_X2)                                    0.18       1.01 r
  U98105/ZN (INV_X2)                                      0.18       1.19 f
  U98106/ZN (NOR2_X1)                                     0.20       1.39 r
  U98107/ZN (INV_X1)                                      0.07       1.46 f
  U144337/ZN (NOR4_X1)                                    0.18       1.64 r
  U97960/Z (CLKBUF_X1)                                    0.21       1.85 r
  U97964/Z (CLKBUF_X1)                                    0.22       2.06 r
  U144422/ZN (AOI22_X1)                                   0.07       2.13 f
  U144423/ZN (NAND3_X1)                                   0.04       2.18 r
  g_slices[0].issue_slice/ibuffer/g_instr_bufs[1].instr_buf/g_ebN.fifo_queue/g_depth_n.g_out_reg.data_out_r_reg[21]/D (DFF_X1)
                                                          0.01       2.19 r
  data arrival time                                                  2.19

  clock CLK (rise edge)                                   4.00       4.00
  clock network delay (ideal)                             0.00       4.00
  clock uncertainty                                      -0.25       3.75
  g_slices[0].issue_slice/ibuffer/g_instr_bufs[1].instr_buf/g_ebN.fifo_queue/g_depth_n.g_out_reg.data_out_r_reg[21]/CK (DFF_X1)
                                                          0.00       3.75 r
  library setup time                                     -0.03       3.72
  data required time                                                 3.72
  --------------------------------------------------------------------------
  data required time                                                 3.72
  data arrival time                                                 -2.19
  --------------------------------------------------------------------------
  slack (MET)                                                        1.53


  Startpoint: g_slices[0].issue_slice/scoreboard/g_stanging_bufs[2].stanging_buf/g_register.g_pipe_regs[0].pipe_register/g_shift_register/g_shift.pipe_reg[0][106]
              (rising edge-triggered flip-flop clocked by CLK)
  Endpoint: g_slices[0].issue_slice/ibuffer/g_instr_bufs[1].instr_buf/g_ebN.fifo_queue/g_depth_n.g_out_reg.data_out_r_reg[22]
            (rising edge-triggered flip-flop clocked by CLK)
  Path Group: CLK
  Path Type: max

  Des/Clust/Port     Wire Load Model       Library
  ------------------------------------------------
  VX_issue           5K_hvratio_1_1        NangateOpenCellLibrary_tt1p1v25c

  Point                                                   Incr       Path
  --------------------------------------------------------------------------
  clock CLK (rise edge)                                   0.00       0.00
  clock network delay (ideal)                             0.00       0.00
  g_slices[0].issue_slice/scoreboard/g_stanging_bufs[2].stanging_buf/g_register.g_pipe_regs[0].pipe_register/g_shift_register/g_shift.pipe_reg[0][106]/CK (DFF_X1)
                                                          0.00 #     0.00 r
  g_slices[0].issue_slice/scoreboard/g_stanging_bufs[2].stanging_buf/g_register.g_pipe_regs[0].pipe_register/g_shift_register/g_shift.pipe_reg[0][106]/Q (DFF_X1)
                                                          0.10       0.10 f
  U98052/ZN (NAND2_X1)                                    0.04       0.14 r
  U98082/ZN (NOR3_X1)                                     0.03       0.17 f
  U98083/ZN (NOR2_X1)                                     0.07       0.24 r
  U98085/ZN (NAND2_X1)                                    0.04       0.28 f
  U98086/ZN (AOI21_X1)                                    0.07       0.35 r
  U98102/ZN (OAI211_X1)                                   0.10       0.45 f
  U95268/Z (BUF_X2)                                       0.10       0.55 f
  U98103/ZN (INV_X1)                                      0.19       0.74 r
  U98104/ZN (NAND2_X1)                                    0.09       0.84 f
  U95241/ZN (NAND2_X2)                                    0.18       1.01 r
  U98105/ZN (INV_X2)                                      0.18       1.19 f
  U98106/ZN (NOR2_X1)                                     0.20       1.39 r
  U98107/ZN (INV_X1)                                      0.07       1.46 f
  U144337/ZN (NOR4_X1)                                    0.18       1.64 r
  U97960/Z (CLKBUF_X1)                                    0.21       1.85 r
  U97964/Z (CLKBUF_X1)                                    0.22       2.06 r
  U144426/ZN (AOI22_X1)                                   0.07       2.13 f
  U144427/ZN (NAND3_X1)                                   0.04       2.18 r
  g_slices[0].issue_slice/ibuffer/g_instr_bufs[1].instr_buf/g_ebN.fifo_queue/g_depth_n.g_out_reg.data_out_r_reg[22]/D (DFF_X1)
                                                          0.01       2.19 r
  data arrival time                                                  2.19

  clock CLK (rise edge)                                   4.00       4.00
  clock network delay (ideal)                             0.00       4.00
  clock uncertainty                                      -0.25       3.75
  g_slices[0].issue_slice/ibuffer/g_instr_bufs[1].instr_buf/g_ebN.fifo_queue/g_depth_n.g_out_reg.data_out_r_reg[22]/CK (DFF_X1)
                                                          0.00       3.75 r
  library setup time                                     -0.03       3.72
  data required time                                                 3.72
  --------------------------------------------------------------------------
  data required time                                                 3.72
  data arrival time                                                 -2.19
  --------------------------------------------------------------------------
  slack (MET)                                                        1.53


  Startpoint: g_slices[0].issue_slice/scoreboard/g_stanging_bufs[2].stanging_buf/g_register.g_pipe_regs[0].pipe_register/g_shift_register/g_shift.pipe_reg[0][106]
              (rising edge-triggered flip-flop clocked by CLK)
  Endpoint: g_slices[0].issue_slice/ibuffer/g_instr_bufs[1].instr_buf/g_ebN.fifo_queue/g_depth_n.g_out_reg.data_out_r_reg[23]
            (rising edge-triggered flip-flop clocked by CLK)
  Path Group: CLK
  Path Type: max

  Des/Clust/Port     Wire Load Model       Library
  ------------------------------------------------
  VX_issue           5K_hvratio_1_1        NangateOpenCellLibrary_tt1p1v25c

  Point                                                   Incr       Path
  --------------------------------------------------------------------------
  clock CLK (rise edge)                                   0.00       0.00
  clock network delay (ideal)                             0.00       0.00
  g_slices[0].issue_slice/scoreboard/g_stanging_bufs[2].stanging_buf/g_register.g_pipe_regs[0].pipe_register/g_shift_register/g_shift.pipe_reg[0][106]/CK (DFF_X1)
                                                          0.00 #     0.00 r
  g_slices[0].issue_slice/scoreboard/g_stanging_bufs[2].stanging_buf/g_register.g_pipe_regs[0].pipe_register/g_shift_register/g_shift.pipe_reg[0][106]/Q (DFF_X1)
                                                          0.10       0.10 f
  U98052/ZN (NAND2_X1)                                    0.04       0.14 r
  U98082/ZN (NOR3_X1)                                     0.03       0.17 f
  U98083/ZN (NOR2_X1)                                     0.07       0.24 r
  U98085/ZN (NAND2_X1)                                    0.04       0.28 f
  U98086/ZN (AOI21_X1)                                    0.07       0.35 r
  U98102/ZN (OAI211_X1)                                   0.10       0.45 f
  U95268/Z (BUF_X2)                                       0.10       0.55 f
  U98103/ZN (INV_X1)                                      0.19       0.74 r
  U98104/ZN (NAND2_X1)                                    0.09       0.84 f
  U95241/ZN (NAND2_X2)                                    0.18       1.01 r
  U98105/ZN (INV_X2)                                      0.18       1.19 f
  U98106/ZN (NOR2_X1)                                     0.20       1.39 r
  U98107/ZN (INV_X1)                                      0.07       1.46 f
  U144337/ZN (NOR4_X1)                                    0.18       1.64 r
  U97960/Z (CLKBUF_X1)                                    0.21       1.85 r
  U97964/Z (CLKBUF_X1)                                    0.22       2.06 r
  U144430/ZN (AOI22_X1)                                   0.07       2.13 f
  U144431/ZN (NAND3_X1)                                   0.04       2.18 r
  g_slices[0].issue_slice/ibuffer/g_instr_bufs[1].instr_buf/g_ebN.fifo_queue/g_depth_n.g_out_reg.data_out_r_reg[23]/D (DFF_X1)
                                                          0.01       2.19 r
  data arrival time                                                  2.19

  clock CLK (rise edge)                                   4.00       4.00
  clock network delay (ideal)                             0.00       4.00
  clock uncertainty                                      -0.25       3.75
  g_slices[0].issue_slice/ibuffer/g_instr_bufs[1].instr_buf/g_ebN.fifo_queue/g_depth_n.g_out_reg.data_out_r_reg[23]/CK (DFF_X1)
                                                          0.00       3.75 r
  library setup time                                     -0.03       3.72
  data required time                                                 3.72
  --------------------------------------------------------------------------
  data required time                                                 3.72
  data arrival time                                                 -2.19
  --------------------------------------------------------------------------
  slack (MET)                                                        1.53


  Startpoint: g_slices[0].issue_slice/scoreboard/g_stanging_bufs[2].stanging_buf/g_register.g_pipe_regs[0].pipe_register/g_shift_register/g_shift.pipe_reg[0][106]
              (rising edge-triggered flip-flop clocked by CLK)
  Endpoint: g_slices[0].issue_slice/ibuffer/g_instr_bufs[1].instr_buf/g_ebN.fifo_queue/g_depth_n.g_out_reg.data_out_r_reg[59]
            (rising edge-triggered flip-flop clocked by CLK)
  Path Group: CLK
  Path Type: max

  Des/Clust/Port     Wire Load Model       Library
  ------------------------------------------------
  VX_issue           5K_hvratio_1_1        NangateOpenCellLibrary_tt1p1v25c

  Point                                                   Incr       Path
  --------------------------------------------------------------------------
  clock CLK (rise edge)                                   0.00       0.00
  clock network delay (ideal)                             0.00       0.00
  g_slices[0].issue_slice/scoreboard/g_stanging_bufs[2].stanging_buf/g_register.g_pipe_regs[0].pipe_register/g_shift_register/g_shift.pipe_reg[0][106]/CK (DFF_X1)
                                                          0.00 #     0.00 r
  g_slices[0].issue_slice/scoreboard/g_stanging_bufs[2].stanging_buf/g_register.g_pipe_regs[0].pipe_register/g_shift_register/g_shift.pipe_reg[0][106]/Q (DFF_X1)
                                                          0.10       0.10 f
  U98052/ZN (NAND2_X1)                                    0.04       0.14 r
  U98082/ZN (NOR3_X1)                                     0.03       0.17 f
  U98083/ZN (NOR2_X1)                                     0.07       0.24 r
  U98085/ZN (NAND2_X1)                                    0.04       0.28 f
  U98086/ZN (AOI21_X1)                                    0.07       0.35 r
  U98102/ZN (OAI211_X1)                                   0.10       0.45 f
  U95268/Z (BUF_X2)                                       0.10       0.55 f
  U98103/ZN (INV_X1)                                      0.19       0.74 r
  U98104/ZN (NAND2_X1)                                    0.09       0.84 f
  U95241/ZN (NAND2_X2)                                    0.18       1.01 r
  U98105/ZN (INV_X2)                                      0.18       1.19 f
  U98106/ZN (NOR2_X1)                                     0.20       1.39 r
  U98107/ZN (INV_X1)                                      0.07       1.46 f
  U144337/ZN (NOR4_X1)                                    0.18       1.64 r
  U97960/Z (CLKBUF_X1)                                    0.21       1.85 r
  U97964/Z (CLKBUF_X1)                                    0.22       2.06 r
  U144574/ZN (AOI22_X1)                                   0.07       2.13 f
  U144575/ZN (NAND3_X1)                                   0.04       2.18 r
  g_slices[0].issue_slice/ibuffer/g_instr_bufs[1].instr_buf/g_ebN.fifo_queue/g_depth_n.g_out_reg.data_out_r_reg[59]/D (DFF_X1)
                                                          0.01       2.19 r
  data arrival time                                                  2.19

  clock CLK (rise edge)                                   4.00       4.00
  clock network delay (ideal)                             0.00       4.00
  clock uncertainty                                      -0.25       3.75
  g_slices[0].issue_slice/ibuffer/g_instr_bufs[1].instr_buf/g_ebN.fifo_queue/g_depth_n.g_out_reg.data_out_r_reg[59]/CK (DFF_X1)
                                                          0.00       3.75 r
  library setup time                                     -0.03       3.72
  data required time                                                 3.72
  --------------------------------------------------------------------------
  data required time                                                 3.72
  data arrival time                                                 -2.19
  --------------------------------------------------------------------------
  slack (MET)                                                        1.53


  Startpoint: g_slices[0].issue_slice/scoreboard/g_stanging_bufs[2].stanging_buf/g_register.g_pipe_regs[0].pipe_register/g_shift_register/g_shift.pipe_reg[0][106]
              (rising edge-triggered flip-flop clocked by CLK)
  Endpoint: g_slices[0].issue_slice/ibuffer/g_instr_bufs[1].instr_buf/g_ebN.fifo_queue/g_depth_n.g_out_reg.data_out_r_reg[60]
            (rising edge-triggered flip-flop clocked by CLK)
  Path Group: CLK
  Path Type: max

  Des/Clust/Port     Wire Load Model       Library
  ------------------------------------------------
  VX_issue           5K_hvratio_1_1        NangateOpenCellLibrary_tt1p1v25c

  Point                                                   Incr       Path
  --------------------------------------------------------------------------
  clock CLK (rise edge)                                   0.00       0.00
  clock network delay (ideal)                             0.00       0.00
  g_slices[0].issue_slice/scoreboard/g_stanging_bufs[2].stanging_buf/g_register.g_pipe_regs[0].pipe_register/g_shift_register/g_shift.pipe_reg[0][106]/CK (DFF_X1)
                                                          0.00 #     0.00 r
  g_slices[0].issue_slice/scoreboard/g_stanging_bufs[2].stanging_buf/g_register.g_pipe_regs[0].pipe_register/g_shift_register/g_shift.pipe_reg[0][106]/Q (DFF_X1)
                                                          0.10       0.10 f
  U98052/ZN (NAND2_X1)                                    0.04       0.14 r
  U98082/ZN (NOR3_X1)                                     0.03       0.17 f
  U98083/ZN (NOR2_X1)                                     0.07       0.24 r
  U98085/ZN (NAND2_X1)                                    0.04       0.28 f
  U98086/ZN (AOI21_X1)                                    0.07       0.35 r
  U98102/ZN (OAI211_X1)                                   0.10       0.45 f
  U95268/Z (BUF_X2)                                       0.10       0.55 f
  U98103/ZN (INV_X1)                                      0.19       0.74 r
  U98104/ZN (NAND2_X1)                                    0.09       0.84 f
  U95241/ZN (NAND2_X2)                                    0.18       1.01 r
  U98105/ZN (INV_X2)                                      0.18       1.19 f
  U98106/ZN (NOR2_X1)                                     0.20       1.39 r
  U98107/ZN (INV_X1)                                      0.07       1.46 f
  U144337/ZN (NOR4_X1)                                    0.18       1.64 r
  U97960/Z (CLKBUF_X1)                                    0.21       1.85 r
  U97964/Z (CLKBUF_X1)                                    0.22       2.06 r
  U144578/ZN (AOI22_X1)                                   0.07       2.13 f
  U144579/ZN (NAND3_X1)                                   0.04       2.18 r
  g_slices[0].issue_slice/ibuffer/g_instr_bufs[1].instr_buf/g_ebN.fifo_queue/g_depth_n.g_out_reg.data_out_r_reg[60]/D (DFF_X1)
                                                          0.01       2.19 r
  data arrival time                                                  2.19

  clock CLK (rise edge)                                   4.00       4.00
  clock network delay (ideal)                             0.00       4.00
  clock uncertainty                                      -0.25       3.75
  g_slices[0].issue_slice/ibuffer/g_instr_bufs[1].instr_buf/g_ebN.fifo_queue/g_depth_n.g_out_reg.data_out_r_reg[60]/CK (DFF_X1)
                                                          0.00       3.75 r
  library setup time                                     -0.03       3.72
  data required time                                                 3.72
  --------------------------------------------------------------------------
  data required time                                                 3.72
  data arrival time                                                 -2.19
  --------------------------------------------------------------------------
  slack (MET)                                                        1.53


  Startpoint: g_slices[0].issue_slice/scoreboard/g_stanging_bufs[2].stanging_buf/g_register.g_pipe_regs[0].pipe_register/g_shift_register/g_shift.pipe_reg[0][106]
              (rising edge-triggered flip-flop clocked by CLK)
  Endpoint: g_slices[0].issue_slice/ibuffer/g_instr_bufs[1].instr_buf/g_ebN.fifo_queue/g_depth_n.g_out_reg.data_out_r_reg[61]
            (rising edge-triggered flip-flop clocked by CLK)
  Path Group: CLK
  Path Type: max

  Des/Clust/Port     Wire Load Model       Library
  ------------------------------------------------
  VX_issue           5K_hvratio_1_1        NangateOpenCellLibrary_tt1p1v25c

  Point                                                   Incr       Path
  --------------------------------------------------------------------------
  clock CLK (rise edge)                                   0.00       0.00
  clock network delay (ideal)                             0.00       0.00
  g_slices[0].issue_slice/scoreboard/g_stanging_bufs[2].stanging_buf/g_register.g_pipe_regs[0].pipe_register/g_shift_register/g_shift.pipe_reg[0][106]/CK (DFF_X1)
                                                          0.00 #     0.00 r
  g_slices[0].issue_slice/scoreboard/g_stanging_bufs[2].stanging_buf/g_register.g_pipe_regs[0].pipe_register/g_shift_register/g_shift.pipe_reg[0][106]/Q (DFF_X1)
                                                          0.10       0.10 f
  U98052/ZN (NAND2_X1)                                    0.04       0.14 r
  U98082/ZN (NOR3_X1)                                     0.03       0.17 f
  U98083/ZN (NOR2_X1)                                     0.07       0.24 r
  U98085/ZN (NAND2_X1)                                    0.04       0.28 f
  U98086/ZN (AOI21_X1)                                    0.07       0.35 r
  U98102/ZN (OAI211_X1)                                   0.10       0.45 f
  U95268/Z (BUF_X2)                                       0.10       0.55 f
  U98103/ZN (INV_X1)                                      0.19       0.74 r
  U98104/ZN (NAND2_X1)                                    0.09       0.84 f
  U95241/ZN (NAND2_X2)                                    0.18       1.01 r
  U98105/ZN (INV_X2)                                      0.18       1.19 f
  U98106/ZN (NOR2_X1)                                     0.20       1.39 r
  U98107/ZN (INV_X1)                                      0.07       1.46 f
  U144337/ZN (NOR4_X1)                                    0.18       1.64 r
  U97960/Z (CLKBUF_X1)                                    0.21       1.85 r
  U97972/Z (CLKBUF_X1)                                    0.22       2.06 r
  U144582/ZN (AOI22_X1)                                   0.07       2.13 f
  U144583/ZN (NAND3_X1)                                   0.04       2.18 r
  g_slices[0].issue_slice/ibuffer/g_instr_bufs[1].instr_buf/g_ebN.fifo_queue/g_depth_n.g_out_reg.data_out_r_reg[61]/D (DFF_X1)
                                                          0.01       2.19 r
  data arrival time                                                  2.19

  clock CLK (rise edge)                                   4.00       4.00
  clock network delay (ideal)                             0.00       4.00
  clock uncertainty                                      -0.25       3.75
  g_slices[0].issue_slice/ibuffer/g_instr_bufs[1].instr_buf/g_ebN.fifo_queue/g_depth_n.g_out_reg.data_out_r_reg[61]/CK (DFF_X1)
                                                          0.00       3.75 r
  library setup time                                     -0.03       3.72
  data required time                                                 3.72
  --------------------------------------------------------------------------
  data required time                                                 3.72
  data arrival time                                                 -2.19
  --------------------------------------------------------------------------
  slack (MET)                                                        1.53


  Startpoint: g_slices[0].issue_slice/scoreboard/g_stanging_bufs[2].stanging_buf/g_register.g_pipe_regs[0].pipe_register/g_shift_register/g_shift.pipe_reg[0][106]
              (rising edge-triggered flip-flop clocked by CLK)
  Endpoint: g_slices[0].issue_slice/ibuffer/g_instr_bufs[1].instr_buf/g_ebN.fifo_queue/g_depth_n.g_out_reg.data_out_r_reg[62]
            (rising edge-triggered flip-flop clocked by CLK)
  Path Group: CLK
  Path Type: max

  Des/Clust/Port     Wire Load Model       Library
  ------------------------------------------------
  VX_issue           5K_hvratio_1_1        NangateOpenCellLibrary_tt1p1v25c

  Point                                                   Incr       Path
  --------------------------------------------------------------------------
  clock CLK (rise edge)                                   0.00       0.00
  clock network delay (ideal)                             0.00       0.00
  g_slices[0].issue_slice/scoreboard/g_stanging_bufs[2].stanging_buf/g_register.g_pipe_regs[0].pipe_register/g_shift_register/g_shift.pipe_reg[0][106]/CK (DFF_X1)
                                                          0.00 #     0.00 r
  g_slices[0].issue_slice/scoreboard/g_stanging_bufs[2].stanging_buf/g_register.g_pipe_regs[0].pipe_register/g_shift_register/g_shift.pipe_reg[0][106]/Q (DFF_X1)
                                                          0.10       0.10 f
  U98052/ZN (NAND2_X1)                                    0.04       0.14 r
  U98082/ZN (NOR3_X1)                                     0.03       0.17 f
  U98083/ZN (NOR2_X1)                                     0.07       0.24 r
  U98085/ZN (NAND2_X1)                                    0.04       0.28 f
  U98086/ZN (AOI21_X1)                                    0.07       0.35 r
  U98102/ZN (OAI211_X1)                                   0.10       0.45 f
  U95268/Z (BUF_X2)                                       0.10       0.55 f
  U98103/ZN (INV_X1)                                      0.19       0.74 r
  U98104/ZN (NAND2_X1)                                    0.09       0.84 f
  U95241/ZN (NAND2_X2)                                    0.18       1.01 r
  U98105/ZN (INV_X2)                                      0.18       1.19 f
  U98106/ZN (NOR2_X1)                                     0.20       1.39 r
  U98107/ZN (INV_X1)                                      0.07       1.46 f
  U144337/ZN (NOR4_X1)                                    0.18       1.64 r
  U97960/Z (CLKBUF_X1)                                    0.21       1.85 r
  U97964/Z (CLKBUF_X1)                                    0.22       2.06 r
  U144586/ZN (AOI22_X1)                                   0.07       2.13 f
  U144587/ZN (NAND3_X1)                                   0.04       2.18 r
  g_slices[0].issue_slice/ibuffer/g_instr_bufs[1].instr_buf/g_ebN.fifo_queue/g_depth_n.g_out_reg.data_out_r_reg[62]/D (DFF_X1)
                                                          0.01       2.19 r
  data arrival time                                                  2.19

  clock CLK (rise edge)                                   4.00       4.00
  clock network delay (ideal)                             0.00       4.00
  clock uncertainty                                      -0.25       3.75
  g_slices[0].issue_slice/ibuffer/g_instr_bufs[1].instr_buf/g_ebN.fifo_queue/g_depth_n.g_out_reg.data_out_r_reg[62]/CK (DFF_X1)
                                                          0.00       3.75 r
  library setup time                                     -0.03       3.72
  data required time                                                 3.72
  --------------------------------------------------------------------------
  data required time                                                 3.72
  data arrival time                                                 -2.19
  --------------------------------------------------------------------------
  slack (MET)                                                        1.53


  Startpoint: g_slices[0].issue_slice/scoreboard/g_stanging_bufs[2].stanging_buf/g_register.g_pipe_regs[0].pipe_register/g_shift_register/g_shift.pipe_reg[0][106]
              (rising edge-triggered flip-flop clocked by CLK)
  Endpoint: g_slices[0].issue_slice/ibuffer/g_instr_bufs[1].instr_buf/g_ebN.fifo_queue/g_depth_n.g_out_reg.data_out_r_reg[63]
            (rising edge-triggered flip-flop clocked by CLK)
  Path Group: CLK
  Path Type: max

  Des/Clust/Port     Wire Load Model       Library
  ------------------------------------------------
  VX_issue           5K_hvratio_1_1        NangateOpenCellLibrary_tt1p1v25c

  Point                                                   Incr       Path
  --------------------------------------------------------------------------
  clock CLK (rise edge)                                   0.00       0.00
  clock network delay (ideal)                             0.00       0.00
  g_slices[0].issue_slice/scoreboard/g_stanging_bufs[2].stanging_buf/g_register.g_pipe_regs[0].pipe_register/g_shift_register/g_shift.pipe_reg[0][106]/CK (DFF_X1)
                                                          0.00 #     0.00 r
  g_slices[0].issue_slice/scoreboard/g_stanging_bufs[2].stanging_buf/g_register.g_pipe_regs[0].pipe_register/g_shift_register/g_shift.pipe_reg[0][106]/Q (DFF_X1)
                                                          0.10       0.10 f
  U98052/ZN (NAND2_X1)                                    0.04       0.14 r
  U98082/ZN (NOR3_X1)                                     0.03       0.17 f
  U98083/ZN (NOR2_X1)                                     0.07       0.24 r
  U98085/ZN (NAND2_X1)                                    0.04       0.28 f
  U98086/ZN (AOI21_X1)                                    0.07       0.35 r
  U98102/ZN (OAI211_X1)                                   0.10       0.45 f
  U95268/Z (BUF_X2)                                       0.10       0.55 f
  U98103/ZN (INV_X1)                                      0.19       0.74 r
  U98104/ZN (NAND2_X1)                                    0.09       0.84 f
  U95241/ZN (NAND2_X2)                                    0.18       1.01 r
  U98105/ZN (INV_X2)                                      0.18       1.19 f
  U98106/ZN (NOR2_X1)                                     0.20       1.39 r
  U98107/ZN (INV_X1)                                      0.07       1.46 f
  U144337/ZN (NOR4_X1)                                    0.18       1.64 r
  U97960/Z (CLKBUF_X1)                                    0.21       1.85 r
  U97972/Z (CLKBUF_X1)                                    0.22       2.06 r
  U144590/ZN (AOI22_X1)                                   0.07       2.13 f
  U144591/ZN (NAND3_X1)                                   0.04       2.18 r
  g_slices[0].issue_slice/ibuffer/g_instr_bufs[1].instr_buf/g_ebN.fifo_queue/g_depth_n.g_out_reg.data_out_r_reg[63]/D (DFF_X1)
                                                          0.01       2.19 r
  data arrival time                                                  2.19

  clock CLK (rise edge)                                   4.00       4.00
  clock network delay (ideal)                             0.00       4.00
  clock uncertainty                                      -0.25       3.75
  g_slices[0].issue_slice/ibuffer/g_instr_bufs[1].instr_buf/g_ebN.fifo_queue/g_depth_n.g_out_reg.data_out_r_reg[63]/CK (DFF_X1)
                                                          0.00       3.75 r
  library setup time                                     -0.03       3.72
  data required time                                                 3.72
  --------------------------------------------------------------------------
  data required time                                                 3.72
  data arrival time                                                 -2.19
  --------------------------------------------------------------------------
  slack (MET)                                                        1.53


  Startpoint: g_slices[0].issue_slice/scoreboard/g_stanging_bufs[2].stanging_buf/g_register.g_pipe_regs[0].pipe_register/g_shift_register/g_shift.pipe_reg[0][106]
              (rising edge-triggered flip-flop clocked by CLK)
  Endpoint: g_slices[0].issue_slice/ibuffer/g_instr_bufs[1].instr_buf/g_ebN.fifo_queue/g_depth_n.g_out_reg.data_out_r_reg[64]
            (rising edge-triggered flip-flop clocked by CLK)
  Path Group: CLK
  Path Type: max

  Des/Clust/Port     Wire Load Model       Library
  ------------------------------------------------
  VX_issue           5K_hvratio_1_1        NangateOpenCellLibrary_tt1p1v25c

  Point                                                   Incr       Path
  --------------------------------------------------------------------------
  clock CLK (rise edge)                                   0.00       0.00
  clock network delay (ideal)                             0.00       0.00
  g_slices[0].issue_slice/scoreboard/g_stanging_bufs[2].stanging_buf/g_register.g_pipe_regs[0].pipe_register/g_shift_register/g_shift.pipe_reg[0][106]/CK (DFF_X1)
                                                          0.00 #     0.00 r
  g_slices[0].issue_slice/scoreboard/g_stanging_bufs[2].stanging_buf/g_register.g_pipe_regs[0].pipe_register/g_shift_register/g_shift.pipe_reg[0][106]/Q (DFF_X1)
                                                          0.10       0.10 f
  U98052/ZN (NAND2_X1)                                    0.04       0.14 r
  U98082/ZN (NOR3_X1)                                     0.03       0.17 f
  U98083/ZN (NOR2_X1)                                     0.07       0.24 r
  U98085/ZN (NAND2_X1)                                    0.04       0.28 f
  U98086/ZN (AOI21_X1)                                    0.07       0.35 r
  U98102/ZN (OAI211_X1)                                   0.10       0.45 f
  U95268/Z (BUF_X2)                                       0.10       0.55 f
  U98103/ZN (INV_X1)                                      0.19       0.74 r
  U98104/ZN (NAND2_X1)                                    0.09       0.84 f
  U95241/ZN (NAND2_X2)                                    0.18       1.01 r
  U98105/ZN (INV_X2)                                      0.18       1.19 f
  U98106/ZN (NOR2_X1)                                     0.20       1.39 r
  U98107/ZN (INV_X1)                                      0.07       1.46 f
  U144337/ZN (NOR4_X1)                                    0.18       1.64 r
  U97960/Z (CLKBUF_X1)                                    0.21       1.85 r
  U97964/Z (CLKBUF_X1)                                    0.22       2.06 r
  U144594/ZN (AOI22_X1)                                   0.07       2.13 f
  U144595/ZN (NAND3_X1)                                   0.04       2.18 r
  g_slices[0].issue_slice/ibuffer/g_instr_bufs[1].instr_buf/g_ebN.fifo_queue/g_depth_n.g_out_reg.data_out_r_reg[64]/D (DFF_X1)
                                                          0.01       2.19 r
  data arrival time                                                  2.19

  clock CLK (rise edge)                                   4.00       4.00
  clock network delay (ideal)                             0.00       4.00
  clock uncertainty                                      -0.25       3.75
  g_slices[0].issue_slice/ibuffer/g_instr_bufs[1].instr_buf/g_ebN.fifo_queue/g_depth_n.g_out_reg.data_out_r_reg[64]/CK (DFF_X1)
                                                          0.00       3.75 r
  library setup time                                     -0.03       3.72
  data required time                                                 3.72
  --------------------------------------------------------------------------
  data required time                                                 3.72
  data arrival time                                                 -2.19
  --------------------------------------------------------------------------
  slack (MET)                                                        1.53


  Startpoint: g_slices[0].issue_slice/scoreboard/g_stanging_bufs[2].stanging_buf/g_register.g_pipe_regs[0].pipe_register/g_shift_register/g_shift.pipe_reg[0][106]
              (rising edge-triggered flip-flop clocked by CLK)
  Endpoint: g_slices[0].issue_slice/ibuffer/g_instr_bufs[1].instr_buf/g_ebN.fifo_queue/g_depth_n.g_out_reg.data_out_r_reg[65]
            (rising edge-triggered flip-flop clocked by CLK)
  Path Group: CLK
  Path Type: max

  Des/Clust/Port     Wire Load Model       Library
  ------------------------------------------------
  VX_issue           5K_hvratio_1_1        NangateOpenCellLibrary_tt1p1v25c

  Point                                                   Incr       Path
  --------------------------------------------------------------------------
  clock CLK (rise edge)                                   0.00       0.00
  clock network delay (ideal)                             0.00       0.00
  g_slices[0].issue_slice/scoreboard/g_stanging_bufs[2].stanging_buf/g_register.g_pipe_regs[0].pipe_register/g_shift_register/g_shift.pipe_reg[0][106]/CK (DFF_X1)
                                                          0.00 #     0.00 r
  g_slices[0].issue_slice/scoreboard/g_stanging_bufs[2].stanging_buf/g_register.g_pipe_regs[0].pipe_register/g_shift_register/g_shift.pipe_reg[0][106]/Q (DFF_X1)
                                                          0.10       0.10 f
  U98052/ZN (NAND2_X1)                                    0.04       0.14 r
  U98082/ZN (NOR3_X1)                                     0.03       0.17 f
  U98083/ZN (NOR2_X1)                                     0.07       0.24 r
  U98085/ZN (NAND2_X1)                                    0.04       0.28 f
  U98086/ZN (AOI21_X1)                                    0.07       0.35 r
  U98102/ZN (OAI211_X1)                                   0.10       0.45 f
  U95268/Z (BUF_X2)                                       0.10       0.55 f
  U98103/ZN (INV_X1)                                      0.19       0.74 r
  U98104/ZN (NAND2_X1)                                    0.09       0.84 f
  U95241/ZN (NAND2_X2)                                    0.18       1.01 r
  U98105/ZN (INV_X2)                                      0.18       1.19 f
  U98106/ZN (NOR2_X1)                                     0.20       1.39 r
  U98107/ZN (INV_X1)                                      0.07       1.46 f
  U144337/ZN (NOR4_X1)                                    0.18       1.64 r
  U97960/Z (CLKBUF_X1)                                    0.21       1.85 r
  U97972/Z (CLKBUF_X1)                                    0.22       2.06 r
  U144598/ZN (AOI22_X1)                                   0.07       2.13 f
  U144599/ZN (NAND3_X1)                                   0.04       2.18 r
  g_slices[0].issue_slice/ibuffer/g_instr_bufs[1].instr_buf/g_ebN.fifo_queue/g_depth_n.g_out_reg.data_out_r_reg[65]/D (DFF_X1)
                                                          0.01       2.19 r
  data arrival time                                                  2.19

  clock CLK (rise edge)                                   4.00       4.00
  clock network delay (ideal)                             0.00       4.00
  clock uncertainty                                      -0.25       3.75
  g_slices[0].issue_slice/ibuffer/g_instr_bufs[1].instr_buf/g_ebN.fifo_queue/g_depth_n.g_out_reg.data_out_r_reg[65]/CK (DFF_X1)
                                                          0.00       3.75 r
  library setup time                                     -0.03       3.72
  data required time                                                 3.72
  --------------------------------------------------------------------------
  data required time                                                 3.72
  data arrival time                                                 -2.19
  --------------------------------------------------------------------------
  slack (MET)                                                        1.53


  Startpoint: g_slices[0].issue_slice/scoreboard/g_stanging_bufs[2].stanging_buf/g_register.g_pipe_regs[0].pipe_register/g_shift_register/g_shift.pipe_reg[0][106]
              (rising edge-triggered flip-flop clocked by CLK)
  Endpoint: g_slices[0].issue_slice/ibuffer/g_instr_bufs[1].instr_buf/g_ebN.fifo_queue/g_depth_n.g_out_reg.data_out_r_reg[66]
            (rising edge-triggered flip-flop clocked by CLK)
  Path Group: CLK
  Path Type: max

  Des/Clust/Port     Wire Load Model       Library
  ------------------------------------------------
  VX_issue           5K_hvratio_1_1        NangateOpenCellLibrary_tt1p1v25c

  Point                                                   Incr       Path
  --------------------------------------------------------------------------
  clock CLK (rise edge)                                   0.00       0.00
  clock network delay (ideal)                             0.00       0.00
  g_slices[0].issue_slice/scoreboard/g_stanging_bufs[2].stanging_buf/g_register.g_pipe_regs[0].pipe_register/g_shift_register/g_shift.pipe_reg[0][106]/CK (DFF_X1)
                                                          0.00 #     0.00 r
  g_slices[0].issue_slice/scoreboard/g_stanging_bufs[2].stanging_buf/g_register.g_pipe_regs[0].pipe_register/g_shift_register/g_shift.pipe_reg[0][106]/Q (DFF_X1)
                                                          0.10       0.10 f
  U98052/ZN (NAND2_X1)                                    0.04       0.14 r
  U98082/ZN (NOR3_X1)                                     0.03       0.17 f
  U98083/ZN (NOR2_X1)                                     0.07       0.24 r
  U98085/ZN (NAND2_X1)                                    0.04       0.28 f
  U98086/ZN (AOI21_X1)                                    0.07       0.35 r
  U98102/ZN (OAI211_X1)                                   0.10       0.45 f
  U95268/Z (BUF_X2)                                       0.10       0.55 f
  U98103/ZN (INV_X1)                                      0.19       0.74 r
  U98104/ZN (NAND2_X1)                                    0.09       0.84 f
  U95241/ZN (NAND2_X2)                                    0.18       1.01 r
  U98105/ZN (INV_X2)                                      0.18       1.19 f
  U98106/ZN (NOR2_X1)                                     0.20       1.39 r
  U98107/ZN (INV_X1)                                      0.07       1.46 f
  U144337/ZN (NOR4_X1)                                    0.18       1.64 r
  U97960/Z (CLKBUF_X1)                                    0.21       1.85 r
  U97972/Z (CLKBUF_X1)                                    0.22       2.06 r
  U144602/ZN (AOI22_X1)                                   0.07       2.13 f
  U144603/ZN (NAND3_X1)                                   0.04       2.18 r
  g_slices[0].issue_slice/ibuffer/g_instr_bufs[1].instr_buf/g_ebN.fifo_queue/g_depth_n.g_out_reg.data_out_r_reg[66]/D (DFF_X1)
                                                          0.01       2.19 r
  data arrival time                                                  2.19

  clock CLK (rise edge)                                   4.00       4.00
  clock network delay (ideal)                             0.00       4.00
  clock uncertainty                                      -0.25       3.75
  g_slices[0].issue_slice/ibuffer/g_instr_bufs[1].instr_buf/g_ebN.fifo_queue/g_depth_n.g_out_reg.data_out_r_reg[66]/CK (DFF_X1)
                                                          0.00       3.75 r
  library setup time                                     -0.03       3.72
  data required time                                                 3.72
  --------------------------------------------------------------------------
  data required time                                                 3.72
  data arrival time                                                 -2.19
  --------------------------------------------------------------------------
  slack (MET)                                                        1.53


  Startpoint: g_slices[0].issue_slice/scoreboard/g_stanging_bufs[2].stanging_buf/g_register.g_pipe_regs[0].pipe_register/g_shift_register/g_shift.pipe_reg[0][106]
              (rising edge-triggered flip-flop clocked by CLK)
  Endpoint: g_slices[0].issue_slice/ibuffer/g_instr_bufs[1].instr_buf/g_ebN.fifo_queue/g_depth_n.g_out_reg.data_out_r_reg[67]
            (rising edge-triggered flip-flop clocked by CLK)
  Path Group: CLK
  Path Type: max

  Des/Clust/Port     Wire Load Model       Library
  ------------------------------------------------
  VX_issue           5K_hvratio_1_1        NangateOpenCellLibrary_tt1p1v25c

  Point                                                   Incr       Path
  --------------------------------------------------------------------------
  clock CLK (rise edge)                                   0.00       0.00
  clock network delay (ideal)                             0.00       0.00
  g_slices[0].issue_slice/scoreboard/g_stanging_bufs[2].stanging_buf/g_register.g_pipe_regs[0].pipe_register/g_shift_register/g_shift.pipe_reg[0][106]/CK (DFF_X1)
                                                          0.00 #     0.00 r
  g_slices[0].issue_slice/scoreboard/g_stanging_bufs[2].stanging_buf/g_register.g_pipe_regs[0].pipe_register/g_shift_register/g_shift.pipe_reg[0][106]/Q (DFF_X1)
                                                          0.10       0.10 f
  U98052/ZN (NAND2_X1)                                    0.04       0.14 r
  U98082/ZN (NOR3_X1)                                     0.03       0.17 f
  U98083/ZN (NOR2_X1)                                     0.07       0.24 r
  U98085/ZN (NAND2_X1)                                    0.04       0.28 f
  U98086/ZN (AOI21_X1)                                    0.07       0.35 r
  U98102/ZN (OAI211_X1)                                   0.10       0.45 f
  U95268/Z (BUF_X2)                                       0.10       0.55 f
  U98103/ZN (INV_X1)                                      0.19       0.74 r
  U98104/ZN (NAND2_X1)                                    0.09       0.84 f
  U95241/ZN (NAND2_X2)                                    0.18       1.01 r
  U98105/ZN (INV_X2)                                      0.18       1.19 f
  U98106/ZN (NOR2_X1)                                     0.20       1.39 r
  U98107/ZN (INV_X1)                                      0.07       1.46 f
  U144337/ZN (NOR4_X1)                                    0.18       1.64 r
  U97960/Z (CLKBUF_X1)                                    0.21       1.85 r
  U97964/Z (CLKBUF_X1)                                    0.22       2.06 r
  U144606/ZN (AOI22_X1)                                   0.07       2.13 f
  U144607/ZN (NAND3_X1)                                   0.04       2.18 r
  g_slices[0].issue_slice/ibuffer/g_instr_bufs[1].instr_buf/g_ebN.fifo_queue/g_depth_n.g_out_reg.data_out_r_reg[67]/D (DFF_X1)
                                                          0.01       2.19 r
  data arrival time                                                  2.19

  clock CLK (rise edge)                                   4.00       4.00
  clock network delay (ideal)                             0.00       4.00
  clock uncertainty                                      -0.25       3.75
  g_slices[0].issue_slice/ibuffer/g_instr_bufs[1].instr_buf/g_ebN.fifo_queue/g_depth_n.g_out_reg.data_out_r_reg[67]/CK (DFF_X1)
                                                          0.00       3.75 r
  library setup time                                     -0.03       3.72
  data required time                                                 3.72
  --------------------------------------------------------------------------
  data required time                                                 3.72
  data arrival time                                                 -2.19
  --------------------------------------------------------------------------
  slack (MET)                                                        1.53


  Startpoint: g_slices[0].issue_slice/scoreboard/g_stanging_bufs[2].stanging_buf/g_register.g_pipe_regs[0].pipe_register/g_shift_register/g_shift.pipe_reg[0][106]
              (rising edge-triggered flip-flop clocked by CLK)
  Endpoint: g_slices[0].issue_slice/ibuffer/g_instr_bufs[1].instr_buf/g_ebN.fifo_queue/g_depth_n.g_out_reg.data_out_r_reg[68]
            (rising edge-triggered flip-flop clocked by CLK)
  Path Group: CLK
  Path Type: max

  Des/Clust/Port     Wire Load Model       Library
  ------------------------------------------------
  VX_issue           5K_hvratio_1_1        NangateOpenCellLibrary_tt1p1v25c

  Point                                                   Incr       Path
  --------------------------------------------------------------------------
  clock CLK (rise edge)                                   0.00       0.00
  clock network delay (ideal)                             0.00       0.00
  g_slices[0].issue_slice/scoreboard/g_stanging_bufs[2].stanging_buf/g_register.g_pipe_regs[0].pipe_register/g_shift_register/g_shift.pipe_reg[0][106]/CK (DFF_X1)
                                                          0.00 #     0.00 r
  g_slices[0].issue_slice/scoreboard/g_stanging_bufs[2].stanging_buf/g_register.g_pipe_regs[0].pipe_register/g_shift_register/g_shift.pipe_reg[0][106]/Q (DFF_X1)
                                                          0.10       0.10 f
  U98052/ZN (NAND2_X1)                                    0.04       0.14 r
  U98082/ZN (NOR3_X1)                                     0.03       0.17 f
  U98083/ZN (NOR2_X1)                                     0.07       0.24 r
  U98085/ZN (NAND2_X1)                                    0.04       0.28 f
  U98086/ZN (AOI21_X1)                                    0.07       0.35 r
  U98102/ZN (OAI211_X1)                                   0.10       0.45 f
  U95268/Z (BUF_X2)                                       0.10       0.55 f
  U98103/ZN (INV_X1)                                      0.19       0.74 r
  U98104/ZN (NAND2_X1)                                    0.09       0.84 f
  U95241/ZN (NAND2_X2)                                    0.18       1.01 r
  U98105/ZN (INV_X2)                                      0.18       1.19 f
  U98106/ZN (NOR2_X1)                                     0.20       1.39 r
  U98107/ZN (INV_X1)                                      0.07       1.46 f
  U144337/ZN (NOR4_X1)                                    0.18       1.64 r
  U97960/Z (CLKBUF_X1)                                    0.21       1.85 r
  U97972/Z (CLKBUF_X1)                                    0.22       2.06 r
  U144610/ZN (AOI22_X1)                                   0.07       2.13 f
  U144611/ZN (NAND3_X1)                                   0.04       2.18 r
  g_slices[0].issue_slice/ibuffer/g_instr_bufs[1].instr_buf/g_ebN.fifo_queue/g_depth_n.g_out_reg.data_out_r_reg[68]/D (DFF_X1)
                                                          0.01       2.19 r
  data arrival time                                                  2.19

  clock CLK (rise edge)                                   4.00       4.00
  clock network delay (ideal)                             0.00       4.00
  clock uncertainty                                      -0.25       3.75
  g_slices[0].issue_slice/ibuffer/g_instr_bufs[1].instr_buf/g_ebN.fifo_queue/g_depth_n.g_out_reg.data_out_r_reg[68]/CK (DFF_X1)
                                                          0.00       3.75 r
  library setup time                                     -0.03       3.72
  data required time                                                 3.72
  --------------------------------------------------------------------------
  data required time                                                 3.72
  data arrival time                                                 -2.19
  --------------------------------------------------------------------------
  slack (MET)                                                        1.53


  Startpoint: g_slices[0].issue_slice/scoreboard/g_stanging_bufs[2].stanging_buf/g_register.g_pipe_regs[0].pipe_register/g_shift_register/g_shift.pipe_reg[0][106]
              (rising edge-triggered flip-flop clocked by CLK)
  Endpoint: g_slices[0].issue_slice/ibuffer/g_instr_bufs[1].instr_buf/g_ebN.fifo_queue/g_depth_n.g_out_reg.data_out_r_reg[69]
            (rising edge-triggered flip-flop clocked by CLK)
  Path Group: CLK
  Path Type: max

  Des/Clust/Port     Wire Load Model       Library
  ------------------------------------------------
  VX_issue           5K_hvratio_1_1        NangateOpenCellLibrary_tt1p1v25c

  Point                                                   Incr       Path
  --------------------------------------------------------------------------
  clock CLK (rise edge)                                   0.00       0.00
  clock network delay (ideal)                             0.00       0.00
  g_slices[0].issue_slice/scoreboard/g_stanging_bufs[2].stanging_buf/g_register.g_pipe_regs[0].pipe_register/g_shift_register/g_shift.pipe_reg[0][106]/CK (DFF_X1)
                                                          0.00 #     0.00 r
  g_slices[0].issue_slice/scoreboard/g_stanging_bufs[2].stanging_buf/g_register.g_pipe_regs[0].pipe_register/g_shift_register/g_shift.pipe_reg[0][106]/Q (DFF_X1)
                                                          0.10       0.10 f
  U98052/ZN (NAND2_X1)                                    0.04       0.14 r
  U98082/ZN (NOR3_X1)                                     0.03       0.17 f
  U98083/ZN (NOR2_X1)                                     0.07       0.24 r
  U98085/ZN (NAND2_X1)                                    0.04       0.28 f
  U98086/ZN (AOI21_X1)                                    0.07       0.35 r
  U98102/ZN (OAI211_X1)                                   0.10       0.45 f
  U95268/Z (BUF_X2)                                       0.10       0.55 f
  U98103/ZN (INV_X1)                                      0.19       0.74 r
  U98104/ZN (NAND2_X1)                                    0.09       0.84 f
  U95241/ZN (NAND2_X2)                                    0.18       1.01 r
  U98105/ZN (INV_X2)                                      0.18       1.19 f
  U98106/ZN (NOR2_X1)                                     0.20       1.39 r
  U98107/ZN (INV_X1)                                      0.07       1.46 f
  U144337/ZN (NOR4_X1)                                    0.18       1.64 r
  U97960/Z (CLKBUF_X1)                                    0.21       1.85 r
  U97964/Z (CLKBUF_X1)                                    0.22       2.06 r
  U144614/ZN (AOI22_X1)                                   0.07       2.13 f
  U144615/ZN (NAND3_X1)                                   0.04       2.18 r
  g_slices[0].issue_slice/ibuffer/g_instr_bufs[1].instr_buf/g_ebN.fifo_queue/g_depth_n.g_out_reg.data_out_r_reg[69]/D (DFF_X1)
                                                          0.01       2.19 r
  data arrival time                                                  2.19

  clock CLK (rise edge)                                   4.00       4.00
  clock network delay (ideal)                             0.00       4.00
  clock uncertainty                                      -0.25       3.75
  g_slices[0].issue_slice/ibuffer/g_instr_bufs[1].instr_buf/g_ebN.fifo_queue/g_depth_n.g_out_reg.data_out_r_reg[69]/CK (DFF_X1)
                                                          0.00       3.75 r
  library setup time                                     -0.03       3.72
  data required time                                                 3.72
  --------------------------------------------------------------------------
  data required time                                                 3.72
  data arrival time                                                 -2.19
  --------------------------------------------------------------------------
  slack (MET)                                                        1.53


  Startpoint: g_slices[0].issue_slice/scoreboard/g_stanging_bufs[2].stanging_buf/g_register.g_pipe_regs[0].pipe_register/g_shift_register/g_shift.pipe_reg[0][106]
              (rising edge-triggered flip-flop clocked by CLK)
  Endpoint: g_slices[0].issue_slice/ibuffer/g_instr_bufs[1].instr_buf/g_ebN.fifo_queue/g_depth_n.g_out_reg.data_out_r_reg[71]
            (rising edge-triggered flip-flop clocked by CLK)
  Path Group: CLK
  Path Type: max

  Des/Clust/Port     Wire Load Model       Library
  ------------------------------------------------
  VX_issue           5K_hvratio_1_1        NangateOpenCellLibrary_tt1p1v25c

  Point                                                   Incr       Path
  --------------------------------------------------------------------------
  clock CLK (rise edge)                                   0.00       0.00
  clock network delay (ideal)                             0.00       0.00
  g_slices[0].issue_slice/scoreboard/g_stanging_bufs[2].stanging_buf/g_register.g_pipe_regs[0].pipe_register/g_shift_register/g_shift.pipe_reg[0][106]/CK (DFF_X1)
                                                          0.00 #     0.00 r
  g_slices[0].issue_slice/scoreboard/g_stanging_bufs[2].stanging_buf/g_register.g_pipe_regs[0].pipe_register/g_shift_register/g_shift.pipe_reg[0][106]/Q (DFF_X1)
                                                          0.10       0.10 f
  U98052/ZN (NAND2_X1)                                    0.04       0.14 r
  U98082/ZN (NOR3_X1)                                     0.03       0.17 f
  U98083/ZN (NOR2_X1)                                     0.07       0.24 r
  U98085/ZN (NAND2_X1)                                    0.04       0.28 f
  U98086/ZN (AOI21_X1)                                    0.07       0.35 r
  U98102/ZN (OAI211_X1)                                   0.10       0.45 f
  U95268/Z (BUF_X2)                                       0.10       0.55 f
  U98103/ZN (INV_X1)                                      0.19       0.74 r
  U98104/ZN (NAND2_X1)                                    0.09       0.84 f
  U95241/ZN (NAND2_X2)                                    0.18       1.01 r
  U98105/ZN (INV_X2)                                      0.18       1.19 f
  U98106/ZN (NOR2_X1)                                     0.20       1.39 r
  U98107/ZN (INV_X1)                                      0.07       1.46 f
  U144337/ZN (NOR4_X1)                                    0.18       1.64 r
  U97960/Z (CLKBUF_X1)                                    0.21       1.85 r
  U97972/Z (CLKBUF_X1)                                    0.22       2.06 r
  U144622/ZN (AOI22_X1)                                   0.07       2.13 f
  U144623/ZN (NAND3_X1)                                   0.04       2.18 r
  g_slices[0].issue_slice/ibuffer/g_instr_bufs[1].instr_buf/g_ebN.fifo_queue/g_depth_n.g_out_reg.data_out_r_reg[71]/D (DFF_X1)
                                                          0.01       2.19 r
  data arrival time                                                  2.19

  clock CLK (rise edge)                                   4.00       4.00
  clock network delay (ideal)                             0.00       4.00
  clock uncertainty                                      -0.25       3.75
  g_slices[0].issue_slice/ibuffer/g_instr_bufs[1].instr_buf/g_ebN.fifo_queue/g_depth_n.g_out_reg.data_out_r_reg[71]/CK (DFF_X1)
                                                          0.00       3.75 r
  library setup time                                     -0.03       3.72
  data required time                                                 3.72
  --------------------------------------------------------------------------
  data required time                                                 3.72
  data arrival time                                                 -2.19
  --------------------------------------------------------------------------
  slack (MET)                                                        1.53


  Startpoint: g_slices[0].issue_slice/scoreboard/g_stanging_bufs[2].stanging_buf/g_register.g_pipe_regs[0].pipe_register/g_shift_register/g_shift.pipe_reg[0][106]
              (rising edge-triggered flip-flop clocked by CLK)
  Endpoint: g_slices[0].issue_slice/ibuffer/g_instr_bufs[1].instr_buf/g_ebN.fifo_queue/g_depth_n.g_out_reg.data_out_r_reg[76]
            (rising edge-triggered flip-flop clocked by CLK)
  Path Group: CLK
  Path Type: max

  Des/Clust/Port     Wire Load Model       Library
  ------------------------------------------------
  VX_issue           5K_hvratio_1_1        NangateOpenCellLibrary_tt1p1v25c

  Point                                                   Incr       Path
  --------------------------------------------------------------------------
  clock CLK (rise edge)                                   0.00       0.00
  clock network delay (ideal)                             0.00       0.00
  g_slices[0].issue_slice/scoreboard/g_stanging_bufs[2].stanging_buf/g_register.g_pipe_regs[0].pipe_register/g_shift_register/g_shift.pipe_reg[0][106]/CK (DFF_X1)
                                                          0.00 #     0.00 r
  g_slices[0].issue_slice/scoreboard/g_stanging_bufs[2].stanging_buf/g_register.g_pipe_regs[0].pipe_register/g_shift_register/g_shift.pipe_reg[0][106]/Q (DFF_X1)
                                                          0.10       0.10 f
  U98052/ZN (NAND2_X1)                                    0.04       0.14 r
  U98082/ZN (NOR3_X1)                                     0.03       0.17 f
  U98083/ZN (NOR2_X1)                                     0.07       0.24 r
  U98085/ZN (NAND2_X1)                                    0.04       0.28 f
  U98086/ZN (AOI21_X1)                                    0.07       0.35 r
  U98102/ZN (OAI211_X1)                                   0.10       0.45 f
  U95268/Z (BUF_X2)                                       0.10       0.55 f
  U98103/ZN (INV_X1)                                      0.19       0.74 r
  U98104/ZN (NAND2_X1)                                    0.09       0.84 f
  U95241/ZN (NAND2_X2)                                    0.18       1.01 r
  U98105/ZN (INV_X2)                                      0.18       1.19 f
  U98106/ZN (NOR2_X1)                                     0.20       1.39 r
  U98107/ZN (INV_X1)                                      0.07       1.46 f
  U144337/ZN (NOR4_X1)                                    0.18       1.64 r
  U97960/Z (CLKBUF_X1)                                    0.21       1.85 r
  U97964/Z (CLKBUF_X1)                                    0.22       2.06 r
  U144642/ZN (AOI22_X1)                                   0.07       2.13 f
  U144643/ZN (NAND3_X1)                                   0.04       2.18 r
  g_slices[0].issue_slice/ibuffer/g_instr_bufs[1].instr_buf/g_ebN.fifo_queue/g_depth_n.g_out_reg.data_out_r_reg[76]/D (DFF_X1)
                                                          0.01       2.19 r
  data arrival time                                                  2.19

  clock CLK (rise edge)                                   4.00       4.00
  clock network delay (ideal)                             0.00       4.00
  clock uncertainty                                      -0.25       3.75
  g_slices[0].issue_slice/ibuffer/g_instr_bufs[1].instr_buf/g_ebN.fifo_queue/g_depth_n.g_out_reg.data_out_r_reg[76]/CK (DFF_X1)
                                                          0.00       3.75 r
  library setup time                                     -0.03       3.72
  data required time                                                 3.72
  --------------------------------------------------------------------------
  data required time                                                 3.72
  data arrival time                                                 -2.19
  --------------------------------------------------------------------------
  slack (MET)                                                        1.53


  Startpoint: g_slices[0].issue_slice/scoreboard/g_stanging_bufs[2].stanging_buf/g_register.g_pipe_regs[0].pipe_register/g_shift_register/g_shift.pipe_reg[0][106]
              (rising edge-triggered flip-flop clocked by CLK)
  Endpoint: g_slices[0].issue_slice/ibuffer/g_instr_bufs[1].instr_buf/g_ebN.fifo_queue/g_depth_n.g_out_reg.data_out_r_reg[81]
            (rising edge-triggered flip-flop clocked by CLK)
  Path Group: CLK
  Path Type: max

  Des/Clust/Port     Wire Load Model       Library
  ------------------------------------------------
  VX_issue           5K_hvratio_1_1        NangateOpenCellLibrary_tt1p1v25c

  Point                                                   Incr       Path
  --------------------------------------------------------------------------
  clock CLK (rise edge)                                   0.00       0.00
  clock network delay (ideal)                             0.00       0.00
  g_slices[0].issue_slice/scoreboard/g_stanging_bufs[2].stanging_buf/g_register.g_pipe_regs[0].pipe_register/g_shift_register/g_shift.pipe_reg[0][106]/CK (DFF_X1)
                                                          0.00 #     0.00 r
  g_slices[0].issue_slice/scoreboard/g_stanging_bufs[2].stanging_buf/g_register.g_pipe_regs[0].pipe_register/g_shift_register/g_shift.pipe_reg[0][106]/Q (DFF_X1)
                                                          0.10       0.10 f
  U98052/ZN (NAND2_X1)                                    0.04       0.14 r
  U98082/ZN (NOR3_X1)                                     0.03       0.17 f
  U98083/ZN (NOR2_X1)                                     0.07       0.24 r
  U98085/ZN (NAND2_X1)                                    0.04       0.28 f
  U98086/ZN (AOI21_X1)                                    0.07       0.35 r
  U98102/ZN (OAI211_X1)                                   0.10       0.45 f
  U95268/Z (BUF_X2)                                       0.10       0.55 f
  U98103/ZN (INV_X1)                                      0.19       0.74 r
  U98104/ZN (NAND2_X1)                                    0.09       0.84 f
  U95241/ZN (NAND2_X2)                                    0.18       1.01 r
  U98105/ZN (INV_X2)                                      0.18       1.19 f
  U98106/ZN (NOR2_X1)                                     0.20       1.39 r
  U98107/ZN (INV_X1)                                      0.07       1.46 f
  U144337/ZN (NOR4_X1)                                    0.18       1.64 r
  U97960/Z (CLKBUF_X1)                                    0.21       1.85 r
  U97972/Z (CLKBUF_X1)                                    0.22       2.06 r
  U144662/ZN (AOI22_X1)                                   0.07       2.13 f
  U144663/ZN (NAND3_X1)                                   0.04       2.18 r
  g_slices[0].issue_slice/ibuffer/g_instr_bufs[1].instr_buf/g_ebN.fifo_queue/g_depth_n.g_out_reg.data_out_r_reg[81]/D (DFF_X1)
                                                          0.01       2.19 r
  data arrival time                                                  2.19

  clock CLK (rise edge)                                   4.00       4.00
  clock network delay (ideal)                             0.00       4.00
  clock uncertainty                                      -0.25       3.75
  g_slices[0].issue_slice/ibuffer/g_instr_bufs[1].instr_buf/g_ebN.fifo_queue/g_depth_n.g_out_reg.data_out_r_reg[81]/CK (DFF_X1)
                                                          0.00       3.75 r
  library setup time                                     -0.03       3.72
  data required time                                                 3.72
  --------------------------------------------------------------------------
  data required time                                                 3.72
  data arrival time                                                 -2.19
  --------------------------------------------------------------------------
  slack (MET)                                                        1.53


  Startpoint: g_slices[0].issue_slice/scoreboard/g_stanging_bufs[2].stanging_buf/g_register.g_pipe_regs[0].pipe_register/g_shift_register/g_shift.pipe_reg[0][106]
              (rising edge-triggered flip-flop clocked by CLK)
  Endpoint: g_slices[0].issue_slice/ibuffer/g_instr_bufs[1].instr_buf/g_ebN.fifo_queue/g_depth_n.g_out_reg.data_out_r_reg[86]
            (rising edge-triggered flip-flop clocked by CLK)
  Path Group: CLK
  Path Type: max

  Des/Clust/Port     Wire Load Model       Library
  ------------------------------------------------
  VX_issue           5K_hvratio_1_1        NangateOpenCellLibrary_tt1p1v25c

  Point                                                   Incr       Path
  --------------------------------------------------------------------------
  clock CLK (rise edge)                                   0.00       0.00
  clock network delay (ideal)                             0.00       0.00
  g_slices[0].issue_slice/scoreboard/g_stanging_bufs[2].stanging_buf/g_register.g_pipe_regs[0].pipe_register/g_shift_register/g_shift.pipe_reg[0][106]/CK (DFF_X1)
                                                          0.00 #     0.00 r
  g_slices[0].issue_slice/scoreboard/g_stanging_bufs[2].stanging_buf/g_register.g_pipe_regs[0].pipe_register/g_shift_register/g_shift.pipe_reg[0][106]/Q (DFF_X1)
                                                          0.10       0.10 f
  U98052/ZN (NAND2_X1)                                    0.04       0.14 r
  U98082/ZN (NOR3_X1)                                     0.03       0.17 f
  U98083/ZN (NOR2_X1)                                     0.07       0.24 r
  U98085/ZN (NAND2_X1)                                    0.04       0.28 f
  U98086/ZN (AOI21_X1)                                    0.07       0.35 r
  U98102/ZN (OAI211_X1)                                   0.10       0.45 f
  U95268/Z (BUF_X2)                                       0.10       0.55 f
  U98103/ZN (INV_X1)                                      0.19       0.74 r
  U98104/ZN (NAND2_X1)                                    0.09       0.84 f
  U95241/ZN (NAND2_X2)                                    0.18       1.01 r
  U98105/ZN (INV_X2)                                      0.18       1.19 f
  U98106/ZN (NOR2_X1)                                     0.20       1.39 r
  U98107/ZN (INV_X1)                                      0.07       1.46 f
  U144337/ZN (NOR4_X1)                                    0.18       1.64 r
  U97960/Z (CLKBUF_X1)                                    0.21       1.85 r
  U97964/Z (CLKBUF_X1)                                    0.22       2.06 r
  U144682/ZN (AOI22_X1)                                   0.07       2.13 f
  U144683/ZN (NAND3_X1)                                   0.04       2.18 r
  g_slices[0].issue_slice/ibuffer/g_instr_bufs[1].instr_buf/g_ebN.fifo_queue/g_depth_n.g_out_reg.data_out_r_reg[86]/D (DFF_X1)
                                                          0.01       2.19 r
  data arrival time                                                  2.19

  clock CLK (rise edge)                                   4.00       4.00
  clock network delay (ideal)                             0.00       4.00
  clock uncertainty                                      -0.25       3.75
  g_slices[0].issue_slice/ibuffer/g_instr_bufs[1].instr_buf/g_ebN.fifo_queue/g_depth_n.g_out_reg.data_out_r_reg[86]/CK (DFF_X1)
                                                          0.00       3.75 r
  library setup time                                     -0.03       3.72
  data required time                                                 3.72
  --------------------------------------------------------------------------
  data required time                                                 3.72
  data arrival time                                                 -2.19
  --------------------------------------------------------------------------
  slack (MET)                                                        1.53


  Startpoint: g_slices[0].issue_slice/scoreboard/g_stanging_bufs[2].stanging_buf/g_register.g_pipe_regs[0].pipe_register/g_shift_register/g_shift.pipe_reg[0][106]
              (rising edge-triggered flip-flop clocked by CLK)
  Endpoint: g_slices[0].issue_slice/ibuffer/g_instr_bufs[1].instr_buf/g_ebN.fifo_queue/g_depth_n.g_out_reg.data_out_r_reg[89]
            (rising edge-triggered flip-flop clocked by CLK)
  Path Group: CLK
  Path Type: max

  Des/Clust/Port     Wire Load Model       Library
  ------------------------------------------------
  VX_issue           5K_hvratio_1_1        NangateOpenCellLibrary_tt1p1v25c

  Point                                                   Incr       Path
  --------------------------------------------------------------------------
  clock CLK (rise edge)                                   0.00       0.00
  clock network delay (ideal)                             0.00       0.00
  g_slices[0].issue_slice/scoreboard/g_stanging_bufs[2].stanging_buf/g_register.g_pipe_regs[0].pipe_register/g_shift_register/g_shift.pipe_reg[0][106]/CK (DFF_X1)
                                                          0.00 #     0.00 r
  g_slices[0].issue_slice/scoreboard/g_stanging_bufs[2].stanging_buf/g_register.g_pipe_regs[0].pipe_register/g_shift_register/g_shift.pipe_reg[0][106]/Q (DFF_X1)
                                                          0.10       0.10 f
  U98052/ZN (NAND2_X1)                                    0.04       0.14 r
  U98082/ZN (NOR3_X1)                                     0.03       0.17 f
  U98083/ZN (NOR2_X1)                                     0.07       0.24 r
  U98085/ZN (NAND2_X1)                                    0.04       0.28 f
  U98086/ZN (AOI21_X1)                                    0.07       0.35 r
  U98102/ZN (OAI211_X1)                                   0.10       0.45 f
  U95268/Z (BUF_X2)                                       0.10       0.55 f
  U98103/ZN (INV_X1)                                      0.19       0.74 r
  U98104/ZN (NAND2_X1)                                    0.09       0.84 f
  U95241/ZN (NAND2_X2)                                    0.18       1.01 r
  U98105/ZN (INV_X2)                                      0.18       1.19 f
  U98106/ZN (NOR2_X1)                                     0.20       1.39 r
  U98107/ZN (INV_X1)                                      0.07       1.46 f
  U144337/ZN (NOR4_X1)                                    0.18       1.64 r
  U97960/Z (CLKBUF_X1)                                    0.21       1.85 r
  U97972/Z (CLKBUF_X1)                                    0.22       2.06 r
  U144694/ZN (AOI22_X1)                                   0.07       2.13 f
  U144695/ZN (NAND3_X1)                                   0.04       2.18 r
  g_slices[0].issue_slice/ibuffer/g_instr_bufs[1].instr_buf/g_ebN.fifo_queue/g_depth_n.g_out_reg.data_out_r_reg[89]/D (DFF_X1)
                                                          0.01       2.19 r
  data arrival time                                                  2.19

  clock CLK (rise edge)                                   4.00       4.00
  clock network delay (ideal)                             0.00       4.00
  clock uncertainty                                      -0.25       3.75
  g_slices[0].issue_slice/ibuffer/g_instr_bufs[1].instr_buf/g_ebN.fifo_queue/g_depth_n.g_out_reg.data_out_r_reg[89]/CK (DFF_X1)
                                                          0.00       3.75 r
  library setup time                                     -0.03       3.72
  data required time                                                 3.72
  --------------------------------------------------------------------------
  data required time                                                 3.72
  data arrival time                                                 -2.19
  --------------------------------------------------------------------------
  slack (MET)                                                        1.53


  Startpoint: g_slices[0].issue_slice/scoreboard/g_stanging_bufs[2].stanging_buf/g_register.g_pipe_regs[0].pipe_register/g_shift_register/g_shift.pipe_reg[0][106]
              (rising edge-triggered flip-flop clocked by CLK)
  Endpoint: g_slices[0].issue_slice/ibuffer/g_instr_bufs[1].instr_buf/g_ebN.fifo_queue/g_depth_n.g_out_reg.data_out_r_reg[95]
            (rising edge-triggered flip-flop clocked by CLK)
  Path Group: CLK
  Path Type: max

  Des/Clust/Port     Wire Load Model       Library
  ------------------------------------------------
  VX_issue           5K_hvratio_1_1        NangateOpenCellLibrary_tt1p1v25c

  Point                                                   Incr       Path
  --------------------------------------------------------------------------
  clock CLK (rise edge)                                   0.00       0.00
  clock network delay (ideal)                             0.00       0.00
  g_slices[0].issue_slice/scoreboard/g_stanging_bufs[2].stanging_buf/g_register.g_pipe_regs[0].pipe_register/g_shift_register/g_shift.pipe_reg[0][106]/CK (DFF_X1)
                                                          0.00 #     0.00 r
  g_slices[0].issue_slice/scoreboard/g_stanging_bufs[2].stanging_buf/g_register.g_pipe_regs[0].pipe_register/g_shift_register/g_shift.pipe_reg[0][106]/Q (DFF_X1)
                                                          0.10       0.10 f
  U98052/ZN (NAND2_X1)                                    0.04       0.14 r
  U98082/ZN (NOR3_X1)                                     0.03       0.17 f
  U98083/ZN (NOR2_X1)                                     0.07       0.24 r
  U98085/ZN (NAND2_X1)                                    0.04       0.28 f
  U98086/ZN (AOI21_X1)                                    0.07       0.35 r
  U98102/ZN (OAI211_X1)                                   0.10       0.45 f
  U95268/Z (BUF_X2)                                       0.10       0.55 f
  U98103/ZN (INV_X1)                                      0.19       0.74 r
  U98104/ZN (NAND2_X1)                                    0.09       0.84 f
  U95241/ZN (NAND2_X2)                                    0.18       1.01 r
  U98105/ZN (INV_X2)                                      0.18       1.19 f
  U98106/ZN (NOR2_X1)                                     0.20       1.39 r
  U98107/ZN (INV_X1)                                      0.07       1.46 f
  U144337/ZN (NOR4_X1)                                    0.18       1.64 r
  U97960/Z (CLKBUF_X1)                                    0.21       1.85 r
  U97972/Z (CLKBUF_X1)                                    0.22       2.06 r
  U144718/ZN (AOI22_X1)                                   0.07       2.13 f
  U144719/ZN (NAND3_X1)                                   0.04       2.18 r
  g_slices[0].issue_slice/ibuffer/g_instr_bufs[1].instr_buf/g_ebN.fifo_queue/g_depth_n.g_out_reg.data_out_r_reg[95]/D (DFF_X1)
                                                          0.01       2.19 r
  data arrival time                                                  2.19

  clock CLK (rise edge)                                   4.00       4.00
  clock network delay (ideal)                             0.00       4.00
  clock uncertainty                                      -0.25       3.75
  g_slices[0].issue_slice/ibuffer/g_instr_bufs[1].instr_buf/g_ebN.fifo_queue/g_depth_n.g_out_reg.data_out_r_reg[95]/CK (DFF_X1)
                                                          0.00       3.75 r
  library setup time                                     -0.03       3.72
  data required time                                                 3.72
  --------------------------------------------------------------------------
  data required time                                                 3.72
  data arrival time                                                 -2.19
  --------------------------------------------------------------------------
  slack (MET)                                                        1.53


  Startpoint: g_slices[0].issue_slice/scoreboard/g_stanging_bufs[2].stanging_buf/g_register.g_pipe_regs[0].pipe_register/g_shift_register/g_shift.pipe_reg[0][106]
              (rising edge-triggered flip-flop clocked by CLK)
  Endpoint: g_slices[0].issue_slice/ibuffer/g_instr_bufs[1].instr_buf/g_ebN.fifo_queue/g_depth_n.g_out_reg.data_out_r_reg[75]
            (rising edge-triggered flip-flop clocked by CLK)
  Path Group: CLK
  Path Type: max

  Des/Clust/Port     Wire Load Model       Library
  ------------------------------------------------
  VX_issue           5K_hvratio_1_1        NangateOpenCellLibrary_tt1p1v25c

  Point                                                   Incr       Path
  --------------------------------------------------------------------------
  clock CLK (rise edge)                                   0.00       0.00
  clock network delay (ideal)                             0.00       0.00
  g_slices[0].issue_slice/scoreboard/g_stanging_bufs[2].stanging_buf/g_register.g_pipe_regs[0].pipe_register/g_shift_register/g_shift.pipe_reg[0][106]/CK (DFF_X1)
                                                          0.00 #     0.00 r
  g_slices[0].issue_slice/scoreboard/g_stanging_bufs[2].stanging_buf/g_register.g_pipe_regs[0].pipe_register/g_shift_register/g_shift.pipe_reg[0][106]/Q (DFF_X1)
                                                          0.10       0.10 f
  U98052/ZN (NAND2_X1)                                    0.04       0.14 r
  U98082/ZN (NOR3_X1)                                     0.03       0.17 f
  U98083/ZN (NOR2_X1)                                     0.07       0.24 r
  U98085/ZN (NAND2_X1)                                    0.04       0.28 f
  U98086/ZN (AOI21_X1)                                    0.07       0.35 r
  U98102/ZN (OAI211_X1)                                   0.10       0.45 f
  U95268/Z (BUF_X2)                                       0.10       0.55 f
  U98103/ZN (INV_X1)                                      0.19       0.74 r
  U98104/ZN (NAND2_X1)                                    0.09       0.84 f
  U95241/ZN (NAND2_X2)                                    0.18       1.01 r
  U98105/ZN (INV_X2)                                      0.18       1.19 f
  U98106/ZN (NOR2_X1)                                     0.20       1.39 r
  U98107/ZN (INV_X1)                                      0.07       1.46 f
  U98027/ZN (NOR4_X2)                                     0.22       1.68 r
  U95222/Z (CLKBUF_X2)                                    0.21       1.89 r
  U144638/ZN (AOI22_X1)                                   0.06       1.95 f
  U144639/ZN (NAND3_X1)                                   0.04       1.99 r
  g_slices[0].issue_slice/ibuffer/g_instr_bufs[1].instr_buf/g_ebN.fifo_queue/g_depth_n.g_out_reg.data_out_r_reg[75]/D (DFF_X1)
                                                          0.01       2.00 r
  data arrival time                                                  2.00

  clock CLK (rise edge)                                   4.00       4.00
  clock network delay (ideal)                             0.00       4.00
  clock uncertainty                                      -0.25       3.75
  g_slices[0].issue_slice/ibuffer/g_instr_bufs[1].instr_buf/g_ebN.fifo_queue/g_depth_n.g_out_reg.data_out_r_reg[75]/CK (DFF_X1)
                                                          0.00       3.75 r
  library setup time                                     -0.03       3.72
  data required time                                                 3.72
  --------------------------------------------------------------------------
  data required time                                                 3.72
  data arrival time                                                 -2.00
  --------------------------------------------------------------------------
  slack (MET)                                                        1.72


  Startpoint: g_slices[0].issue_slice/scoreboard/g_stanging_bufs[2].stanging_buf/g_register.g_pipe_regs[0].pipe_register/g_shift_register/g_shift.pipe_reg[0][106]
              (rising edge-triggered flip-flop clocked by CLK)
  Endpoint: g_slices[0].issue_slice/ibuffer/g_instr_bufs[1].instr_buf/g_ebN.fifo_queue/g_depth_n.g_out_reg.data_out_r_reg[78]
            (rising edge-triggered flip-flop clocked by CLK)
  Path Group: CLK
  Path Type: max

  Des/Clust/Port     Wire Load Model       Library
  ------------------------------------------------
  VX_issue           5K_hvratio_1_1        NangateOpenCellLibrary_tt1p1v25c

  Point                                                   Incr       Path
  --------------------------------------------------------------------------
  clock CLK (rise edge)                                   0.00       0.00
  clock network delay (ideal)                             0.00       0.00
  g_slices[0].issue_slice/scoreboard/g_stanging_bufs[2].stanging_buf/g_register.g_pipe_regs[0].pipe_register/g_shift_register/g_shift.pipe_reg[0][106]/CK (DFF_X1)
                                                          0.00 #     0.00 r
  g_slices[0].issue_slice/scoreboard/g_stanging_bufs[2].stanging_buf/g_register.g_pipe_regs[0].pipe_register/g_shift_register/g_shift.pipe_reg[0][106]/Q (DFF_X1)
                                                          0.10       0.10 f
  U98052/ZN (NAND2_X1)                                    0.04       0.14 r
  U98082/ZN (NOR3_X1)                                     0.03       0.17 f
  U98083/ZN (NOR2_X1)                                     0.07       0.24 r
  U98085/ZN (NAND2_X1)                                    0.04       0.28 f
  U98086/ZN (AOI21_X1)                                    0.07       0.35 r
  U98102/ZN (OAI211_X1)                                   0.10       0.45 f
  U95268/Z (BUF_X2)                                       0.10       0.55 f
  U98103/ZN (INV_X1)                                      0.19       0.74 r
  U98104/ZN (NAND2_X1)                                    0.09       0.84 f
  U95241/ZN (NAND2_X2)                                    0.18       1.01 r
  U98105/ZN (INV_X2)                                      0.18       1.19 f
  U98106/ZN (NOR2_X1)                                     0.20       1.39 r
  U98107/ZN (INV_X1)                                      0.07       1.46 f
  U98027/ZN (NOR4_X2)                                     0.22       1.68 r
  U95222/Z (CLKBUF_X2)                                    0.21       1.89 r
  U144650/ZN (AOI22_X1)                                   0.06       1.95 f
  U144651/ZN (NAND3_X1)                                   0.04       1.99 r
  g_slices[0].issue_slice/ibuffer/g_instr_bufs[1].instr_buf/g_ebN.fifo_queue/g_depth_n.g_out_reg.data_out_r_reg[78]/D (DFF_X1)
                                                          0.01       2.00 r
  data arrival time                                                  2.00

  clock CLK (rise edge)                                   4.00       4.00
  clock network delay (ideal)                             0.00       4.00
  clock uncertainty                                      -0.25       3.75
  g_slices[0].issue_slice/ibuffer/g_instr_bufs[1].instr_buf/g_ebN.fifo_queue/g_depth_n.g_out_reg.data_out_r_reg[78]/CK (DFF_X1)
                                                          0.00       3.75 r
  library setup time                                     -0.03       3.72
  data required time                                                 3.72
  --------------------------------------------------------------------------
  data required time                                                 3.72
  data arrival time                                                 -2.00
  --------------------------------------------------------------------------
  slack (MET)                                                        1.72


  Startpoint: g_slices[0].issue_slice/scoreboard/g_stanging_bufs[2].stanging_buf/g_register.g_pipe_regs[0].pipe_register/g_shift_register/g_shift.pipe_reg[0][106]
              (rising edge-triggered flip-flop clocked by CLK)
  Endpoint: g_slices[0].issue_slice/ibuffer/g_instr_bufs[1].instr_buf/g_ebN.fifo_queue/g_depth_n.g_out_reg.data_out_r_reg[85]
            (rising edge-triggered flip-flop clocked by CLK)
  Path Group: CLK
  Path Type: max

  Des/Clust/Port     Wire Load Model       Library
  ------------------------------------------------
  VX_issue           5K_hvratio_1_1        NangateOpenCellLibrary_tt1p1v25c

  Point                                                   Incr       Path
  --------------------------------------------------------------------------
  clock CLK (rise edge)                                   0.00       0.00
  clock network delay (ideal)                             0.00       0.00
  g_slices[0].issue_slice/scoreboard/g_stanging_bufs[2].stanging_buf/g_register.g_pipe_regs[0].pipe_register/g_shift_register/g_shift.pipe_reg[0][106]/CK (DFF_X1)
                                                          0.00 #     0.00 r
  g_slices[0].issue_slice/scoreboard/g_stanging_bufs[2].stanging_buf/g_register.g_pipe_regs[0].pipe_register/g_shift_register/g_shift.pipe_reg[0][106]/Q (DFF_X1)
                                                          0.10       0.10 f
  U98052/ZN (NAND2_X1)                                    0.04       0.14 r
  U98082/ZN (NOR3_X1)                                     0.03       0.17 f
  U98083/ZN (NOR2_X1)                                     0.07       0.24 r
  U98085/ZN (NAND2_X1)                                    0.04       0.28 f
  U98086/ZN (AOI21_X1)                                    0.07       0.35 r
  U98102/ZN (OAI211_X1)                                   0.10       0.45 f
  U95268/Z (BUF_X2)                                       0.10       0.55 f
  U98103/ZN (INV_X1)                                      0.19       0.74 r
  U98104/ZN (NAND2_X1)                                    0.09       0.84 f
  U95241/ZN (NAND2_X2)                                    0.18       1.01 r
  U98105/ZN (INV_X2)                                      0.18       1.19 f
  U98106/ZN (NOR2_X1)                                     0.20       1.39 r
  U98107/ZN (INV_X1)                                      0.07       1.46 f
  U98027/ZN (NOR4_X2)                                     0.22       1.68 r
  U95222/Z (CLKBUF_X2)                                    0.21       1.89 r
  U144678/ZN (AOI22_X1)                                   0.06       1.95 f
  U144679/ZN (NAND3_X1)                                   0.04       1.99 r
  g_slices[0].issue_slice/ibuffer/g_instr_bufs[1].instr_buf/g_ebN.fifo_queue/g_depth_n.g_out_reg.data_out_r_reg[85]/D (DFF_X1)
                                                          0.01       2.00 r
  data arrival time                                                  2.00

  clock CLK (rise edge)                                   4.00       4.00
  clock network delay (ideal)                             0.00       4.00
  clock uncertainty                                      -0.25       3.75
  g_slices[0].issue_slice/ibuffer/g_instr_bufs[1].instr_buf/g_ebN.fifo_queue/g_depth_n.g_out_reg.data_out_r_reg[85]/CK (DFF_X1)
                                                          0.00       3.75 r
  library setup time                                     -0.03       3.72
  data required time                                                 3.72
  --------------------------------------------------------------------------
  data required time                                                 3.72
  data arrival time                                                 -2.00
  --------------------------------------------------------------------------
  slack (MET)                                                        1.72


  Startpoint: g_slices[0].issue_slice/scoreboard/g_stanging_bufs[2].stanging_buf/g_register.g_pipe_regs[0].pipe_register/g_shift_register/g_shift.pipe_reg[0][106]
              (rising edge-triggered flip-flop clocked by CLK)
  Endpoint: g_slices[0].issue_slice/ibuffer/g_instr_bufs[1].instr_buf/g_ebN.fifo_queue/g_depth_n.g_out_reg.data_out_r_reg[91]
            (rising edge-triggered flip-flop clocked by CLK)
  Path Group: CLK
  Path Type: max

  Des/Clust/Port     Wire Load Model       Library
  ------------------------------------------------
  VX_issue           5K_hvratio_1_1        NangateOpenCellLibrary_tt1p1v25c

  Point                                                   Incr       Path
  --------------------------------------------------------------------------
  clock CLK (rise edge)                                   0.00       0.00
  clock network delay (ideal)                             0.00       0.00
  g_slices[0].issue_slice/scoreboard/g_stanging_bufs[2].stanging_buf/g_register.g_pipe_regs[0].pipe_register/g_shift_register/g_shift.pipe_reg[0][106]/CK (DFF_X1)
                                                          0.00 #     0.00 r
  g_slices[0].issue_slice/scoreboard/g_stanging_bufs[2].stanging_buf/g_register.g_pipe_regs[0].pipe_register/g_shift_register/g_shift.pipe_reg[0][106]/Q (DFF_X1)
                                                          0.10       0.10 f
  U98052/ZN (NAND2_X1)                                    0.04       0.14 r
  U98082/ZN (NOR3_X1)                                     0.03       0.17 f
  U98083/ZN (NOR2_X1)                                     0.07       0.24 r
  U98085/ZN (NAND2_X1)                                    0.04       0.28 f
  U98086/ZN (AOI21_X1)                                    0.07       0.35 r
  U98102/ZN (OAI211_X1)                                   0.10       0.45 f
  U95268/Z (BUF_X2)                                       0.10       0.55 f
  U98103/ZN (INV_X1)                                      0.19       0.74 r
  U98104/ZN (NAND2_X1)                                    0.09       0.84 f
  U95241/ZN (NAND2_X2)                                    0.18       1.01 r
  U98105/ZN (INV_X2)                                      0.18       1.19 f
  U98106/ZN (NOR2_X1)                                     0.20       1.39 r
  U98107/ZN (INV_X1)                                      0.07       1.46 f
  U98027/ZN (NOR4_X2)                                     0.22       1.68 r
  U95222/Z (CLKBUF_X2)                                    0.21       1.89 r
  U144702/ZN (AOI22_X1)                                   0.06       1.95 f
  U144703/ZN (NAND3_X1)                                   0.04       1.99 r
  g_slices[0].issue_slice/ibuffer/g_instr_bufs[1].instr_buf/g_ebN.fifo_queue/g_depth_n.g_out_reg.data_out_r_reg[91]/D (DFF_X1)
                                                          0.01       2.00 r
  data arrival time                                                  2.00

  clock CLK (rise edge)                                   4.00       4.00
  clock network delay (ideal)                             0.00       4.00
  clock uncertainty                                      -0.25       3.75
  g_slices[0].issue_slice/ibuffer/g_instr_bufs[1].instr_buf/g_ebN.fifo_queue/g_depth_n.g_out_reg.data_out_r_reg[91]/CK (DFF_X1)
                                                          0.00       3.75 r
  library setup time                                     -0.03       3.72
  data required time                                                 3.72
  --------------------------------------------------------------------------
  data required time                                                 3.72
  data arrival time                                                 -2.00
  --------------------------------------------------------------------------
  slack (MET)                                                        1.72


  Startpoint: g_slices[0].issue_slice/scoreboard/g_stanging_bufs[2].stanging_buf/g_register.g_pipe_regs[0].pipe_register/g_shift_register/g_shift.pipe_reg[0][106]
              (rising edge-triggered flip-flop clocked by CLK)
  Endpoint: g_slices[0].issue_slice/ibuffer/g_instr_bufs[1].instr_buf/g_ebN.fifo_queue/g_depth_n.g_out_reg.data_out_r_reg[93]
            (rising edge-triggered flip-flop clocked by CLK)
  Path Group: CLK
  Path Type: max

  Des/Clust/Port     Wire Load Model       Library
  ------------------------------------------------
  VX_issue           5K_hvratio_1_1        NangateOpenCellLibrary_tt1p1v25c

  Point                                                   Incr       Path
  --------------------------------------------------------------------------
  clock CLK (rise edge)                                   0.00       0.00
  clock network delay (ideal)                             0.00       0.00
  g_slices[0].issue_slice/scoreboard/g_stanging_bufs[2].stanging_buf/g_register.g_pipe_regs[0].pipe_register/g_shift_register/g_shift.pipe_reg[0][106]/CK (DFF_X1)
                                                          0.00 #     0.00 r
  g_slices[0].issue_slice/scoreboard/g_stanging_bufs[2].stanging_buf/g_register.g_pipe_regs[0].pipe_register/g_shift_register/g_shift.pipe_reg[0][106]/Q (DFF_X1)
                                                          0.10       0.10 f
  U98052/ZN (NAND2_X1)                                    0.04       0.14 r
  U98082/ZN (NOR3_X1)                                     0.03       0.17 f
  U98083/ZN (NOR2_X1)                                     0.07       0.24 r
  U98085/ZN (NAND2_X1)                                    0.04       0.28 f
  U98086/ZN (AOI21_X1)                                    0.07       0.35 r
  U98102/ZN (OAI211_X1)                                   0.10       0.45 f
  U95268/Z (BUF_X2)                                       0.10       0.55 f
  U98103/ZN (INV_X1)                                      0.19       0.74 r
  U98104/ZN (NAND2_X1)                                    0.09       0.84 f
  U95241/ZN (NAND2_X2)                                    0.18       1.01 r
  U98105/ZN (INV_X2)                                      0.18       1.19 f
  U98106/ZN (NOR2_X1)                                     0.20       1.39 r
  U98107/ZN (INV_X1)                                      0.07       1.46 f
  U98027/ZN (NOR4_X2)                                     0.22       1.68 r
  U95222/Z (CLKBUF_X2)                                    0.21       1.89 r
  U144710/ZN (AOI22_X1)                                   0.06       1.95 f
  U144711/ZN (NAND3_X1)                                   0.04       1.99 r
  g_slices[0].issue_slice/ibuffer/g_instr_bufs[1].instr_buf/g_ebN.fifo_queue/g_depth_n.g_out_reg.data_out_r_reg[93]/D (DFF_X1)
                                                          0.01       2.00 r
  data arrival time                                                  2.00

  clock CLK (rise edge)                                   4.00       4.00
  clock network delay (ideal)                             0.00       4.00
  clock uncertainty                                      -0.25       3.75
  g_slices[0].issue_slice/ibuffer/g_instr_bufs[1].instr_buf/g_ebN.fifo_queue/g_depth_n.g_out_reg.data_out_r_reg[93]/CK (DFF_X1)
                                                          0.00       3.75 r
  library setup time                                     -0.03       3.72
  data required time                                                 3.72
  --------------------------------------------------------------------------
  data required time                                                 3.72
  data arrival time                                                 -2.00
  --------------------------------------------------------------------------
  slack (MET)                                                        1.72


  Startpoint: g_slices[0].issue_slice/scoreboard/g_stanging_bufs[2].stanging_buf/g_register.g_pipe_regs[0].pipe_register/g_shift_register/g_shift.pipe_reg[0][106]
              (rising edge-triggered flip-flop clocked by CLK)
  Endpoint: g_slices[0].issue_slice/ibuffer/g_instr_bufs[1].instr_buf/g_ebN.fifo_queue/g_depth_n.g_out_reg.data_out_r_reg[97]
            (rising edge-triggered flip-flop clocked by CLK)
  Path Group: CLK
  Path Type: max

  Des/Clust/Port     Wire Load Model       Library
  ------------------------------------------------
  VX_issue           5K_hvratio_1_1        NangateOpenCellLibrary_tt1p1v25c

  Point                                                   Incr       Path
  --------------------------------------------------------------------------
  clock CLK (rise edge)                                   0.00       0.00
  clock network delay (ideal)                             0.00       0.00
  g_slices[0].issue_slice/scoreboard/g_stanging_bufs[2].stanging_buf/g_register.g_pipe_regs[0].pipe_register/g_shift_register/g_shift.pipe_reg[0][106]/CK (DFF_X1)
                                                          0.00 #     0.00 r
  g_slices[0].issue_slice/scoreboard/g_stanging_bufs[2].stanging_buf/g_register.g_pipe_regs[0].pipe_register/g_shift_register/g_shift.pipe_reg[0][106]/Q (DFF_X1)
                                                          0.10       0.10 f
  U98052/ZN (NAND2_X1)                                    0.04       0.14 r
  U98082/ZN (NOR3_X1)                                     0.03       0.17 f
  U98083/ZN (NOR2_X1)                                     0.07       0.24 r
  U98085/ZN (NAND2_X1)                                    0.04       0.28 f
  U98086/ZN (AOI21_X1)                                    0.07       0.35 r
  U98102/ZN (OAI211_X1)                                   0.10       0.45 f
  U95268/Z (BUF_X2)                                       0.10       0.55 f
  U98103/ZN (INV_X1)                                      0.19       0.74 r
  U98104/ZN (NAND2_X1)                                    0.09       0.84 f
  U95241/ZN (NAND2_X2)                                    0.18       1.01 r
  U98105/ZN (INV_X2)                                      0.18       1.19 f
  U98106/ZN (NOR2_X1)                                     0.20       1.39 r
  U98107/ZN (INV_X1)                                      0.07       1.46 f
  U98027/ZN (NOR4_X2)                                     0.22       1.68 r
  U95222/Z (CLKBUF_X2)                                    0.21       1.89 r
  U144726/ZN (AOI22_X1)                                   0.06       1.95 f
  U144727/ZN (NAND3_X1)                                   0.04       1.99 r
  g_slices[0].issue_slice/ibuffer/g_instr_bufs[1].instr_buf/g_ebN.fifo_queue/g_depth_n.g_out_reg.data_out_r_reg[97]/D (DFF_X1)
                                                          0.01       2.00 r
  data arrival time                                                  2.00

  clock CLK (rise edge)                                   4.00       4.00
  clock network delay (ideal)                             0.00       4.00
  clock uncertainty                                      -0.25       3.75
  g_slices[0].issue_slice/ibuffer/g_instr_bufs[1].instr_buf/g_ebN.fifo_queue/g_depth_n.g_out_reg.data_out_r_reg[97]/CK (DFF_X1)
                                                          0.00       3.75 r
  library setup time                                     -0.03       3.72
  data required time                                                 3.72
  --------------------------------------------------------------------------
  data required time                                                 3.72
  data arrival time                                                 -2.00
  --------------------------------------------------------------------------
  slack (MET)                                                        1.72


  Startpoint: g_slices[0].issue_slice/scoreboard/g_stanging_bufs[2].stanging_buf/g_register.g_pipe_regs[0].pipe_register/g_shift_register/g_shift.pipe_reg[0][106]
              (rising edge-triggered flip-flop clocked by CLK)
  Endpoint: g_slices[0].issue_slice/ibuffer/g_instr_bufs[1].instr_buf/g_ebN.fifo_queue/g_depth_n.g_out_reg.data_out_r_reg[99]
            (rising edge-triggered flip-flop clocked by CLK)
  Path Group: CLK
  Path Type: max

  Des/Clust/Port     Wire Load Model       Library
  ------------------------------------------------
  VX_issue           5K_hvratio_1_1        NangateOpenCellLibrary_tt1p1v25c

  Point                                                   Incr       Path
  --------------------------------------------------------------------------
  clock CLK (rise edge)                                   0.00       0.00
  clock network delay (ideal)                             0.00       0.00
  g_slices[0].issue_slice/scoreboard/g_stanging_bufs[2].stanging_buf/g_register.g_pipe_regs[0].pipe_register/g_shift_register/g_shift.pipe_reg[0][106]/CK (DFF_X1)
                                                          0.00 #     0.00 r
  g_slices[0].issue_slice/scoreboard/g_stanging_bufs[2].stanging_buf/g_register.g_pipe_regs[0].pipe_register/g_shift_register/g_shift.pipe_reg[0][106]/Q (DFF_X1)
                                                          0.10       0.10 f
  U98052/ZN (NAND2_X1)                                    0.04       0.14 r
  U98082/ZN (NOR3_X1)                                     0.03       0.17 f
  U98083/ZN (NOR2_X1)                                     0.07       0.24 r
  U98085/ZN (NAND2_X1)                                    0.04       0.28 f
  U98086/ZN (AOI21_X1)                                    0.07       0.35 r
  U98102/ZN (OAI211_X1)                                   0.10       0.45 f
  U95268/Z (BUF_X2)                                       0.10       0.55 f
  U98103/ZN (INV_X1)                                      0.19       0.74 r
  U98104/ZN (NAND2_X1)                                    0.09       0.84 f
  U95241/ZN (NAND2_X2)                                    0.18       1.01 r
  U98105/ZN (INV_X2)                                      0.18       1.19 f
  U98106/ZN (NOR2_X1)                                     0.20       1.39 r
  U98107/ZN (INV_X1)                                      0.07       1.46 f
  U98027/ZN (NOR4_X2)                                     0.22       1.68 r
  U95222/Z (CLKBUF_X2)                                    0.21       1.89 r
  U144734/ZN (AOI22_X1)                                   0.06       1.95 f
  U144735/ZN (NAND3_X1)                                   0.04       1.99 r
  g_slices[0].issue_slice/ibuffer/g_instr_bufs[1].instr_buf/g_ebN.fifo_queue/g_depth_n.g_out_reg.data_out_r_reg[99]/D (DFF_X1)
                                                          0.01       2.00 r
  data arrival time                                                  2.00

  clock CLK (rise edge)                                   4.00       4.00
  clock network delay (ideal)                             0.00       4.00
  clock uncertainty                                      -0.25       3.75
  g_slices[0].issue_slice/ibuffer/g_instr_bufs[1].instr_buf/g_ebN.fifo_queue/g_depth_n.g_out_reg.data_out_r_reg[99]/CK (DFF_X1)
                                                          0.00       3.75 r
  library setup time                                     -0.03       3.72
  data required time                                                 3.72
  --------------------------------------------------------------------------
  data required time                                                 3.72
  data arrival time                                                 -2.00
  --------------------------------------------------------------------------
  slack (MET)                                                        1.72


  Startpoint: g_slices[0].issue_slice/scoreboard/g_stanging_bufs[2].stanging_buf/g_register.g_pipe_regs[0].pipe_register/g_shift_register/g_shift.pipe_reg[0][106]
              (rising edge-triggered flip-flop clocked by CLK)
  Endpoint: g_slices[0].issue_slice/ibuffer/g_instr_bufs[1].instr_buf/g_ebN.fifo_queue/g_depth_n.g_out_reg.data_out_r_reg[105]
            (rising edge-triggered flip-flop clocked by CLK)
  Path Group: CLK
  Path Type: max

  Des/Clust/Port     Wire Load Model       Library
  ------------------------------------------------
  VX_issue           5K_hvratio_1_1        NangateOpenCellLibrary_tt1p1v25c

  Point                                                   Incr       Path
  --------------------------------------------------------------------------
  clock CLK (rise edge)                                   0.00       0.00
  clock network delay (ideal)                             0.00       0.00
  g_slices[0].issue_slice/scoreboard/g_stanging_bufs[2].stanging_buf/g_register.g_pipe_regs[0].pipe_register/g_shift_register/g_shift.pipe_reg[0][106]/CK (DFF_X1)
                                                          0.00 #     0.00 r
  g_slices[0].issue_slice/scoreboard/g_stanging_bufs[2].stanging_buf/g_register.g_pipe_regs[0].pipe_register/g_shift_register/g_shift.pipe_reg[0][106]/Q (DFF_X1)
                                                          0.10       0.10 f
  U98052/ZN (NAND2_X1)                                    0.04       0.14 r
  U98082/ZN (NOR3_X1)                                     0.03       0.17 f
  U98083/ZN (NOR2_X1)                                     0.07       0.24 r
  U98085/ZN (NAND2_X1)                                    0.04       0.28 f
  U98086/ZN (AOI21_X1)                                    0.07       0.35 r
  U98102/ZN (OAI211_X1)                                   0.10       0.45 f
  U95268/Z (BUF_X2)                                       0.10       0.55 f
  U98103/ZN (INV_X1)                                      0.19       0.74 r
  U98104/ZN (NAND2_X1)                                    0.09       0.84 f
  U95241/ZN (NAND2_X2)                                    0.18       1.01 r
  U98105/ZN (INV_X2)                                      0.18       1.19 f
  U98106/ZN (NOR2_X1)                                     0.20       1.39 r
  U98107/ZN (INV_X1)                                      0.07       1.46 f
  U98027/ZN (NOR4_X2)                                     0.22       1.68 r
  U95222/Z (CLKBUF_X2)                                    0.21       1.89 r
  U144758/ZN (AOI22_X1)                                   0.06       1.95 f
  U144759/ZN (NAND3_X1)                                   0.04       1.99 r
  g_slices[0].issue_slice/ibuffer/g_instr_bufs[1].instr_buf/g_ebN.fifo_queue/g_depth_n.g_out_reg.data_out_r_reg[105]/D (DFF_X1)
                                                          0.01       2.00 r
  data arrival time                                                  2.00

  clock CLK (rise edge)                                   4.00       4.00
  clock network delay (ideal)                             0.00       4.00
  clock uncertainty                                      -0.25       3.75
  g_slices[0].issue_slice/ibuffer/g_instr_bufs[1].instr_buf/g_ebN.fifo_queue/g_depth_n.g_out_reg.data_out_r_reg[105]/CK (DFF_X1)
                                                          0.00       3.75 r
  library setup time                                     -0.03       3.72
  data required time                                                 3.72
  --------------------------------------------------------------------------
  data required time                                                 3.72
  data arrival time                                                 -2.00
  --------------------------------------------------------------------------
  slack (MET)                                                        1.72


  Startpoint: g_slices[0].issue_slice/scoreboard/g_stanging_bufs[2].stanging_buf/g_register.g_pipe_regs[0].pipe_register/g_shift_register/g_shift.pipe_reg[0][106]
              (rising edge-triggered flip-flop clocked by CLK)
  Endpoint: g_slices[0].issue_slice/ibuffer/g_instr_bufs[1].instr_buf/g_ebN.fifo_queue/g_depth_n.g_out_reg.data_out_r_reg[24]
            (rising edge-triggered flip-flop clocked by CLK)
  Path Group: CLK
  Path Type: max

  Des/Clust/Port     Wire Load Model       Library
  ------------------------------------------------
  VX_issue           5K_hvratio_1_1        NangateOpenCellLibrary_tt1p1v25c

  Point                                                   Incr       Path
  --------------------------------------------------------------------------
  clock CLK (rise edge)                                   0.00       0.00
  clock network delay (ideal)                             0.00       0.00
  g_slices[0].issue_slice/scoreboard/g_stanging_bufs[2].stanging_buf/g_register.g_pipe_regs[0].pipe_register/g_shift_register/g_shift.pipe_reg[0][106]/CK (DFF_X1)
                                                          0.00 #     0.00 r
  g_slices[0].issue_slice/scoreboard/g_stanging_bufs[2].stanging_buf/g_register.g_pipe_regs[0].pipe_register/g_shift_register/g_shift.pipe_reg[0][106]/Q (DFF_X1)
                                                          0.10       0.10 f
  U98052/ZN (NAND2_X1)                                    0.04       0.14 r
  U98082/ZN (NOR3_X1)                                     0.03       0.17 f
  U98083/ZN (NOR2_X1)                                     0.07       0.24 r
  U98085/ZN (NAND2_X1)                                    0.04       0.28 f
  U98086/ZN (AOI21_X1)                                    0.07       0.35 r
  U98102/ZN (OAI211_X1)                                   0.10       0.45 f
  U95268/Z (BUF_X2)                                       0.10       0.55 f
  U98103/ZN (INV_X1)                                      0.19       0.74 r
  U98104/ZN (NAND2_X1)                                    0.09       0.84 f
  U95241/ZN (NAND2_X2)                                    0.18       1.01 r
  U98105/ZN (INV_X2)                                      0.18       1.19 f
  U98106/ZN (NOR2_X1)                                     0.20       1.39 r
  U98107/ZN (INV_X1)                                      0.07       1.46 f
  U98027/ZN (NOR4_X2)                                     0.22       1.68 r
  U95222/Z (CLKBUF_X2)                                    0.21       1.89 r
  U144434/ZN (AOI22_X1)                                   0.06       1.95 f
  U144435/ZN (NAND3_X1)                                   0.04       1.99 r
  g_slices[0].issue_slice/ibuffer/g_instr_bufs[1].instr_buf/g_ebN.fifo_queue/g_depth_n.g_out_reg.data_out_r_reg[24]/D (DFF_X1)
                                                          0.01       2.00 r
  data arrival time                                                  2.00

  clock CLK (rise edge)                                   4.00       4.00
  clock network delay (ideal)                             0.00       4.00
  clock uncertainty                                      -0.25       3.75
  g_slices[0].issue_slice/ibuffer/g_instr_bufs[1].instr_buf/g_ebN.fifo_queue/g_depth_n.g_out_reg.data_out_r_reg[24]/CK (DFF_X1)
                                                          0.00       3.75 r
  library setup time                                     -0.03       3.72
  data required time                                                 3.72
  --------------------------------------------------------------------------
  data required time                                                 3.72
  data arrival time                                                 -2.00
  --------------------------------------------------------------------------
  slack (MET)                                                        1.72


  Startpoint: g_slices[0].issue_slice/scoreboard/g_stanging_bufs[2].stanging_buf/g_register.g_pipe_regs[0].pipe_register/g_shift_register/g_shift.pipe_reg[0][106]
              (rising edge-triggered flip-flop clocked by CLK)
  Endpoint: g_slices[0].issue_slice/ibuffer/g_instr_bufs[1].instr_buf/g_ebN.fifo_queue/g_depth_n.g_out_reg.data_out_r_reg[25]
            (rising edge-triggered flip-flop clocked by CLK)
  Path Group: CLK
  Path Type: max

  Des/Clust/Port     Wire Load Model       Library
  ------------------------------------------------
  VX_issue           5K_hvratio_1_1        NangateOpenCellLibrary_tt1p1v25c

  Point                                                   Incr       Path
  --------------------------------------------------------------------------
  clock CLK (rise edge)                                   0.00       0.00
  clock network delay (ideal)                             0.00       0.00
  g_slices[0].issue_slice/scoreboard/g_stanging_bufs[2].stanging_buf/g_register.g_pipe_regs[0].pipe_register/g_shift_register/g_shift.pipe_reg[0][106]/CK (DFF_X1)
                                                          0.00 #     0.00 r
  g_slices[0].issue_slice/scoreboard/g_stanging_bufs[2].stanging_buf/g_register.g_pipe_regs[0].pipe_register/g_shift_register/g_shift.pipe_reg[0][106]/Q (DFF_X1)
                                                          0.10       0.10 f
  U98052/ZN (NAND2_X1)                                    0.04       0.14 r
  U98082/ZN (NOR3_X1)                                     0.03       0.17 f
  U98083/ZN (NOR2_X1)                                     0.07       0.24 r
  U98085/ZN (NAND2_X1)                                    0.04       0.28 f
  U98086/ZN (AOI21_X1)                                    0.07       0.35 r
  U98102/ZN (OAI211_X1)                                   0.10       0.45 f
  U95268/Z (BUF_X2)                                       0.10       0.55 f
  U98103/ZN (INV_X1)                                      0.19       0.74 r
  U98104/ZN (NAND2_X1)                                    0.09       0.84 f
  U95241/ZN (NAND2_X2)                                    0.18       1.01 r
  U98105/ZN (INV_X2)                                      0.18       1.19 f
  U98106/ZN (NOR2_X1)                                     0.20       1.39 r
  U98107/ZN (INV_X1)                                      0.07       1.46 f
  U98027/ZN (NOR4_X2)                                     0.22       1.68 r
  U95222/Z (CLKBUF_X2)                                    0.21       1.89 r
  U144438/ZN (AOI22_X1)                                   0.06       1.95 f
  U144439/ZN (NAND3_X1)                                   0.04       1.99 r
  g_slices[0].issue_slice/ibuffer/g_instr_bufs[1].instr_buf/g_ebN.fifo_queue/g_depth_n.g_out_reg.data_out_r_reg[25]/D (DFF_X1)
                                                          0.01       2.00 r
  data arrival time                                                  2.00

  clock CLK (rise edge)                                   4.00       4.00
  clock network delay (ideal)                             0.00       4.00
  clock uncertainty                                      -0.25       3.75
  g_slices[0].issue_slice/ibuffer/g_instr_bufs[1].instr_buf/g_ebN.fifo_queue/g_depth_n.g_out_reg.data_out_r_reg[25]/CK (DFF_X1)
                                                          0.00       3.75 r
  library setup time                                     -0.03       3.72
  data required time                                                 3.72
  --------------------------------------------------------------------------
  data required time                                                 3.72
  data arrival time                                                 -2.00
  --------------------------------------------------------------------------
  slack (MET)                                                        1.72


  Startpoint: g_slices[0].issue_slice/scoreboard/g_stanging_bufs[2].stanging_buf/g_register.g_pipe_regs[0].pipe_register/g_shift_register/g_shift.pipe_reg[0][106]
              (rising edge-triggered flip-flop clocked by CLK)
  Endpoint: g_slices[0].issue_slice/ibuffer/g_instr_bufs[1].instr_buf/g_ebN.fifo_queue/g_depth_n.g_out_reg.data_out_r_reg[26]
            (rising edge-triggered flip-flop clocked by CLK)
  Path Group: CLK
  Path Type: max

  Des/Clust/Port     Wire Load Model       Library
  ------------------------------------------------
  VX_issue           5K_hvratio_1_1        NangateOpenCellLibrary_tt1p1v25c

  Point                                                   Incr       Path
  --------------------------------------------------------------------------
  clock CLK (rise edge)                                   0.00       0.00
  clock network delay (ideal)                             0.00       0.00
  g_slices[0].issue_slice/scoreboard/g_stanging_bufs[2].stanging_buf/g_register.g_pipe_regs[0].pipe_register/g_shift_register/g_shift.pipe_reg[0][106]/CK (DFF_X1)
                                                          0.00 #     0.00 r
  g_slices[0].issue_slice/scoreboard/g_stanging_bufs[2].stanging_buf/g_register.g_pipe_regs[0].pipe_register/g_shift_register/g_shift.pipe_reg[0][106]/Q (DFF_X1)
                                                          0.10       0.10 f
  U98052/ZN (NAND2_X1)                                    0.04       0.14 r
  U98082/ZN (NOR3_X1)                                     0.03       0.17 f
  U98083/ZN (NOR2_X1)                                     0.07       0.24 r
  U98085/ZN (NAND2_X1)                                    0.04       0.28 f
  U98086/ZN (AOI21_X1)                                    0.07       0.35 r
  U98102/ZN (OAI211_X1)                                   0.10       0.45 f
  U95268/Z (BUF_X2)                                       0.10       0.55 f
  U98103/ZN (INV_X1)                                      0.19       0.74 r
  U98104/ZN (NAND2_X1)                                    0.09       0.84 f
  U95241/ZN (NAND2_X2)                                    0.18       1.01 r
  U98105/ZN (INV_X2)                                      0.18       1.19 f
  U98106/ZN (NOR2_X1)                                     0.20       1.39 r
  U98107/ZN (INV_X1)                                      0.07       1.46 f
  U98027/ZN (NOR4_X2)                                     0.22       1.68 r
  U95222/Z (CLKBUF_X2)                                    0.21       1.89 r
  U144442/ZN (AOI22_X1)                                   0.06       1.95 f
  U144443/ZN (NAND3_X1)                                   0.04       1.99 r
  g_slices[0].issue_slice/ibuffer/g_instr_bufs[1].instr_buf/g_ebN.fifo_queue/g_depth_n.g_out_reg.data_out_r_reg[26]/D (DFF_X1)
                                                          0.01       2.00 r
  data arrival time                                                  2.00

  clock CLK (rise edge)                                   4.00       4.00
  clock network delay (ideal)                             0.00       4.00
  clock uncertainty                                      -0.25       3.75
  g_slices[0].issue_slice/ibuffer/g_instr_bufs[1].instr_buf/g_ebN.fifo_queue/g_depth_n.g_out_reg.data_out_r_reg[26]/CK (DFF_X1)
                                                          0.00       3.75 r
  library setup time                                     -0.03       3.72
  data required time                                                 3.72
  --------------------------------------------------------------------------
  data required time                                                 3.72
  data arrival time                                                 -2.00
  --------------------------------------------------------------------------
  slack (MET)                                                        1.72


  Startpoint: g_slices[0].issue_slice/scoreboard/g_stanging_bufs[2].stanging_buf/g_register.g_pipe_regs[0].pipe_register/g_shift_register/g_shift.pipe_reg[0][106]
              (rising edge-triggered flip-flop clocked by CLK)
  Endpoint: g_slices[0].issue_slice/ibuffer/g_instr_bufs[1].instr_buf/g_ebN.fifo_queue/g_depth_n.g_out_reg.data_out_r_reg[27]
            (rising edge-triggered flip-flop clocked by CLK)
  Path Group: CLK
  Path Type: max

  Des/Clust/Port     Wire Load Model       Library
  ------------------------------------------------
  VX_issue           5K_hvratio_1_1        NangateOpenCellLibrary_tt1p1v25c

  Point                                                   Incr       Path
  --------------------------------------------------------------------------
  clock CLK (rise edge)                                   0.00       0.00
  clock network delay (ideal)                             0.00       0.00
  g_slices[0].issue_slice/scoreboard/g_stanging_bufs[2].stanging_buf/g_register.g_pipe_regs[0].pipe_register/g_shift_register/g_shift.pipe_reg[0][106]/CK (DFF_X1)
                                                          0.00 #     0.00 r
  g_slices[0].issue_slice/scoreboard/g_stanging_bufs[2].stanging_buf/g_register.g_pipe_regs[0].pipe_register/g_shift_register/g_shift.pipe_reg[0][106]/Q (DFF_X1)
                                                          0.10       0.10 f
  U98052/ZN (NAND2_X1)                                    0.04       0.14 r
  U98082/ZN (NOR3_X1)                                     0.03       0.17 f
  U98083/ZN (NOR2_X1)                                     0.07       0.24 r
  U98085/ZN (NAND2_X1)                                    0.04       0.28 f
  U98086/ZN (AOI21_X1)                                    0.07       0.35 r
  U98102/ZN (OAI211_X1)                                   0.10       0.45 f
  U95268/Z (BUF_X2)                                       0.10       0.55 f
  U98103/ZN (INV_X1)                                      0.19       0.74 r
  U98104/ZN (NAND2_X1)                                    0.09       0.84 f
  U95241/ZN (NAND2_X2)                                    0.18       1.01 r
  U98105/ZN (INV_X2)                                      0.18       1.19 f
  U98106/ZN (NOR2_X1)                                     0.20       1.39 r
  U98107/ZN (INV_X1)                                      0.07       1.46 f
  U98027/ZN (NOR4_X2)                                     0.22       1.68 r
  U95222/Z (CLKBUF_X2)                                    0.21       1.89 r
  U144446/ZN (AOI22_X1)                                   0.06       1.95 f
  U144447/ZN (NAND3_X1)                                   0.04       1.99 r
  g_slices[0].issue_slice/ibuffer/g_instr_bufs[1].instr_buf/g_ebN.fifo_queue/g_depth_n.g_out_reg.data_out_r_reg[27]/D (DFF_X1)
                                                          0.01       2.00 r
  data arrival time                                                  2.00

  clock CLK (rise edge)                                   4.00       4.00
  clock network delay (ideal)                             0.00       4.00
  clock uncertainty                                      -0.25       3.75
  g_slices[0].issue_slice/ibuffer/g_instr_bufs[1].instr_buf/g_ebN.fifo_queue/g_depth_n.g_out_reg.data_out_r_reg[27]/CK (DFF_X1)
                                                          0.00       3.75 r
  library setup time                                     -0.03       3.72
  data required time                                                 3.72
  --------------------------------------------------------------------------
  data required time                                                 3.72
  data arrival time                                                 -2.00
  --------------------------------------------------------------------------
  slack (MET)                                                        1.72


  Startpoint: g_slices[0].issue_slice/scoreboard/g_stanging_bufs[2].stanging_buf/g_register.g_pipe_regs[0].pipe_register/g_shift_register/g_shift.pipe_reg[0][106]
              (rising edge-triggered flip-flop clocked by CLK)
  Endpoint: g_slices[0].issue_slice/ibuffer/g_instr_bufs[1].instr_buf/g_ebN.fifo_queue/g_depth_n.g_out_reg.data_out_r_reg[28]
            (rising edge-triggered flip-flop clocked by CLK)
  Path Group: CLK
  Path Type: max

  Des/Clust/Port     Wire Load Model       Library
  ------------------------------------------------
  VX_issue           5K_hvratio_1_1        NangateOpenCellLibrary_tt1p1v25c

  Point                                                   Incr       Path
  --------------------------------------------------------------------------
  clock CLK (rise edge)                                   0.00       0.00
  clock network delay (ideal)                             0.00       0.00
  g_slices[0].issue_slice/scoreboard/g_stanging_bufs[2].stanging_buf/g_register.g_pipe_regs[0].pipe_register/g_shift_register/g_shift.pipe_reg[0][106]/CK (DFF_X1)
                                                          0.00 #     0.00 r
  g_slices[0].issue_slice/scoreboard/g_stanging_bufs[2].stanging_buf/g_register.g_pipe_regs[0].pipe_register/g_shift_register/g_shift.pipe_reg[0][106]/Q (DFF_X1)
                                                          0.10       0.10 f
  U98052/ZN (NAND2_X1)                                    0.04       0.14 r
  U98082/ZN (NOR3_X1)                                     0.03       0.17 f
  U98083/ZN (NOR2_X1)                                     0.07       0.24 r
  U98085/ZN (NAND2_X1)                                    0.04       0.28 f
  U98086/ZN (AOI21_X1)                                    0.07       0.35 r
  U98102/ZN (OAI211_X1)                                   0.10       0.45 f
  U95268/Z (BUF_X2)                                       0.10       0.55 f
  U98103/ZN (INV_X1)                                      0.19       0.74 r
  U98104/ZN (NAND2_X1)                                    0.09       0.84 f
  U95241/ZN (NAND2_X2)                                    0.18       1.01 r
  U98105/ZN (INV_X2)                                      0.18       1.19 f
  U98106/ZN (NOR2_X1)                                     0.20       1.39 r
  U98107/ZN (INV_X1)                                      0.07       1.46 f
  U98027/ZN (NOR4_X2)                                     0.22       1.68 r
  U95222/Z (CLKBUF_X2)                                    0.21       1.89 r
  U144450/ZN (AOI22_X1)                                   0.06       1.95 f
  U144451/ZN (NAND3_X1)                                   0.04       1.99 r
  g_slices[0].issue_slice/ibuffer/g_instr_bufs[1].instr_buf/g_ebN.fifo_queue/g_depth_n.g_out_reg.data_out_r_reg[28]/D (DFF_X1)
                                                          0.01       2.00 r
  data arrival time                                                  2.00

  clock CLK (rise edge)                                   4.00       4.00
  clock network delay (ideal)                             0.00       4.00
  clock uncertainty                                      -0.25       3.75
  g_slices[0].issue_slice/ibuffer/g_instr_bufs[1].instr_buf/g_ebN.fifo_queue/g_depth_n.g_out_reg.data_out_r_reg[28]/CK (DFF_X1)
                                                          0.00       3.75 r
  library setup time                                     -0.03       3.72
  data required time                                                 3.72
  --------------------------------------------------------------------------
  data required time                                                 3.72
  data arrival time                                                 -2.00
  --------------------------------------------------------------------------
  slack (MET)                                                        1.72


  Startpoint: g_slices[0].issue_slice/scoreboard/g_stanging_bufs[2].stanging_buf/g_register.g_pipe_regs[0].pipe_register/g_shift_register/g_shift.pipe_reg[0][106]
              (rising edge-triggered flip-flop clocked by CLK)
  Endpoint: g_slices[0].issue_slice/ibuffer/g_instr_bufs[1].instr_buf/g_ebN.fifo_queue/g_depth_n.g_out_reg.data_out_r_reg[29]
            (rising edge-triggered flip-flop clocked by CLK)
  Path Group: CLK
  Path Type: max

  Des/Clust/Port     Wire Load Model       Library
  ------------------------------------------------
  VX_issue           5K_hvratio_1_1        NangateOpenCellLibrary_tt1p1v25c

  Point                                                   Incr       Path
  --------------------------------------------------------------------------
  clock CLK (rise edge)                                   0.00       0.00
  clock network delay (ideal)                             0.00       0.00
  g_slices[0].issue_slice/scoreboard/g_stanging_bufs[2].stanging_buf/g_register.g_pipe_regs[0].pipe_register/g_shift_register/g_shift.pipe_reg[0][106]/CK (DFF_X1)
                                                          0.00 #     0.00 r
  g_slices[0].issue_slice/scoreboard/g_stanging_bufs[2].stanging_buf/g_register.g_pipe_regs[0].pipe_register/g_shift_register/g_shift.pipe_reg[0][106]/Q (DFF_X1)
                                                          0.10       0.10 f
  U98052/ZN (NAND2_X1)                                    0.04       0.14 r
  U98082/ZN (NOR3_X1)                                     0.03       0.17 f
  U98083/ZN (NOR2_X1)                                     0.07       0.24 r
  U98085/ZN (NAND2_X1)                                    0.04       0.28 f
  U98086/ZN (AOI21_X1)                                    0.07       0.35 r
  U98102/ZN (OAI211_X1)                                   0.10       0.45 f
  U95268/Z (BUF_X2)                                       0.10       0.55 f
  U98103/ZN (INV_X1)                                      0.19       0.74 r
  U98104/ZN (NAND2_X1)                                    0.09       0.84 f
  U95241/ZN (NAND2_X2)                                    0.18       1.01 r
  U98105/ZN (INV_X2)                                      0.18       1.19 f
  U98106/ZN (NOR2_X1)                                     0.20       1.39 r
  U98107/ZN (INV_X1)                                      0.07       1.46 f
  U98027/ZN (NOR4_X2)                                     0.22       1.68 r
  U95222/Z (CLKBUF_X2)                                    0.21       1.89 r
  U144454/ZN (AOI22_X1)                                   0.06       1.95 f
  U144455/ZN (NAND3_X1)                                   0.04       1.99 r
  g_slices[0].issue_slice/ibuffer/g_instr_bufs[1].instr_buf/g_ebN.fifo_queue/g_depth_n.g_out_reg.data_out_r_reg[29]/D (DFF_X1)
                                                          0.01       2.00 r
  data arrival time                                                  2.00

  clock CLK (rise edge)                                   4.00       4.00
  clock network delay (ideal)                             0.00       4.00
  clock uncertainty                                      -0.25       3.75
  g_slices[0].issue_slice/ibuffer/g_instr_bufs[1].instr_buf/g_ebN.fifo_queue/g_depth_n.g_out_reg.data_out_r_reg[29]/CK (DFF_X1)
                                                          0.00       3.75 r
  library setup time                                     -0.03       3.72
  data required time                                                 3.72
  --------------------------------------------------------------------------
  data required time                                                 3.72
  data arrival time                                                 -2.00
  --------------------------------------------------------------------------
  slack (MET)                                                        1.72


  Startpoint: g_slices[0].issue_slice/scoreboard/g_stanging_bufs[2].stanging_buf/g_register.g_pipe_regs[0].pipe_register/g_shift_register/g_shift.pipe_reg[0][106]
              (rising edge-triggered flip-flop clocked by CLK)
  Endpoint: g_slices[0].issue_slice/ibuffer/g_instr_bufs[1].instr_buf/g_ebN.fifo_queue/g_depth_n.g_out_reg.data_out_r_reg[30]
            (rising edge-triggered flip-flop clocked by CLK)
  Path Group: CLK
  Path Type: max

  Des/Clust/Port     Wire Load Model       Library
  ------------------------------------------------
  VX_issue           5K_hvratio_1_1        NangateOpenCellLibrary_tt1p1v25c

  Point                                                   Incr       Path
  --------------------------------------------------------------------------
  clock CLK (rise edge)                                   0.00       0.00
  clock network delay (ideal)                             0.00       0.00
  g_slices[0].issue_slice/scoreboard/g_stanging_bufs[2].stanging_buf/g_register.g_pipe_regs[0].pipe_register/g_shift_register/g_shift.pipe_reg[0][106]/CK (DFF_X1)
                                                          0.00 #     0.00 r
  g_slices[0].issue_slice/scoreboard/g_stanging_bufs[2].stanging_buf/g_register.g_pipe_regs[0].pipe_register/g_shift_register/g_shift.pipe_reg[0][106]/Q (DFF_X1)
                                                          0.10       0.10 f
  U98052/ZN (NAND2_X1)                                    0.04       0.14 r
  U98082/ZN (NOR3_X1)                                     0.03       0.17 f
  U98083/ZN (NOR2_X1)                                     0.07       0.24 r
  U98085/ZN (NAND2_X1)                                    0.04       0.28 f
  U98086/ZN (AOI21_X1)                                    0.07       0.35 r
  U98102/ZN (OAI211_X1)                                   0.10       0.45 f
  U95268/Z (BUF_X2)                                       0.10       0.55 f
  U98103/ZN (INV_X1)                                      0.19       0.74 r
  U98104/ZN (NAND2_X1)                                    0.09       0.84 f
  U95241/ZN (NAND2_X2)                                    0.18       1.01 r
  U98105/ZN (INV_X2)                                      0.18       1.19 f
  U98106/ZN (NOR2_X1)                                     0.20       1.39 r
  U98107/ZN (INV_X1)                                      0.07       1.46 f
  U98027/ZN (NOR4_X2)                                     0.22       1.68 r
  U95222/Z (CLKBUF_X2)                                    0.21       1.89 r
  U144458/ZN (AOI22_X1)                                   0.06       1.95 f
  U144459/ZN (NAND3_X1)                                   0.04       1.99 r
  g_slices[0].issue_slice/ibuffer/g_instr_bufs[1].instr_buf/g_ebN.fifo_queue/g_depth_n.g_out_reg.data_out_r_reg[30]/D (DFF_X1)
                                                          0.01       2.00 r
  data arrival time                                                  2.00

  clock CLK (rise edge)                                   4.00       4.00
  clock network delay (ideal)                             0.00       4.00
  clock uncertainty                                      -0.25       3.75
  g_slices[0].issue_slice/ibuffer/g_instr_bufs[1].instr_buf/g_ebN.fifo_queue/g_depth_n.g_out_reg.data_out_r_reg[30]/CK (DFF_X1)
                                                          0.00       3.75 r
  library setup time                                     -0.03       3.72
  data required time                                                 3.72
  --------------------------------------------------------------------------
  data required time                                                 3.72
  data arrival time                                                 -2.00
  --------------------------------------------------------------------------
  slack (MET)                                                        1.72


  Startpoint: g_slices[0].issue_slice/scoreboard/g_stanging_bufs[2].stanging_buf/g_register.g_pipe_regs[0].pipe_register/g_shift_register/g_shift.pipe_reg[0][106]
              (rising edge-triggered flip-flop clocked by CLK)
  Endpoint: g_slices[0].issue_slice/ibuffer/g_instr_bufs[1].instr_buf/g_ebN.fifo_queue/g_depth_n.g_out_reg.data_out_r_reg[31]
            (rising edge-triggered flip-flop clocked by CLK)
  Path Group: CLK
  Path Type: max

  Des/Clust/Port     Wire Load Model       Library
  ------------------------------------------------
  VX_issue           5K_hvratio_1_1        NangateOpenCellLibrary_tt1p1v25c

  Point                                                   Incr       Path
  --------------------------------------------------------------------------
  clock CLK (rise edge)                                   0.00       0.00
  clock network delay (ideal)                             0.00       0.00
  g_slices[0].issue_slice/scoreboard/g_stanging_bufs[2].stanging_buf/g_register.g_pipe_regs[0].pipe_register/g_shift_register/g_shift.pipe_reg[0][106]/CK (DFF_X1)
                                                          0.00 #     0.00 r
  g_slices[0].issue_slice/scoreboard/g_stanging_bufs[2].stanging_buf/g_register.g_pipe_regs[0].pipe_register/g_shift_register/g_shift.pipe_reg[0][106]/Q (DFF_X1)
                                                          0.10       0.10 f
  U98052/ZN (NAND2_X1)                                    0.04       0.14 r
  U98082/ZN (NOR3_X1)                                     0.03       0.17 f
  U98083/ZN (NOR2_X1)                                     0.07       0.24 r
  U98085/ZN (NAND2_X1)                                    0.04       0.28 f
  U98086/ZN (AOI21_X1)                                    0.07       0.35 r
  U98102/ZN (OAI211_X1)                                   0.10       0.45 f
  U95268/Z (BUF_X2)                                       0.10       0.55 f
  U98103/ZN (INV_X1)                                      0.19       0.74 r
  U98104/ZN (NAND2_X1)                                    0.09       0.84 f
  U95241/ZN (NAND2_X2)                                    0.18       1.01 r
  U98105/ZN (INV_X2)                                      0.18       1.19 f
  U98106/ZN (NOR2_X1)                                     0.20       1.39 r
  U98107/ZN (INV_X1)                                      0.07       1.46 f
  U98027/ZN (NOR4_X2)                                     0.22       1.68 r
  U95222/Z (CLKBUF_X2)                                    0.21       1.89 r
  U144462/ZN (AOI22_X1)                                   0.06       1.95 f
  U144463/ZN (NAND3_X1)                                   0.04       1.99 r
  g_slices[0].issue_slice/ibuffer/g_instr_bufs[1].instr_buf/g_ebN.fifo_queue/g_depth_n.g_out_reg.data_out_r_reg[31]/D (DFF_X1)
                                                          0.01       2.00 r
  data arrival time                                                  2.00

  clock CLK (rise edge)                                   4.00       4.00
  clock network delay (ideal)                             0.00       4.00
  clock uncertainty                                      -0.25       3.75
  g_slices[0].issue_slice/ibuffer/g_instr_bufs[1].instr_buf/g_ebN.fifo_queue/g_depth_n.g_out_reg.data_out_r_reg[31]/CK (DFF_X1)
                                                          0.00       3.75 r
  library setup time                                     -0.03       3.72
  data required time                                                 3.72
  --------------------------------------------------------------------------
  data required time                                                 3.72
  data arrival time                                                 -2.00
  --------------------------------------------------------------------------
  slack (MET)                                                        1.72


  Startpoint: g_slices[0].issue_slice/scoreboard/g_stanging_bufs[2].stanging_buf/g_register.g_pipe_regs[0].pipe_register/g_shift_register/g_shift.pipe_reg[0][106]
              (rising edge-triggered flip-flop clocked by CLK)
  Endpoint: g_slices[0].issue_slice/ibuffer/g_instr_bufs[1].instr_buf/g_ebN.fifo_queue/g_depth_n.g_out_reg.data_out_r_reg[32]
            (rising edge-triggered flip-flop clocked by CLK)
  Path Group: CLK
  Path Type: max

  Des/Clust/Port     Wire Load Model       Library
  ------------------------------------------------
  VX_issue           5K_hvratio_1_1        NangateOpenCellLibrary_tt1p1v25c

  Point                                                   Incr       Path
  --------------------------------------------------------------------------
  clock CLK (rise edge)                                   0.00       0.00
  clock network delay (ideal)                             0.00       0.00
  g_slices[0].issue_slice/scoreboard/g_stanging_bufs[2].stanging_buf/g_register.g_pipe_regs[0].pipe_register/g_shift_register/g_shift.pipe_reg[0][106]/CK (DFF_X1)
                                                          0.00 #     0.00 r
  g_slices[0].issue_slice/scoreboard/g_stanging_bufs[2].stanging_buf/g_register.g_pipe_regs[0].pipe_register/g_shift_register/g_shift.pipe_reg[0][106]/Q (DFF_X1)
                                                          0.10       0.10 f
  U98052/ZN (NAND2_X1)                                    0.04       0.14 r
  U98082/ZN (NOR3_X1)                                     0.03       0.17 f
  U98083/ZN (NOR2_X1)                                     0.07       0.24 r
  U98085/ZN (NAND2_X1)                                    0.04       0.28 f
  U98086/ZN (AOI21_X1)                                    0.07       0.35 r
  U98102/ZN (OAI211_X1)                                   0.10       0.45 f
  U95268/Z (BUF_X2)                                       0.10       0.55 f
  U98103/ZN (INV_X1)                                      0.19       0.74 r
  U98104/ZN (NAND2_X1)                                    0.09       0.84 f
  U95241/ZN (NAND2_X2)                                    0.18       1.01 r
  U98105/ZN (INV_X2)                                      0.18       1.19 f
  U98106/ZN (NOR2_X1)                                     0.20       1.39 r
  U98107/ZN (INV_X1)                                      0.07       1.46 f
  U98027/ZN (NOR4_X2)                                     0.22       1.68 r
  U95222/Z (CLKBUF_X2)                                    0.21       1.89 r
  U144466/ZN (AOI22_X1)                                   0.06       1.95 f
  U144467/ZN (NAND3_X1)                                   0.04       1.99 r
  g_slices[0].issue_slice/ibuffer/g_instr_bufs[1].instr_buf/g_ebN.fifo_queue/g_depth_n.g_out_reg.data_out_r_reg[32]/D (DFF_X1)
                                                          0.01       2.00 r
  data arrival time                                                  2.00

  clock CLK (rise edge)                                   4.00       4.00
  clock network delay (ideal)                             0.00       4.00
  clock uncertainty                                      -0.25       3.75
  g_slices[0].issue_slice/ibuffer/g_instr_bufs[1].instr_buf/g_ebN.fifo_queue/g_depth_n.g_out_reg.data_out_r_reg[32]/CK (DFF_X1)
                                                          0.00       3.75 r
  library setup time                                     -0.03       3.72
  data required time                                                 3.72
  --------------------------------------------------------------------------
  data required time                                                 3.72
  data arrival time                                                 -2.00
  --------------------------------------------------------------------------
  slack (MET)                                                        1.72


  Startpoint: g_slices[0].issue_slice/scoreboard/g_stanging_bufs[2].stanging_buf/g_register.g_pipe_regs[0].pipe_register/g_shift_register/g_shift.pipe_reg[0][106]
              (rising edge-triggered flip-flop clocked by CLK)
  Endpoint: g_slices[0].issue_slice/ibuffer/g_instr_bufs[1].instr_buf/g_ebN.fifo_queue/g_depth_n.g_out_reg.data_out_r_reg[33]
            (rising edge-triggered flip-flop clocked by CLK)
  Path Group: CLK
  Path Type: max

  Des/Clust/Port     Wire Load Model       Library
  ------------------------------------------------
  VX_issue           5K_hvratio_1_1        NangateOpenCellLibrary_tt1p1v25c

  Point                                                   Incr       Path
  --------------------------------------------------------------------------
  clock CLK (rise edge)                                   0.00       0.00
  clock network delay (ideal)                             0.00       0.00
  g_slices[0].issue_slice/scoreboard/g_stanging_bufs[2].stanging_buf/g_register.g_pipe_regs[0].pipe_register/g_shift_register/g_shift.pipe_reg[0][106]/CK (DFF_X1)
                                                          0.00 #     0.00 r
  g_slices[0].issue_slice/scoreboard/g_stanging_bufs[2].stanging_buf/g_register.g_pipe_regs[0].pipe_register/g_shift_register/g_shift.pipe_reg[0][106]/Q (DFF_X1)
                                                          0.10       0.10 f
  U98052/ZN (NAND2_X1)                                    0.04       0.14 r
  U98082/ZN (NOR3_X1)                                     0.03       0.17 f
  U98083/ZN (NOR2_X1)                                     0.07       0.24 r
  U98085/ZN (NAND2_X1)                                    0.04       0.28 f
  U98086/ZN (AOI21_X1)                                    0.07       0.35 r
  U98102/ZN (OAI211_X1)                                   0.10       0.45 f
  U95268/Z (BUF_X2)                                       0.10       0.55 f
  U98103/ZN (INV_X1)                                      0.19       0.74 r
  U98104/ZN (NAND2_X1)                                    0.09       0.84 f
  U95241/ZN (NAND2_X2)                                    0.18       1.01 r
  U98105/ZN (INV_X2)                                      0.18       1.19 f
  U98106/ZN (NOR2_X1)                                     0.20       1.39 r
  U98107/ZN (INV_X1)                                      0.07       1.46 f
  U98027/ZN (NOR4_X2)                                     0.22       1.68 r
  U95222/Z (CLKBUF_X2)                                    0.21       1.89 r
  U144470/ZN (AOI22_X1)                                   0.06       1.95 f
  U144471/ZN (NAND3_X1)                                   0.04       1.99 r
  g_slices[0].issue_slice/ibuffer/g_instr_bufs[1].instr_buf/g_ebN.fifo_queue/g_depth_n.g_out_reg.data_out_r_reg[33]/D (DFF_X1)
                                                          0.01       2.00 r
  data arrival time                                                  2.00

  clock CLK (rise edge)                                   4.00       4.00
  clock network delay (ideal)                             0.00       4.00
  clock uncertainty                                      -0.25       3.75
  g_slices[0].issue_slice/ibuffer/g_instr_bufs[1].instr_buf/g_ebN.fifo_queue/g_depth_n.g_out_reg.data_out_r_reg[33]/CK (DFF_X1)
                                                          0.00       3.75 r
  library setup time                                     -0.03       3.72
  data required time                                                 3.72
  --------------------------------------------------------------------------
  data required time                                                 3.72
  data arrival time                                                 -2.00
  --------------------------------------------------------------------------
  slack (MET)                                                        1.72


  Startpoint: g_slices[0].issue_slice/scoreboard/g_stanging_bufs[2].stanging_buf/g_register.g_pipe_regs[0].pipe_register/g_shift_register/g_shift.pipe_reg[0][106]
              (rising edge-triggered flip-flop clocked by CLK)
  Endpoint: g_slices[0].issue_slice/ibuffer/g_instr_bufs[1].instr_buf/g_ebN.fifo_queue/g_depth_n.g_out_reg.data_out_r_reg[34]
            (rising edge-triggered flip-flop clocked by CLK)
  Path Group: CLK
  Path Type: max

  Des/Clust/Port     Wire Load Model       Library
  ------------------------------------------------
  VX_issue           5K_hvratio_1_1        NangateOpenCellLibrary_tt1p1v25c

  Point                                                   Incr       Path
  --------------------------------------------------------------------------
  clock CLK (rise edge)                                   0.00       0.00
  clock network delay (ideal)                             0.00       0.00
  g_slices[0].issue_slice/scoreboard/g_stanging_bufs[2].stanging_buf/g_register.g_pipe_regs[0].pipe_register/g_shift_register/g_shift.pipe_reg[0][106]/CK (DFF_X1)
                                                          0.00 #     0.00 r
  g_slices[0].issue_slice/scoreboard/g_stanging_bufs[2].stanging_buf/g_register.g_pipe_regs[0].pipe_register/g_shift_register/g_shift.pipe_reg[0][106]/Q (DFF_X1)
                                                          0.10       0.10 f
  U98052/ZN (NAND2_X1)                                    0.04       0.14 r
  U98082/ZN (NOR3_X1)                                     0.03       0.17 f
  U98083/ZN (NOR2_X1)                                     0.07       0.24 r
  U98085/ZN (NAND2_X1)                                    0.04       0.28 f
  U98086/ZN (AOI21_X1)                                    0.07       0.35 r
  U98102/ZN (OAI211_X1)                                   0.10       0.45 f
  U95268/Z (BUF_X2)                                       0.10       0.55 f
  U98103/ZN (INV_X1)                                      0.19       0.74 r
  U98104/ZN (NAND2_X1)                                    0.09       0.84 f
  U95241/ZN (NAND2_X2)                                    0.18       1.01 r
  U98105/ZN (INV_X2)                                      0.18       1.19 f
  U98106/ZN (NOR2_X1)                                     0.20       1.39 r
  U98107/ZN (INV_X1)                                      0.07       1.46 f
  U98027/ZN (NOR4_X2)                                     0.22       1.68 r
  U95222/Z (CLKBUF_X2)                                    0.21       1.89 r
  U144474/ZN (AOI22_X1)                                   0.06       1.95 f
  U144475/ZN (NAND3_X1)                                   0.04       1.99 r
  g_slices[0].issue_slice/ibuffer/g_instr_bufs[1].instr_buf/g_ebN.fifo_queue/g_depth_n.g_out_reg.data_out_r_reg[34]/D (DFF_X1)
                                                          0.01       2.00 r
  data arrival time                                                  2.00

  clock CLK (rise edge)                                   4.00       4.00
  clock network delay (ideal)                             0.00       4.00
  clock uncertainty                                      -0.25       3.75
  g_slices[0].issue_slice/ibuffer/g_instr_bufs[1].instr_buf/g_ebN.fifo_queue/g_depth_n.g_out_reg.data_out_r_reg[34]/CK (DFF_X1)
                                                          0.00       3.75 r
  library setup time                                     -0.03       3.72
  data required time                                                 3.72
  --------------------------------------------------------------------------
  data required time                                                 3.72
  data arrival time                                                 -2.00
  --------------------------------------------------------------------------
  slack (MET)                                                        1.72


  Startpoint: g_slices[0].issue_slice/scoreboard/g_stanging_bufs[2].stanging_buf/g_register.g_pipe_regs[0].pipe_register/g_shift_register/g_shift.pipe_reg[0][106]
              (rising edge-triggered flip-flop clocked by CLK)
  Endpoint: g_slices[0].issue_slice/ibuffer/g_instr_bufs[1].instr_buf/g_ebN.fifo_queue/g_depth_n.g_out_reg.data_out_r_reg[35]
            (rising edge-triggered flip-flop clocked by CLK)
  Path Group: CLK
  Path Type: max

  Des/Clust/Port     Wire Load Model       Library
  ------------------------------------------------
  VX_issue           5K_hvratio_1_1        NangateOpenCellLibrary_tt1p1v25c

  Point                                                   Incr       Path
  --------------------------------------------------------------------------
  clock CLK (rise edge)                                   0.00       0.00
  clock network delay (ideal)                             0.00       0.00
  g_slices[0].issue_slice/scoreboard/g_stanging_bufs[2].stanging_buf/g_register.g_pipe_regs[0].pipe_register/g_shift_register/g_shift.pipe_reg[0][106]/CK (DFF_X1)
                                                          0.00 #     0.00 r
  g_slices[0].issue_slice/scoreboard/g_stanging_bufs[2].stanging_buf/g_register.g_pipe_regs[0].pipe_register/g_shift_register/g_shift.pipe_reg[0][106]/Q (DFF_X1)
                                                          0.10       0.10 f
  U98052/ZN (NAND2_X1)                                    0.04       0.14 r
  U98082/ZN (NOR3_X1)                                     0.03       0.17 f
  U98083/ZN (NOR2_X1)                                     0.07       0.24 r
  U98085/ZN (NAND2_X1)                                    0.04       0.28 f
  U98086/ZN (AOI21_X1)                                    0.07       0.35 r
  U98102/ZN (OAI211_X1)                                   0.10       0.45 f
  U95268/Z (BUF_X2)                                       0.10       0.55 f
  U98103/ZN (INV_X1)                                      0.19       0.74 r
  U98104/ZN (NAND2_X1)                                    0.09       0.84 f
  U95241/ZN (NAND2_X2)                                    0.18       1.01 r
  U98105/ZN (INV_X2)                                      0.18       1.19 f
  U98106/ZN (NOR2_X1)                                     0.20       1.39 r
  U98107/ZN (INV_X1)                                      0.07       1.46 f
  U98027/ZN (NOR4_X2)                                     0.22       1.68 r
  U95222/Z (CLKBUF_X2)                                    0.21       1.89 r
  U144478/ZN (AOI22_X1)                                   0.06       1.95 f
  U144479/ZN (NAND3_X1)                                   0.04       1.99 r
  g_slices[0].issue_slice/ibuffer/g_instr_bufs[1].instr_buf/g_ebN.fifo_queue/g_depth_n.g_out_reg.data_out_r_reg[35]/D (DFF_X1)
                                                          0.01       2.00 r
  data arrival time                                                  2.00

  clock CLK (rise edge)                                   4.00       4.00
  clock network delay (ideal)                             0.00       4.00
  clock uncertainty                                      -0.25       3.75
  g_slices[0].issue_slice/ibuffer/g_instr_bufs[1].instr_buf/g_ebN.fifo_queue/g_depth_n.g_out_reg.data_out_r_reg[35]/CK (DFF_X1)
                                                          0.00       3.75 r
  library setup time                                     -0.03       3.72
  data required time                                                 3.72
  --------------------------------------------------------------------------
  data required time                                                 3.72
  data arrival time                                                 -2.00
  --------------------------------------------------------------------------
  slack (MET)                                                        1.72


  Startpoint: g_slices[0].issue_slice/scoreboard/g_stanging_bufs[2].stanging_buf/g_register.g_pipe_regs[0].pipe_register/g_shift_register/g_shift.pipe_reg[0][106]
              (rising edge-triggered flip-flop clocked by CLK)
  Endpoint: g_slices[0].issue_slice/ibuffer/g_instr_bufs[1].instr_buf/g_ebN.fifo_queue/g_depth_n.g_out_reg.data_out_r_reg[74]
            (rising edge-triggered flip-flop clocked by CLK)
  Path Group: CLK
  Path Type: max

  Des/Clust/Port     Wire Load Model       Library
  ------------------------------------------------
  VX_issue           5K_hvratio_1_1        NangateOpenCellLibrary_tt1p1v25c

  Point                                                   Incr       Path
  --------------------------------------------------------------------------
  clock CLK (rise edge)                                   0.00       0.00
  clock network delay (ideal)                             0.00       0.00
  g_slices[0].issue_slice/scoreboard/g_stanging_bufs[2].stanging_buf/g_register.g_pipe_regs[0].pipe_register/g_shift_register/g_shift.pipe_reg[0][106]/CK (DFF_X1)
                                                          0.00 #     0.00 r
  g_slices[0].issue_slice/scoreboard/g_stanging_bufs[2].stanging_buf/g_register.g_pipe_regs[0].pipe_register/g_shift_register/g_shift.pipe_reg[0][106]/Q (DFF_X1)
                                                          0.10       0.10 f
  U98052/ZN (NAND2_X1)                                    0.04       0.14 r
  U98082/ZN (NOR3_X1)                                     0.03       0.17 f
  U98083/ZN (NOR2_X1)                                     0.07       0.24 r
  U98085/ZN (NAND2_X1)                                    0.04       0.28 f
  U98086/ZN (AOI21_X1)                                    0.07       0.35 r
  U98102/ZN (OAI211_X1)                                   0.10       0.45 f
  U95268/Z (BUF_X2)                                       0.10       0.55 f
  U98103/ZN (INV_X1)                                      0.19       0.74 r
  U98104/ZN (NAND2_X1)                                    0.09       0.84 f
  U95241/ZN (NAND2_X2)                                    0.18       1.01 r
  U98105/ZN (INV_X2)                                      0.18       1.19 f
  U98106/ZN (NOR2_X1)                                     0.20       1.39 r
  U98107/ZN (INV_X1)                                      0.07       1.46 f
  U98027/ZN (NOR4_X2)                                     0.22       1.68 r
  U95222/Z (CLKBUF_X2)                                    0.21       1.89 r
  U144634/ZN (AOI22_X1)                                   0.06       1.95 f
  U144635/ZN (NAND3_X1)                                   0.04       1.99 r
  g_slices[0].issue_slice/ibuffer/g_instr_bufs[1].instr_buf/g_ebN.fifo_queue/g_depth_n.g_out_reg.data_out_r_reg[74]/D (DFF_X1)
                                                          0.01       2.00 r
  data arrival time                                                  2.00

  clock CLK (rise edge)                                   4.00       4.00
  clock network delay (ideal)                             0.00       4.00
  clock uncertainty                                      -0.25       3.75
  g_slices[0].issue_slice/ibuffer/g_instr_bufs[1].instr_buf/g_ebN.fifo_queue/g_depth_n.g_out_reg.data_out_r_reg[74]/CK (DFF_X1)
                                                          0.00       3.75 r
  library setup time                                     -0.03       3.72
  data required time                                                 3.72
  --------------------------------------------------------------------------
  data required time                                                 3.72
  data arrival time                                                 -2.00
  --------------------------------------------------------------------------
  slack (MET)                                                        1.72


  Startpoint: g_slices[0].issue_slice/scoreboard/g_stanging_bufs[2].stanging_buf/g_register.g_pipe_regs[0].pipe_register/g_shift_register/g_shift.pipe_reg[0][106]
              (rising edge-triggered flip-flop clocked by CLK)
  Endpoint: g_slices[0].issue_slice/ibuffer/g_instr_bufs[1].instr_buf/g_ebN.fifo_queue/g_depth_n.g_out_reg.data_out_r_reg[79]
            (rising edge-triggered flip-flop clocked by CLK)
  Path Group: CLK
  Path Type: max

  Des/Clust/Port     Wire Load Model       Library
  ------------------------------------------------
  VX_issue           5K_hvratio_1_1        NangateOpenCellLibrary_tt1p1v25c

  Point                                                   Incr       Path
  --------------------------------------------------------------------------
  clock CLK (rise edge)                                   0.00       0.00
  clock network delay (ideal)                             0.00       0.00
  g_slices[0].issue_slice/scoreboard/g_stanging_bufs[2].stanging_buf/g_register.g_pipe_regs[0].pipe_register/g_shift_register/g_shift.pipe_reg[0][106]/CK (DFF_X1)
                                                          0.00 #     0.00 r
  g_slices[0].issue_slice/scoreboard/g_stanging_bufs[2].stanging_buf/g_register.g_pipe_regs[0].pipe_register/g_shift_register/g_shift.pipe_reg[0][106]/Q (DFF_X1)
                                                          0.10       0.10 f
  U98052/ZN (NAND2_X1)                                    0.04       0.14 r
  U98082/ZN (NOR3_X1)                                     0.03       0.17 f
  U98083/ZN (NOR2_X1)                                     0.07       0.24 r
  U98085/ZN (NAND2_X1)                                    0.04       0.28 f
  U98086/ZN (AOI21_X1)                                    0.07       0.35 r
  U98102/ZN (OAI211_X1)                                   0.10       0.45 f
  U95268/Z (BUF_X2)                                       0.10       0.55 f
  U98103/ZN (INV_X1)                                      0.19       0.74 r
  U98104/ZN (NAND2_X1)                                    0.09       0.84 f
  U95241/ZN (NAND2_X2)                                    0.18       1.01 r
  U98105/ZN (INV_X2)                                      0.18       1.19 f
  U98106/ZN (NOR2_X1)                                     0.20       1.39 r
  U98107/ZN (INV_X1)                                      0.07       1.46 f
  U98027/ZN (NOR4_X2)                                     0.22       1.68 r
  U95222/Z (CLKBUF_X2)                                    0.21       1.89 r
  U144654/ZN (AOI22_X1)                                   0.06       1.95 f
  U144655/ZN (NAND3_X1)                                   0.04       1.99 r
  g_slices[0].issue_slice/ibuffer/g_instr_bufs[1].instr_buf/g_ebN.fifo_queue/g_depth_n.g_out_reg.data_out_r_reg[79]/D (DFF_X1)
                                                          0.01       2.00 r
  data arrival time                                                  2.00

  clock CLK (rise edge)                                   4.00       4.00
  clock network delay (ideal)                             0.00       4.00
  clock uncertainty                                      -0.25       3.75
  g_slices[0].issue_slice/ibuffer/g_instr_bufs[1].instr_buf/g_ebN.fifo_queue/g_depth_n.g_out_reg.data_out_r_reg[79]/CK (DFF_X1)
                                                          0.00       3.75 r
  library setup time                                     -0.03       3.72
  data required time                                                 3.72
  --------------------------------------------------------------------------
  data required time                                                 3.72
  data arrival time                                                 -2.00
  --------------------------------------------------------------------------
  slack (MET)                                                        1.72


  Startpoint: g_slices[0].issue_slice/scoreboard/g_stanging_bufs[2].stanging_buf/g_register.g_pipe_regs[0].pipe_register/g_shift_register/g_shift.pipe_reg[0][106]
              (rising edge-triggered flip-flop clocked by CLK)
  Endpoint: g_slices[0].issue_slice/ibuffer/g_instr_bufs[1].instr_buf/g_ebN.fifo_queue/g_depth_n.g_out_reg.data_out_r_reg[87]
            (rising edge-triggered flip-flop clocked by CLK)
  Path Group: CLK
  Path Type: max

  Des/Clust/Port     Wire Load Model       Library
  ------------------------------------------------
  VX_issue           5K_hvratio_1_1        NangateOpenCellLibrary_tt1p1v25c

  Point                                                   Incr       Path
  --------------------------------------------------------------------------
  clock CLK (rise edge)                                   0.00       0.00
  clock network delay (ideal)                             0.00       0.00
  g_slices[0].issue_slice/scoreboard/g_stanging_bufs[2].stanging_buf/g_register.g_pipe_regs[0].pipe_register/g_shift_register/g_shift.pipe_reg[0][106]/CK (DFF_X1)
                                                          0.00 #     0.00 r
  g_slices[0].issue_slice/scoreboard/g_stanging_bufs[2].stanging_buf/g_register.g_pipe_regs[0].pipe_register/g_shift_register/g_shift.pipe_reg[0][106]/Q (DFF_X1)
                                                          0.10       0.10 f
  U98052/ZN (NAND2_X1)                                    0.04       0.14 r
  U98082/ZN (NOR3_X1)                                     0.03       0.17 f
  U98083/ZN (NOR2_X1)                                     0.07       0.24 r
  U98085/ZN (NAND2_X1)                                    0.04       0.28 f
  U98086/ZN (AOI21_X1)                                    0.07       0.35 r
  U98102/ZN (OAI211_X1)                                   0.10       0.45 f
  U95268/Z (BUF_X2)                                       0.10       0.55 f
  U98103/ZN (INV_X1)                                      0.19       0.74 r
  U98104/ZN (NAND2_X1)                                    0.09       0.84 f
  U95241/ZN (NAND2_X2)                                    0.18       1.01 r
  U98105/ZN (INV_X2)                                      0.18       1.19 f
  U98106/ZN (NOR2_X1)                                     0.20       1.39 r
  U98107/ZN (INV_X1)                                      0.07       1.46 f
  U98027/ZN (NOR4_X2)                                     0.22       1.68 r
  U95222/Z (CLKBUF_X2)                                    0.21       1.89 r
  U144686/ZN (AOI22_X1)                                   0.06       1.95 f
  U144687/ZN (NAND3_X1)                                   0.04       1.99 r
  g_slices[0].issue_slice/ibuffer/g_instr_bufs[1].instr_buf/g_ebN.fifo_queue/g_depth_n.g_out_reg.data_out_r_reg[87]/D (DFF_X1)
                                                          0.01       2.00 r
  data arrival time                                                  2.00

  clock CLK (rise edge)                                   4.00       4.00
  clock network delay (ideal)                             0.00       4.00
  clock uncertainty                                      -0.25       3.75
  g_slices[0].issue_slice/ibuffer/g_instr_bufs[1].instr_buf/g_ebN.fifo_queue/g_depth_n.g_out_reg.data_out_r_reg[87]/CK (DFF_X1)
                                                          0.00       3.75 r
  library setup time                                     -0.03       3.72
  data required time                                                 3.72
  --------------------------------------------------------------------------
  data required time                                                 3.72
  data arrival time                                                 -2.00
  --------------------------------------------------------------------------
  slack (MET)                                                        1.72


  Startpoint: g_slices[0].issue_slice/scoreboard/g_stanging_bufs[2].stanging_buf/g_register.g_pipe_regs[0].pipe_register/g_shift_register/g_shift.pipe_reg[0][106]
              (rising edge-triggered flip-flop clocked by CLK)
  Endpoint: g_slices[0].issue_slice/ibuffer/g_instr_bufs[1].instr_buf/g_ebN.fifo_queue/g_depth_n.g_out_reg.data_out_r_reg[48]
            (rising edge-triggered flip-flop clocked by CLK)
  Path Group: CLK
  Path Type: max

  Des/Clust/Port     Wire Load Model       Library
  ------------------------------------------------
  VX_issue           5K_hvratio_1_1        NangateOpenCellLibrary_tt1p1v25c

  Point                                                   Incr       Path
  --------------------------------------------------------------------------
  clock CLK (rise edge)                                   0.00       0.00
  clock network delay (ideal)                             0.00       0.00
  g_slices[0].issue_slice/scoreboard/g_stanging_bufs[2].stanging_buf/g_register.g_pipe_regs[0].pipe_register/g_shift_register/g_shift.pipe_reg[0][106]/CK (DFF_X1)
                                                          0.00 #     0.00 r
  g_slices[0].issue_slice/scoreboard/g_stanging_bufs[2].stanging_buf/g_register.g_pipe_regs[0].pipe_register/g_shift_register/g_shift.pipe_reg[0][106]/Q (DFF_X1)
                                                          0.10       0.10 f
  U98052/ZN (NAND2_X1)                                    0.04       0.14 r
  U98082/ZN (NOR3_X1)                                     0.03       0.17 f
  U98083/ZN (NOR2_X1)                                     0.07       0.24 r
  U98085/ZN (NAND2_X1)                                    0.04       0.28 f
  U98086/ZN (AOI21_X1)                                    0.07       0.35 r
  U98102/ZN (OAI211_X1)                                   0.10       0.45 f
  U95268/Z (BUF_X2)                                       0.10       0.55 f
  U98103/ZN (INV_X1)                                      0.19       0.74 r
  U98104/ZN (NAND2_X1)                                    0.09       0.84 f
  U95241/ZN (NAND2_X2)                                    0.18       1.01 r
  U98105/ZN (INV_X2)                                      0.18       1.19 f
  U98106/ZN (NOR2_X1)                                     0.20       1.39 r
  U98107/ZN (INV_X1)                                      0.07       1.46 f
  U98027/ZN (NOR4_X2)                                     0.22       1.68 r
  U97959/Z (CLKBUF_X1)                                    0.21       1.88 r
  U144530/ZN (AOI22_X1)                                   0.05       1.94 f
  U144531/ZN (NAND3_X1)                                   0.04       1.98 r
  g_slices[0].issue_slice/ibuffer/g_instr_bufs[1].instr_buf/g_ebN.fifo_queue/g_depth_n.g_out_reg.data_out_r_reg[48]/D (DFF_X1)
                                                          0.01       1.99 r
  data arrival time                                                  1.99

  clock CLK (rise edge)                                   4.00       4.00
  clock network delay (ideal)                             0.00       4.00
  clock uncertainty                                      -0.25       3.75
  g_slices[0].issue_slice/ibuffer/g_instr_bufs[1].instr_buf/g_ebN.fifo_queue/g_depth_n.g_out_reg.data_out_r_reg[48]/CK (DFF_X1)
                                                          0.00       3.75 r
  library setup time                                     -0.03       3.72
  data required time                                                 3.72
  --------------------------------------------------------------------------
  data required time                                                 3.72
  data arrival time                                                 -1.99
  --------------------------------------------------------------------------
  slack (MET)                                                        1.73


  Startpoint: g_slices[0].issue_slice/scoreboard/g_stanging_bufs[2].stanging_buf/g_register.g_pipe_regs[0].pipe_register/g_shift_register/g_shift.pipe_reg[0][106]
              (rising edge-triggered flip-flop clocked by CLK)
  Endpoint: g_slices[0].issue_slice/ibuffer/g_instr_bufs[1].instr_buf/g_ebN.fifo_queue/g_depth_n.g_out_reg.data_out_r_reg[49]
            (rising edge-triggered flip-flop clocked by CLK)
  Path Group: CLK
  Path Type: max

  Des/Clust/Port     Wire Load Model       Library
  ------------------------------------------------
  VX_issue           5K_hvratio_1_1        NangateOpenCellLibrary_tt1p1v25c

  Point                                                   Incr       Path
  --------------------------------------------------------------------------
  clock CLK (rise edge)                                   0.00       0.00
  clock network delay (ideal)                             0.00       0.00
  g_slices[0].issue_slice/scoreboard/g_stanging_bufs[2].stanging_buf/g_register.g_pipe_regs[0].pipe_register/g_shift_register/g_shift.pipe_reg[0][106]/CK (DFF_X1)
                                                          0.00 #     0.00 r
  g_slices[0].issue_slice/scoreboard/g_stanging_bufs[2].stanging_buf/g_register.g_pipe_regs[0].pipe_register/g_shift_register/g_shift.pipe_reg[0][106]/Q (DFF_X1)
                                                          0.10       0.10 f
  U98052/ZN (NAND2_X1)                                    0.04       0.14 r
  U98082/ZN (NOR3_X1)                                     0.03       0.17 f
  U98083/ZN (NOR2_X1)                                     0.07       0.24 r
  U98085/ZN (NAND2_X1)                                    0.04       0.28 f
  U98086/ZN (AOI21_X1)                                    0.07       0.35 r
  U98102/ZN (OAI211_X1)                                   0.10       0.45 f
  U95268/Z (BUF_X2)                                       0.10       0.55 f
  U98103/ZN (INV_X1)                                      0.19       0.74 r
  U98104/ZN (NAND2_X1)                                    0.09       0.84 f
  U95241/ZN (NAND2_X2)                                    0.18       1.01 r
  U98105/ZN (INV_X2)                                      0.18       1.19 f
  U98106/ZN (NOR2_X1)                                     0.20       1.39 r
  U98107/ZN (INV_X1)                                      0.07       1.46 f
  U98027/ZN (NOR4_X2)                                     0.22       1.68 r
  U97959/Z (CLKBUF_X1)                                    0.21       1.88 r
  U144534/ZN (AOI22_X1)                                   0.05       1.94 f
  U144535/ZN (NAND3_X1)                                   0.04       1.98 r
  g_slices[0].issue_slice/ibuffer/g_instr_bufs[1].instr_buf/g_ebN.fifo_queue/g_depth_n.g_out_reg.data_out_r_reg[49]/D (DFF_X1)
                                                          0.01       1.99 r
  data arrival time                                                  1.99

  clock CLK (rise edge)                                   4.00       4.00
  clock network delay (ideal)                             0.00       4.00
  clock uncertainty                                      -0.25       3.75
  g_slices[0].issue_slice/ibuffer/g_instr_bufs[1].instr_buf/g_ebN.fifo_queue/g_depth_n.g_out_reg.data_out_r_reg[49]/CK (DFF_X1)
                                                          0.00       3.75 r
  library setup time                                     -0.03       3.72
  data required time                                                 3.72
  --------------------------------------------------------------------------
  data required time                                                 3.72
  data arrival time                                                 -1.99
  --------------------------------------------------------------------------
  slack (MET)                                                        1.73


  Startpoint: g_slices[0].issue_slice/scoreboard/g_stanging_bufs[2].stanging_buf/g_register.g_pipe_regs[0].pipe_register/g_shift_register/g_shift.pipe_reg[0][106]
              (rising edge-triggered flip-flop clocked by CLK)
  Endpoint: g_slices[0].issue_slice/ibuffer/g_instr_bufs[1].instr_buf/g_ebN.fifo_queue/g_depth_n.g_out_reg.data_out_r_reg[50]
            (rising edge-triggered flip-flop clocked by CLK)
  Path Group: CLK
  Path Type: max

  Des/Clust/Port     Wire Load Model       Library
  ------------------------------------------------
  VX_issue           5K_hvratio_1_1        NangateOpenCellLibrary_tt1p1v25c

  Point                                                   Incr       Path
  --------------------------------------------------------------------------
  clock CLK (rise edge)                                   0.00       0.00
  clock network delay (ideal)                             0.00       0.00
  g_slices[0].issue_slice/scoreboard/g_stanging_bufs[2].stanging_buf/g_register.g_pipe_regs[0].pipe_register/g_shift_register/g_shift.pipe_reg[0][106]/CK (DFF_X1)
                                                          0.00 #     0.00 r
  g_slices[0].issue_slice/scoreboard/g_stanging_bufs[2].stanging_buf/g_register.g_pipe_regs[0].pipe_register/g_shift_register/g_shift.pipe_reg[0][106]/Q (DFF_X1)
                                                          0.10       0.10 f
  U98052/ZN (NAND2_X1)                                    0.04       0.14 r
  U98082/ZN (NOR3_X1)                                     0.03       0.17 f
  U98083/ZN (NOR2_X1)                                     0.07       0.24 r
  U98085/ZN (NAND2_X1)                                    0.04       0.28 f
  U98086/ZN (AOI21_X1)                                    0.07       0.35 r
  U98102/ZN (OAI211_X1)                                   0.10       0.45 f
  U95268/Z (BUF_X2)                                       0.10       0.55 f
  U98103/ZN (INV_X1)                                      0.19       0.74 r
  U98104/ZN (NAND2_X1)                                    0.09       0.84 f
  U95241/ZN (NAND2_X2)                                    0.18       1.01 r
  U98105/ZN (INV_X2)                                      0.18       1.19 f
  U98106/ZN (NOR2_X1)                                     0.20       1.39 r
  U98107/ZN (INV_X1)                                      0.07       1.46 f
  U98027/ZN (NOR4_X2)                                     0.22       1.68 r
  U97959/Z (CLKBUF_X1)                                    0.21       1.88 r
  U144538/ZN (AOI22_X1)                                   0.05       1.94 f
  U144539/ZN (NAND3_X1)                                   0.04       1.98 r
  g_slices[0].issue_slice/ibuffer/g_instr_bufs[1].instr_buf/g_ebN.fifo_queue/g_depth_n.g_out_reg.data_out_r_reg[50]/D (DFF_X1)
                                                          0.01       1.99 r
  data arrival time                                                  1.99

  clock CLK (rise edge)                                   4.00       4.00
  clock network delay (ideal)                             0.00       4.00
  clock uncertainty                                      -0.25       3.75
  g_slices[0].issue_slice/ibuffer/g_instr_bufs[1].instr_buf/g_ebN.fifo_queue/g_depth_n.g_out_reg.data_out_r_reg[50]/CK (DFF_X1)
                                                          0.00       3.75 r
  library setup time                                     -0.03       3.72
  data required time                                                 3.72
  --------------------------------------------------------------------------
  data required time                                                 3.72
  data arrival time                                                 -1.99
  --------------------------------------------------------------------------
  slack (MET)                                                        1.73


  Startpoint: g_slices[0].issue_slice/scoreboard/g_stanging_bufs[2].stanging_buf/g_register.g_pipe_regs[0].pipe_register/g_shift_register/g_shift.pipe_reg[0][106]
              (rising edge-triggered flip-flop clocked by CLK)
  Endpoint: g_slices[0].issue_slice/ibuffer/g_instr_bufs[1].instr_buf/g_ebN.fifo_queue/g_depth_n.g_out_reg.data_out_r_reg[54]
            (rising edge-triggered flip-flop clocked by CLK)
  Path Group: CLK
  Path Type: max

  Des/Clust/Port     Wire Load Model       Library
  ------------------------------------------------
  VX_issue           5K_hvratio_1_1        NangateOpenCellLibrary_tt1p1v25c

  Point                                                   Incr       Path
  --------------------------------------------------------------------------
  clock CLK (rise edge)                                   0.00       0.00
  clock network delay (ideal)                             0.00       0.00
  g_slices[0].issue_slice/scoreboard/g_stanging_bufs[2].stanging_buf/g_register.g_pipe_regs[0].pipe_register/g_shift_register/g_shift.pipe_reg[0][106]/CK (DFF_X1)
                                                          0.00 #     0.00 r
  g_slices[0].issue_slice/scoreboard/g_stanging_bufs[2].stanging_buf/g_register.g_pipe_regs[0].pipe_register/g_shift_register/g_shift.pipe_reg[0][106]/Q (DFF_X1)
                                                          0.10       0.10 f
  U98052/ZN (NAND2_X1)                                    0.04       0.14 r
  U98082/ZN (NOR3_X1)                                     0.03       0.17 f
  U98083/ZN (NOR2_X1)                                     0.07       0.24 r
  U98085/ZN (NAND2_X1)                                    0.04       0.28 f
  U98086/ZN (AOI21_X1)                                    0.07       0.35 r
  U98102/ZN (OAI211_X1)                                   0.10       0.45 f
  U95268/Z (BUF_X2)                                       0.10       0.55 f
  U98103/ZN (INV_X1)                                      0.19       0.74 r
  U98104/ZN (NAND2_X1)                                    0.09       0.84 f
  U95241/ZN (NAND2_X2)                                    0.18       1.01 r
  U98105/ZN (INV_X2)                                      0.18       1.19 f
  U98106/ZN (NOR2_X1)                                     0.20       1.39 r
  U98107/ZN (INV_X1)                                      0.07       1.46 f
  U98027/ZN (NOR4_X2)                                     0.22       1.68 r
  U97959/Z (CLKBUF_X1)                                    0.21       1.88 r
  U144554/ZN (AOI22_X1)                                   0.05       1.94 f
  U144555/ZN (NAND3_X1)                                   0.04       1.98 r
  g_slices[0].issue_slice/ibuffer/g_instr_bufs[1].instr_buf/g_ebN.fifo_queue/g_depth_n.g_out_reg.data_out_r_reg[54]/D (DFF_X1)
                                                          0.01       1.99 r
  data arrival time                                                  1.99

  clock CLK (rise edge)                                   4.00       4.00
  clock network delay (ideal)                             0.00       4.00
  clock uncertainty                                      -0.25       3.75
  g_slices[0].issue_slice/ibuffer/g_instr_bufs[1].instr_buf/g_ebN.fifo_queue/g_depth_n.g_out_reg.data_out_r_reg[54]/CK (DFF_X1)
                                                          0.00       3.75 r
  library setup time                                     -0.03       3.72
  data required time                                                 3.72
  --------------------------------------------------------------------------
  data required time                                                 3.72
  data arrival time                                                 -1.99
  --------------------------------------------------------------------------
  slack (MET)                                                        1.73


  Startpoint: g_slices[0].issue_slice/scoreboard/g_stanging_bufs[2].stanging_buf/g_register.g_pipe_regs[0].pipe_register/g_shift_register/g_shift.pipe_reg[0][106]
              (rising edge-triggered flip-flop clocked by CLK)
  Endpoint: g_slices[0].issue_slice/ibuffer/g_instr_bufs[1].instr_buf/g_ebN.fifo_queue/g_depth_n.g_out_reg.data_out_r_reg[55]
            (rising edge-triggered flip-flop clocked by CLK)
  Path Group: CLK
  Path Type: max

  Des/Clust/Port     Wire Load Model       Library
  ------------------------------------------------
  VX_issue           5K_hvratio_1_1        NangateOpenCellLibrary_tt1p1v25c

  Point                                                   Incr       Path
  --------------------------------------------------------------------------
  clock CLK (rise edge)                                   0.00       0.00
  clock network delay (ideal)                             0.00       0.00
  g_slices[0].issue_slice/scoreboard/g_stanging_bufs[2].stanging_buf/g_register.g_pipe_regs[0].pipe_register/g_shift_register/g_shift.pipe_reg[0][106]/CK (DFF_X1)
                                                          0.00 #     0.00 r
  g_slices[0].issue_slice/scoreboard/g_stanging_bufs[2].stanging_buf/g_register.g_pipe_regs[0].pipe_register/g_shift_register/g_shift.pipe_reg[0][106]/Q (DFF_X1)
                                                          0.10       0.10 f
  U98052/ZN (NAND2_X1)                                    0.04       0.14 r
  U98082/ZN (NOR3_X1)                                     0.03       0.17 f
  U98083/ZN (NOR2_X1)                                     0.07       0.24 r
  U98085/ZN (NAND2_X1)                                    0.04       0.28 f
  U98086/ZN (AOI21_X1)                                    0.07       0.35 r
  U98102/ZN (OAI211_X1)                                   0.10       0.45 f
  U95268/Z (BUF_X2)                                       0.10       0.55 f
  U98103/ZN (INV_X1)                                      0.19       0.74 r
  U98104/ZN (NAND2_X1)                                    0.09       0.84 f
  U95241/ZN (NAND2_X2)                                    0.18       1.01 r
  U98105/ZN (INV_X2)                                      0.18       1.19 f
  U98106/ZN (NOR2_X1)                                     0.20       1.39 r
  U98107/ZN (INV_X1)                                      0.07       1.46 f
  U98027/ZN (NOR4_X2)                                     0.22       1.68 r
  U97959/Z (CLKBUF_X1)                                    0.21       1.88 r
  U144558/ZN (AOI22_X1)                                   0.05       1.94 f
  U144559/ZN (NAND3_X1)                                   0.04       1.98 r
  g_slices[0].issue_slice/ibuffer/g_instr_bufs[1].instr_buf/g_ebN.fifo_queue/g_depth_n.g_out_reg.data_out_r_reg[55]/D (DFF_X1)
                                                          0.01       1.99 r
  data arrival time                                                  1.99

  clock CLK (rise edge)                                   4.00       4.00
  clock network delay (ideal)                             0.00       4.00
  clock uncertainty                                      -0.25       3.75
  g_slices[0].issue_slice/ibuffer/g_instr_bufs[1].instr_buf/g_ebN.fifo_queue/g_depth_n.g_out_reg.data_out_r_reg[55]/CK (DFF_X1)
                                                          0.00       3.75 r
  library setup time                                     -0.03       3.72
  data required time                                                 3.72
  --------------------------------------------------------------------------
  data required time                                                 3.72
  data arrival time                                                 -1.99
  --------------------------------------------------------------------------
  slack (MET)                                                        1.73


  Startpoint: g_slices[0].issue_slice/scoreboard/g_stanging_bufs[2].stanging_buf/g_register.g_pipe_regs[0].pipe_register/g_shift_register/g_shift.pipe_reg[0][106]
              (rising edge-triggered flip-flop clocked by CLK)
  Endpoint: g_slices[0].issue_slice/ibuffer/g_instr_bufs[1].instr_buf/g_ebN.fifo_queue/g_depth_n.g_out_reg.data_out_r_reg[57]
            (rising edge-triggered flip-flop clocked by CLK)
  Path Group: CLK
  Path Type: max

  Des/Clust/Port     Wire Load Model       Library
  ------------------------------------------------
  VX_issue           5K_hvratio_1_1        NangateOpenCellLibrary_tt1p1v25c

  Point                                                   Incr       Path
  --------------------------------------------------------------------------
  clock CLK (rise edge)                                   0.00       0.00
  clock network delay (ideal)                             0.00       0.00
  g_slices[0].issue_slice/scoreboard/g_stanging_bufs[2].stanging_buf/g_register.g_pipe_regs[0].pipe_register/g_shift_register/g_shift.pipe_reg[0][106]/CK (DFF_X1)
                                                          0.00 #     0.00 r
  g_slices[0].issue_slice/scoreboard/g_stanging_bufs[2].stanging_buf/g_register.g_pipe_regs[0].pipe_register/g_shift_register/g_shift.pipe_reg[0][106]/Q (DFF_X1)
                                                          0.10       0.10 f
  U98052/ZN (NAND2_X1)                                    0.04       0.14 r
  U98082/ZN (NOR3_X1)                                     0.03       0.17 f
  U98083/ZN (NOR2_X1)                                     0.07       0.24 r
  U98085/ZN (NAND2_X1)                                    0.04       0.28 f
  U98086/ZN (AOI21_X1)                                    0.07       0.35 r
  U98102/ZN (OAI211_X1)                                   0.10       0.45 f
  U95268/Z (BUF_X2)                                       0.10       0.55 f
  U98103/ZN (INV_X1)                                      0.19       0.74 r
  U98104/ZN (NAND2_X1)                                    0.09       0.84 f
  U95241/ZN (NAND2_X2)                                    0.18       1.01 r
  U98105/ZN (INV_X2)                                      0.18       1.19 f
  U98106/ZN (NOR2_X1)                                     0.20       1.39 r
  U98107/ZN (INV_X1)                                      0.07       1.46 f
  U98027/ZN (NOR4_X2)                                     0.22       1.68 r
  U97959/Z (CLKBUF_X1)                                    0.21       1.88 r
  U144566/ZN (AOI22_X1)                                   0.05       1.94 f
  U144567/ZN (NAND3_X1)                                   0.04       1.98 r
  g_slices[0].issue_slice/ibuffer/g_instr_bufs[1].instr_buf/g_ebN.fifo_queue/g_depth_n.g_out_reg.data_out_r_reg[57]/D (DFF_X1)
                                                          0.01       1.99 r
  data arrival time                                                  1.99

  clock CLK (rise edge)                                   4.00       4.00
  clock network delay (ideal)                             0.00       4.00
  clock uncertainty                                      -0.25       3.75
  g_slices[0].issue_slice/ibuffer/g_instr_bufs[1].instr_buf/g_ebN.fifo_queue/g_depth_n.g_out_reg.data_out_r_reg[57]/CK (DFF_X1)
                                                          0.00       3.75 r
  library setup time                                     -0.03       3.72
  data required time                                                 3.72
  --------------------------------------------------------------------------
  data required time                                                 3.72
  data arrival time                                                 -1.99
  --------------------------------------------------------------------------
  slack (MET)                                                        1.73


  Startpoint: g_slices[0].issue_slice/scoreboard/g_stanging_bufs[2].stanging_buf/g_register.g_pipe_regs[0].pipe_register/g_shift_register/g_shift.pipe_reg[0][106]
              (rising edge-triggered flip-flop clocked by CLK)
  Endpoint: g_slices[0].issue_slice/ibuffer/g_instr_bufs[1].instr_buf/g_ebN.fifo_queue/g_depth_n.g_out_reg.data_out_r_reg[58]
            (rising edge-triggered flip-flop clocked by CLK)
  Path Group: CLK
  Path Type: max

  Des/Clust/Port     Wire Load Model       Library
  ------------------------------------------------
  VX_issue           5K_hvratio_1_1        NangateOpenCellLibrary_tt1p1v25c

  Point                                                   Incr       Path
  --------------------------------------------------------------------------
  clock CLK (rise edge)                                   0.00       0.00
  clock network delay (ideal)                             0.00       0.00
  g_slices[0].issue_slice/scoreboard/g_stanging_bufs[2].stanging_buf/g_register.g_pipe_regs[0].pipe_register/g_shift_register/g_shift.pipe_reg[0][106]/CK (DFF_X1)
                                                          0.00 #     0.00 r
  g_slices[0].issue_slice/scoreboard/g_stanging_bufs[2].stanging_buf/g_register.g_pipe_regs[0].pipe_register/g_shift_register/g_shift.pipe_reg[0][106]/Q (DFF_X1)
                                                          0.10       0.10 f
  U98052/ZN (NAND2_X1)                                    0.04       0.14 r
  U98082/ZN (NOR3_X1)                                     0.03       0.17 f
  U98083/ZN (NOR2_X1)                                     0.07       0.24 r
  U98085/ZN (NAND2_X1)                                    0.04       0.28 f
  U98086/ZN (AOI21_X1)                                    0.07       0.35 r
  U98102/ZN (OAI211_X1)                                   0.10       0.45 f
  U95268/Z (BUF_X2)                                       0.10       0.55 f
  U98103/ZN (INV_X1)                                      0.19       0.74 r
  U98104/ZN (NAND2_X1)                                    0.09       0.84 f
  U95241/ZN (NAND2_X2)                                    0.18       1.01 r
  U98105/ZN (INV_X2)                                      0.18       1.19 f
  U98106/ZN (NOR2_X1)                                     0.20       1.39 r
  U98107/ZN (INV_X1)                                      0.07       1.46 f
  U98027/ZN (NOR4_X2)                                     0.22       1.68 r
  U97959/Z (CLKBUF_X1)                                    0.21       1.88 r
  U144570/ZN (AOI22_X1)                                   0.05       1.94 f
  U144571/ZN (NAND3_X1)                                   0.04       1.98 r
  g_slices[0].issue_slice/ibuffer/g_instr_bufs[1].instr_buf/g_ebN.fifo_queue/g_depth_n.g_out_reg.data_out_r_reg[58]/D (DFF_X1)
                                                          0.01       1.99 r
  data arrival time                                                  1.99

  clock CLK (rise edge)                                   4.00       4.00
  clock network delay (ideal)                             0.00       4.00
  clock uncertainty                                      -0.25       3.75
  g_slices[0].issue_slice/ibuffer/g_instr_bufs[1].instr_buf/g_ebN.fifo_queue/g_depth_n.g_out_reg.data_out_r_reg[58]/CK (DFF_X1)
                                                          0.00       3.75 r
  library setup time                                     -0.03       3.72
  data required time                                                 3.72
  --------------------------------------------------------------------------
  data required time                                                 3.72
  data arrival time                                                 -1.99
  --------------------------------------------------------------------------
  slack (MET)                                                        1.73


  Startpoint: g_slices[0].issue_slice/scoreboard/g_stanging_bufs[2].stanging_buf/g_register.g_pipe_regs[0].pipe_register/g_shift_register/g_shift.pipe_reg[0][106]
              (rising edge-triggered flip-flop clocked by CLK)
  Endpoint: g_slices[0].issue_slice/ibuffer/g_instr_bufs[1].instr_buf/g_ebN.fifo_queue/g_depth_n.g_out_reg.data_out_r_reg[84]
            (rising edge-triggered flip-flop clocked by CLK)
  Path Group: CLK
  Path Type: max

  Des/Clust/Port     Wire Load Model       Library
  ------------------------------------------------
  VX_issue           5K_hvratio_1_1        NangateOpenCellLibrary_tt1p1v25c

  Point                                                   Incr       Path
  --------------------------------------------------------------------------
  clock CLK (rise edge)                                   0.00       0.00
  clock network delay (ideal)                             0.00       0.00
  g_slices[0].issue_slice/scoreboard/g_stanging_bufs[2].stanging_buf/g_register.g_pipe_regs[0].pipe_register/g_shift_register/g_shift.pipe_reg[0][106]/CK (DFF_X1)
                                                          0.00 #     0.00 r
  g_slices[0].issue_slice/scoreboard/g_stanging_bufs[2].stanging_buf/g_register.g_pipe_regs[0].pipe_register/g_shift_register/g_shift.pipe_reg[0][106]/Q (DFF_X1)
                                                          0.10       0.10 f
  U98052/ZN (NAND2_X1)                                    0.04       0.14 r
  U98082/ZN (NOR3_X1)                                     0.03       0.17 f
  U98083/ZN (NOR2_X1)                                     0.07       0.24 r
  U98085/ZN (NAND2_X1)                                    0.04       0.28 f
  U98086/ZN (AOI21_X1)                                    0.07       0.35 r
  U98102/ZN (OAI211_X1)                                   0.10       0.45 f
  U95268/Z (BUF_X2)                                       0.10       0.55 f
  U98103/ZN (INV_X1)                                      0.19       0.74 r
  U98104/ZN (NAND2_X1)                                    0.09       0.84 f
  U95241/ZN (NAND2_X2)                                    0.18       1.01 r
  U98105/ZN (INV_X2)                                      0.18       1.19 f
  U98106/ZN (NOR2_X1)                                     0.20       1.39 r
  U98107/ZN (INV_X1)                                      0.07       1.46 f
  U98027/ZN (NOR4_X2)                                     0.22       1.68 r
  U97959/Z (CLKBUF_X1)                                    0.21       1.88 r
  U144674/ZN (AOI22_X1)                                   0.05       1.94 f
  U144675/ZN (NAND3_X1)                                   0.04       1.98 r
  g_slices[0].issue_slice/ibuffer/g_instr_bufs[1].instr_buf/g_ebN.fifo_queue/g_depth_n.g_out_reg.data_out_r_reg[84]/D (DFF_X1)
                                                          0.01       1.99 r
  data arrival time                                                  1.99

  clock CLK (rise edge)                                   4.00       4.00
  clock network delay (ideal)                             0.00       4.00
  clock uncertainty                                      -0.25       3.75
  g_slices[0].issue_slice/ibuffer/g_instr_bufs[1].instr_buf/g_ebN.fifo_queue/g_depth_n.g_out_reg.data_out_r_reg[84]/CK (DFF_X1)
                                                          0.00       3.75 r
  library setup time                                     -0.03       3.72
  data required time                                                 3.72
  --------------------------------------------------------------------------
  data required time                                                 3.72
  data arrival time                                                 -1.99
  --------------------------------------------------------------------------
  slack (MET)                                                        1.73


  Startpoint: g_slices[0].issue_slice/scoreboard/g_stanging_bufs[2].stanging_buf/g_register.g_pipe_regs[0].pipe_register/g_shift_register/g_shift.pipe_reg[0][106]
              (rising edge-triggered flip-flop clocked by CLK)
  Endpoint: g_slices[0].issue_slice/ibuffer/g_instr_bufs[1].instr_buf/g_ebN.fifo_queue/g_depth_n.g_out_reg.data_out_r_reg[51]
            (rising edge-triggered flip-flop clocked by CLK)
  Path Group: CLK
  Path Type: max

  Des/Clust/Port     Wire Load Model       Library
  ------------------------------------------------
  VX_issue           5K_hvratio_1_1        NangateOpenCellLibrary_tt1p1v25c

  Point                                                   Incr       Path
  --------------------------------------------------------------------------
  clock CLK (rise edge)                                   0.00       0.00
  clock network delay (ideal)                             0.00       0.00
  g_slices[0].issue_slice/scoreboard/g_stanging_bufs[2].stanging_buf/g_register.g_pipe_regs[0].pipe_register/g_shift_register/g_shift.pipe_reg[0][106]/CK (DFF_X1)
                                                          0.00 #     0.00 r
  g_slices[0].issue_slice/scoreboard/g_stanging_bufs[2].stanging_buf/g_register.g_pipe_regs[0].pipe_register/g_shift_register/g_shift.pipe_reg[0][106]/Q (DFF_X1)
                                                          0.10       0.10 f
  U98052/ZN (NAND2_X1)                                    0.04       0.14 r
  U98082/ZN (NOR3_X1)                                     0.03       0.17 f
  U98083/ZN (NOR2_X1)                                     0.07       0.24 r
  U98085/ZN (NAND2_X1)                                    0.04       0.28 f
  U98086/ZN (AOI21_X1)                                    0.07       0.35 r
  U98102/ZN (OAI211_X1)                                   0.10       0.45 f
  U95268/Z (BUF_X2)                                       0.10       0.55 f
  U98103/ZN (INV_X1)                                      0.19       0.74 r
  U98104/ZN (NAND2_X1)                                    0.09       0.84 f
  U95241/ZN (NAND2_X2)                                    0.18       1.01 r
  U98105/ZN (INV_X2)                                      0.18       1.19 f
  U98106/ZN (NOR2_X1)                                     0.20       1.39 r
  U98107/ZN (INV_X1)                                      0.07       1.46 f
  U98027/ZN (NOR4_X2)                                     0.22       1.68 r
  U97959/Z (CLKBUF_X1)                                    0.21       1.88 r
  U144542/ZN (AOI22_X1)                                   0.05       1.94 f
  U144543/ZN (NAND3_X1)                                   0.04       1.98 r
  g_slices[0].issue_slice/ibuffer/g_instr_bufs[1].instr_buf/g_ebN.fifo_queue/g_depth_n.g_out_reg.data_out_r_reg[51]/D (DFF_X1)
                                                          0.01       1.99 r
  data arrival time                                                  1.99

  clock CLK (rise edge)                                   4.00       4.00
  clock network delay (ideal)                             0.00       4.00
  clock uncertainty                                      -0.25       3.75
  g_slices[0].issue_slice/ibuffer/g_instr_bufs[1].instr_buf/g_ebN.fifo_queue/g_depth_n.g_out_reg.data_out_r_reg[51]/CK (DFF_X1)
                                                          0.00       3.75 r
  library setup time                                     -0.03       3.72
  data required time                                                 3.72
  --------------------------------------------------------------------------
  data required time                                                 3.72
  data arrival time                                                 -1.99
  --------------------------------------------------------------------------
  slack (MET)                                                        1.73


  Startpoint: g_slices[0].issue_slice/scoreboard/g_stanging_bufs[2].stanging_buf/g_register.g_pipe_regs[0].pipe_register/g_shift_register/g_shift.pipe_reg[0][106]
              (rising edge-triggered flip-flop clocked by CLK)
  Endpoint: g_slices[0].issue_slice/ibuffer/g_instr_bufs[1].instr_buf/g_ebN.fifo_queue/g_depth_n.g_out_reg.data_out_r_reg[52]
            (rising edge-triggered flip-flop clocked by CLK)
  Path Group: CLK
  Path Type: max

  Des/Clust/Port     Wire Load Model       Library
  ------------------------------------------------
  VX_issue           5K_hvratio_1_1        NangateOpenCellLibrary_tt1p1v25c

  Point                                                   Incr       Path
  --------------------------------------------------------------------------
  clock CLK (rise edge)                                   0.00       0.00
  clock network delay (ideal)                             0.00       0.00
  g_slices[0].issue_slice/scoreboard/g_stanging_bufs[2].stanging_buf/g_register.g_pipe_regs[0].pipe_register/g_shift_register/g_shift.pipe_reg[0][106]/CK (DFF_X1)
                                                          0.00 #     0.00 r
  g_slices[0].issue_slice/scoreboard/g_stanging_bufs[2].stanging_buf/g_register.g_pipe_regs[0].pipe_register/g_shift_register/g_shift.pipe_reg[0][106]/Q (DFF_X1)
                                                          0.10       0.10 f
  U98052/ZN (NAND2_X1)                                    0.04       0.14 r
  U98082/ZN (NOR3_X1)                                     0.03       0.17 f
  U98083/ZN (NOR2_X1)                                     0.07       0.24 r
  U98085/ZN (NAND2_X1)                                    0.04       0.28 f
  U98086/ZN (AOI21_X1)                                    0.07       0.35 r
  U98102/ZN (OAI211_X1)                                   0.10       0.45 f
  U95268/Z (BUF_X2)                                       0.10       0.55 f
  U98103/ZN (INV_X1)                                      0.19       0.74 r
  U98104/ZN (NAND2_X1)                                    0.09       0.84 f
  U95241/ZN (NAND2_X2)                                    0.18       1.01 r
  U98105/ZN (INV_X2)                                      0.18       1.19 f
  U98106/ZN (NOR2_X1)                                     0.20       1.39 r
  U98107/ZN (INV_X1)                                      0.07       1.46 f
  U98027/ZN (NOR4_X2)                                     0.22       1.68 r
  U97959/Z (CLKBUF_X1)                                    0.21       1.88 r
  U144546/ZN (AOI22_X1)                                   0.05       1.94 f
  U144547/ZN (NAND3_X1)                                   0.04       1.98 r
  g_slices[0].issue_slice/ibuffer/g_instr_bufs[1].instr_buf/g_ebN.fifo_queue/g_depth_n.g_out_reg.data_out_r_reg[52]/D (DFF_X1)
                                                          0.01       1.99 r
  data arrival time                                                  1.99

  clock CLK (rise edge)                                   4.00       4.00
  clock network delay (ideal)                             0.00       4.00
  clock uncertainty                                      -0.25       3.75
  g_slices[0].issue_slice/ibuffer/g_instr_bufs[1].instr_buf/g_ebN.fifo_queue/g_depth_n.g_out_reg.data_out_r_reg[52]/CK (DFF_X1)
                                                          0.00       3.75 r
  library setup time                                     -0.03       3.72
  data required time                                                 3.72
  --------------------------------------------------------------------------
  data required time                                                 3.72
  data arrival time                                                 -1.99
  --------------------------------------------------------------------------
  slack (MET)                                                        1.73


  Startpoint: dispatch_if[0].ready
              (input port clocked by CLK)
  Endpoint: g_slices[0].issue_slice/dispatch/g_buffers[0].buffer/g_eb2.stream_buffer/g_buffer.data_out_r_reg[74]
            (rising edge-triggered flip-flop clocked by CLK)
  Path Group: VX_issue_IN
  Path Type: max

  Des/Clust/Port     Wire Load Model       Library
  ------------------------------------------------
  VX_issue           5K_hvratio_1_1        NangateOpenCellLibrary_tt1p1v25c

  Point                                                   Incr       Path
  --------------------------------------------------------------------------
  clock CLK (rise edge)                                   0.00       0.00
  clock network delay (ideal)                             0.00       0.00
  input external delay                                    1.20       1.20 f
  dispatch_if[0].ready (in)                               0.01       1.21 f
  U143807/ZN (NOR2_X1)                                    0.16       1.36 r
  U95220/Z (CLKBUF_X2)                                    0.20       1.56 r
  U97988/Z (CLKBUF_X1)                                    0.14       1.70 r
  U171526/ZN (NOR2_X1)                                    0.07       1.77 f
  U97906/Z (CLKBUF_X1)                                    0.19       1.96 f
  U95215/Z (CLKBUF_X2)                                    0.23       2.18 f
  U95248/Z (CLKBUF_X2)                                    0.23       2.42 f
  U172420/ZN (AOI22_X1)                                   0.12       2.54 r
  U172421/ZN (OAI21_X1)                                   0.04       2.57 f
  g_slices[0].issue_slice/dispatch/g_buffers[0].buffer/g_eb2.stream_buffer/g_buffer.data_out_r_reg[74]/D (DFF_X1)
                                                          0.01       2.58 f
  data arrival time                                                  2.58

  clock CLK (rise edge)                                   4.00       4.00
  clock network delay (ideal)                             0.00       4.00
  clock uncertainty                                      -0.25       3.75
  g_slices[0].issue_slice/dispatch/g_buffers[0].buffer/g_eb2.stream_buffer/g_buffer.data_out_r_reg[74]/CK (DFF_X1)
                                                          0.00       3.75 r
  library setup time                                     -0.03       3.72
  data required time                                                 3.72
  --------------------------------------------------------------------------
  data required time                                                 3.72
  data arrival time                                                 -2.58
  --------------------------------------------------------------------------
  slack (MET)                                                        1.14


  Startpoint: dispatch_if[0].ready
              (input port clocked by CLK)
  Endpoint: g_slices[0].issue_slice/dispatch/g_buffers[0].buffer/g_eb2.stream_buffer/g_buffer.data_out_r_reg[75]
            (rising edge-triggered flip-flop clocked by CLK)
  Path Group: VX_issue_IN
  Path Type: max

  Des/Clust/Port     Wire Load Model       Library
  ------------------------------------------------
  VX_issue           5K_hvratio_1_1        NangateOpenCellLibrary_tt1p1v25c

  Point                                                   Incr       Path
  --------------------------------------------------------------------------
  clock CLK (rise edge)                                   0.00       0.00
  clock network delay (ideal)                             0.00       0.00
  input external delay                                    1.20       1.20 f
  dispatch_if[0].ready (in)                               0.01       1.21 f
  U143807/ZN (NOR2_X1)                                    0.16       1.36 r
  U95220/Z (CLKBUF_X2)                                    0.20       1.56 r
  U97988/Z (CLKBUF_X1)                                    0.14       1.70 r
  U171526/ZN (NOR2_X1)                                    0.07       1.77 f
  U97906/Z (CLKBUF_X1)                                    0.19       1.96 f
  U95215/Z (CLKBUF_X2)                                    0.23       2.18 f
  U95248/Z (CLKBUF_X2)                                    0.23       2.42 f
  U172422/ZN (AOI22_X1)                                   0.12       2.54 r
  U172423/ZN (OAI21_X1)                                   0.04       2.57 f
  g_slices[0].issue_slice/dispatch/g_buffers[0].buffer/g_eb2.stream_buffer/g_buffer.data_out_r_reg[75]/D (DFF_X1)
                                                          0.01       2.58 f
  data arrival time                                                  2.58

  clock CLK (rise edge)                                   4.00       4.00
  clock network delay (ideal)                             0.00       4.00
  clock uncertainty                                      -0.25       3.75
  g_slices[0].issue_slice/dispatch/g_buffers[0].buffer/g_eb2.stream_buffer/g_buffer.data_out_r_reg[75]/CK (DFF_X1)
                                                          0.00       3.75 r
  library setup time                                     -0.03       3.72
  data required time                                                 3.72
  --------------------------------------------------------------------------
  data required time                                                 3.72
  data arrival time                                                 -2.58
  --------------------------------------------------------------------------
  slack (MET)                                                        1.14


  Startpoint: dispatch_if[0].ready
              (input port clocked by CLK)
  Endpoint: g_slices[0].issue_slice/dispatch/g_buffers[0].buffer/g_eb2.stream_buffer/g_buffer.data_out_r_reg[76]
            (rising edge-triggered flip-flop clocked by CLK)
  Path Group: VX_issue_IN
  Path Type: max

  Des/Clust/Port     Wire Load Model       Library
  ------------------------------------------------
  VX_issue           5K_hvratio_1_1        NangateOpenCellLibrary_tt1p1v25c

  Point                                                   Incr       Path
  --------------------------------------------------------------------------
  clock CLK (rise edge)                                   0.00       0.00
  clock network delay (ideal)                             0.00       0.00
  input external delay                                    1.20       1.20 f
  dispatch_if[0].ready (in)                               0.01       1.21 f
  U143807/ZN (NOR2_X1)                                    0.16       1.36 r
  U95220/Z (CLKBUF_X2)                                    0.20       1.56 r
  U97988/Z (CLKBUF_X1)                                    0.14       1.70 r
  U171526/ZN (NOR2_X1)                                    0.07       1.77 f
  U97906/Z (CLKBUF_X1)                                    0.19       1.96 f
  U95215/Z (CLKBUF_X2)                                    0.23       2.18 f
  U95248/Z (CLKBUF_X2)                                    0.23       2.42 f
  U172424/ZN (AOI22_X1)                                   0.12       2.54 r
  U172425/ZN (OAI21_X1)                                   0.04       2.57 f
  g_slices[0].issue_slice/dispatch/g_buffers[0].buffer/g_eb2.stream_buffer/g_buffer.data_out_r_reg[76]/D (DFF_X1)
                                                          0.01       2.58 f
  data arrival time                                                  2.58

  clock CLK (rise edge)                                   4.00       4.00
  clock network delay (ideal)                             0.00       4.00
  clock uncertainty                                      -0.25       3.75
  g_slices[0].issue_slice/dispatch/g_buffers[0].buffer/g_eb2.stream_buffer/g_buffer.data_out_r_reg[76]/CK (DFF_X1)
                                                          0.00       3.75 r
  library setup time                                     -0.03       3.72
  data required time                                                 3.72
  --------------------------------------------------------------------------
  data required time                                                 3.72
  data arrival time                                                 -2.58
  --------------------------------------------------------------------------
  slack (MET)                                                        1.14


  Startpoint: dispatch_if[0].ready
              (input port clocked by CLK)
  Endpoint: g_slices[0].issue_slice/dispatch/g_buffers[0].buffer/g_eb2.stream_buffer/g_buffer.data_out_r_reg[77]
            (rising edge-triggered flip-flop clocked by CLK)
  Path Group: VX_issue_IN
  Path Type: max

  Des/Clust/Port     Wire Load Model       Library
  ------------------------------------------------
  VX_issue           5K_hvratio_1_1        NangateOpenCellLibrary_tt1p1v25c

  Point                                                   Incr       Path
  --------------------------------------------------------------------------
  clock CLK (rise edge)                                   0.00       0.00
  clock network delay (ideal)                             0.00       0.00
  input external delay                                    1.20       1.20 f
  dispatch_if[0].ready (in)                               0.01       1.21 f
  U143807/ZN (NOR2_X1)                                    0.16       1.36 r
  U95220/Z (CLKBUF_X2)                                    0.20       1.56 r
  U97988/Z (CLKBUF_X1)                                    0.14       1.70 r
  U171526/ZN (NOR2_X1)                                    0.07       1.77 f
  U97906/Z (CLKBUF_X1)                                    0.19       1.96 f
  U95215/Z (CLKBUF_X2)                                    0.23       2.18 f
  U95248/Z (CLKBUF_X2)                                    0.23       2.42 f
  U172426/ZN (AOI22_X1)                                   0.12       2.54 r
  U172427/ZN (OAI21_X1)                                   0.04       2.57 f
  g_slices[0].issue_slice/dispatch/g_buffers[0].buffer/g_eb2.stream_buffer/g_buffer.data_out_r_reg[77]/D (DFF_X1)
                                                          0.01       2.58 f
  data arrival time                                                  2.58

  clock CLK (rise edge)                                   4.00       4.00
  clock network delay (ideal)                             0.00       4.00
  clock uncertainty                                      -0.25       3.75
  g_slices[0].issue_slice/dispatch/g_buffers[0].buffer/g_eb2.stream_buffer/g_buffer.data_out_r_reg[77]/CK (DFF_X1)
                                                          0.00       3.75 r
  library setup time                                     -0.03       3.72
  data required time                                                 3.72
  --------------------------------------------------------------------------
  data required time                                                 3.72
  data arrival time                                                 -2.58
  --------------------------------------------------------------------------
  slack (MET)                                                        1.14


  Startpoint: dispatch_if[0].ready
              (input port clocked by CLK)
  Endpoint: g_slices[0].issue_slice/dispatch/g_buffers[0].buffer/g_eb2.stream_buffer/g_buffer.data_out_r_reg[78]
            (rising edge-triggered flip-flop clocked by CLK)
  Path Group: VX_issue_IN
  Path Type: max

  Des/Clust/Port     Wire Load Model       Library
  ------------------------------------------------
  VX_issue           5K_hvratio_1_1        NangateOpenCellLibrary_tt1p1v25c

  Point                                                   Incr       Path
  --------------------------------------------------------------------------
  clock CLK (rise edge)                                   0.00       0.00
  clock network delay (ideal)                             0.00       0.00
  input external delay                                    1.20       1.20 f
  dispatch_if[0].ready (in)                               0.01       1.21 f
  U143807/ZN (NOR2_X1)                                    0.16       1.36 r
  U95220/Z (CLKBUF_X2)                                    0.20       1.56 r
  U97988/Z (CLKBUF_X1)                                    0.14       1.70 r
  U171526/ZN (NOR2_X1)                                    0.07       1.77 f
  U97906/Z (CLKBUF_X1)                                    0.19       1.96 f
  U95215/Z (CLKBUF_X2)                                    0.23       2.18 f
  U95248/Z (CLKBUF_X2)                                    0.23       2.42 f
  U172428/ZN (AOI22_X1)                                   0.12       2.54 r
  U172429/ZN (OAI21_X1)                                   0.04       2.57 f
  g_slices[0].issue_slice/dispatch/g_buffers[0].buffer/g_eb2.stream_buffer/g_buffer.data_out_r_reg[78]/D (DFF_X1)
                                                          0.01       2.58 f
  data arrival time                                                  2.58

  clock CLK (rise edge)                                   4.00       4.00
  clock network delay (ideal)                             0.00       4.00
  clock uncertainty                                      -0.25       3.75
  g_slices[0].issue_slice/dispatch/g_buffers[0].buffer/g_eb2.stream_buffer/g_buffer.data_out_r_reg[78]/CK (DFF_X1)
                                                          0.00       3.75 r
  library setup time                                     -0.03       3.72
  data required time                                                 3.72
  --------------------------------------------------------------------------
  data required time                                                 3.72
  data arrival time                                                 -2.58
  --------------------------------------------------------------------------
  slack (MET)                                                        1.14


  Startpoint: dispatch_if[0].ready
              (input port clocked by CLK)
  Endpoint: g_slices[0].issue_slice/dispatch/g_buffers[0].buffer/g_eb2.stream_buffer/g_buffer.data_out_r_reg[79]
            (rising edge-triggered flip-flop clocked by CLK)
  Path Group: VX_issue_IN
  Path Type: max

  Des/Clust/Port     Wire Load Model       Library
  ------------------------------------------------
  VX_issue           5K_hvratio_1_1        NangateOpenCellLibrary_tt1p1v25c

  Point                                                   Incr       Path
  --------------------------------------------------------------------------
  clock CLK (rise edge)                                   0.00       0.00
  clock network delay (ideal)                             0.00       0.00
  input external delay                                    1.20       1.20 f
  dispatch_if[0].ready (in)                               0.01       1.21 f
  U143807/ZN (NOR2_X1)                                    0.16       1.36 r
  U95220/Z (CLKBUF_X2)                                    0.20       1.56 r
  U97988/Z (CLKBUF_X1)                                    0.14       1.70 r
  U171526/ZN (NOR2_X1)                                    0.07       1.77 f
  U97906/Z (CLKBUF_X1)                                    0.19       1.96 f
  U95215/Z (CLKBUF_X2)                                    0.23       2.18 f
  U95248/Z (CLKBUF_X2)                                    0.23       2.42 f
  U172430/ZN (AOI22_X1)                                   0.12       2.54 r
  U172431/ZN (OAI21_X1)                                   0.04       2.57 f
  g_slices[0].issue_slice/dispatch/g_buffers[0].buffer/g_eb2.stream_buffer/g_buffer.data_out_r_reg[79]/D (DFF_X1)
                                                          0.01       2.58 f
  data arrival time                                                  2.58

  clock CLK (rise edge)                                   4.00       4.00
  clock network delay (ideal)                             0.00       4.00
  clock uncertainty                                      -0.25       3.75
  g_slices[0].issue_slice/dispatch/g_buffers[0].buffer/g_eb2.stream_buffer/g_buffer.data_out_r_reg[79]/CK (DFF_X1)
                                                          0.00       3.75 r
  library setup time                                     -0.03       3.72
  data required time                                                 3.72
  --------------------------------------------------------------------------
  data required time                                                 3.72
  data arrival time                                                 -2.58
  --------------------------------------------------------------------------
  slack (MET)                                                        1.14


  Startpoint: dispatch_if[0].ready
              (input port clocked by CLK)
  Endpoint: g_slices[0].issue_slice/dispatch/g_buffers[0].buffer/g_eb2.stream_buffer/g_buffer.data_out_r_reg[81]
            (rising edge-triggered flip-flop clocked by CLK)
  Path Group: VX_issue_IN
  Path Type: max

  Des/Clust/Port     Wire Load Model       Library
  ------------------------------------------------
  VX_issue           5K_hvratio_1_1        NangateOpenCellLibrary_tt1p1v25c

  Point                                                   Incr       Path
  --------------------------------------------------------------------------
  clock CLK (rise edge)                                   0.00       0.00
  clock network delay (ideal)                             0.00       0.00
  input external delay                                    1.20       1.20 f
  dispatch_if[0].ready (in)                               0.01       1.21 f
  U143807/ZN (NOR2_X1)                                    0.16       1.36 r
  U95220/Z (CLKBUF_X2)                                    0.20       1.56 r
  U97988/Z (CLKBUF_X1)                                    0.14       1.70 r
  U171526/ZN (NOR2_X1)                                    0.07       1.77 f
  U97906/Z (CLKBUF_X1)                                    0.19       1.96 f
  U95215/Z (CLKBUF_X2)                                    0.23       2.18 f
  U95248/Z (CLKBUF_X2)                                    0.23       2.42 f
  U172434/ZN (AOI22_X1)                                   0.12       2.54 r
  U172435/ZN (OAI21_X1)                                   0.04       2.57 f
  g_slices[0].issue_slice/dispatch/g_buffers[0].buffer/g_eb2.stream_buffer/g_buffer.data_out_r_reg[81]/D (DFF_X1)
                                                          0.01       2.58 f
  data arrival time                                                  2.58

  clock CLK (rise edge)                                   4.00       4.00
  clock network delay (ideal)                             0.00       4.00
  clock uncertainty                                      -0.25       3.75
  g_slices[0].issue_slice/dispatch/g_buffers[0].buffer/g_eb2.stream_buffer/g_buffer.data_out_r_reg[81]/CK (DFF_X1)
                                                          0.00       3.75 r
  library setup time                                     -0.03       3.72
  data required time                                                 3.72
  --------------------------------------------------------------------------
  data required time                                                 3.72
  data arrival time                                                 -2.58
  --------------------------------------------------------------------------
  slack (MET)                                                        1.14


  Startpoint: dispatch_if[0].ready
              (input port clocked by CLK)
  Endpoint: g_slices[0].issue_slice/dispatch/g_buffers[0].buffer/g_eb2.stream_buffer/g_buffer.data_out_r_reg[82]
            (rising edge-triggered flip-flop clocked by CLK)
  Path Group: VX_issue_IN
  Path Type: max

  Des/Clust/Port     Wire Load Model       Library
  ------------------------------------------------
  VX_issue           5K_hvratio_1_1        NangateOpenCellLibrary_tt1p1v25c

  Point                                                   Incr       Path
  --------------------------------------------------------------------------
  clock CLK (rise edge)                                   0.00       0.00
  clock network delay (ideal)                             0.00       0.00
  input external delay                                    1.20       1.20 f
  dispatch_if[0].ready (in)                               0.01       1.21 f
  U143807/ZN (NOR2_X1)                                    0.16       1.36 r
  U95220/Z (CLKBUF_X2)                                    0.20       1.56 r
  U97988/Z (CLKBUF_X1)                                    0.14       1.70 r
  U171526/ZN (NOR2_X1)                                    0.07       1.77 f
  U97906/Z (CLKBUF_X1)                                    0.19       1.96 f
  U95215/Z (CLKBUF_X2)                                    0.23       2.18 f
  U95248/Z (CLKBUF_X2)                                    0.23       2.42 f
  U172436/ZN (AOI22_X1)                                   0.12       2.54 r
  U172437/ZN (OAI21_X1)                                   0.04       2.57 f
  g_slices[0].issue_slice/dispatch/g_buffers[0].buffer/g_eb2.stream_buffer/g_buffer.data_out_r_reg[82]/D (DFF_X1)
                                                          0.01       2.58 f
  data arrival time                                                  2.58

  clock CLK (rise edge)                                   4.00       4.00
  clock network delay (ideal)                             0.00       4.00
  clock uncertainty                                      -0.25       3.75
  g_slices[0].issue_slice/dispatch/g_buffers[0].buffer/g_eb2.stream_buffer/g_buffer.data_out_r_reg[82]/CK (DFF_X1)
                                                          0.00       3.75 r
  library setup time                                     -0.03       3.72
  data required time                                                 3.72
  --------------------------------------------------------------------------
  data required time                                                 3.72
  data arrival time                                                 -2.58
  --------------------------------------------------------------------------
  slack (MET)                                                        1.14


  Startpoint: dispatch_if[0].ready
              (input port clocked by CLK)
  Endpoint: g_slices[0].issue_slice/dispatch/g_buffers[0].buffer/g_eb2.stream_buffer/g_buffer.data_out_r_reg[89]
            (rising edge-triggered flip-flop clocked by CLK)
  Path Group: VX_issue_IN
  Path Type: max

  Des/Clust/Port     Wire Load Model       Library
  ------------------------------------------------
  VX_issue           5K_hvratio_1_1        NangateOpenCellLibrary_tt1p1v25c

  Point                                                   Incr       Path
  --------------------------------------------------------------------------
  clock CLK (rise edge)                                   0.00       0.00
  clock network delay (ideal)                             0.00       0.00
  input external delay                                    1.20       1.20 f
  dispatch_if[0].ready (in)                               0.01       1.21 f
  U143807/ZN (NOR2_X1)                                    0.16       1.36 r
  U95220/Z (CLKBUF_X2)                                    0.20       1.56 r
  U97988/Z (CLKBUF_X1)                                    0.14       1.70 r
  U171526/ZN (NOR2_X1)                                    0.07       1.77 f
  U97906/Z (CLKBUF_X1)                                    0.19       1.96 f
  U95215/Z (CLKBUF_X2)                                    0.23       2.18 f
  U95248/Z (CLKBUF_X2)                                    0.23       2.42 f
  U172450/ZN (AOI22_X1)                                   0.12       2.54 r
  U172451/ZN (OAI21_X1)                                   0.04       2.57 f
  g_slices[0].issue_slice/dispatch/g_buffers[0].buffer/g_eb2.stream_buffer/g_buffer.data_out_r_reg[89]/D (DFF_X1)
                                                          0.01       2.58 f
  data arrival time                                                  2.58

  clock CLK (rise edge)                                   4.00       4.00
  clock network delay (ideal)                             0.00       4.00
  clock uncertainty                                      -0.25       3.75
  g_slices[0].issue_slice/dispatch/g_buffers[0].buffer/g_eb2.stream_buffer/g_buffer.data_out_r_reg[89]/CK (DFF_X1)
                                                          0.00       3.75 r
  library setup time                                     -0.03       3.72
  data required time                                                 3.72
  --------------------------------------------------------------------------
  data required time                                                 3.72
  data arrival time                                                 -2.58
  --------------------------------------------------------------------------
  slack (MET)                                                        1.14


  Startpoint: dispatch_if[0].ready
              (input port clocked by CLK)
  Endpoint: g_slices[0].issue_slice/dispatch/g_buffers[0].buffer/g_eb2.stream_buffer/g_buffer.data_out_r_reg[92]
            (rising edge-triggered flip-flop clocked by CLK)
  Path Group: VX_issue_IN
  Path Type: max

  Des/Clust/Port     Wire Load Model       Library
  ------------------------------------------------
  VX_issue           5K_hvratio_1_1        NangateOpenCellLibrary_tt1p1v25c

  Point                                                   Incr       Path
  --------------------------------------------------------------------------
  clock CLK (rise edge)                                   0.00       0.00
  clock network delay (ideal)                             0.00       0.00
  input external delay                                    1.20       1.20 f
  dispatch_if[0].ready (in)                               0.01       1.21 f
  U143807/ZN (NOR2_X1)                                    0.16       1.36 r
  U95220/Z (CLKBUF_X2)                                    0.20       1.56 r
  U97988/Z (CLKBUF_X1)                                    0.14       1.70 r
  U171526/ZN (NOR2_X1)                                    0.07       1.77 f
  U97906/Z (CLKBUF_X1)                                    0.19       1.96 f
  U95215/Z (CLKBUF_X2)                                    0.23       2.18 f
  U95248/Z (CLKBUF_X2)                                    0.23       2.42 f
  U172456/ZN (AOI22_X1)                                   0.12       2.54 r
  U172457/ZN (OAI21_X1)                                   0.04       2.57 f
  g_slices[0].issue_slice/dispatch/g_buffers[0].buffer/g_eb2.stream_buffer/g_buffer.data_out_r_reg[92]/D (DFF_X1)
                                                          0.01       2.58 f
  data arrival time                                                  2.58

  clock CLK (rise edge)                                   4.00       4.00
  clock network delay (ideal)                             0.00       4.00
  clock uncertainty                                      -0.25       3.75
  g_slices[0].issue_slice/dispatch/g_buffers[0].buffer/g_eb2.stream_buffer/g_buffer.data_out_r_reg[92]/CK (DFF_X1)
                                                          0.00       3.75 r
  library setup time                                     -0.03       3.72
  data required time                                                 3.72
  --------------------------------------------------------------------------
  data required time                                                 3.72
  data arrival time                                                 -2.58
  --------------------------------------------------------------------------
  slack (MET)                                                        1.14


  Startpoint: dispatch_if[0].ready
              (input port clocked by CLK)
  Endpoint: g_slices[0].issue_slice/dispatch/g_buffers[0].buffer/g_eb2.stream_buffer/g_buffer.data_out_r_reg[153]
            (rising edge-triggered flip-flop clocked by CLK)
  Path Group: VX_issue_IN
  Path Type: max

  Des/Clust/Port     Wire Load Model       Library
  ------------------------------------------------
  VX_issue           5K_hvratio_1_1        NangateOpenCellLibrary_tt1p1v25c

  Point                                                   Incr       Path
  --------------------------------------------------------------------------
  clock CLK (rise edge)                                   0.00       0.00
  clock network delay (ideal)                             0.00       0.00
  input external delay                                    1.20       1.20 f
  dispatch_if[0].ready (in)                               0.01       1.21 f
  U143807/ZN (NOR2_X1)                                    0.16       1.36 r
  U95220/Z (CLKBUF_X2)                                    0.20       1.56 r
  U97988/Z (CLKBUF_X1)                                    0.14       1.70 r
  U171526/ZN (NOR2_X1)                                    0.07       1.77 f
  U97906/Z (CLKBUF_X1)                                    0.19       1.96 f
  U95215/Z (CLKBUF_X2)                                    0.23       2.18 f
  U95248/Z (CLKBUF_X2)                                    0.23       2.42 f
  U172182/ZN (AOI22_X1)                                   0.12       2.54 r
  U172183/ZN (OAI21_X1)                                   0.04       2.57 f
  g_slices[0].issue_slice/dispatch/g_buffers[0].buffer/g_eb2.stream_buffer/g_buffer.data_out_r_reg[153]/D (DFF_X1)
                                                          0.01       2.58 f
  data arrival time                                                  2.58

  clock CLK (rise edge)                                   4.00       4.00
  clock network delay (ideal)                             0.00       4.00
  clock uncertainty                                      -0.25       3.75
  g_slices[0].issue_slice/dispatch/g_buffers[0].buffer/g_eb2.stream_buffer/g_buffer.data_out_r_reg[153]/CK (DFF_X1)
                                                          0.00       3.75 r
  library setup time                                     -0.03       3.72
  data required time                                                 3.72
  --------------------------------------------------------------------------
  data required time                                                 3.72
  data arrival time                                                 -2.58
  --------------------------------------------------------------------------
  slack (MET)                                                        1.14


  Startpoint: dispatch_if[0].ready
              (input port clocked by CLK)
  Endpoint: g_slices[0].issue_slice/dispatch/g_buffers[0].buffer/g_eb2.stream_buffer/g_buffer.data_out_r_reg[182]
            (rising edge-triggered flip-flop clocked by CLK)
  Path Group: VX_issue_IN
  Path Type: max

  Des/Clust/Port     Wire Load Model       Library
  ------------------------------------------------
  VX_issue           5K_hvratio_1_1        NangateOpenCellLibrary_tt1p1v25c

  Point                                                   Incr       Path
  --------------------------------------------------------------------------
  clock CLK (rise edge)                                   0.00       0.00
  clock network delay (ideal)                             0.00       0.00
  input external delay                                    1.20       1.20 f
  dispatch_if[0].ready (in)                               0.01       1.21 f
  U143807/ZN (NOR2_X1)                                    0.16       1.36 r
  U95220/Z (CLKBUF_X2)                                    0.20       1.56 r
  U97988/Z (CLKBUF_X1)                                    0.14       1.70 r
  U171526/ZN (NOR2_X1)                                    0.07       1.77 f
  U97906/Z (CLKBUF_X1)                                    0.19       1.96 f
  U95215/Z (CLKBUF_X2)                                    0.23       2.18 f
  U95248/Z (CLKBUF_X2)                                    0.23       2.42 f
  U172240/ZN (AOI22_X1)                                   0.12       2.54 r
  U172241/ZN (OAI21_X1)                                   0.04       2.57 f
  g_slices[0].issue_slice/dispatch/g_buffers[0].buffer/g_eb2.stream_buffer/g_buffer.data_out_r_reg[182]/D (DFF_X1)
                                                          0.01       2.58 f
  data arrival time                                                  2.58

  clock CLK (rise edge)                                   4.00       4.00
  clock network delay (ideal)                             0.00       4.00
  clock uncertainty                                      -0.25       3.75
  g_slices[0].issue_slice/dispatch/g_buffers[0].buffer/g_eb2.stream_buffer/g_buffer.data_out_r_reg[182]/CK (DFF_X1)
                                                          0.00       3.75 r
  library setup time                                     -0.03       3.72
  data required time                                                 3.72
  --------------------------------------------------------------------------
  data required time                                                 3.72
  data arrival time                                                 -2.58
  --------------------------------------------------------------------------
  slack (MET)                                                        1.14


  Startpoint: dispatch_if[0].ready
              (input port clocked by CLK)
  Endpoint: g_slices[0].issue_slice/dispatch/g_buffers[0].buffer/g_eb2.stream_buffer/g_buffer.data_out_r_reg[183]
            (rising edge-triggered flip-flop clocked by CLK)
  Path Group: VX_issue_IN
  Path Type: max

  Des/Clust/Port     Wire Load Model       Library
  ------------------------------------------------
  VX_issue           5K_hvratio_1_1        NangateOpenCellLibrary_tt1p1v25c

  Point                                                   Incr       Path
  --------------------------------------------------------------------------
  clock CLK (rise edge)                                   0.00       0.00
  clock network delay (ideal)                             0.00       0.00
  input external delay                                    1.20       1.20 f
  dispatch_if[0].ready (in)                               0.01       1.21 f
  U143807/ZN (NOR2_X1)                                    0.16       1.36 r
  U95220/Z (CLKBUF_X2)                                    0.20       1.56 r
  U97988/Z (CLKBUF_X1)                                    0.14       1.70 r
  U171526/ZN (NOR2_X1)                                    0.07       1.77 f
  U97906/Z (CLKBUF_X1)                                    0.19       1.96 f
  U95215/Z (CLKBUF_X2)                                    0.23       2.18 f
  U95248/Z (CLKBUF_X2)                                    0.23       2.42 f
  U172242/ZN (AOI22_X1)                                   0.12       2.54 r
  U172243/ZN (OAI21_X1)                                   0.04       2.57 f
  g_slices[0].issue_slice/dispatch/g_buffers[0].buffer/g_eb2.stream_buffer/g_buffer.data_out_r_reg[183]/D (DFF_X1)
                                                          0.01       2.58 f
  data arrival time                                                  2.58

  clock CLK (rise edge)                                   4.00       4.00
  clock network delay (ideal)                             0.00       4.00
  clock uncertainty                                      -0.25       3.75
  g_slices[0].issue_slice/dispatch/g_buffers[0].buffer/g_eb2.stream_buffer/g_buffer.data_out_r_reg[183]/CK (DFF_X1)
                                                          0.00       3.75 r
  library setup time                                     -0.03       3.72
  data required time                                                 3.72
  --------------------------------------------------------------------------
  data required time                                                 3.72
  data arrival time                                                 -2.58
  --------------------------------------------------------------------------
  slack (MET)                                                        1.14


  Startpoint: dispatch_if[0].ready
              (input port clocked by CLK)
  Endpoint: g_slices[0].issue_slice/dispatch/g_buffers[0].buffer/g_eb2.stream_buffer/g_buffer.data_out_r_reg[469]
            (rising edge-triggered flip-flop clocked by CLK)
  Path Group: VX_issue_IN
  Path Type: max

  Des/Clust/Port     Wire Load Model       Library
  ------------------------------------------------
  VX_issue           5K_hvratio_1_1        NangateOpenCellLibrary_tt1p1v25c

  Point                                                   Incr       Path
  --------------------------------------------------------------------------
  clock CLK (rise edge)                                   0.00       0.00
  clock network delay (ideal)                             0.00       0.00
  input external delay                                    1.20       1.20 f
  dispatch_if[0].ready (in)                               0.01       1.21 f
  U143807/ZN (NOR2_X1)                                    0.16       1.36 r
  U95220/Z (CLKBUF_X2)                                    0.20       1.56 r
  U97988/Z (CLKBUF_X1)                                    0.14       1.70 r
  U171526/ZN (NOR2_X1)                                    0.07       1.77 f
  U97906/Z (CLKBUF_X1)                                    0.19       1.96 f
  U95215/Z (CLKBUF_X2)                                    0.23       2.18 f
  U95248/Z (CLKBUF_X2)                                    0.23       2.42 f
  U171671/ZN (AOI22_X1)                                   0.12       2.54 r
  U171672/ZN (OAI21_X1)                                   0.04       2.57 f
  g_slices[0].issue_slice/dispatch/g_buffers[0].buffer/g_eb2.stream_buffer/g_buffer.data_out_r_reg[469]/D (DFF_X1)
                                                          0.01       2.58 f
  data arrival time                                                  2.58

  clock CLK (rise edge)                                   4.00       4.00
  clock network delay (ideal)                             0.00       4.00
  clock uncertainty                                      -0.25       3.75
  g_slices[0].issue_slice/dispatch/g_buffers[0].buffer/g_eb2.stream_buffer/g_buffer.data_out_r_reg[469]/CK (DFF_X1)
                                                          0.00       3.75 r
  library setup time                                     -0.03       3.72
  data required time                                                 3.72
  --------------------------------------------------------------------------
  data required time                                                 3.72
  data arrival time                                                 -2.58
  --------------------------------------------------------------------------
  slack (MET)                                                        1.14


  Startpoint: dispatch_if[0].ready
              (input port clocked by CLK)
  Endpoint: g_slices[0].issue_slice/dispatch/g_buffers[0].buffer/g_eb2.stream_buffer/g_buffer.data_out_r_reg[470]
            (rising edge-triggered flip-flop clocked by CLK)
  Path Group: VX_issue_IN
  Path Type: max

  Des/Clust/Port     Wire Load Model       Library
  ------------------------------------------------
  VX_issue           5K_hvratio_1_1        NangateOpenCellLibrary_tt1p1v25c

  Point                                                   Incr       Path
  --------------------------------------------------------------------------
  clock CLK (rise edge)                                   0.00       0.00
  clock network delay (ideal)                             0.00       0.00
  input external delay                                    1.20       1.20 f
  dispatch_if[0].ready (in)                               0.01       1.21 f
  U143807/ZN (NOR2_X1)                                    0.16       1.36 r
  U95220/Z (CLKBUF_X2)                                    0.20       1.56 r
  U97988/Z (CLKBUF_X1)                                    0.14       1.70 r
  U171526/ZN (NOR2_X1)                                    0.07       1.77 f
  U97906/Z (CLKBUF_X1)                                    0.19       1.96 f
  U95215/Z (CLKBUF_X2)                                    0.23       2.18 f
  U95248/Z (CLKBUF_X2)                                    0.23       2.42 f
  U171673/ZN (AOI22_X1)                                   0.12       2.54 r
  U171674/ZN (OAI21_X1)                                   0.04       2.57 f
  g_slices[0].issue_slice/dispatch/g_buffers[0].buffer/g_eb2.stream_buffer/g_buffer.data_out_r_reg[470]/D (DFF_X1)
                                                          0.01       2.58 f
  data arrival time                                                  2.58

  clock CLK (rise edge)                                   4.00       4.00
  clock network delay (ideal)                             0.00       4.00
  clock uncertainty                                      -0.25       3.75
  g_slices[0].issue_slice/dispatch/g_buffers[0].buffer/g_eb2.stream_buffer/g_buffer.data_out_r_reg[470]/CK (DFF_X1)
                                                          0.00       3.75 r
  library setup time                                     -0.03       3.72
  data required time                                                 3.72
  --------------------------------------------------------------------------
  data required time                                                 3.72
  data arrival time                                                 -2.58
  --------------------------------------------------------------------------
  slack (MET)                                                        1.14


  Startpoint: dispatch_if[0].ready
              (input port clocked by CLK)
  Endpoint: g_slices[0].issue_slice/dispatch/g_buffers[0].buffer/g_eb2.stream_buffer/g_buffer.data_out_r_reg[471]
            (rising edge-triggered flip-flop clocked by CLK)
  Path Group: VX_issue_IN
  Path Type: max

  Des/Clust/Port     Wire Load Model       Library
  ------------------------------------------------
  VX_issue           5K_hvratio_1_1        NangateOpenCellLibrary_tt1p1v25c

  Point                                                   Incr       Path
  --------------------------------------------------------------------------
  clock CLK (rise edge)                                   0.00       0.00
  clock network delay (ideal)                             0.00       0.00
  input external delay                                    1.20       1.20 f
  dispatch_if[0].ready (in)                               0.01       1.21 f
  U143807/ZN (NOR2_X1)                                    0.16       1.36 r
  U95220/Z (CLKBUF_X2)                                    0.20       1.56 r
  U97988/Z (CLKBUF_X1)                                    0.14       1.70 r
  U171526/ZN (NOR2_X1)                                    0.07       1.77 f
  U97906/Z (CLKBUF_X1)                                    0.19       1.96 f
  U95215/Z (CLKBUF_X2)                                    0.23       2.18 f
  U95248/Z (CLKBUF_X2)                                    0.23       2.42 f
  U171675/ZN (AOI22_X1)                                   0.12       2.54 r
  U171676/ZN (OAI21_X1)                                   0.04       2.57 f
  g_slices[0].issue_slice/dispatch/g_buffers[0].buffer/g_eb2.stream_buffer/g_buffer.data_out_r_reg[471]/D (DFF_X1)
                                                          0.01       2.58 f
  data arrival time                                                  2.58

  clock CLK (rise edge)                                   4.00       4.00
  clock network delay (ideal)                             0.00       4.00
  clock uncertainty                                      -0.25       3.75
  g_slices[0].issue_slice/dispatch/g_buffers[0].buffer/g_eb2.stream_buffer/g_buffer.data_out_r_reg[471]/CK (DFF_X1)
                                                          0.00       3.75 r
  library setup time                                     -0.03       3.72
  data required time                                                 3.72
  --------------------------------------------------------------------------
  data required time                                                 3.72
  data arrival time                                                 -2.58
  --------------------------------------------------------------------------
  slack (MET)                                                        1.14


  Startpoint: dispatch_if[0].ready
              (input port clocked by CLK)
  Endpoint: g_slices[0].issue_slice/dispatch/g_buffers[0].buffer/g_eb2.stream_buffer/g_buffer.data_out_r_reg[297]
            (rising edge-triggered flip-flop clocked by CLK)
  Path Group: VX_issue_IN
  Path Type: max

  Des/Clust/Port     Wire Load Model       Library
  ------------------------------------------------
  VX_issue           5K_hvratio_1_1        NangateOpenCellLibrary_tt1p1v25c

  Point                                                   Incr       Path
  --------------------------------------------------------------------------
  clock CLK (rise edge)                                   0.00       0.00
  clock network delay (ideal)                             0.00       0.00
  input external delay                                    1.20       1.20 f
  dispatch_if[0].ready (in)                               0.01       1.21 f
  U143807/ZN (NOR2_X1)                                    0.16       1.36 r
  U95220/Z (CLKBUF_X2)                                    0.20       1.56 r
  U97988/Z (CLKBUF_X1)                                    0.14       1.70 r
  U171526/ZN (NOR2_X1)                                    0.07       1.77 f
  U97906/Z (CLKBUF_X1)                                    0.19       1.96 f
  U95215/Z (CLKBUF_X2)                                    0.23       2.18 f
  U95248/Z (CLKBUF_X2)                                    0.23       2.42 f
  U171677/ZN (AOI22_X1)                                   0.12       2.54 r
  U171678/ZN (OAI21_X1)                                   0.04       2.57 f
  g_slices[0].issue_slice/dispatch/g_buffers[0].buffer/g_eb2.stream_buffer/g_buffer.data_out_r_reg[297]/D (DFF_X1)
                                                          0.01       2.58 f
  data arrival time                                                  2.58

  clock CLK (rise edge)                                   4.00       4.00
  clock network delay (ideal)                             0.00       4.00
  clock uncertainty                                      -0.25       3.75
  g_slices[0].issue_slice/dispatch/g_buffers[0].buffer/g_eb2.stream_buffer/g_buffer.data_out_r_reg[297]/CK (DFF_X1)
                                                          0.00       3.75 r
  library setup time                                     -0.03       3.72
  data required time                                                 3.72
  --------------------------------------------------------------------------
  data required time                                                 3.72
  data arrival time                                                 -2.58
  --------------------------------------------------------------------------
  slack (MET)                                                        1.14


  Startpoint: dispatch_if[0].ready
              (input port clocked by CLK)
  Endpoint: g_slices[0].issue_slice/dispatch/g_buffers[0].buffer/g_eb2.stream_buffer/g_buffer.data_out_r_reg[298]
            (rising edge-triggered flip-flop clocked by CLK)
  Path Group: VX_issue_IN
  Path Type: max

  Des/Clust/Port     Wire Load Model       Library
  ------------------------------------------------
  VX_issue           5K_hvratio_1_1        NangateOpenCellLibrary_tt1p1v25c

  Point                                                   Incr       Path
  --------------------------------------------------------------------------
  clock CLK (rise edge)                                   0.00       0.00
  clock network delay (ideal)                             0.00       0.00
  input external delay                                    1.20       1.20 f
  dispatch_if[0].ready (in)                               0.01       1.21 f
  U143807/ZN (NOR2_X1)                                    0.16       1.36 r
  U95220/Z (CLKBUF_X2)                                    0.20       1.56 r
  U97988/Z (CLKBUF_X1)                                    0.14       1.70 r
  U171526/ZN (NOR2_X1)                                    0.07       1.77 f
  U97906/Z (CLKBUF_X1)                                    0.19       1.96 f
  U95215/Z (CLKBUF_X2)                                    0.23       2.18 f
  U95248/Z (CLKBUF_X2)                                    0.23       2.42 f
  U171679/ZN (AOI22_X1)                                   0.12       2.54 r
  U171680/ZN (OAI21_X1)                                   0.04       2.57 f
  g_slices[0].issue_slice/dispatch/g_buffers[0].buffer/g_eb2.stream_buffer/g_buffer.data_out_r_reg[298]/D (DFF_X1)
                                                          0.01       2.58 f
  data arrival time                                                  2.58

  clock CLK (rise edge)                                   4.00       4.00
  clock network delay (ideal)                             0.00       4.00
  clock uncertainty                                      -0.25       3.75
  g_slices[0].issue_slice/dispatch/g_buffers[0].buffer/g_eb2.stream_buffer/g_buffer.data_out_r_reg[298]/CK (DFF_X1)
                                                          0.00       3.75 r
  library setup time                                     -0.03       3.72
  data required time                                                 3.72
  --------------------------------------------------------------------------
  data required time                                                 3.72
  data arrival time                                                 -2.58
  --------------------------------------------------------------------------
  slack (MET)                                                        1.14


  Startpoint: dispatch_if[0].ready
              (input port clocked by CLK)
  Endpoint: g_slices[0].issue_slice/dispatch/g_buffers[0].buffer/g_eb2.stream_buffer/g_buffer.data_out_r_reg[299]
            (rising edge-triggered flip-flop clocked by CLK)
  Path Group: VX_issue_IN
  Path Type: max

  Des/Clust/Port     Wire Load Model       Library
  ------------------------------------------------
  VX_issue           5K_hvratio_1_1        NangateOpenCellLibrary_tt1p1v25c

  Point                                                   Incr       Path
  --------------------------------------------------------------------------
  clock CLK (rise edge)                                   0.00       0.00
  clock network delay (ideal)                             0.00       0.00
  input external delay                                    1.20       1.20 f
  dispatch_if[0].ready (in)                               0.01       1.21 f
  U143807/ZN (NOR2_X1)                                    0.16       1.36 r
  U95220/Z (CLKBUF_X2)                                    0.20       1.56 r
  U97988/Z (CLKBUF_X1)                                    0.14       1.70 r
  U171526/ZN (NOR2_X1)                                    0.07       1.77 f
  U97906/Z (CLKBUF_X1)                                    0.19       1.96 f
  U95215/Z (CLKBUF_X2)                                    0.23       2.18 f
  U95248/Z (CLKBUF_X2)                                    0.23       2.42 f
  U171681/ZN (AOI22_X1)                                   0.12       2.54 r
  U171682/ZN (OAI21_X1)                                   0.04       2.57 f
  g_slices[0].issue_slice/dispatch/g_buffers[0].buffer/g_eb2.stream_buffer/g_buffer.data_out_r_reg[299]/D (DFF_X1)
                                                          0.01       2.58 f
  data arrival time                                                  2.58

  clock CLK (rise edge)                                   4.00       4.00
  clock network delay (ideal)                             0.00       4.00
  clock uncertainty                                      -0.25       3.75
  g_slices[0].issue_slice/dispatch/g_buffers[0].buffer/g_eb2.stream_buffer/g_buffer.data_out_r_reg[299]/CK (DFF_X1)
                                                          0.00       3.75 r
  library setup time                                     -0.03       3.72
  data required time                                                 3.72
  --------------------------------------------------------------------------
  data required time                                                 3.72
  data arrival time                                                 -2.58
  --------------------------------------------------------------------------
  slack (MET)                                                        1.14


  Startpoint: dispatch_if[0].ready
              (input port clocked by CLK)
  Endpoint: g_slices[0].issue_slice/dispatch/g_buffers[0].buffer/g_eb2.stream_buffer/g_buffer.data_out_r_reg[300]
            (rising edge-triggered flip-flop clocked by CLK)
  Path Group: VX_issue_IN
  Path Type: max

  Des/Clust/Port     Wire Load Model       Library
  ------------------------------------------------
  VX_issue           5K_hvratio_1_1        NangateOpenCellLibrary_tt1p1v25c

  Point                                                   Incr       Path
  --------------------------------------------------------------------------
  clock CLK (rise edge)                                   0.00       0.00
  clock network delay (ideal)                             0.00       0.00
  input external delay                                    1.20       1.20 f
  dispatch_if[0].ready (in)                               0.01       1.21 f
  U143807/ZN (NOR2_X1)                                    0.16       1.36 r
  U95220/Z (CLKBUF_X2)                                    0.20       1.56 r
  U97988/Z (CLKBUF_X1)                                    0.14       1.70 r
  U171526/ZN (NOR2_X1)                                    0.07       1.77 f
  U97906/Z (CLKBUF_X1)                                    0.19       1.96 f
  U95215/Z (CLKBUF_X2)                                    0.23       2.18 f
  U95248/Z (CLKBUF_X2)                                    0.23       2.42 f
  U171683/ZN (AOI22_X1)                                   0.12       2.54 r
  U171684/ZN (OAI21_X1)                                   0.04       2.57 f
  g_slices[0].issue_slice/dispatch/g_buffers[0].buffer/g_eb2.stream_buffer/g_buffer.data_out_r_reg[300]/D (DFF_X1)
                                                          0.01       2.58 f
  data arrival time                                                  2.58

  clock CLK (rise edge)                                   4.00       4.00
  clock network delay (ideal)                             0.00       4.00
  clock uncertainty                                      -0.25       3.75
  g_slices[0].issue_slice/dispatch/g_buffers[0].buffer/g_eb2.stream_buffer/g_buffer.data_out_r_reg[300]/CK (DFF_X1)
                                                          0.00       3.75 r
  library setup time                                     -0.03       3.72
  data required time                                                 3.72
  --------------------------------------------------------------------------
  data required time                                                 3.72
  data arrival time                                                 -2.58
  --------------------------------------------------------------------------
  slack (MET)                                                        1.14


  Startpoint: dispatch_if[0].ready
              (input port clocked by CLK)
  Endpoint: g_slices[0].issue_slice/dispatch/g_buffers[0].buffer/g_eb2.stream_buffer/g_buffer.data_out_r_reg[301]
            (rising edge-triggered flip-flop clocked by CLK)
  Path Group: VX_issue_IN
  Path Type: max

  Des/Clust/Port     Wire Load Model       Library
  ------------------------------------------------
  VX_issue           5K_hvratio_1_1        NangateOpenCellLibrary_tt1p1v25c

  Point                                                   Incr       Path
  --------------------------------------------------------------------------
  clock CLK (rise edge)                                   0.00       0.00
  clock network delay (ideal)                             0.00       0.00
  input external delay                                    1.20       1.20 f
  dispatch_if[0].ready (in)                               0.01       1.21 f
  U143807/ZN (NOR2_X1)                                    0.16       1.36 r
  U95220/Z (CLKBUF_X2)                                    0.20       1.56 r
  U97988/Z (CLKBUF_X1)                                    0.14       1.70 r
  U171526/ZN (NOR2_X1)                                    0.07       1.77 f
  U97906/Z (CLKBUF_X1)                                    0.19       1.96 f
  U95215/Z (CLKBUF_X2)                                    0.23       2.18 f
  U95248/Z (CLKBUF_X2)                                    0.23       2.42 f
  U171685/ZN (AOI22_X1)                                   0.12       2.54 r
  U171686/ZN (OAI21_X1)                                   0.04       2.57 f
  g_slices[0].issue_slice/dispatch/g_buffers[0].buffer/g_eb2.stream_buffer/g_buffer.data_out_r_reg[301]/D (DFF_X1)
                                                          0.01       2.58 f
  data arrival time                                                  2.58

  clock CLK (rise edge)                                   4.00       4.00
  clock network delay (ideal)                             0.00       4.00
  clock uncertainty                                      -0.25       3.75
  g_slices[0].issue_slice/dispatch/g_buffers[0].buffer/g_eb2.stream_buffer/g_buffer.data_out_r_reg[301]/CK (DFF_X1)
                                                          0.00       3.75 r
  library setup time                                     -0.03       3.72
  data required time                                                 3.72
  --------------------------------------------------------------------------
  data required time                                                 3.72
  data arrival time                                                 -2.58
  --------------------------------------------------------------------------
  slack (MET)                                                        1.14


  Startpoint: dispatch_if[0].ready
              (input port clocked by CLK)
  Endpoint: g_slices[0].issue_slice/dispatch/g_buffers[0].buffer/g_eb2.stream_buffer/g_buffer.data_out_r_reg[302]
            (rising edge-triggered flip-flop clocked by CLK)
  Path Group: VX_issue_IN
  Path Type: max

  Des/Clust/Port     Wire Load Model       Library
  ------------------------------------------------
  VX_issue           5K_hvratio_1_1        NangateOpenCellLibrary_tt1p1v25c

  Point                                                   Incr       Path
  --------------------------------------------------------------------------
  clock CLK (rise edge)                                   0.00       0.00
  clock network delay (ideal)                             0.00       0.00
  input external delay                                    1.20       1.20 f
  dispatch_if[0].ready (in)                               0.01       1.21 f
  U143807/ZN (NOR2_X1)                                    0.16       1.36 r
  U95220/Z (CLKBUF_X2)                                    0.20       1.56 r
  U97988/Z (CLKBUF_X1)                                    0.14       1.70 r
  U171526/ZN (NOR2_X1)                                    0.07       1.77 f
  U97906/Z (CLKBUF_X1)                                    0.19       1.96 f
  U95215/Z (CLKBUF_X2)                                    0.23       2.18 f
  U95248/Z (CLKBUF_X2)                                    0.23       2.42 f
  U171687/ZN (AOI22_X1)                                   0.12       2.54 r
  U171688/ZN (OAI21_X1)                                   0.04       2.57 f
  g_slices[0].issue_slice/dispatch/g_buffers[0].buffer/g_eb2.stream_buffer/g_buffer.data_out_r_reg[302]/D (DFF_X1)
                                                          0.01       2.58 f
  data arrival time                                                  2.58

  clock CLK (rise edge)                                   4.00       4.00
  clock network delay (ideal)                             0.00       4.00
  clock uncertainty                                      -0.25       3.75
  g_slices[0].issue_slice/dispatch/g_buffers[0].buffer/g_eb2.stream_buffer/g_buffer.data_out_r_reg[302]/CK (DFF_X1)
                                                          0.00       3.75 r
  library setup time                                     -0.03       3.72
  data required time                                                 3.72
  --------------------------------------------------------------------------
  data required time                                                 3.72
  data arrival time                                                 -2.58
  --------------------------------------------------------------------------
  slack (MET)                                                        1.14


  Startpoint: dispatch_if[0].ready
              (input port clocked by CLK)
  Endpoint: g_slices[0].issue_slice/dispatch/g_buffers[0].buffer/g_eb2.stream_buffer/g_buffer.data_out_r_reg[303]
            (rising edge-triggered flip-flop clocked by CLK)
  Path Group: VX_issue_IN
  Path Type: max

  Des/Clust/Port     Wire Load Model       Library
  ------------------------------------------------
  VX_issue           5K_hvratio_1_1        NangateOpenCellLibrary_tt1p1v25c

  Point                                                   Incr       Path
  --------------------------------------------------------------------------
  clock CLK (rise edge)                                   0.00       0.00
  clock network delay (ideal)                             0.00       0.00
  input external delay                                    1.20       1.20 f
  dispatch_if[0].ready (in)                               0.01       1.21 f
  U143807/ZN (NOR2_X1)                                    0.16       1.36 r
  U95220/Z (CLKBUF_X2)                                    0.20       1.56 r
  U97988/Z (CLKBUF_X1)                                    0.14       1.70 r
  U171526/ZN (NOR2_X1)                                    0.07       1.77 f
  U97906/Z (CLKBUF_X1)                                    0.19       1.96 f
  U95215/Z (CLKBUF_X2)                                    0.23       2.18 f
  U95248/Z (CLKBUF_X2)                                    0.23       2.42 f
  U171689/ZN (AOI22_X1)                                   0.12       2.54 r
  U171690/ZN (OAI21_X1)                                   0.04       2.57 f
  g_slices[0].issue_slice/dispatch/g_buffers[0].buffer/g_eb2.stream_buffer/g_buffer.data_out_r_reg[303]/D (DFF_X1)
                                                          0.01       2.58 f
  data arrival time                                                  2.58

  clock CLK (rise edge)                                   4.00       4.00
  clock network delay (ideal)                             0.00       4.00
  clock uncertainty                                      -0.25       3.75
  g_slices[0].issue_slice/dispatch/g_buffers[0].buffer/g_eb2.stream_buffer/g_buffer.data_out_r_reg[303]/CK (DFF_X1)
                                                          0.00       3.75 r
  library setup time                                     -0.03       3.72
  data required time                                                 3.72
  --------------------------------------------------------------------------
  data required time                                                 3.72
  data arrival time                                                 -2.58
  --------------------------------------------------------------------------
  slack (MET)                                                        1.14


  Startpoint: dispatch_if[0].ready
              (input port clocked by CLK)
  Endpoint: g_slices[0].issue_slice/dispatch/g_buffers[0].buffer/g_eb2.stream_buffer/g_buffer.data_out_r_reg[304]
            (rising edge-triggered flip-flop clocked by CLK)
  Path Group: VX_issue_IN
  Path Type: max

  Des/Clust/Port     Wire Load Model       Library
  ------------------------------------------------
  VX_issue           5K_hvratio_1_1        NangateOpenCellLibrary_tt1p1v25c

  Point                                                   Incr       Path
  --------------------------------------------------------------------------
  clock CLK (rise edge)                                   0.00       0.00
  clock network delay (ideal)                             0.00       0.00
  input external delay                                    1.20       1.20 f
  dispatch_if[0].ready (in)                               0.01       1.21 f
  U143807/ZN (NOR2_X1)                                    0.16       1.36 r
  U95220/Z (CLKBUF_X2)                                    0.20       1.56 r
  U97988/Z (CLKBUF_X1)                                    0.14       1.70 r
  U171526/ZN (NOR2_X1)                                    0.07       1.77 f
  U97906/Z (CLKBUF_X1)                                    0.19       1.96 f
  U95215/Z (CLKBUF_X2)                                    0.23       2.18 f
  U95248/Z (CLKBUF_X2)                                    0.23       2.42 f
  U171691/ZN (AOI22_X1)                                   0.12       2.54 r
  U171692/ZN (OAI21_X1)                                   0.04       2.57 f
  g_slices[0].issue_slice/dispatch/g_buffers[0].buffer/g_eb2.stream_buffer/g_buffer.data_out_r_reg[304]/D (DFF_X1)
                                                          0.01       2.58 f
  data arrival time                                                  2.58

  clock CLK (rise edge)                                   4.00       4.00
  clock network delay (ideal)                             0.00       4.00
  clock uncertainty                                      -0.25       3.75
  g_slices[0].issue_slice/dispatch/g_buffers[0].buffer/g_eb2.stream_buffer/g_buffer.data_out_r_reg[304]/CK (DFF_X1)
                                                          0.00       3.75 r
  library setup time                                     -0.03       3.72
  data required time                                                 3.72
  --------------------------------------------------------------------------
  data required time                                                 3.72
  data arrival time                                                 -2.58
  --------------------------------------------------------------------------
  slack (MET)                                                        1.14


  Startpoint: dispatch_if[0].ready
              (input port clocked by CLK)
  Endpoint: g_slices[0].issue_slice/dispatch/g_buffers[0].buffer/g_eb2.stream_buffer/g_buffer.data_out_r_reg[461]
            (rising edge-triggered flip-flop clocked by CLK)
  Path Group: VX_issue_IN
  Path Type: max

  Des/Clust/Port     Wire Load Model       Library
  ------------------------------------------------
  VX_issue           5K_hvratio_1_1        NangateOpenCellLibrary_tt1p1v25c

  Point                                                   Incr       Path
  --------------------------------------------------------------------------
  clock CLK (rise edge)                                   0.00       0.00
  clock network delay (ideal)                             0.00       0.00
  input external delay                                    1.20       1.20 f
  dispatch_if[0].ready (in)                               0.01       1.21 f
  U143807/ZN (NOR2_X1)                                    0.16       1.36 r
  U95220/Z (CLKBUF_X2)                                    0.20       1.56 r
  U97988/Z (CLKBUF_X1)                                    0.14       1.70 r
  U171526/ZN (NOR2_X1)                                    0.07       1.77 f
  U97906/Z (CLKBUF_X1)                                    0.19       1.96 f
  U95215/Z (CLKBUF_X2)                                    0.23       2.18 f
  U95248/Z (CLKBUF_X2)                                    0.23       2.42 f
  U171657/ZN (AOI22_X1)                                   0.12       2.54 r
  U171658/ZN (OAI21_X1)                                   0.04       2.57 f
  g_slices[0].issue_slice/dispatch/g_buffers[0].buffer/g_eb2.stream_buffer/g_buffer.data_out_r_reg[461]/D (DFF_X1)
                                                          0.01       2.58 f
  data arrival time                                                  2.58

  clock CLK (rise edge)                                   4.00       4.00
  clock network delay (ideal)                             0.00       4.00
  clock uncertainty                                      -0.25       3.75
  g_slices[0].issue_slice/dispatch/g_buffers[0].buffer/g_eb2.stream_buffer/g_buffer.data_out_r_reg[461]/CK (DFF_X1)
                                                          0.00       3.75 r
  library setup time                                     -0.03       3.72
  data required time                                                 3.72
  --------------------------------------------------------------------------
  data required time                                                 3.72
  data arrival time                                                 -2.58
  --------------------------------------------------------------------------
  slack (MET)                                                        1.14


  Startpoint: dispatch_if[0].ready
              (input port clocked by CLK)
  Endpoint: g_slices[0].issue_slice/dispatch/g_buffers[0].buffer/g_eb2.stream_buffer/g_buffer.data_out_r_reg[309]
            (rising edge-triggered flip-flop clocked by CLK)
  Path Group: VX_issue_IN
  Path Type: max

  Des/Clust/Port     Wire Load Model       Library
  ------------------------------------------------
  VX_issue           5K_hvratio_1_1        NangateOpenCellLibrary_tt1p1v25c

  Point                                                   Incr       Path
  --------------------------------------------------------------------------
  clock CLK (rise edge)                                   0.00       0.00
  clock network delay (ideal)                             0.00       0.00
  input external delay                                    1.20       1.20 f
  dispatch_if[0].ready (in)                               0.01       1.21 f
  U143807/ZN (NOR2_X1)                                    0.16       1.36 r
  U95220/Z (CLKBUF_X2)                                    0.20       1.56 r
  U97988/Z (CLKBUF_X1)                                    0.14       1.70 r
  U171526/ZN (NOR2_X1)                                    0.07       1.77 f
  U97906/Z (CLKBUF_X1)                                    0.19       1.96 f
  U95215/Z (CLKBUF_X2)                                    0.23       2.18 f
  U95248/Z (CLKBUF_X2)                                    0.23       2.42 f
  U171701/ZN (AOI22_X1)                                   0.12       2.54 r
  U171702/ZN (OAI21_X1)                                   0.04       2.57 f
  g_slices[0].issue_slice/dispatch/g_buffers[0].buffer/g_eb2.stream_buffer/g_buffer.data_out_r_reg[309]/D (DFF_X1)
                                                          0.01       2.58 f
  data arrival time                                                  2.58

  clock CLK (rise edge)                                   4.00       4.00
  clock network delay (ideal)                             0.00       4.00
  clock uncertainty                                      -0.25       3.75
  g_slices[0].issue_slice/dispatch/g_buffers[0].buffer/g_eb2.stream_buffer/g_buffer.data_out_r_reg[309]/CK (DFF_X1)
                                                          0.00       3.75 r
  library setup time                                     -0.03       3.72
  data required time                                                 3.72
  --------------------------------------------------------------------------
  data required time                                                 3.72
  data arrival time                                                 -2.58
  --------------------------------------------------------------------------
  slack (MET)                                                        1.14


  Startpoint: dispatch_if[0].ready
              (input port clocked by CLK)
  Endpoint: g_slices[0].issue_slice/dispatch/g_buffers[0].buffer/g_eb2.stream_buffer/g_buffer.data_out_r_reg[310]
            (rising edge-triggered flip-flop clocked by CLK)
  Path Group: VX_issue_IN
  Path Type: max

  Des/Clust/Port     Wire Load Model       Library
  ------------------------------------------------
  VX_issue           5K_hvratio_1_1        NangateOpenCellLibrary_tt1p1v25c

  Point                                                   Incr       Path
  --------------------------------------------------------------------------
  clock CLK (rise edge)                                   0.00       0.00
  clock network delay (ideal)                             0.00       0.00
  input external delay                                    1.20       1.20 f
  dispatch_if[0].ready (in)                               0.01       1.21 f
  U143807/ZN (NOR2_X1)                                    0.16       1.36 r
  U95220/Z (CLKBUF_X2)                                    0.20       1.56 r
  U97988/Z (CLKBUF_X1)                                    0.14       1.70 r
  U171526/ZN (NOR2_X1)                                    0.07       1.77 f
  U97906/Z (CLKBUF_X1)                                    0.19       1.96 f
  U95215/Z (CLKBUF_X2)                                    0.23       2.18 f
  U95248/Z (CLKBUF_X2)                                    0.23       2.42 f
  U171703/ZN (AOI22_X1)                                   0.12       2.54 r
  U171704/ZN (OAI21_X1)                                   0.04       2.57 f
  g_slices[0].issue_slice/dispatch/g_buffers[0].buffer/g_eb2.stream_buffer/g_buffer.data_out_r_reg[310]/D (DFF_X1)
                                                          0.01       2.58 f
  data arrival time                                                  2.58

  clock CLK (rise edge)                                   4.00       4.00
  clock network delay (ideal)                             0.00       4.00
  clock uncertainty                                      -0.25       3.75
  g_slices[0].issue_slice/dispatch/g_buffers[0].buffer/g_eb2.stream_buffer/g_buffer.data_out_r_reg[310]/CK (DFF_X1)
                                                          0.00       3.75 r
  library setup time                                     -0.03       3.72
  data required time                                                 3.72
  --------------------------------------------------------------------------
  data required time                                                 3.72
  data arrival time                                                 -2.58
  --------------------------------------------------------------------------
  slack (MET)                                                        1.14


  Startpoint: dispatch_if[0].ready
              (input port clocked by CLK)
  Endpoint: g_slices[0].issue_slice/dispatch/g_buffers[0].buffer/g_eb2.stream_buffer/g_buffer.data_out_r_reg[311]
            (rising edge-triggered flip-flop clocked by CLK)
  Path Group: VX_issue_IN
  Path Type: max

  Des/Clust/Port     Wire Load Model       Library
  ------------------------------------------------
  VX_issue           5K_hvratio_1_1        NangateOpenCellLibrary_tt1p1v25c

  Point                                                   Incr       Path
  --------------------------------------------------------------------------
  clock CLK (rise edge)                                   0.00       0.00
  clock network delay (ideal)                             0.00       0.00
  input external delay                                    1.20       1.20 f
  dispatch_if[0].ready (in)                               0.01       1.21 f
  U143807/ZN (NOR2_X1)                                    0.16       1.36 r
  U95220/Z (CLKBUF_X2)                                    0.20       1.56 r
  U97988/Z (CLKBUF_X1)                                    0.14       1.70 r
  U171526/ZN (NOR2_X1)                                    0.07       1.77 f
  U97906/Z (CLKBUF_X1)                                    0.19       1.96 f
  U95215/Z (CLKBUF_X2)                                    0.23       2.18 f
  U95248/Z (CLKBUF_X2)                                    0.23       2.42 f
  U171705/ZN (AOI22_X1)                                   0.12       2.54 r
  U171706/ZN (OAI21_X1)                                   0.04       2.57 f
  g_slices[0].issue_slice/dispatch/g_buffers[0].buffer/g_eb2.stream_buffer/g_buffer.data_out_r_reg[311]/D (DFF_X1)
                                                          0.01       2.58 f
  data arrival time                                                  2.58

  clock CLK (rise edge)                                   4.00       4.00
  clock network delay (ideal)                             0.00       4.00
  clock uncertainty                                      -0.25       3.75
  g_slices[0].issue_slice/dispatch/g_buffers[0].buffer/g_eb2.stream_buffer/g_buffer.data_out_r_reg[311]/CK (DFF_X1)
                                                          0.00       3.75 r
  library setup time                                     -0.03       3.72
  data required time                                                 3.72
  --------------------------------------------------------------------------
  data required time                                                 3.72
  data arrival time                                                 -2.58
  --------------------------------------------------------------------------
  slack (MET)                                                        1.14


  Startpoint: dispatch_if[0].ready
              (input port clocked by CLK)
  Endpoint: g_slices[0].issue_slice/dispatch/g_buffers[0].buffer/g_eb2.stream_buffer/g_buffer.data_out_r_reg[312]
            (rising edge-triggered flip-flop clocked by CLK)
  Path Group: VX_issue_IN
  Path Type: max

  Des/Clust/Port     Wire Load Model       Library
  ------------------------------------------------
  VX_issue           5K_hvratio_1_1        NangateOpenCellLibrary_tt1p1v25c

  Point                                                   Incr       Path
  --------------------------------------------------------------------------
  clock CLK (rise edge)                                   0.00       0.00
  clock network delay (ideal)                             0.00       0.00
  input external delay                                    1.20       1.20 f
  dispatch_if[0].ready (in)                               0.01       1.21 f
  U143807/ZN (NOR2_X1)                                    0.16       1.36 r
  U95220/Z (CLKBUF_X2)                                    0.20       1.56 r
  U97988/Z (CLKBUF_X1)                                    0.14       1.70 r
  U171526/ZN (NOR2_X1)                                    0.07       1.77 f
  U97906/Z (CLKBUF_X1)                                    0.19       1.96 f
  U95215/Z (CLKBUF_X2)                                    0.23       2.18 f
  U95248/Z (CLKBUF_X2)                                    0.23       2.42 f
  U171707/ZN (AOI22_X1)                                   0.12       2.54 r
  U171708/ZN (OAI21_X1)                                   0.04       2.57 f
  g_slices[0].issue_slice/dispatch/g_buffers[0].buffer/g_eb2.stream_buffer/g_buffer.data_out_r_reg[312]/D (DFF_X1)
                                                          0.01       2.58 f
  data arrival time                                                  2.58

  clock CLK (rise edge)                                   4.00       4.00
  clock network delay (ideal)                             0.00       4.00
  clock uncertainty                                      -0.25       3.75
  g_slices[0].issue_slice/dispatch/g_buffers[0].buffer/g_eb2.stream_buffer/g_buffer.data_out_r_reg[312]/CK (DFF_X1)
                                                          0.00       3.75 r
  library setup time                                     -0.03       3.72
  data required time                                                 3.72
  --------------------------------------------------------------------------
  data required time                                                 3.72
  data arrival time                                                 -2.58
  --------------------------------------------------------------------------
  slack (MET)                                                        1.14


  Startpoint: dispatch_if[0].ready
              (input port clocked by CLK)
  Endpoint: g_slices[0].issue_slice/dispatch/g_buffers[0].buffer/g_eb2.stream_buffer/g_buffer.data_out_r_reg[313]
            (rising edge-triggered flip-flop clocked by CLK)
  Path Group: VX_issue_IN
  Path Type: max

  Des/Clust/Port     Wire Load Model       Library
  ------------------------------------------------
  VX_issue           5K_hvratio_1_1        NangateOpenCellLibrary_tt1p1v25c

  Point                                                   Incr       Path
  --------------------------------------------------------------------------
  clock CLK (rise edge)                                   0.00       0.00
  clock network delay (ideal)                             0.00       0.00
  input external delay                                    1.20       1.20 f
  dispatch_if[0].ready (in)                               0.01       1.21 f
  U143807/ZN (NOR2_X1)                                    0.16       1.36 r
  U95220/Z (CLKBUF_X2)                                    0.20       1.56 r
  U97988/Z (CLKBUF_X1)                                    0.14       1.70 r
  U171526/ZN (NOR2_X1)                                    0.07       1.77 f
  U97906/Z (CLKBUF_X1)                                    0.19       1.96 f
  U95215/Z (CLKBUF_X2)                                    0.23       2.18 f
  U95248/Z (CLKBUF_X2)                                    0.23       2.42 f
  U171709/ZN (AOI22_X1)                                   0.12       2.54 r
  U171710/ZN (OAI21_X1)                                   0.04       2.57 f
  g_slices[0].issue_slice/dispatch/g_buffers[0].buffer/g_eb2.stream_buffer/g_buffer.data_out_r_reg[313]/D (DFF_X1)
                                                          0.01       2.58 f
  data arrival time                                                  2.58

  clock CLK (rise edge)                                   4.00       4.00
  clock network delay (ideal)                             0.00       4.00
  clock uncertainty                                      -0.25       3.75
  g_slices[0].issue_slice/dispatch/g_buffers[0].buffer/g_eb2.stream_buffer/g_buffer.data_out_r_reg[313]/CK (DFF_X1)
                                                          0.00       3.75 r
  library setup time                                     -0.03       3.72
  data required time                                                 3.72
  --------------------------------------------------------------------------
  data required time                                                 3.72
  data arrival time                                                 -2.58
  --------------------------------------------------------------------------
  slack (MET)                                                        1.14


  Startpoint: dispatch_if[0].ready
              (input port clocked by CLK)
  Endpoint: g_slices[0].issue_slice/dispatch/g_buffers[0].buffer/g_eb2.stream_buffer/g_buffer.data_out_r_reg[314]
            (rising edge-triggered flip-flop clocked by CLK)
  Path Group: VX_issue_IN
  Path Type: max

  Des/Clust/Port     Wire Load Model       Library
  ------------------------------------------------
  VX_issue           5K_hvratio_1_1        NangateOpenCellLibrary_tt1p1v25c

  Point                                                   Incr       Path
  --------------------------------------------------------------------------
  clock CLK (rise edge)                                   0.00       0.00
  clock network delay (ideal)                             0.00       0.00
  input external delay                                    1.20       1.20 f
  dispatch_if[0].ready (in)                               0.01       1.21 f
  U143807/ZN (NOR2_X1)                                    0.16       1.36 r
  U95220/Z (CLKBUF_X2)                                    0.20       1.56 r
  U97988/Z (CLKBUF_X1)                                    0.14       1.70 r
  U171526/ZN (NOR2_X1)                                    0.07       1.77 f
  U97906/Z (CLKBUF_X1)                                    0.19       1.96 f
  U95215/Z (CLKBUF_X2)                                    0.23       2.18 f
  U95248/Z (CLKBUF_X2)                                    0.23       2.42 f
  U171711/ZN (AOI22_X1)                                   0.12       2.54 r
  U171712/ZN (OAI21_X1)                                   0.04       2.57 f
  g_slices[0].issue_slice/dispatch/g_buffers[0].buffer/g_eb2.stream_buffer/g_buffer.data_out_r_reg[314]/D (DFF_X1)
                                                          0.01       2.58 f
  data arrival time                                                  2.58

  clock CLK (rise edge)                                   4.00       4.00
  clock network delay (ideal)                             0.00       4.00
  clock uncertainty                                      -0.25       3.75
  g_slices[0].issue_slice/dispatch/g_buffers[0].buffer/g_eb2.stream_buffer/g_buffer.data_out_r_reg[314]/CK (DFF_X1)
                                                          0.00       3.75 r
  library setup time                                     -0.03       3.72
  data required time                                                 3.72
  --------------------------------------------------------------------------
  data required time                                                 3.72
  data arrival time                                                 -2.58
  --------------------------------------------------------------------------
  slack (MET)                                                        1.14


  Startpoint: dispatch_if[0].ready
              (input port clocked by CLK)
  Endpoint: g_slices[0].issue_slice/dispatch/g_buffers[0].buffer/g_eb2.stream_buffer/g_buffer.data_out_r_reg[315]
            (rising edge-triggered flip-flop clocked by CLK)
  Path Group: VX_issue_IN
  Path Type: max

  Des/Clust/Port     Wire Load Model       Library
  ------------------------------------------------
  VX_issue           5K_hvratio_1_1        NangateOpenCellLibrary_tt1p1v25c

  Point                                                   Incr       Path
  --------------------------------------------------------------------------
  clock CLK (rise edge)                                   0.00       0.00
  clock network delay (ideal)                             0.00       0.00
  input external delay                                    1.20       1.20 f
  dispatch_if[0].ready (in)                               0.01       1.21 f
  U143807/ZN (NOR2_X1)                                    0.16       1.36 r
  U95220/Z (CLKBUF_X2)                                    0.20       1.56 r
  U97988/Z (CLKBUF_X1)                                    0.14       1.70 r
  U171526/ZN (NOR2_X1)                                    0.07       1.77 f
  U97906/Z (CLKBUF_X1)                                    0.19       1.96 f
  U95215/Z (CLKBUF_X2)                                    0.23       2.18 f
  U95248/Z (CLKBUF_X2)                                    0.23       2.42 f
  U171713/ZN (AOI22_X1)                                   0.12       2.54 r
  U171714/ZN (OAI21_X1)                                   0.04       2.57 f
  g_slices[0].issue_slice/dispatch/g_buffers[0].buffer/g_eb2.stream_buffer/g_buffer.data_out_r_reg[315]/D (DFF_X1)
                                                          0.01       2.58 f
  data arrival time                                                  2.58

  clock CLK (rise edge)                                   4.00       4.00
  clock network delay (ideal)                             0.00       4.00
  clock uncertainty                                      -0.25       3.75
  g_slices[0].issue_slice/dispatch/g_buffers[0].buffer/g_eb2.stream_buffer/g_buffer.data_out_r_reg[315]/CK (DFF_X1)
                                                          0.00       3.75 r
  library setup time                                     -0.03       3.72
  data required time                                                 3.72
  --------------------------------------------------------------------------
  data required time                                                 3.72
  data arrival time                                                 -2.58
  --------------------------------------------------------------------------
  slack (MET)                                                        1.14


  Startpoint: dispatch_if[0].ready
              (input port clocked by CLK)
  Endpoint: g_slices[0].issue_slice/dispatch/g_buffers[0].buffer/g_eb2.stream_buffer/g_buffer.data_out_r_reg[316]
            (rising edge-triggered flip-flop clocked by CLK)
  Path Group: VX_issue_IN
  Path Type: max

  Des/Clust/Port     Wire Load Model       Library
  ------------------------------------------------
  VX_issue           5K_hvratio_1_1        NangateOpenCellLibrary_tt1p1v25c

  Point                                                   Incr       Path
  --------------------------------------------------------------------------
  clock CLK (rise edge)                                   0.00       0.00
  clock network delay (ideal)                             0.00       0.00
  input external delay                                    1.20       1.20 f
  dispatch_if[0].ready (in)                               0.01       1.21 f
  U143807/ZN (NOR2_X1)                                    0.16       1.36 r
  U95220/Z (CLKBUF_X2)                                    0.20       1.56 r
  U97988/Z (CLKBUF_X1)                                    0.14       1.70 r
  U171526/ZN (NOR2_X1)                                    0.07       1.77 f
  U97906/Z (CLKBUF_X1)                                    0.19       1.96 f
  U95215/Z (CLKBUF_X2)                                    0.23       2.18 f
  U95248/Z (CLKBUF_X2)                                    0.23       2.42 f
  U171715/ZN (AOI22_X1)                                   0.12       2.54 r
  U171716/ZN (OAI21_X1)                                   0.04       2.57 f
  g_slices[0].issue_slice/dispatch/g_buffers[0].buffer/g_eb2.stream_buffer/g_buffer.data_out_r_reg[316]/D (DFF_X1)
                                                          0.01       2.58 f
  data arrival time                                                  2.58

  clock CLK (rise edge)                                   4.00       4.00
  clock network delay (ideal)                             0.00       4.00
  clock uncertainty                                      -0.25       3.75
  g_slices[0].issue_slice/dispatch/g_buffers[0].buffer/g_eb2.stream_buffer/g_buffer.data_out_r_reg[316]/CK (DFF_X1)
                                                          0.00       3.75 r
  library setup time                                     -0.03       3.72
  data required time                                                 3.72
  --------------------------------------------------------------------------
  data required time                                                 3.72
  data arrival time                                                 -2.58
  --------------------------------------------------------------------------
  slack (MET)                                                        1.14


  Startpoint: dispatch_if[0].ready
              (input port clocked by CLK)
  Endpoint: g_slices[0].issue_slice/dispatch/g_buffers[0].buffer/g_eb2.stream_buffer/g_buffer.data_out_r_reg[49]
            (rising edge-triggered flip-flop clocked by CLK)
  Path Group: VX_issue_IN
  Path Type: max

  Des/Clust/Port     Wire Load Model       Library
  ------------------------------------------------
  VX_issue           5K_hvratio_1_1        NangateOpenCellLibrary_tt1p1v25c

  Point                                                   Incr       Path
  --------------------------------------------------------------------------
  clock CLK (rise edge)                                   0.00       0.00
  clock network delay (ideal)                             0.00       0.00
  input external delay                                    1.20       1.20 f
  dispatch_if[0].ready (in)                               0.01       1.21 f
  U143807/ZN (NOR2_X1)                                    0.16       1.36 r
  U95220/Z (CLKBUF_X2)                                    0.20       1.56 r
  U97988/Z (CLKBUF_X1)                                    0.14       1.70 r
  U171526/ZN (NOR2_X1)                                    0.07       1.77 f
  U97906/Z (CLKBUF_X1)                                    0.19       1.96 f
  U95215/Z (CLKBUF_X2)                                    0.23       2.18 f
  U95248/Z (CLKBUF_X2)                                    0.23       2.42 f
  U172370/ZN (AOI22_X1)                                   0.12       2.54 r
  U172371/ZN (OAI21_X1)                                   0.04       2.57 f
  g_slices[0].issue_slice/dispatch/g_buffers[0].buffer/g_eb2.stream_buffer/g_buffer.data_out_r_reg[49]/D (DFF_X1)
                                                          0.01       2.58 f
  data arrival time                                                  2.58

  clock CLK (rise edge)                                   4.00       4.00
  clock network delay (ideal)                             0.00       4.00
  clock uncertainty                                      -0.25       3.75
  g_slices[0].issue_slice/dispatch/g_buffers[0].buffer/g_eb2.stream_buffer/g_buffer.data_out_r_reg[49]/CK (DFF_X1)
                                                          0.00       3.75 r
  library setup time                                     -0.03       3.72
  data required time                                                 3.72
  --------------------------------------------------------------------------
  data required time                                                 3.72
  data arrival time                                                 -2.58
  --------------------------------------------------------------------------
  slack (MET)                                                        1.14


  Startpoint: dispatch_if[0].ready
              (input port clocked by CLK)
  Endpoint: g_slices[0].issue_slice/dispatch/g_buffers[0].buffer/g_eb2.stream_buffer/g_buffer.data_out_r_reg[57]
            (rising edge-triggered flip-flop clocked by CLK)
  Path Group: VX_issue_IN
  Path Type: max

  Des/Clust/Port     Wire Load Model       Library
  ------------------------------------------------
  VX_issue           5K_hvratio_1_1        NangateOpenCellLibrary_tt1p1v25c

  Point                                                   Incr       Path
  --------------------------------------------------------------------------
  clock CLK (rise edge)                                   0.00       0.00
  clock network delay (ideal)                             0.00       0.00
  input external delay                                    1.20       1.20 f
  dispatch_if[0].ready (in)                               0.01       1.21 f
  U143807/ZN (NOR2_X1)                                    0.16       1.36 r
  U95220/Z (CLKBUF_X2)                                    0.20       1.56 r
  U97988/Z (CLKBUF_X1)                                    0.14       1.70 r
  U171526/ZN (NOR2_X1)                                    0.07       1.77 f
  U97906/Z (CLKBUF_X1)                                    0.19       1.96 f
  U95215/Z (CLKBUF_X2)                                    0.23       2.18 f
  U95248/Z (CLKBUF_X2)                                    0.23       2.42 f
  U172386/ZN (AOI22_X1)                                   0.12       2.54 r
  U172387/ZN (OAI21_X1)                                   0.04       2.57 f
  g_slices[0].issue_slice/dispatch/g_buffers[0].buffer/g_eb2.stream_buffer/g_buffer.data_out_r_reg[57]/D (DFF_X1)
                                                          0.01       2.58 f
  data arrival time                                                  2.58

  clock CLK (rise edge)                                   4.00       4.00
  clock network delay (ideal)                             0.00       4.00
  clock uncertainty                                      -0.25       3.75
  g_slices[0].issue_slice/dispatch/g_buffers[0].buffer/g_eb2.stream_buffer/g_buffer.data_out_r_reg[57]/CK (DFF_X1)
                                                          0.00       3.75 r
  library setup time                                     -0.03       3.72
  data required time                                                 3.72
  --------------------------------------------------------------------------
  data required time                                                 3.72
  data arrival time                                                 -2.58
  --------------------------------------------------------------------------
  slack (MET)                                                        1.14


  Startpoint: dispatch_if[0].ready
              (input port clocked by CLK)
  Endpoint: g_slices[0].issue_slice/dispatch/g_buffers[0].buffer/g_eb2.stream_buffer/g_buffer.data_out_r_reg[58]
            (rising edge-triggered flip-flop clocked by CLK)
  Path Group: VX_issue_IN
  Path Type: max

  Des/Clust/Port     Wire Load Model       Library
  ------------------------------------------------
  VX_issue           5K_hvratio_1_1        NangateOpenCellLibrary_tt1p1v25c

  Point                                                   Incr       Path
  --------------------------------------------------------------------------
  clock CLK (rise edge)                                   0.00       0.00
  clock network delay (ideal)                             0.00       0.00
  input external delay                                    1.20       1.20 f
  dispatch_if[0].ready (in)                               0.01       1.21 f
  U143807/ZN (NOR2_X1)                                    0.16       1.36 r
  U95220/Z (CLKBUF_X2)                                    0.20       1.56 r
  U97988/Z (CLKBUF_X1)                                    0.14       1.70 r
  U171526/ZN (NOR2_X1)                                    0.07       1.77 f
  U97906/Z (CLKBUF_X1)                                    0.19       1.96 f
  U95215/Z (CLKBUF_X2)                                    0.23       2.18 f
  U95248/Z (CLKBUF_X2)                                    0.23       2.42 f
  U172388/ZN (AOI22_X1)                                   0.12       2.54 r
  U172389/ZN (OAI21_X1)                                   0.04       2.57 f
  g_slices[0].issue_slice/dispatch/g_buffers[0].buffer/g_eb2.stream_buffer/g_buffer.data_out_r_reg[58]/D (DFF_X1)
                                                          0.01       2.58 f
  data arrival time                                                  2.58

  clock CLK (rise edge)                                   4.00       4.00
  clock network delay (ideal)                             0.00       4.00
  clock uncertainty                                      -0.25       3.75
  g_slices[0].issue_slice/dispatch/g_buffers[0].buffer/g_eb2.stream_buffer/g_buffer.data_out_r_reg[58]/CK (DFF_X1)
                                                          0.00       3.75 r
  library setup time                                     -0.03       3.72
  data required time                                                 3.72
  --------------------------------------------------------------------------
  data required time                                                 3.72
  data arrival time                                                 -2.58
  --------------------------------------------------------------------------
  slack (MET)                                                        1.14


  Startpoint: dispatch_if[0].ready
              (input port clocked by CLK)
  Endpoint: g_slices[0].issue_slice/dispatch/g_buffers[0].buffer/g_eb2.stream_buffer/g_buffer.data_out_r_reg[60]
            (rising edge-triggered flip-flop clocked by CLK)
  Path Group: VX_issue_IN
  Path Type: max

  Des/Clust/Port     Wire Load Model       Library
  ------------------------------------------------
  VX_issue           5K_hvratio_1_1        NangateOpenCellLibrary_tt1p1v25c

  Point                                                   Incr       Path
  --------------------------------------------------------------------------
  clock CLK (rise edge)                                   0.00       0.00
  clock network delay (ideal)                             0.00       0.00
  input external delay                                    1.20       1.20 f
  dispatch_if[0].ready (in)                               0.01       1.21 f
  U143807/ZN (NOR2_X1)                                    0.16       1.36 r
  U95220/Z (CLKBUF_X2)                                    0.20       1.56 r
  U97988/Z (CLKBUF_X1)                                    0.14       1.70 r
  U171526/ZN (NOR2_X1)                                    0.07       1.77 f
  U97906/Z (CLKBUF_X1)                                    0.19       1.96 f
  U95215/Z (CLKBUF_X2)                                    0.23       2.18 f
  U95248/Z (CLKBUF_X2)                                    0.23       2.42 f
  U172392/ZN (AOI22_X1)                                   0.12       2.54 r
  U172393/ZN (OAI21_X1)                                   0.04       2.57 f
  g_slices[0].issue_slice/dispatch/g_buffers[0].buffer/g_eb2.stream_buffer/g_buffer.data_out_r_reg[60]/D (DFF_X1)
                                                          0.01       2.58 f
  data arrival time                                                  2.58

  clock CLK (rise edge)                                   4.00       4.00
  clock network delay (ideal)                             0.00       4.00
  clock uncertainty                                      -0.25       3.75
  g_slices[0].issue_slice/dispatch/g_buffers[0].buffer/g_eb2.stream_buffer/g_buffer.data_out_r_reg[60]/CK (DFF_X1)
                                                          0.00       3.75 r
  library setup time                                     -0.03       3.72
  data required time                                                 3.72
  --------------------------------------------------------------------------
  data required time                                                 3.72
  data arrival time                                                 -2.58
  --------------------------------------------------------------------------
  slack (MET)                                                        1.14


  Startpoint: dispatch_if[0].ready
              (input port clocked by CLK)
  Endpoint: g_slices[0].issue_slice/dispatch/g_buffers[0].buffer/g_eb2.stream_buffer/g_buffer.data_out_r_reg[61]
            (rising edge-triggered flip-flop clocked by CLK)
  Path Group: VX_issue_IN
  Path Type: max

  Des/Clust/Port     Wire Load Model       Library
  ------------------------------------------------
  VX_issue           5K_hvratio_1_1        NangateOpenCellLibrary_tt1p1v25c

  Point                                                   Incr       Path
  --------------------------------------------------------------------------
  clock CLK (rise edge)                                   0.00       0.00
  clock network delay (ideal)                             0.00       0.00
  input external delay                                    1.20       1.20 f
  dispatch_if[0].ready (in)                               0.01       1.21 f
  U143807/ZN (NOR2_X1)                                    0.16       1.36 r
  U95220/Z (CLKBUF_X2)                                    0.20       1.56 r
  U97988/Z (CLKBUF_X1)                                    0.14       1.70 r
  U171526/ZN (NOR2_X1)                                    0.07       1.77 f
  U97906/Z (CLKBUF_X1)                                    0.19       1.96 f
  U95215/Z (CLKBUF_X2)                                    0.23       2.18 f
  U95248/Z (CLKBUF_X2)                                    0.23       2.42 f
  U172394/ZN (AOI22_X1)                                   0.12       2.54 r
  U172395/ZN (OAI21_X1)                                   0.04       2.57 f
  g_slices[0].issue_slice/dispatch/g_buffers[0].buffer/g_eb2.stream_buffer/g_buffer.data_out_r_reg[61]/D (DFF_X1)
                                                          0.01       2.58 f
  data arrival time                                                  2.58

  clock CLK (rise edge)                                   4.00       4.00
  clock network delay (ideal)                             0.00       4.00
  clock uncertainty                                      -0.25       3.75
  g_slices[0].issue_slice/dispatch/g_buffers[0].buffer/g_eb2.stream_buffer/g_buffer.data_out_r_reg[61]/CK (DFF_X1)
                                                          0.00       3.75 r
  library setup time                                     -0.03       3.72
  data required time                                                 3.72
  --------------------------------------------------------------------------
  data required time                                                 3.72
  data arrival time                                                 -2.58
  --------------------------------------------------------------------------
  slack (MET)                                                        1.14


  Startpoint: dispatch_if[0].ready
              (input port clocked by CLK)
  Endpoint: g_slices[0].issue_slice/dispatch/g_buffers[0].buffer/g_eb2.stream_buffer/g_buffer.data_out_r_reg[66]
            (rising edge-triggered flip-flop clocked by CLK)
  Path Group: VX_issue_IN
  Path Type: max

  Des/Clust/Port     Wire Load Model       Library
  ------------------------------------------------
  VX_issue           5K_hvratio_1_1        NangateOpenCellLibrary_tt1p1v25c

  Point                                                   Incr       Path
  --------------------------------------------------------------------------
  clock CLK (rise edge)                                   0.00       0.00
  clock network delay (ideal)                             0.00       0.00
  input external delay                                    1.20       1.20 f
  dispatch_if[0].ready (in)                               0.01       1.21 f
  U143807/ZN (NOR2_X1)                                    0.16       1.36 r
  U95220/Z (CLKBUF_X2)                                    0.20       1.56 r
  U97988/Z (CLKBUF_X1)                                    0.14       1.70 r
  U171526/ZN (NOR2_X1)                                    0.07       1.77 f
  U97906/Z (CLKBUF_X1)                                    0.19       1.96 f
  U95215/Z (CLKBUF_X2)                                    0.23       2.18 f
  U95248/Z (CLKBUF_X2)                                    0.23       2.42 f
  U172404/ZN (AOI22_X1)                                   0.12       2.54 r
  U172405/ZN (OAI21_X1)                                   0.04       2.57 f
  g_slices[0].issue_slice/dispatch/g_buffers[0].buffer/g_eb2.stream_buffer/g_buffer.data_out_r_reg[66]/D (DFF_X1)
                                                          0.01       2.58 f
  data arrival time                                                  2.58

  clock CLK (rise edge)                                   4.00       4.00
  clock network delay (ideal)                             0.00       4.00
  clock uncertainty                                      -0.25       3.75
  g_slices[0].issue_slice/dispatch/g_buffers[0].buffer/g_eb2.stream_buffer/g_buffer.data_out_r_reg[66]/CK (DFF_X1)
                                                          0.00       3.75 r
  library setup time                                     -0.03       3.72
  data required time                                                 3.72
  --------------------------------------------------------------------------
  data required time                                                 3.72
  data arrival time                                                 -2.58
  --------------------------------------------------------------------------
  slack (MET)                                                        1.14


  Startpoint: dispatch_if[0].ready
              (input port clocked by CLK)
  Endpoint: g_slices[0].issue_slice/dispatch/g_buffers[0].buffer/g_eb2.stream_buffer/g_buffer.data_out_r_reg[71]
            (rising edge-triggered flip-flop clocked by CLK)
  Path Group: VX_issue_IN
  Path Type: max

  Des/Clust/Port     Wire Load Model       Library
  ------------------------------------------------
  VX_issue           5K_hvratio_1_1        NangateOpenCellLibrary_tt1p1v25c

  Point                                                   Incr       Path
  --------------------------------------------------------------------------
  clock CLK (rise edge)                                   0.00       0.00
  clock network delay (ideal)                             0.00       0.00
  input external delay                                    1.20       1.20 f
  dispatch_if[0].ready (in)                               0.01       1.21 f
  U143807/ZN (NOR2_X1)                                    0.16       1.36 r
  U95220/Z (CLKBUF_X2)                                    0.20       1.56 r
  U97988/Z (CLKBUF_X1)                                    0.14       1.70 r
  U171526/ZN (NOR2_X1)                                    0.07       1.77 f
  U97906/Z (CLKBUF_X1)                                    0.19       1.96 f
  U95215/Z (CLKBUF_X2)                                    0.23       2.18 f
  U95248/Z (CLKBUF_X2)                                    0.23       2.42 f
  U172414/ZN (AOI22_X1)                                   0.12       2.54 r
  U172415/ZN (OAI21_X1)                                   0.04       2.57 f
  g_slices[0].issue_slice/dispatch/g_buffers[0].buffer/g_eb2.stream_buffer/g_buffer.data_out_r_reg[71]/D (DFF_X1)
                                                          0.01       2.58 f
  data arrival time                                                  2.58

  clock CLK (rise edge)                                   4.00       4.00
  clock network delay (ideal)                             0.00       4.00
  clock uncertainty                                      -0.25       3.75
  g_slices[0].issue_slice/dispatch/g_buffers[0].buffer/g_eb2.stream_buffer/g_buffer.data_out_r_reg[71]/CK (DFF_X1)
                                                          0.00       3.75 r
  library setup time                                     -0.03       3.72
  data required time                                                 3.72
  --------------------------------------------------------------------------
  data required time                                                 3.72
  data arrival time                                                 -2.58
  --------------------------------------------------------------------------
  slack (MET)                                                        1.14


  Startpoint: dispatch_if[0].ready
              (input port clocked by CLK)
  Endpoint: g_slices[0].issue_slice/dispatch/g_buffers[0].buffer/g_eb2.stream_buffer/g_buffer.data_out_r_reg[72]
            (rising edge-triggered flip-flop clocked by CLK)
  Path Group: VX_issue_IN
  Path Type: max

  Des/Clust/Port     Wire Load Model       Library
  ------------------------------------------------
  VX_issue           5K_hvratio_1_1        NangateOpenCellLibrary_tt1p1v25c

  Point                                                   Incr       Path
  --------------------------------------------------------------------------
  clock CLK (rise edge)                                   0.00       0.00
  clock network delay (ideal)                             0.00       0.00
  input external delay                                    1.20       1.20 f
  dispatch_if[0].ready (in)                               0.01       1.21 f
  U143807/ZN (NOR2_X1)                                    0.16       1.36 r
  U95220/Z (CLKBUF_X2)                                    0.20       1.56 r
  U97988/Z (CLKBUF_X1)                                    0.14       1.70 r
  U171526/ZN (NOR2_X1)                                    0.07       1.77 f
  U97906/Z (CLKBUF_X1)                                    0.19       1.96 f
  U95215/Z (CLKBUF_X2)                                    0.23       2.18 f
  U95248/Z (CLKBUF_X2)                                    0.23       2.42 f
  U172416/ZN (AOI22_X1)                                   0.12       2.54 r
  U172417/ZN (OAI21_X1)                                   0.04       2.57 f
  g_slices[0].issue_slice/dispatch/g_buffers[0].buffer/g_eb2.stream_buffer/g_buffer.data_out_r_reg[72]/D (DFF_X1)
                                                          0.01       2.58 f
  data arrival time                                                  2.58

  clock CLK (rise edge)                                   4.00       4.00
  clock network delay (ideal)                             0.00       4.00
  clock uncertainty                                      -0.25       3.75
  g_slices[0].issue_slice/dispatch/g_buffers[0].buffer/g_eb2.stream_buffer/g_buffer.data_out_r_reg[72]/CK (DFF_X1)
                                                          0.00       3.75 r
  library setup time                                     -0.03       3.72
  data required time                                                 3.72
  --------------------------------------------------------------------------
  data required time                                                 3.72
  data arrival time                                                 -2.58
  --------------------------------------------------------------------------
  slack (MET)                                                        1.14


  Startpoint: dispatch_if[0].ready
              (input port clocked by CLK)
  Endpoint: g_slices[0].issue_slice/dispatch/g_buffers[0].buffer/g_eb2.stream_buffer/g_buffer.data_out_r_reg[73]
            (rising edge-triggered flip-flop clocked by CLK)
  Path Group: VX_issue_IN
  Path Type: max

  Des/Clust/Port     Wire Load Model       Library
  ------------------------------------------------
  VX_issue           5K_hvratio_1_1        NangateOpenCellLibrary_tt1p1v25c

  Point                                                   Incr       Path
  --------------------------------------------------------------------------
  clock CLK (rise edge)                                   0.00       0.00
  clock network delay (ideal)                             0.00       0.00
  input external delay                                    1.20       1.20 f
  dispatch_if[0].ready (in)                               0.01       1.21 f
  U143807/ZN (NOR2_X1)                                    0.16       1.36 r
  U95220/Z (CLKBUF_X2)                                    0.20       1.56 r
  U97988/Z (CLKBUF_X1)                                    0.14       1.70 r
  U171526/ZN (NOR2_X1)                                    0.07       1.77 f
  U97906/Z (CLKBUF_X1)                                    0.19       1.96 f
  U95215/Z (CLKBUF_X2)                                    0.23       2.18 f
  U95248/Z (CLKBUF_X2)                                    0.23       2.42 f
  U172418/ZN (AOI22_X1)                                   0.12       2.54 r
  U172419/ZN (OAI21_X1)                                   0.04       2.57 f
  g_slices[0].issue_slice/dispatch/g_buffers[0].buffer/g_eb2.stream_buffer/g_buffer.data_out_r_reg[73]/D (DFF_X1)
                                                          0.01       2.58 f
  data arrival time                                                  2.58

  clock CLK (rise edge)                                   4.00       4.00
  clock network delay (ideal)                             0.00       4.00
  clock uncertainty                                      -0.25       3.75
  g_slices[0].issue_slice/dispatch/g_buffers[0].buffer/g_eb2.stream_buffer/g_buffer.data_out_r_reg[73]/CK (DFF_X1)
                                                          0.00       3.75 r
  library setup time                                     -0.03       3.72
  data required time                                                 3.72
  --------------------------------------------------------------------------
  data required time                                                 3.72
  data arrival time                                                 -2.58
  --------------------------------------------------------------------------
  slack (MET)                                                        1.14


  Startpoint: dispatch_if[0].ready
              (input port clocked by CLK)
  Endpoint: g_slices[0].issue_slice/dispatch/g_buffers[0].buffer/g_eb2.stream_buffer/g_buffer.data_out_r_reg[80]
            (rising edge-triggered flip-flop clocked by CLK)
  Path Group: VX_issue_IN
  Path Type: max

  Des/Clust/Port     Wire Load Model       Library
  ------------------------------------------------
  VX_issue           5K_hvratio_1_1        NangateOpenCellLibrary_tt1p1v25c

  Point                                                   Incr       Path
  --------------------------------------------------------------------------
  clock CLK (rise edge)                                   0.00       0.00
  clock network delay (ideal)                             0.00       0.00
  input external delay                                    1.20       1.20 f
  dispatch_if[0].ready (in)                               0.01       1.21 f
  U143807/ZN (NOR2_X1)                                    0.16       1.36 r
  U95220/Z (CLKBUF_X2)                                    0.20       1.56 r
  U97988/Z (CLKBUF_X1)                                    0.14       1.70 r
  U171526/ZN (NOR2_X1)                                    0.07       1.77 f
  U97906/Z (CLKBUF_X1)                                    0.19       1.96 f
  U95215/Z (CLKBUF_X2)                                    0.23       2.18 f
  U95248/Z (CLKBUF_X2)                                    0.23       2.42 f
  U172432/ZN (AOI22_X1)                                   0.12       2.54 r
  U172433/ZN (OAI21_X1)                                   0.04       2.57 f
  g_slices[0].issue_slice/dispatch/g_buffers[0].buffer/g_eb2.stream_buffer/g_buffer.data_out_r_reg[80]/D (DFF_X1)
                                                          0.01       2.58 f
  data arrival time                                                  2.58

  clock CLK (rise edge)                                   4.00       4.00
  clock network delay (ideal)                             0.00       4.00
  clock uncertainty                                      -0.25       3.75
  g_slices[0].issue_slice/dispatch/g_buffers[0].buffer/g_eb2.stream_buffer/g_buffer.data_out_r_reg[80]/CK (DFF_X1)
                                                          0.00       3.75 r
  library setup time                                     -0.03       3.72
  data required time                                                 3.72
  --------------------------------------------------------------------------
  data required time                                                 3.72
  data arrival time                                                 -2.58
  --------------------------------------------------------------------------
  slack (MET)                                                        1.14


  Startpoint: dispatch_if[0].ready
              (input port clocked by CLK)
  Endpoint: g_slices[0].issue_slice/dispatch/g_buffers[0].buffer/g_eb2.stream_buffer/g_buffer.data_out_r_reg[287]
            (rising edge-triggered flip-flop clocked by CLK)
  Path Group: VX_issue_IN
  Path Type: max

  Des/Clust/Port     Wire Load Model       Library
  ------------------------------------------------
  VX_issue           5K_hvratio_1_1        NangateOpenCellLibrary_tt1p1v25c

  Point                                                   Incr       Path
  --------------------------------------------------------------------------
  clock CLK (rise edge)                                   0.00       0.00
  clock network delay (ideal)                             0.00       0.00
  input external delay                                    1.20       1.20 f
  dispatch_if[0].ready (in)                               0.01       1.21 f
  U143807/ZN (NOR2_X1)                                    0.16       1.36 r
  U95220/Z (CLKBUF_X2)                                    0.20       1.56 r
  U97988/Z (CLKBUF_X1)                                    0.14       1.70 r
  U171526/ZN (NOR2_X1)                                    0.07       1.77 f
  U97906/Z (CLKBUF_X1)                                    0.19       1.96 f
  U95215/Z (CLKBUF_X2)                                    0.23       2.18 f
  U95248/Z (CLKBUF_X2)                                    0.23       2.42 f
  U172054/ZN (AOI22_X1)                                   0.12       2.54 r
  U172055/ZN (OAI21_X1)                                   0.04       2.57 f
  g_slices[0].issue_slice/dispatch/g_buffers[0].buffer/g_eb2.stream_buffer/g_buffer.data_out_r_reg[287]/D (DFF_X1)
                                                          0.01       2.58 f
  data arrival time                                                  2.58

  clock CLK (rise edge)                                   4.00       4.00
  clock network delay (ideal)                             0.00       4.00
  clock uncertainty                                      -0.25       3.75
  g_slices[0].issue_slice/dispatch/g_buffers[0].buffer/g_eb2.stream_buffer/g_buffer.data_out_r_reg[287]/CK (DFF_X1)
                                                          0.00       3.75 r
  library setup time                                     -0.03       3.72
  data required time                                                 3.72
  --------------------------------------------------------------------------
  data required time                                                 3.72
  data arrival time                                                 -2.58
  --------------------------------------------------------------------------
  slack (MET)                                                        1.14


  Startpoint: dispatch_if[0].ready
              (input port clocked by CLK)
  Endpoint: g_slices[0].issue_slice/dispatch/g_buffers[0].buffer/g_eb2.stream_buffer/g_buffer.data_out_r_reg[268]
            (rising edge-triggered flip-flop clocked by CLK)
  Path Group: VX_issue_IN
  Path Type: max

  Des/Clust/Port     Wire Load Model       Library
  ------------------------------------------------
  VX_issue           5K_hvratio_1_1        NangateOpenCellLibrary_tt1p1v25c

  Point                                                   Incr       Path
  --------------------------------------------------------------------------
  clock CLK (rise edge)                                   0.00       0.00
  clock network delay (ideal)                             0.00       0.00
  input external delay                                    1.20       1.20 f
  dispatch_if[0].ready (in)                               0.01       1.21 f
  U143807/ZN (NOR2_X1)                                    0.16       1.36 r
  U95220/Z (CLKBUF_X2)                                    0.20       1.56 r
  U97988/Z (CLKBUF_X1)                                    0.14       1.70 r
  U171526/ZN (NOR2_X1)                                    0.07       1.77 f
  U97906/Z (CLKBUF_X1)                                    0.19       1.96 f
  U95215/Z (CLKBUF_X2)                                    0.23       2.18 f
  U95248/Z (CLKBUF_X2)                                    0.23       2.42 f
  U172016/ZN (AOI22_X1)                                   0.12       2.54 r
  U172017/ZN (OAI21_X1)                                   0.04       2.57 f
  g_slices[0].issue_slice/dispatch/g_buffers[0].buffer/g_eb2.stream_buffer/g_buffer.data_out_r_reg[268]/D (DFF_X1)
                                                          0.01       2.58 f
  data arrival time                                                  2.58

  clock CLK (rise edge)                                   4.00       4.00
  clock network delay (ideal)                             0.00       4.00
  clock uncertainty                                      -0.25       3.75
  g_slices[0].issue_slice/dispatch/g_buffers[0].buffer/g_eb2.stream_buffer/g_buffer.data_out_r_reg[268]/CK (DFF_X1)
                                                          0.00       3.75 r
  library setup time                                     -0.03       3.72
  data required time                                                 3.72
  --------------------------------------------------------------------------
  data required time                                                 3.72
  data arrival time                                                 -2.58
  --------------------------------------------------------------------------
  slack (MET)                                                        1.14


  Startpoint: dispatch_if[0].ready
              (input port clocked by CLK)
  Endpoint: g_slices[0].issue_slice/dispatch/g_buffers[0].buffer/g_eb2.stream_buffer/g_buffer.data_out_r_reg[195]
            (rising edge-triggered flip-flop clocked by CLK)
  Path Group: VX_issue_IN
  Path Type: max

  Des/Clust/Port     Wire Load Model       Library
  ------------------------------------------------
  VX_issue           5K_hvratio_1_1        NangateOpenCellLibrary_tt1p1v25c

  Point                                                   Incr       Path
  --------------------------------------------------------------------------
  clock CLK (rise edge)                                   0.00       0.00
  clock network delay (ideal)                             0.00       0.00
  input external delay                                    1.20       1.20 f
  dispatch_if[0].ready (in)                               0.01       1.21 f
  U143807/ZN (NOR2_X1)                                    0.16       1.36 r
  U95220/Z (CLKBUF_X2)                                    0.20       1.56 r
  U97988/Z (CLKBUF_X1)                                    0.14       1.70 r
  U171526/ZN (NOR2_X1)                                    0.07       1.77 f
  U97906/Z (CLKBUF_X1)                                    0.19       1.96 f
  U95215/Z (CLKBUF_X2)                                    0.23       2.18 f
  U95248/Z (CLKBUF_X2)                                    0.23       2.42 f
  U172266/ZN (AOI22_X1)                                   0.12       2.54 r
  U172267/ZN (OAI21_X1)                                   0.04       2.57 f
  g_slices[0].issue_slice/dispatch/g_buffers[0].buffer/g_eb2.stream_buffer/g_buffer.data_out_r_reg[195]/D (DFF_X1)
                                                          0.01       2.58 f
  data arrival time                                                  2.58

  clock CLK (rise edge)                                   4.00       4.00
  clock network delay (ideal)                             0.00       4.00
  clock uncertainty                                      -0.25       3.75
  g_slices[0].issue_slice/dispatch/g_buffers[0].buffer/g_eb2.stream_buffer/g_buffer.data_out_r_reg[195]/CK (DFF_X1)
                                                          0.00       3.75 r
  library setup time                                     -0.03       3.72
  data required time                                                 3.72
  --------------------------------------------------------------------------
  data required time                                                 3.72
  data arrival time                                                 -2.58
  --------------------------------------------------------------------------
  slack (MET)                                                        1.14


  Startpoint: dispatch_if[0].ready
              (input port clocked by CLK)
  Endpoint: g_slices[0].issue_slice/dispatch/g_buffers[0].buffer/g_eb2.stream_buffer/g_buffer.data_out_r_reg[144]
            (rising edge-triggered flip-flop clocked by CLK)
  Path Group: VX_issue_IN
  Path Type: max

  Des/Clust/Port     Wire Load Model       Library
  ------------------------------------------------
  VX_issue           5K_hvratio_1_1        NangateOpenCellLibrary_tt1p1v25c

  Point                                                   Incr       Path
  --------------------------------------------------------------------------
  clock CLK (rise edge)                                   0.00       0.00
  clock network delay (ideal)                             0.00       0.00
  input external delay                                    1.20       1.20 f
  dispatch_if[0].ready (in)                               0.01       1.21 f
  U143807/ZN (NOR2_X1)                                    0.16       1.36 r
  U95220/Z (CLKBUF_X2)                                    0.20       1.56 r
  U97988/Z (CLKBUF_X1)                                    0.14       1.70 r
  U171526/ZN (NOR2_X1)                                    0.07       1.77 f
  U97906/Z (CLKBUF_X1)                                    0.19       1.96 f
  U95215/Z (CLKBUF_X2)                                    0.23       2.18 f
  U95248/Z (CLKBUF_X2)                                    0.23       2.42 f
  U172164/ZN (AOI22_X1)                                   0.12       2.54 r
  U172165/ZN (OAI21_X1)                                   0.04       2.57 f
  g_slices[0].issue_slice/dispatch/g_buffers[0].buffer/g_eb2.stream_buffer/g_buffer.data_out_r_reg[144]/D (DFF_X1)
                                                          0.01       2.58 f
  data arrival time                                                  2.58

  clock CLK (rise edge)                                   4.00       4.00
  clock network delay (ideal)                             0.00       4.00
  clock uncertainty                                      -0.25       3.75
  g_slices[0].issue_slice/dispatch/g_buffers[0].buffer/g_eb2.stream_buffer/g_buffer.data_out_r_reg[144]/CK (DFF_X1)
                                                          0.00       3.75 r
  library setup time                                     -0.03       3.72
  data required time                                                 3.72
  --------------------------------------------------------------------------
  data required time                                                 3.72
  data arrival time                                                 -2.58
  --------------------------------------------------------------------------
  slack (MET)                                                        1.14


  Startpoint: dispatch_if[0].ready
              (input port clocked by CLK)
  Endpoint: g_slices[0].issue_slice/dispatch/g_buffers[0].buffer/g_eb2.stream_buffer/g_buffer.data_out_r_reg[36]
            (rising edge-triggered flip-flop clocked by CLK)
  Path Group: VX_issue_IN
  Path Type: max

  Des/Clust/Port     Wire Load Model       Library
  ------------------------------------------------
  VX_issue           5K_hvratio_1_1        NangateOpenCellLibrary_tt1p1v25c

  Point                                                   Incr       Path
  --------------------------------------------------------------------------
  clock CLK (rise edge)                                   0.00       0.00
  clock network delay (ideal)                             0.00       0.00
  input external delay                                    1.20       1.20 f
  dispatch_if[0].ready (in)                               0.01       1.21 f
  U143807/ZN (NOR2_X1)                                    0.16       1.36 r
  U95220/Z (CLKBUF_X2)                                    0.20       1.56 r
  U97988/Z (CLKBUF_X1)                                    0.14       1.70 r
  U171526/ZN (NOR2_X1)                                    0.07       1.77 f
  U97906/Z (CLKBUF_X1)                                    0.19       1.96 f
  U95215/Z (CLKBUF_X2)                                    0.23       2.18 f
  U95248/Z (CLKBUF_X2)                                    0.23       2.42 f
  U172344/ZN (AOI22_X1)                                   0.12       2.54 r
  U172345/ZN (OAI21_X1)                                   0.04       2.57 f
  g_slices[0].issue_slice/dispatch/g_buffers[0].buffer/g_eb2.stream_buffer/g_buffer.data_out_r_reg[36]/D (DFF_X1)
                                                          0.01       2.58 f
  data arrival time                                                  2.58

  clock CLK (rise edge)                                   4.00       4.00
  clock network delay (ideal)                             0.00       4.00
  clock uncertainty                                      -0.25       3.75
  g_slices[0].issue_slice/dispatch/g_buffers[0].buffer/g_eb2.stream_buffer/g_buffer.data_out_r_reg[36]/CK (DFF_X1)
                                                          0.00       3.75 r
  library setup time                                     -0.03       3.72
  data required time                                                 3.72
  --------------------------------------------------------------------------
  data required time                                                 3.72
  data arrival time                                                 -2.58
  --------------------------------------------------------------------------
  slack (MET)                                                        1.14


  Startpoint: dispatch_if[0].ready
              (input port clocked by CLK)
  Endpoint: g_slices[0].issue_slice/dispatch/g_buffers[0].buffer/g_eb2.stream_buffer/g_buffer.data_out_r_reg[43]
            (rising edge-triggered flip-flop clocked by CLK)
  Path Group: VX_issue_IN
  Path Type: max

  Des/Clust/Port     Wire Load Model       Library
  ------------------------------------------------
  VX_issue           5K_hvratio_1_1        NangateOpenCellLibrary_tt1p1v25c

  Point                                                   Incr       Path
  --------------------------------------------------------------------------
  clock CLK (rise edge)                                   0.00       0.00
  clock network delay (ideal)                             0.00       0.00
  input external delay                                    1.20       1.20 f
  dispatch_if[0].ready (in)                               0.01       1.21 f
  U143807/ZN (NOR2_X1)                                    0.16       1.36 r
  U95220/Z (CLKBUF_X2)                                    0.20       1.56 r
  U97988/Z (CLKBUF_X1)                                    0.14       1.70 r
  U171526/ZN (NOR2_X1)                                    0.07       1.77 f
  U97906/Z (CLKBUF_X1)                                    0.19       1.96 f
  U95215/Z (CLKBUF_X2)                                    0.23       2.18 f
  U95248/Z (CLKBUF_X2)                                    0.23       2.42 f
  U172358/ZN (AOI22_X1)                                   0.12       2.54 r
  U172359/ZN (OAI21_X1)                                   0.04       2.57 f
  g_slices[0].issue_slice/dispatch/g_buffers[0].buffer/g_eb2.stream_buffer/g_buffer.data_out_r_reg[43]/D (DFF_X1)
                                                          0.01       2.58 f
  data arrival time                                                  2.58

  clock CLK (rise edge)                                   4.00       4.00
  clock network delay (ideal)                             0.00       4.00
  clock uncertainty                                      -0.25       3.75
  g_slices[0].issue_slice/dispatch/g_buffers[0].buffer/g_eb2.stream_buffer/g_buffer.data_out_r_reg[43]/CK (DFF_X1)
                                                          0.00       3.75 r
  library setup time                                     -0.03       3.72
  data required time                                                 3.72
  --------------------------------------------------------------------------
  data required time                                                 3.72
  data arrival time                                                 -2.58
  --------------------------------------------------------------------------
  slack (MET)                                                        1.14


  Startpoint: dispatch_if[0].ready
              (input port clocked by CLK)
  Endpoint: g_slices[0].issue_slice/dispatch/g_buffers[0].buffer/g_eb2.stream_buffer/g_buffer.data_out_r_reg[95]
            (rising edge-triggered flip-flop clocked by CLK)
  Path Group: VX_issue_IN
  Path Type: max

  Des/Clust/Port     Wire Load Model       Library
  ------------------------------------------------
  VX_issue           5K_hvratio_1_1        NangateOpenCellLibrary_tt1p1v25c

  Point                                                   Incr       Path
  --------------------------------------------------------------------------
  clock CLK (rise edge)                                   0.00       0.00
  clock network delay (ideal)                             0.00       0.00
  input external delay                                    1.20       1.20 f
  dispatch_if[0].ready (in)                               0.01       1.21 f
  U143807/ZN (NOR2_X1)                                    0.16       1.36 r
  U95220/Z (CLKBUF_X2)                                    0.20       1.56 r
  U97988/Z (CLKBUF_X1)                                    0.14       1.70 r
  U171526/ZN (NOR2_X1)                                    0.07       1.77 f
  U97906/Z (CLKBUF_X1)                                    0.19       1.96 f
  U95215/Z (CLKBUF_X2)                                    0.23       2.18 f
  U97931/Z (CLKBUF_X1)                                    0.22       2.41 f
  U172462/ZN (AOI22_X1)                                   0.11       2.52 r
  U172463/ZN (OAI21_X1)                                   0.04       2.56 f
  g_slices[0].issue_slice/dispatch/g_buffers[0].buffer/g_eb2.stream_buffer/g_buffer.data_out_r_reg[95]/D (DFF_X1)
                                                          0.01       2.57 f
  data arrival time                                                  2.57

  clock CLK (rise edge)                                   4.00       4.00
  clock network delay (ideal)                             0.00       4.00
  clock uncertainty                                      -0.25       3.75
  g_slices[0].issue_slice/dispatch/g_buffers[0].buffer/g_eb2.stream_buffer/g_buffer.data_out_r_reg[95]/CK (DFF_X1)
                                                          0.00       3.75 r
  library setup time                                     -0.03       3.72
  data required time                                                 3.72
  --------------------------------------------------------------------------
  data required time                                                 3.72
  data arrival time                                                 -2.57
  --------------------------------------------------------------------------
  slack (MET)                                                        1.15


  Startpoint: dispatch_if[0].ready
              (input port clocked by CLK)
  Endpoint: g_slices[0].issue_slice/dispatch/g_buffers[0].buffer/g_eb2.stream_buffer/g_buffer.data_out_r_reg[417]
            (rising edge-triggered flip-flop clocked by CLK)
  Path Group: VX_issue_IN
  Path Type: max

  Des/Clust/Port     Wire Load Model       Library
  ------------------------------------------------
  VX_issue           5K_hvratio_1_1        NangateOpenCellLibrary_tt1p1v25c

  Point                                                   Incr       Path
  --------------------------------------------------------------------------
  clock CLK (rise edge)                                   0.00       0.00
  clock network delay (ideal)                             0.00       0.00
  input external delay                                    1.20       1.20 f
  dispatch_if[0].ready (in)                               0.01       1.21 f
  U143807/ZN (NOR2_X1)                                    0.16       1.36 r
  U95220/Z (CLKBUF_X2)                                    0.20       1.56 r
  U97988/Z (CLKBUF_X1)                                    0.14       1.70 r
  U171526/ZN (NOR2_X1)                                    0.07       1.77 f
  U97906/Z (CLKBUF_X1)                                    0.19       1.96 f
  U95215/Z (CLKBUF_X2)                                    0.23       2.18 f
  U97932/Z (CLKBUF_X1)                                    0.22       2.41 f
  U171569/ZN (AOI22_X1)                                   0.11       2.52 r
  U171570/ZN (OAI21_X1)                                   0.04       2.56 f
  g_slices[0].issue_slice/dispatch/g_buffers[0].buffer/g_eb2.stream_buffer/g_buffer.data_out_r_reg[417]/D (DFF_X1)
                                                          0.01       2.57 f
  data arrival time                                                  2.57

  clock CLK (rise edge)                                   4.00       4.00
  clock network delay (ideal)                             0.00       4.00
  clock uncertainty                                      -0.25       3.75
  g_slices[0].issue_slice/dispatch/g_buffers[0].buffer/g_eb2.stream_buffer/g_buffer.data_out_r_reg[417]/CK (DFF_X1)
                                                          0.00       3.75 r
  library setup time                                     -0.03       3.72
  data required time                                                 3.72
  --------------------------------------------------------------------------
  data required time                                                 3.72
  data arrival time                                                 -2.57
  --------------------------------------------------------------------------
  slack (MET)                                                        1.15


  Startpoint: dispatch_if[0].ready
              (input port clocked by CLK)
  Endpoint: g_slices[0].issue_slice/dispatch/g_buffers[0].buffer/g_eb2.stream_buffer/g_buffer.data_out_r_reg[418]
            (rising edge-triggered flip-flop clocked by CLK)
  Path Group: VX_issue_IN
  Path Type: max

  Des/Clust/Port     Wire Load Model       Library
  ------------------------------------------------
  VX_issue           5K_hvratio_1_1        NangateOpenCellLibrary_tt1p1v25c

  Point                                                   Incr       Path
  --------------------------------------------------------------------------
  clock CLK (rise edge)                                   0.00       0.00
  clock network delay (ideal)                             0.00       0.00
  input external delay                                    1.20       1.20 f
  dispatch_if[0].ready (in)                               0.01       1.21 f
  U143807/ZN (NOR2_X1)                                    0.16       1.36 r
  U95220/Z (CLKBUF_X2)                                    0.20       1.56 r
  U97988/Z (CLKBUF_X1)                                    0.14       1.70 r
  U171526/ZN (NOR2_X1)                                    0.07       1.77 f
  U97906/Z (CLKBUF_X1)                                    0.19       1.96 f
  U95215/Z (CLKBUF_X2)                                    0.23       2.18 f
  U97931/Z (CLKBUF_X1)                                    0.22       2.41 f
  U171571/ZN (AOI22_X1)                                   0.11       2.52 r
  U171572/ZN (OAI21_X1)                                   0.04       2.56 f
  g_slices[0].issue_slice/dispatch/g_buffers[0].buffer/g_eb2.stream_buffer/g_buffer.data_out_r_reg[418]/D (DFF_X1)
                                                          0.01       2.57 f
  data arrival time                                                  2.57

  clock CLK (rise edge)                                   4.00       4.00
  clock network delay (ideal)                             0.00       4.00
  clock uncertainty                                      -0.25       3.75
  g_slices[0].issue_slice/dispatch/g_buffers[0].buffer/g_eb2.stream_buffer/g_buffer.data_out_r_reg[418]/CK (DFF_X1)
                                                          0.00       3.75 r
  library setup time                                     -0.03       3.72
  data required time                                                 3.72
  --------------------------------------------------------------------------
  data required time                                                 3.72
  data arrival time                                                 -2.57
  --------------------------------------------------------------------------
  slack (MET)                                                        1.15


  Startpoint: dispatch_if[0].ready
              (input port clocked by CLK)
  Endpoint: g_slices[0].issue_slice/dispatch/g_buffers[0].buffer/g_eb2.stream_buffer/g_buffer.data_out_r_reg[420]
            (rising edge-triggered flip-flop clocked by CLK)
  Path Group: VX_issue_IN
  Path Type: max

  Des/Clust/Port     Wire Load Model       Library
  ------------------------------------------------
  VX_issue           5K_hvratio_1_1        NangateOpenCellLibrary_tt1p1v25c

  Point                                                   Incr       Path
  --------------------------------------------------------------------------
  clock CLK (rise edge)                                   0.00       0.00
  clock network delay (ideal)                             0.00       0.00
  input external delay                                    1.20       1.20 f
  dispatch_if[0].ready (in)                               0.01       1.21 f
  U143807/ZN (NOR2_X1)                                    0.16       1.36 r
  U95220/Z (CLKBUF_X2)                                    0.20       1.56 r
  U97988/Z (CLKBUF_X1)                                    0.14       1.70 r
  U171526/ZN (NOR2_X1)                                    0.07       1.77 f
  U97906/Z (CLKBUF_X1)                                    0.19       1.96 f
  U95215/Z (CLKBUF_X2)                                    0.23       2.18 f
  U97929/Z (CLKBUF_X1)                                    0.22       2.41 f
  U171575/ZN (AOI22_X1)                                   0.11       2.52 r
  U171576/ZN (OAI21_X1)                                   0.04       2.56 f
  g_slices[0].issue_slice/dispatch/g_buffers[0].buffer/g_eb2.stream_buffer/g_buffer.data_out_r_reg[420]/D (DFF_X1)
                                                          0.01       2.57 f
  data arrival time                                                  2.57

  clock CLK (rise edge)                                   4.00       4.00
  clock network delay (ideal)                             0.00       4.00
  clock uncertainty                                      -0.25       3.75
  g_slices[0].issue_slice/dispatch/g_buffers[0].buffer/g_eb2.stream_buffer/g_buffer.data_out_r_reg[420]/CK (DFF_X1)
                                                          0.00       3.75 r
  library setup time                                     -0.03       3.72
  data required time                                                 3.72
  --------------------------------------------------------------------------
  data required time                                                 3.72
  data arrival time                                                 -2.57
  --------------------------------------------------------------------------
  slack (MET)                                                        1.15


  Startpoint: dispatch_if[0].ready
              (input port clocked by CLK)
  Endpoint: g_slices[0].issue_slice/dispatch/g_buffers[0].buffer/g_eb2.stream_buffer/g_buffer.data_out_r_reg[421]
            (rising edge-triggered flip-flop clocked by CLK)
  Path Group: VX_issue_IN
  Path Type: max

  Des/Clust/Port     Wire Load Model       Library
  ------------------------------------------------
  VX_issue           5K_hvratio_1_1        NangateOpenCellLibrary_tt1p1v25c

  Point                                                   Incr       Path
  --------------------------------------------------------------------------
  clock CLK (rise edge)                                   0.00       0.00
  clock network delay (ideal)                             0.00       0.00
  input external delay                                    1.20       1.20 f
  dispatch_if[0].ready (in)                               0.01       1.21 f
  U143807/ZN (NOR2_X1)                                    0.16       1.36 r
  U95220/Z (CLKBUF_X2)                                    0.20       1.56 r
  U97988/Z (CLKBUF_X1)                                    0.14       1.70 r
  U171526/ZN (NOR2_X1)                                    0.07       1.77 f
  U97906/Z (CLKBUF_X1)                                    0.19       1.96 f
  U95215/Z (CLKBUF_X2)                                    0.23       2.18 f
  U97929/Z (CLKBUF_X1)                                    0.22       2.41 f
  U171577/ZN (AOI22_X1)                                   0.11       2.52 r
  U171578/ZN (OAI21_X1)                                   0.04       2.56 f
  g_slices[0].issue_slice/dispatch/g_buffers[0].buffer/g_eb2.stream_buffer/g_buffer.data_out_r_reg[421]/D (DFF_X1)
                                                          0.01       2.57 f
  data arrival time                                                  2.57

  clock CLK (rise edge)                                   4.00       4.00
  clock network delay (ideal)                             0.00       4.00
  clock uncertainty                                      -0.25       3.75
  g_slices[0].issue_slice/dispatch/g_buffers[0].buffer/g_eb2.stream_buffer/g_buffer.data_out_r_reg[421]/CK (DFF_X1)
                                                          0.00       3.75 r
  library setup time                                     -0.03       3.72
  data required time                                                 3.72
  --------------------------------------------------------------------------
  data required time                                                 3.72
  data arrival time                                                 -2.57
  --------------------------------------------------------------------------
  slack (MET)                                                        1.15


  Startpoint: dispatch_if[0].ready
              (input port clocked by CLK)
  Endpoint: g_slices[0].issue_slice/dispatch/g_buffers[0].buffer/g_eb2.stream_buffer/g_buffer.data_out_r_reg[422]
            (rising edge-triggered flip-flop clocked by CLK)
  Path Group: VX_issue_IN
  Path Type: max

  Des/Clust/Port     Wire Load Model       Library
  ------------------------------------------------
  VX_issue           5K_hvratio_1_1        NangateOpenCellLibrary_tt1p1v25c

  Point                                                   Incr       Path
  --------------------------------------------------------------------------
  clock CLK (rise edge)                                   0.00       0.00
  clock network delay (ideal)                             0.00       0.00
  input external delay                                    1.20       1.20 f
  dispatch_if[0].ready (in)                               0.01       1.21 f
  U143807/ZN (NOR2_X1)                                    0.16       1.36 r
  U95220/Z (CLKBUF_X2)                                    0.20       1.56 r
  U97988/Z (CLKBUF_X1)                                    0.14       1.70 r
  U171526/ZN (NOR2_X1)                                    0.07       1.77 f
  U97906/Z (CLKBUF_X1)                                    0.19       1.96 f
  U95215/Z (CLKBUF_X2)                                    0.23       2.18 f
  U97929/Z (CLKBUF_X1)                                    0.22       2.41 f
  U171579/ZN (AOI22_X1)                                   0.11       2.52 r
  U171580/ZN (OAI21_X1)                                   0.04       2.56 f
  g_slices[0].issue_slice/dispatch/g_buffers[0].buffer/g_eb2.stream_buffer/g_buffer.data_out_r_reg[422]/D (DFF_X1)
                                                          0.01       2.57 f
  data arrival time                                                  2.57

  clock CLK (rise edge)                                   4.00       4.00
  clock network delay (ideal)                             0.00       4.00
  clock uncertainty                                      -0.25       3.75
  g_slices[0].issue_slice/dispatch/g_buffers[0].buffer/g_eb2.stream_buffer/g_buffer.data_out_r_reg[422]/CK (DFF_X1)
                                                          0.00       3.75 r
  library setup time                                     -0.03       3.72
  data required time                                                 3.72
  --------------------------------------------------------------------------
  data required time                                                 3.72
  data arrival time                                                 -2.57
  --------------------------------------------------------------------------
  slack (MET)                                                        1.15


  Startpoint: dispatch_if[0].ready
              (input port clocked by CLK)
  Endpoint: g_slices[0].issue_slice/dispatch/g_buffers[0].buffer/g_eb2.stream_buffer/g_buffer.data_out_r_reg[423]
            (rising edge-triggered flip-flop clocked by CLK)
  Path Group: VX_issue_IN
  Path Type: max

  Des/Clust/Port     Wire Load Model       Library
  ------------------------------------------------
  VX_issue           5K_hvratio_1_1        NangateOpenCellLibrary_tt1p1v25c

  Point                                                   Incr       Path
  --------------------------------------------------------------------------
  clock CLK (rise edge)                                   0.00       0.00
  clock network delay (ideal)                             0.00       0.00
  input external delay                                    1.20       1.20 f
  dispatch_if[0].ready (in)                               0.01       1.21 f
  U143807/ZN (NOR2_X1)                                    0.16       1.36 r
  U95220/Z (CLKBUF_X2)                                    0.20       1.56 r
  U97988/Z (CLKBUF_X1)                                    0.14       1.70 r
  U171526/ZN (NOR2_X1)                                    0.07       1.77 f
  U97906/Z (CLKBUF_X1)                                    0.19       1.96 f
  U95215/Z (CLKBUF_X2)                                    0.23       2.18 f
  U97929/Z (CLKBUF_X1)                                    0.22       2.41 f
  U171581/ZN (AOI22_X1)                                   0.11       2.52 r
  U171582/ZN (OAI21_X1)                                   0.04       2.56 f
  g_slices[0].issue_slice/dispatch/g_buffers[0].buffer/g_eb2.stream_buffer/g_buffer.data_out_r_reg[423]/D (DFF_X1)
                                                          0.01       2.57 f
  data arrival time                                                  2.57

  clock CLK (rise edge)                                   4.00       4.00
  clock network delay (ideal)                             0.00       4.00
  clock uncertainty                                      -0.25       3.75
  g_slices[0].issue_slice/dispatch/g_buffers[0].buffer/g_eb2.stream_buffer/g_buffer.data_out_r_reg[423]/CK (DFF_X1)
                                                          0.00       3.75 r
  library setup time                                     -0.03       3.72
  data required time                                                 3.72
  --------------------------------------------------------------------------
  data required time                                                 3.72
  data arrival time                                                 -2.57
  --------------------------------------------------------------------------
  slack (MET)                                                        1.15


  Startpoint: dispatch_if[0].ready
              (input port clocked by CLK)
  Endpoint: g_slices[0].issue_slice/dispatch/g_buffers[0].buffer/g_eb2.stream_buffer/g_buffer.data_out_r_reg[424]
            (rising edge-triggered flip-flop clocked by CLK)
  Path Group: VX_issue_IN
  Path Type: max

  Des/Clust/Port     Wire Load Model       Library
  ------------------------------------------------
  VX_issue           5K_hvratio_1_1        NangateOpenCellLibrary_tt1p1v25c

  Point                                                   Incr       Path
  --------------------------------------------------------------------------
  clock CLK (rise edge)                                   0.00       0.00
  clock network delay (ideal)                             0.00       0.00
  input external delay                                    1.20       1.20 f
  dispatch_if[0].ready (in)                               0.01       1.21 f
  U143807/ZN (NOR2_X1)                                    0.16       1.36 r
  U95220/Z (CLKBUF_X2)                                    0.20       1.56 r
  U97988/Z (CLKBUF_X1)                                    0.14       1.70 r
  U171526/ZN (NOR2_X1)                                    0.07       1.77 f
  U97906/Z (CLKBUF_X1)                                    0.19       1.96 f
  U95215/Z (CLKBUF_X2)                                    0.23       2.18 f
  U97929/Z (CLKBUF_X1)                                    0.22       2.41 f
  U171583/ZN (AOI22_X1)                                   0.11       2.52 r
  U171584/ZN (OAI21_X1)                                   0.04       2.56 f
  g_slices[0].issue_slice/dispatch/g_buffers[0].buffer/g_eb2.stream_buffer/g_buffer.data_out_r_reg[424]/D (DFF_X1)
                                                          0.01       2.57 f
  data arrival time                                                  2.57

  clock CLK (rise edge)                                   4.00       4.00
  clock network delay (ideal)                             0.00       4.00
  clock uncertainty                                      -0.25       3.75
  g_slices[0].issue_slice/dispatch/g_buffers[0].buffer/g_eb2.stream_buffer/g_buffer.data_out_r_reg[424]/CK (DFF_X1)
                                                          0.00       3.75 r
  library setup time                                     -0.03       3.72
  data required time                                                 3.72
  --------------------------------------------------------------------------
  data required time                                                 3.72
  data arrival time                                                 -2.57
  --------------------------------------------------------------------------
  slack (MET)                                                        1.15


  Startpoint: dispatch_if[0].ready
              (input port clocked by CLK)
  Endpoint: g_slices[0].issue_slice/dispatch/g_buffers[0].buffer/g_eb2.stream_buffer/g_buffer.data_out_r_reg[425]
            (rising edge-triggered flip-flop clocked by CLK)
  Path Group: VX_issue_IN
  Path Type: max

  Des/Clust/Port     Wire Load Model       Library
  ------------------------------------------------
  VX_issue           5K_hvratio_1_1        NangateOpenCellLibrary_tt1p1v25c

  Point                                                   Incr       Path
  --------------------------------------------------------------------------
  clock CLK (rise edge)                                   0.00       0.00
  clock network delay (ideal)                             0.00       0.00
  input external delay                                    1.20       1.20 f
  dispatch_if[0].ready (in)                               0.01       1.21 f
  U143807/ZN (NOR2_X1)                                    0.16       1.36 r
  U95220/Z (CLKBUF_X2)                                    0.20       1.56 r
  U97988/Z (CLKBUF_X1)                                    0.14       1.70 r
  U171526/ZN (NOR2_X1)                                    0.07       1.77 f
  U97906/Z (CLKBUF_X1)                                    0.19       1.96 f
  U95215/Z (CLKBUF_X2)                                    0.23       2.18 f
  U97929/Z (CLKBUF_X1)                                    0.22       2.41 f
  U171585/ZN (AOI22_X1)                                   0.11       2.52 r
  U171586/ZN (OAI21_X1)                                   0.04       2.56 f
  g_slices[0].issue_slice/dispatch/g_buffers[0].buffer/g_eb2.stream_buffer/g_buffer.data_out_r_reg[425]/D (DFF_X1)
                                                          0.01       2.57 f
  data arrival time                                                  2.57

  clock CLK (rise edge)                                   4.00       4.00
  clock network delay (ideal)                             0.00       4.00
  clock uncertainty                                      -0.25       3.75
  g_slices[0].issue_slice/dispatch/g_buffers[0].buffer/g_eb2.stream_buffer/g_buffer.data_out_r_reg[425]/CK (DFF_X1)
                                                          0.00       3.75 r
  library setup time                                     -0.03       3.72
  data required time                                                 3.72
  --------------------------------------------------------------------------
  data required time                                                 3.72
  data arrival time                                                 -2.57
  --------------------------------------------------------------------------
  slack (MET)                                                        1.15


  Startpoint: dispatch_if[0].ready
              (input port clocked by CLK)
  Endpoint: g_slices[0].issue_slice/dispatch/g_buffers[0].buffer/g_eb2.stream_buffer/g_buffer.data_out_r_reg[426]
            (rising edge-triggered flip-flop clocked by CLK)
  Path Group: VX_issue_IN
  Path Type: max

  Des/Clust/Port     Wire Load Model       Library
  ------------------------------------------------
  VX_issue           5K_hvratio_1_1        NangateOpenCellLibrary_tt1p1v25c

  Point                                                   Incr       Path
  --------------------------------------------------------------------------
  clock CLK (rise edge)                                   0.00       0.00
  clock network delay (ideal)                             0.00       0.00
  input external delay                                    1.20       1.20 f
  dispatch_if[0].ready (in)                               0.01       1.21 f
  U143807/ZN (NOR2_X1)                                    0.16       1.36 r
  U95220/Z (CLKBUF_X2)                                    0.20       1.56 r
  U97988/Z (CLKBUF_X1)                                    0.14       1.70 r
  U171526/ZN (NOR2_X1)                                    0.07       1.77 f
  U97906/Z (CLKBUF_X1)                                    0.19       1.96 f
  U95215/Z (CLKBUF_X2)                                    0.23       2.18 f
  U97929/Z (CLKBUF_X1)                                    0.22       2.41 f
  U171587/ZN (AOI22_X1)                                   0.11       2.52 r
  U171588/ZN (OAI21_X1)                                   0.04       2.56 f
  g_slices[0].issue_slice/dispatch/g_buffers[0].buffer/g_eb2.stream_buffer/g_buffer.data_out_r_reg[426]/D (DFF_X1)
                                                          0.01       2.57 f
  data arrival time                                                  2.57

  clock CLK (rise edge)                                   4.00       4.00
  clock network delay (ideal)                             0.00       4.00
  clock uncertainty                                      -0.25       3.75
  g_slices[0].issue_slice/dispatch/g_buffers[0].buffer/g_eb2.stream_buffer/g_buffer.data_out_r_reg[426]/CK (DFF_X1)
                                                          0.00       3.75 r
  library setup time                                     -0.03       3.72
  data required time                                                 3.72
  --------------------------------------------------------------------------
  data required time                                                 3.72
  data arrival time                                                 -2.57
  --------------------------------------------------------------------------
  slack (MET)                                                        1.15


  Startpoint: dispatch_if[0].ready
              (input port clocked by CLK)
  Endpoint: g_slices[0].issue_slice/dispatch/g_buffers[0].buffer/g_eb2.stream_buffer/g_buffer.data_out_r_reg[427]
            (rising edge-triggered flip-flop clocked by CLK)
  Path Group: VX_issue_IN
  Path Type: max

  Des/Clust/Port     Wire Load Model       Library
  ------------------------------------------------
  VX_issue           5K_hvratio_1_1        NangateOpenCellLibrary_tt1p1v25c

  Point                                                   Incr       Path
  --------------------------------------------------------------------------
  clock CLK (rise edge)                                   0.00       0.00
  clock network delay (ideal)                             0.00       0.00
  input external delay                                    1.20       1.20 f
  dispatch_if[0].ready (in)                               0.01       1.21 f
  U143807/ZN (NOR2_X1)                                    0.16       1.36 r
  U95220/Z (CLKBUF_X2)                                    0.20       1.56 r
  U97988/Z (CLKBUF_X1)                                    0.14       1.70 r
  U171526/ZN (NOR2_X1)                                    0.07       1.77 f
  U97906/Z (CLKBUF_X1)                                    0.19       1.96 f
  U95215/Z (CLKBUF_X2)                                    0.23       2.18 f
  U97929/Z (CLKBUF_X1)                                    0.22       2.41 f
  U171589/ZN (AOI22_X1)                                   0.11       2.52 r
  U171590/ZN (OAI21_X1)                                   0.04       2.56 f
  g_slices[0].issue_slice/dispatch/g_buffers[0].buffer/g_eb2.stream_buffer/g_buffer.data_out_r_reg[427]/D (DFF_X1)
                                                          0.01       2.57 f
  data arrival time                                                  2.57

  clock CLK (rise edge)                                   4.00       4.00
  clock network delay (ideal)                             0.00       4.00
  clock uncertainty                                      -0.25       3.75
  g_slices[0].issue_slice/dispatch/g_buffers[0].buffer/g_eb2.stream_buffer/g_buffer.data_out_r_reg[427]/CK (DFF_X1)
                                                          0.00       3.75 r
  library setup time                                     -0.03       3.72
  data required time                                                 3.72
  --------------------------------------------------------------------------
  data required time                                                 3.72
  data arrival time                                                 -2.57
  --------------------------------------------------------------------------
  slack (MET)                                                        1.15


  Startpoint: dispatch_if[0].ready
              (input port clocked by CLK)
  Endpoint: g_slices[0].issue_slice/dispatch/g_buffers[0].buffer/g_eb2.stream_buffer/g_buffer.data_out_r_reg[428]
            (rising edge-triggered flip-flop clocked by CLK)
  Path Group: VX_issue_IN
  Path Type: max

  Des/Clust/Port     Wire Load Model       Library
  ------------------------------------------------
  VX_issue           5K_hvratio_1_1        NangateOpenCellLibrary_tt1p1v25c

  Point                                                   Incr       Path
  --------------------------------------------------------------------------
  clock CLK (rise edge)                                   0.00       0.00
  clock network delay (ideal)                             0.00       0.00
  input external delay                                    1.20       1.20 f
  dispatch_if[0].ready (in)                               0.01       1.21 f
  U143807/ZN (NOR2_X1)                                    0.16       1.36 r
  U95220/Z (CLKBUF_X2)                                    0.20       1.56 r
  U97988/Z (CLKBUF_X1)                                    0.14       1.70 r
  U171526/ZN (NOR2_X1)                                    0.07       1.77 f
  U97906/Z (CLKBUF_X1)                                    0.19       1.96 f
  U95215/Z (CLKBUF_X2)                                    0.23       2.18 f
  U97929/Z (CLKBUF_X1)                                    0.22       2.41 f
  U171591/ZN (AOI22_X1)                                   0.11       2.52 r
  U171592/ZN (OAI21_X1)                                   0.04       2.56 f
  g_slices[0].issue_slice/dispatch/g_buffers[0].buffer/g_eb2.stream_buffer/g_buffer.data_out_r_reg[428]/D (DFF_X1)
                                                          0.01       2.57 f
  data arrival time                                                  2.57

  clock CLK (rise edge)                                   4.00       4.00
  clock network delay (ideal)                             0.00       4.00
  clock uncertainty                                      -0.25       3.75
  g_slices[0].issue_slice/dispatch/g_buffers[0].buffer/g_eb2.stream_buffer/g_buffer.data_out_r_reg[428]/CK (DFF_X1)
                                                          0.00       3.75 r
  library setup time                                     -0.03       3.72
  data required time                                                 3.72
  --------------------------------------------------------------------------
  data required time                                                 3.72
  data arrival time                                                 -2.57
  --------------------------------------------------------------------------
  slack (MET)                                                        1.15


  Startpoint: dispatch_if[0].ready
              (input port clocked by CLK)
  Endpoint: g_slices[0].issue_slice/dispatch/g_buffers[0].buffer/g_eb2.stream_buffer/g_buffer.data_out_r_reg[429]
            (rising edge-triggered flip-flop clocked by CLK)
  Path Group: VX_issue_IN
  Path Type: max

  Des/Clust/Port     Wire Load Model       Library
  ------------------------------------------------
  VX_issue           5K_hvratio_1_1        NangateOpenCellLibrary_tt1p1v25c

  Point                                                   Incr       Path
  --------------------------------------------------------------------------
  clock CLK (rise edge)                                   0.00       0.00
  clock network delay (ideal)                             0.00       0.00
  input external delay                                    1.20       1.20 f
  dispatch_if[0].ready (in)                               0.01       1.21 f
  U143807/ZN (NOR2_X1)                                    0.16       1.36 r
  U95220/Z (CLKBUF_X2)                                    0.20       1.56 r
  U97988/Z (CLKBUF_X1)                                    0.14       1.70 r
  U171526/ZN (NOR2_X1)                                    0.07       1.77 f
  U97906/Z (CLKBUF_X1)                                    0.19       1.96 f
  U95215/Z (CLKBUF_X2)                                    0.23       2.18 f
  U97929/Z (CLKBUF_X1)                                    0.22       2.41 f
  U171593/ZN (AOI22_X1)                                   0.11       2.52 r
  U171594/ZN (OAI21_X1)                                   0.04       2.56 f
  g_slices[0].issue_slice/dispatch/g_buffers[0].buffer/g_eb2.stream_buffer/g_buffer.data_out_r_reg[429]/D (DFF_X1)
                                                          0.01       2.57 f
  data arrival time                                                  2.57

  clock CLK (rise edge)                                   4.00       4.00
  clock network delay (ideal)                             0.00       4.00
  clock uncertainty                                      -0.25       3.75
  g_slices[0].issue_slice/dispatch/g_buffers[0].buffer/g_eb2.stream_buffer/g_buffer.data_out_r_reg[429]/CK (DFF_X1)
                                                          0.00       3.75 r
  library setup time                                     -0.03       3.72
  data required time                                                 3.72
  --------------------------------------------------------------------------
  data required time                                                 3.72
  data arrival time                                                 -2.57
  --------------------------------------------------------------------------
  slack (MET)                                                        1.15


  Startpoint: dispatch_if[0].ready
              (input port clocked by CLK)
  Endpoint: g_slices[0].issue_slice/dispatch/g_buffers[0].buffer/g_eb2.stream_buffer/g_buffer.data_out_r_reg[430]
            (rising edge-triggered flip-flop clocked by CLK)
  Path Group: VX_issue_IN
  Path Type: max

  Des/Clust/Port     Wire Load Model       Library
  ------------------------------------------------
  VX_issue           5K_hvratio_1_1        NangateOpenCellLibrary_tt1p1v25c

  Point                                                   Incr       Path
  --------------------------------------------------------------------------
  clock CLK (rise edge)                                   0.00       0.00
  clock network delay (ideal)                             0.00       0.00
  input external delay                                    1.20       1.20 f
  dispatch_if[0].ready (in)                               0.01       1.21 f
  U143807/ZN (NOR2_X1)                                    0.16       1.36 r
  U95220/Z (CLKBUF_X2)                                    0.20       1.56 r
  U97988/Z (CLKBUF_X1)                                    0.14       1.70 r
  U171526/ZN (NOR2_X1)                                    0.07       1.77 f
  U97906/Z (CLKBUF_X1)                                    0.19       1.96 f
  U95215/Z (CLKBUF_X2)                                    0.23       2.18 f
  U97929/Z (CLKBUF_X1)                                    0.22       2.41 f
  U171595/ZN (AOI22_X1)                                   0.11       2.52 r
  U171596/ZN (OAI21_X1)                                   0.04       2.56 f
  g_slices[0].issue_slice/dispatch/g_buffers[0].buffer/g_eb2.stream_buffer/g_buffer.data_out_r_reg[430]/D (DFF_X1)
                                                          0.01       2.57 f
  data arrival time                                                  2.57

  clock CLK (rise edge)                                   4.00       4.00
  clock network delay (ideal)                             0.00       4.00
  clock uncertainty                                      -0.25       3.75
  g_slices[0].issue_slice/dispatch/g_buffers[0].buffer/g_eb2.stream_buffer/g_buffer.data_out_r_reg[430]/CK (DFF_X1)
                                                          0.00       3.75 r
  library setup time                                     -0.03       3.72
  data required time                                                 3.72
  --------------------------------------------------------------------------
  data required time                                                 3.72
  data arrival time                                                 -2.57
  --------------------------------------------------------------------------
  slack (MET)                                                        1.15


  Startpoint: dispatch_if[0].ready
              (input port clocked by CLK)
  Endpoint: g_slices[0].issue_slice/dispatch/g_buffers[0].buffer/g_eb2.stream_buffer/g_buffer.data_out_r_reg[433]
            (rising edge-triggered flip-flop clocked by CLK)
  Path Group: VX_issue_IN
  Path Type: max

  Des/Clust/Port     Wire Load Model       Library
  ------------------------------------------------
  VX_issue           5K_hvratio_1_1        NangateOpenCellLibrary_tt1p1v25c

  Point                                                   Incr       Path
  --------------------------------------------------------------------------
  clock CLK (rise edge)                                   0.00       0.00
  clock network delay (ideal)                             0.00       0.00
  input external delay                                    1.20       1.20 f
  dispatch_if[0].ready (in)                               0.01       1.21 f
  U143807/ZN (NOR2_X1)                                    0.16       1.36 r
  U95220/Z (CLKBUF_X2)                                    0.20       1.56 r
  U97988/Z (CLKBUF_X1)                                    0.14       1.70 r
  U171526/ZN (NOR2_X1)                                    0.07       1.77 f
  U97906/Z (CLKBUF_X1)                                    0.19       1.96 f
  U95215/Z (CLKBUF_X2)                                    0.23       2.18 f
  U97931/Z (CLKBUF_X1)                                    0.22       2.41 f
  U171601/ZN (AOI22_X1)                                   0.11       2.52 r
  U171602/ZN (OAI21_X1)                                   0.04       2.56 f
  g_slices[0].issue_slice/dispatch/g_buffers[0].buffer/g_eb2.stream_buffer/g_buffer.data_out_r_reg[433]/D (DFF_X1)
                                                          0.01       2.57 f
  data arrival time                                                  2.57

  clock CLK (rise edge)                                   4.00       4.00
  clock network delay (ideal)                             0.00       4.00
  clock uncertainty                                      -0.25       3.75
  g_slices[0].issue_slice/dispatch/g_buffers[0].buffer/g_eb2.stream_buffer/g_buffer.data_out_r_reg[433]/CK (DFF_X1)
                                                          0.00       3.75 r
  library setup time                                     -0.03       3.72
  data required time                                                 3.72
  --------------------------------------------------------------------------
  data required time                                                 3.72
  data arrival time                                                 -2.57
  --------------------------------------------------------------------------
  slack (MET)                                                        1.15


  Startpoint: dispatch_if[0].ready
              (input port clocked by CLK)
  Endpoint: g_slices[0].issue_slice/dispatch/g_buffers[0].buffer/g_eb2.stream_buffer/g_buffer.data_out_r_reg[436]
            (rising edge-triggered flip-flop clocked by CLK)
  Path Group: VX_issue_IN
  Path Type: max

  Des/Clust/Port     Wire Load Model       Library
  ------------------------------------------------
  VX_issue           5K_hvratio_1_1        NangateOpenCellLibrary_tt1p1v25c

  Point                                                   Incr       Path
  --------------------------------------------------------------------------
  clock CLK (rise edge)                                   0.00       0.00
  clock network delay (ideal)                             0.00       0.00
  input external delay                                    1.20       1.20 f
  dispatch_if[0].ready (in)                               0.01       1.21 f
  U143807/ZN (NOR2_X1)                                    0.16       1.36 r
  U95220/Z (CLKBUF_X2)                                    0.20       1.56 r
  U97988/Z (CLKBUF_X1)                                    0.14       1.70 r
  U171526/ZN (NOR2_X1)                                    0.07       1.77 f
  U97906/Z (CLKBUF_X1)                                    0.19       1.96 f
  U95215/Z (CLKBUF_X2)                                    0.23       2.18 f
  U97929/Z (CLKBUF_X1)                                    0.22       2.41 f
  U171607/ZN (AOI22_X1)                                   0.11       2.52 r
  U171608/ZN (OAI21_X1)                                   0.04       2.56 f
  g_slices[0].issue_slice/dispatch/g_buffers[0].buffer/g_eb2.stream_buffer/g_buffer.data_out_r_reg[436]/D (DFF_X1)
                                                          0.01       2.57 f
  data arrival time                                                  2.57

  clock CLK (rise edge)                                   4.00       4.00
  clock network delay (ideal)                             0.00       4.00
  clock uncertainty                                      -0.25       3.75
  g_slices[0].issue_slice/dispatch/g_buffers[0].buffer/g_eb2.stream_buffer/g_buffer.data_out_r_reg[436]/CK (DFF_X1)
                                                          0.00       3.75 r
  library setup time                                     -0.03       3.72
  data required time                                                 3.72
  --------------------------------------------------------------------------
  data required time                                                 3.72
  data arrival time                                                 -2.57
  --------------------------------------------------------------------------
  slack (MET)                                                        1.15


  Startpoint: dispatch_if[0].ready
              (input port clocked by CLK)
  Endpoint: g_slices[0].issue_slice/dispatch/g_buffers[0].buffer/g_eb2.stream_buffer/g_buffer.data_out_r_reg[437]
            (rising edge-triggered flip-flop clocked by CLK)
  Path Group: VX_issue_IN
  Path Type: max

  Des/Clust/Port     Wire Load Model       Library
  ------------------------------------------------
  VX_issue           5K_hvratio_1_1        NangateOpenCellLibrary_tt1p1v25c

  Point                                                   Incr       Path
  --------------------------------------------------------------------------
  clock CLK (rise edge)                                   0.00       0.00
  clock network delay (ideal)                             0.00       0.00
  input external delay                                    1.20       1.20 f
  dispatch_if[0].ready (in)                               0.01       1.21 f
  U143807/ZN (NOR2_X1)                                    0.16       1.36 r
  U95220/Z (CLKBUF_X2)                                    0.20       1.56 r
  U97988/Z (CLKBUF_X1)                                    0.14       1.70 r
  U171526/ZN (NOR2_X1)                                    0.07       1.77 f
  U97906/Z (CLKBUF_X1)                                    0.19       1.96 f
  U95215/Z (CLKBUF_X2)                                    0.23       2.18 f
  U97929/Z (CLKBUF_X1)                                    0.22       2.41 f
  U171609/ZN (AOI22_X1)                                   0.11       2.52 r
  U171610/ZN (OAI21_X1)                                   0.04       2.56 f
  g_slices[0].issue_slice/dispatch/g_buffers[0].buffer/g_eb2.stream_buffer/g_buffer.data_out_r_reg[437]/D (DFF_X1)
                                                          0.01       2.57 f
  data arrival time                                                  2.57

  clock CLK (rise edge)                                   4.00       4.00
  clock network delay (ideal)                             0.00       4.00
  clock uncertainty                                      -0.25       3.75
  g_slices[0].issue_slice/dispatch/g_buffers[0].buffer/g_eb2.stream_buffer/g_buffer.data_out_r_reg[437]/CK (DFF_X1)
                                                          0.00       3.75 r
  library setup time                                     -0.03       3.72
  data required time                                                 3.72
  --------------------------------------------------------------------------
  data required time                                                 3.72
  data arrival time                                                 -2.57
  --------------------------------------------------------------------------
  slack (MET)                                                        1.15


  Startpoint: dispatch_if[0].ready
              (input port clocked by CLK)
  Endpoint: g_slices[0].issue_slice/dispatch/g_buffers[0].buffer/g_eb2.stream_buffer/g_buffer.data_out_r_reg[438]
            (rising edge-triggered flip-flop clocked by CLK)
  Path Group: VX_issue_IN
  Path Type: max

  Des/Clust/Port     Wire Load Model       Library
  ------------------------------------------------
  VX_issue           5K_hvratio_1_1        NangateOpenCellLibrary_tt1p1v25c

  Point                                                   Incr       Path
  --------------------------------------------------------------------------
  clock CLK (rise edge)                                   0.00       0.00
  clock network delay (ideal)                             0.00       0.00
  input external delay                                    1.20       1.20 f
  dispatch_if[0].ready (in)                               0.01       1.21 f
  U143807/ZN (NOR2_X1)                                    0.16       1.36 r
  U95220/Z (CLKBUF_X2)                                    0.20       1.56 r
  U97988/Z (CLKBUF_X1)                                    0.14       1.70 r
  U171526/ZN (NOR2_X1)                                    0.07       1.77 f
  U97906/Z (CLKBUF_X1)                                    0.19       1.96 f
  U95215/Z (CLKBUF_X2)                                    0.23       2.18 f
  U97929/Z (CLKBUF_X1)                                    0.22       2.41 f
  U171611/ZN (AOI22_X1)                                   0.11       2.52 r
  U171612/ZN (OAI21_X1)                                   0.04       2.56 f
  g_slices[0].issue_slice/dispatch/g_buffers[0].buffer/g_eb2.stream_buffer/g_buffer.data_out_r_reg[438]/D (DFF_X1)
                                                          0.01       2.57 f
  data arrival time                                                  2.57

  clock CLK (rise edge)                                   4.00       4.00
  clock network delay (ideal)                             0.00       4.00
  clock uncertainty                                      -0.25       3.75
  g_slices[0].issue_slice/dispatch/g_buffers[0].buffer/g_eb2.stream_buffer/g_buffer.data_out_r_reg[438]/CK (DFF_X1)
                                                          0.00       3.75 r
  library setup time                                     -0.03       3.72
  data required time                                                 3.72
  --------------------------------------------------------------------------
  data required time                                                 3.72
  data arrival time                                                 -2.57
  --------------------------------------------------------------------------
  slack (MET)                                                        1.15


  Startpoint: dispatch_if[0].ready
              (input port clocked by CLK)
  Endpoint: g_slices[0].issue_slice/dispatch/g_buffers[0].buffer/g_eb2.stream_buffer/g_buffer.data_out_r_reg[443]
            (rising edge-triggered flip-flop clocked by CLK)
  Path Group: VX_issue_IN
  Path Type: max

  Des/Clust/Port     Wire Load Model       Library
  ------------------------------------------------
  VX_issue           5K_hvratio_1_1        NangateOpenCellLibrary_tt1p1v25c

  Point                                                   Incr       Path
  --------------------------------------------------------------------------
  clock CLK (rise edge)                                   0.00       0.00
  clock network delay (ideal)                             0.00       0.00
  input external delay                                    1.20       1.20 f
  dispatch_if[0].ready (in)                               0.01       1.21 f
  U143807/ZN (NOR2_X1)                                    0.16       1.36 r
  U95220/Z (CLKBUF_X2)                                    0.20       1.56 r
  U97988/Z (CLKBUF_X1)                                    0.14       1.70 r
  U171526/ZN (NOR2_X1)                                    0.07       1.77 f
  U97906/Z (CLKBUF_X1)                                    0.19       1.96 f
  U95215/Z (CLKBUF_X2)                                    0.23       2.18 f
  U97932/Z (CLKBUF_X1)                                    0.22       2.41 f
  U171621/ZN (AOI22_X1)                                   0.11       2.52 r
  U171622/ZN (OAI21_X1)                                   0.04       2.56 f
  g_slices[0].issue_slice/dispatch/g_buffers[0].buffer/g_eb2.stream_buffer/g_buffer.data_out_r_reg[443]/D (DFF_X1)
                                                          0.01       2.57 f
  data arrival time                                                  2.57

  clock CLK (rise edge)                                   4.00       4.00
  clock network delay (ideal)                             0.00       4.00
  clock uncertainty                                      -0.25       3.75
  g_slices[0].issue_slice/dispatch/g_buffers[0].buffer/g_eb2.stream_buffer/g_buffer.data_out_r_reg[443]/CK (DFF_X1)
                                                          0.00       3.75 r
  library setup time                                     -0.03       3.72
  data required time                                                 3.72
  --------------------------------------------------------------------------
  data required time                                                 3.72
  data arrival time                                                 -2.57
  --------------------------------------------------------------------------
  slack (MET)                                                        1.15


  Startpoint: dispatch_if[0].ready
              (input port clocked by CLK)
  Endpoint: g_slices[0].issue_slice/dispatch/g_buffers[0].buffer/g_eb2.stream_buffer/g_buffer.data_out_r_reg[145]
            (rising edge-triggered flip-flop clocked by CLK)
  Path Group: VX_issue_IN
  Path Type: max

  Des/Clust/Port     Wire Load Model       Library
  ------------------------------------------------
  VX_issue           5K_hvratio_1_1        NangateOpenCellLibrary_tt1p1v25c

  Point                                                   Incr       Path
  --------------------------------------------------------------------------
  clock CLK (rise edge)                                   0.00       0.00
  clock network delay (ideal)                             0.00       0.00
  input external delay                                    1.20       1.20 f
  dispatch_if[0].ready (in)                               0.01       1.21 f
  U143807/ZN (NOR2_X1)                                    0.16       1.36 r
  U95220/Z (CLKBUF_X2)                                    0.20       1.56 r
  U97988/Z (CLKBUF_X1)                                    0.14       1.70 r
  U171526/ZN (NOR2_X1)                                    0.07       1.77 f
  U97906/Z (CLKBUF_X1)                                    0.19       1.96 f
  U95215/Z (CLKBUF_X2)                                    0.23       2.18 f
  U97929/Z (CLKBUF_X1)                                    0.22       2.41 f
  U172166/ZN (AOI22_X1)                                   0.11       2.52 r
  U172167/ZN (OAI21_X1)                                   0.04       2.56 f
  g_slices[0].issue_slice/dispatch/g_buffers[0].buffer/g_eb2.stream_buffer/g_buffer.data_out_r_reg[145]/D (DFF_X1)
                                                          0.01       2.57 f
  data arrival time                                                  2.57

  clock CLK (rise edge)                                   4.00       4.00
  clock network delay (ideal)                             0.00       4.00
  clock uncertainty                                      -0.25       3.75
  g_slices[0].issue_slice/dispatch/g_buffers[0].buffer/g_eb2.stream_buffer/g_buffer.data_out_r_reg[145]/CK (DFF_X1)
                                                          0.00       3.75 r
  library setup time                                     -0.03       3.72
  data required time                                                 3.72
  --------------------------------------------------------------------------
  data required time                                                 3.72
  data arrival time                                                 -2.57
  --------------------------------------------------------------------------
  slack (MET)                                                        1.15


  Startpoint: dispatch_if[0].ready
              (input port clocked by CLK)
  Endpoint: g_slices[0].issue_slice/dispatch/g_buffers[0].buffer/g_eb2.stream_buffer/g_buffer.data_out_r_reg[146]
            (rising edge-triggered flip-flop clocked by CLK)
  Path Group: VX_issue_IN
  Path Type: max

  Des/Clust/Port     Wire Load Model       Library
  ------------------------------------------------
  VX_issue           5K_hvratio_1_1        NangateOpenCellLibrary_tt1p1v25c

  Point                                                   Incr       Path
  --------------------------------------------------------------------------
  clock CLK (rise edge)                                   0.00       0.00
  clock network delay (ideal)                             0.00       0.00
  input external delay                                    1.20       1.20 f
  dispatch_if[0].ready (in)                               0.01       1.21 f
  U143807/ZN (NOR2_X1)                                    0.16       1.36 r
  U95220/Z (CLKBUF_X2)                                    0.20       1.56 r
  U97988/Z (CLKBUF_X1)                                    0.14       1.70 r
  U171526/ZN (NOR2_X1)                                    0.07       1.77 f
  U97906/Z (CLKBUF_X1)                                    0.19       1.96 f
  U95215/Z (CLKBUF_X2)                                    0.23       2.18 f
  U97932/Z (CLKBUF_X1)                                    0.22       2.41 f
  U172168/ZN (AOI22_X1)                                   0.11       2.52 r
  U172169/ZN (OAI21_X1)                                   0.04       2.56 f
  g_slices[0].issue_slice/dispatch/g_buffers[0].buffer/g_eb2.stream_buffer/g_buffer.data_out_r_reg[146]/D (DFF_X1)
                                                          0.01       2.57 f
  data arrival time                                                  2.57

  clock CLK (rise edge)                                   4.00       4.00
  clock network delay (ideal)                             0.00       4.00
  clock uncertainty                                      -0.25       3.75
  g_slices[0].issue_slice/dispatch/g_buffers[0].buffer/g_eb2.stream_buffer/g_buffer.data_out_r_reg[146]/CK (DFF_X1)
                                                          0.00       3.75 r
  library setup time                                     -0.03       3.72
  data required time                                                 3.72
  --------------------------------------------------------------------------
  data required time                                                 3.72
  data arrival time                                                 -2.57
  --------------------------------------------------------------------------
  slack (MET)                                                        1.15


  Startpoint: dispatch_if[0].ready
              (input port clocked by CLK)
  Endpoint: g_slices[0].issue_slice/dispatch/g_buffers[0].buffer/g_eb2.stream_buffer/g_buffer.data_out_r_reg[173]
            (rising edge-triggered flip-flop clocked by CLK)
  Path Group: VX_issue_IN
  Path Type: max

  Des/Clust/Port     Wire Load Model       Library
  ------------------------------------------------
  VX_issue           5K_hvratio_1_1        NangateOpenCellLibrary_tt1p1v25c

  Point                                                   Incr       Path
  --------------------------------------------------------------------------
  clock CLK (rise edge)                                   0.00       0.00
  clock network delay (ideal)                             0.00       0.00
  input external delay                                    1.20       1.20 f
  dispatch_if[0].ready (in)                               0.01       1.21 f
  U143807/ZN (NOR2_X1)                                    0.16       1.36 r
  U95220/Z (CLKBUF_X2)                                    0.20       1.56 r
  U97988/Z (CLKBUF_X1)                                    0.14       1.70 r
  U171526/ZN (NOR2_X1)                                    0.07       1.77 f
  U97906/Z (CLKBUF_X1)                                    0.19       1.96 f
  U95215/Z (CLKBUF_X2)                                    0.23       2.18 f
  U97931/Z (CLKBUF_X1)                                    0.22       2.41 f
  U172222/ZN (AOI22_X1)                                   0.11       2.52 r
  U172223/ZN (OAI21_X1)                                   0.04       2.56 f
  g_slices[0].issue_slice/dispatch/g_buffers[0].buffer/g_eb2.stream_buffer/g_buffer.data_out_r_reg[173]/D (DFF_X1)
                                                          0.01       2.57 f
  data arrival time                                                  2.57

  clock CLK (rise edge)                                   4.00       4.00
  clock network delay (ideal)                             0.00       4.00
  clock uncertainty                                      -0.25       3.75
  g_slices[0].issue_slice/dispatch/g_buffers[0].buffer/g_eb2.stream_buffer/g_buffer.data_out_r_reg[173]/CK (DFF_X1)
                                                          0.00       3.75 r
  library setup time                                     -0.03       3.72
  data required time                                                 3.72
  --------------------------------------------------------------------------
  data required time                                                 3.72
  data arrival time                                                 -2.57
  --------------------------------------------------------------------------
  slack (MET)                                                        1.15


  Startpoint: dispatch_if[0].ready
              (input port clocked by CLK)
  Endpoint: g_slices[0].issue_slice/dispatch/g_buffers[0].buffer/g_eb2.stream_buffer/g_buffer.data_out_r_reg[176]
            (rising edge-triggered flip-flop clocked by CLK)
  Path Group: VX_issue_IN
  Path Type: max

  Des/Clust/Port     Wire Load Model       Library
  ------------------------------------------------
  VX_issue           5K_hvratio_1_1        NangateOpenCellLibrary_tt1p1v25c

  Point                                                   Incr       Path
  --------------------------------------------------------------------------
  clock CLK (rise edge)                                   0.00       0.00
  clock network delay (ideal)                             0.00       0.00
  input external delay                                    1.20       1.20 f
  dispatch_if[0].ready (in)                               0.01       1.21 f
  U143807/ZN (NOR2_X1)                                    0.16       1.36 r
  U95220/Z (CLKBUF_X2)                                    0.20       1.56 r
  U97988/Z (CLKBUF_X1)                                    0.14       1.70 r
  U171526/ZN (NOR2_X1)                                    0.07       1.77 f
  U97906/Z (CLKBUF_X1)                                    0.19       1.96 f
  U95215/Z (CLKBUF_X2)                                    0.23       2.18 f
  U97932/Z (CLKBUF_X1)                                    0.22       2.41 f
  U172228/ZN (AOI22_X1)                                   0.11       2.52 r
  U172229/ZN (OAI21_X1)                                   0.04       2.56 f
  g_slices[0].issue_slice/dispatch/g_buffers[0].buffer/g_eb2.stream_buffer/g_buffer.data_out_r_reg[176]/D (DFF_X1)
                                                          0.01       2.57 f
  data arrival time                                                  2.57

  clock CLK (rise edge)                                   4.00       4.00
  clock network delay (ideal)                             0.00       4.00
  clock uncertainty                                      -0.25       3.75
  g_slices[0].issue_slice/dispatch/g_buffers[0].buffer/g_eb2.stream_buffer/g_buffer.data_out_r_reg[176]/CK (DFF_X1)
                                                          0.00       3.75 r
  library setup time                                     -0.03       3.72
  data required time                                                 3.72
  --------------------------------------------------------------------------
  data required time                                                 3.72
  data arrival time                                                 -2.57
  --------------------------------------------------------------------------
  slack (MET)                                                        1.15


  Startpoint: dispatch_if[0].ready
              (input port clocked by CLK)
  Endpoint: g_slices[0].issue_slice/dispatch/g_buffers[0].buffer/g_eb2.stream_buffer/g_buffer.data_out_r_reg[329]
            (rising edge-triggered flip-flop clocked by CLK)
  Path Group: VX_issue_IN
  Path Type: max

  Des/Clust/Port     Wire Load Model       Library
  ------------------------------------------------
  VX_issue           5K_hvratio_1_1        NangateOpenCellLibrary_tt1p1v25c

  Point                                                   Incr       Path
  --------------------------------------------------------------------------
  clock CLK (rise edge)                                   0.00       0.00
  clock network delay (ideal)                             0.00       0.00
  input external delay                                    1.20       1.20 f
  dispatch_if[0].ready (in)                               0.01       1.21 f
  U143807/ZN (NOR2_X1)                                    0.16       1.36 r
  U95220/Z (CLKBUF_X2)                                    0.20       1.56 r
  U97988/Z (CLKBUF_X1)                                    0.14       1.70 r
  U171526/ZN (NOR2_X1)                                    0.07       1.77 f
  U97906/Z (CLKBUF_X1)                                    0.19       1.96 f
  U95215/Z (CLKBUF_X2)                                    0.23       2.18 f
  U97932/Z (CLKBUF_X1)                                    0.22       2.41 f
  U171741/ZN (AOI22_X1)                                   0.11       2.52 r
  U171742/ZN (OAI21_X1)                                   0.04       2.56 f
  g_slices[0].issue_slice/dispatch/g_buffers[0].buffer/g_eb2.stream_buffer/g_buffer.data_out_r_reg[329]/D (DFF_X1)
                                                          0.01       2.57 f
  data arrival time                                                  2.57

  clock CLK (rise edge)                                   4.00       4.00
  clock network delay (ideal)                             0.00       4.00
  clock uncertainty                                      -0.25       3.75
  g_slices[0].issue_slice/dispatch/g_buffers[0].buffer/g_eb2.stream_buffer/g_buffer.data_out_r_reg[329]/CK (DFF_X1)
                                                          0.00       3.75 r
  library setup time                                     -0.03       3.72
  data required time                                                 3.72
  --------------------------------------------------------------------------
  data required time                                                 3.72
  data arrival time                                                 -2.57
  --------------------------------------------------------------------------
  slack (MET)                                                        1.15


  Startpoint: dispatch_if[0].ready
              (input port clocked by CLK)
  Endpoint: g_slices[0].issue_slice/dispatch/g_buffers[0].buffer/g_eb2.stream_buffer/g_buffer.data_out_r_reg[330]
            (rising edge-triggered flip-flop clocked by CLK)
  Path Group: VX_issue_IN
  Path Type: max

  Des/Clust/Port     Wire Load Model       Library
  ------------------------------------------------
  VX_issue           5K_hvratio_1_1        NangateOpenCellLibrary_tt1p1v25c

  Point                                                   Incr       Path
  --------------------------------------------------------------------------
  clock CLK (rise edge)                                   0.00       0.00
  clock network delay (ideal)                             0.00       0.00
  input external delay                                    1.20       1.20 f
  dispatch_if[0].ready (in)                               0.01       1.21 f
  U143807/ZN (NOR2_X1)                                    0.16       1.36 r
  U95220/Z (CLKBUF_X2)                                    0.20       1.56 r
  U97988/Z (CLKBUF_X1)                                    0.14       1.70 r
  U171526/ZN (NOR2_X1)                                    0.07       1.77 f
  U97906/Z (CLKBUF_X1)                                    0.19       1.96 f
  U95215/Z (CLKBUF_X2)                                    0.23       2.18 f
  U97932/Z (CLKBUF_X1)                                    0.22       2.41 f
  U171743/ZN (AOI22_X1)                                   0.11       2.52 r
  U171744/ZN (OAI21_X1)                                   0.04       2.56 f
  g_slices[0].issue_slice/dispatch/g_buffers[0].buffer/g_eb2.stream_buffer/g_buffer.data_out_r_reg[330]/D (DFF_X1)
                                                          0.01       2.57 f
  data arrival time                                                  2.57

  clock CLK (rise edge)                                   4.00       4.00
  clock network delay (ideal)                             0.00       4.00
  clock uncertainty                                      -0.25       3.75
  g_slices[0].issue_slice/dispatch/g_buffers[0].buffer/g_eb2.stream_buffer/g_buffer.data_out_r_reg[330]/CK (DFF_X1)
                                                          0.00       3.75 r
  library setup time                                     -0.03       3.72
  data required time                                                 3.72
  --------------------------------------------------------------------------
  data required time                                                 3.72
  data arrival time                                                 -2.57
  --------------------------------------------------------------------------
  slack (MET)                                                        1.15


  Startpoint: dispatch_if[0].ready
              (input port clocked by CLK)
  Endpoint: g_slices[0].issue_slice/dispatch/g_buffers[0].buffer/g_eb2.stream_buffer/g_buffer.data_out_r_reg[331]
            (rising edge-triggered flip-flop clocked by CLK)
  Path Group: VX_issue_IN
  Path Type: max

  Des/Clust/Port     Wire Load Model       Library
  ------------------------------------------------
  VX_issue           5K_hvratio_1_1        NangateOpenCellLibrary_tt1p1v25c

  Point                                                   Incr       Path
  --------------------------------------------------------------------------
  clock CLK (rise edge)                                   0.00       0.00
  clock network delay (ideal)                             0.00       0.00
  input external delay                                    1.20       1.20 f
  dispatch_if[0].ready (in)                               0.01       1.21 f
  U143807/ZN (NOR2_X1)                                    0.16       1.36 r
  U95220/Z (CLKBUF_X2)                                    0.20       1.56 r
  U97988/Z (CLKBUF_X1)                                    0.14       1.70 r
  U171526/ZN (NOR2_X1)                                    0.07       1.77 f
  U97906/Z (CLKBUF_X1)                                    0.19       1.96 f
  U95215/Z (CLKBUF_X2)                                    0.23       2.18 f
  U97932/Z (CLKBUF_X1)                                    0.22       2.41 f
  U171745/ZN (AOI22_X1)                                   0.11       2.52 r
  U171746/ZN (OAI21_X1)                                   0.04       2.56 f
  g_slices[0].issue_slice/dispatch/g_buffers[0].buffer/g_eb2.stream_buffer/g_buffer.data_out_r_reg[331]/D (DFF_X1)
                                                          0.01       2.57 f
  data arrival time                                                  2.57

  clock CLK (rise edge)                                   4.00       4.00
  clock network delay (ideal)                             0.00       4.00
  clock uncertainty                                      -0.25       3.75
  g_slices[0].issue_slice/dispatch/g_buffers[0].buffer/g_eb2.stream_buffer/g_buffer.data_out_r_reg[331]/CK (DFF_X1)
                                                          0.00       3.75 r
  library setup time                                     -0.03       3.72
  data required time                                                 3.72
  --------------------------------------------------------------------------
  data required time                                                 3.72
  data arrival time                                                 -2.57
  --------------------------------------------------------------------------
  slack (MET)                                                        1.15


  Startpoint: dispatch_if[0].ready
              (input port clocked by CLK)
  Endpoint: g_slices[0].issue_slice/dispatch/g_buffers[0].buffer/g_eb2.stream_buffer/g_buffer.data_out_r_reg[332]
            (rising edge-triggered flip-flop clocked by CLK)
  Path Group: VX_issue_IN
  Path Type: max

  Des/Clust/Port     Wire Load Model       Library
  ------------------------------------------------
  VX_issue           5K_hvratio_1_1        NangateOpenCellLibrary_tt1p1v25c

  Point                                                   Incr       Path
  --------------------------------------------------------------------------
  clock CLK (rise edge)                                   0.00       0.00
  clock network delay (ideal)                             0.00       0.00
  input external delay                                    1.20       1.20 f
  dispatch_if[0].ready (in)                               0.01       1.21 f
  U143807/ZN (NOR2_X1)                                    0.16       1.36 r
  U95220/Z (CLKBUF_X2)                                    0.20       1.56 r
  U97988/Z (CLKBUF_X1)                                    0.14       1.70 r
  U171526/ZN (NOR2_X1)                                    0.07       1.77 f
  U97906/Z (CLKBUF_X1)                                    0.19       1.96 f
  U95215/Z (CLKBUF_X2)                                    0.23       2.18 f
  U97932/Z (CLKBUF_X1)                                    0.22       2.41 f
  U171747/ZN (AOI22_X1)                                   0.11       2.52 r
  U171748/ZN (OAI21_X1)                                   0.04       2.56 f
  g_slices[0].issue_slice/dispatch/g_buffers[0].buffer/g_eb2.stream_buffer/g_buffer.data_out_r_reg[332]/D (DFF_X1)
                                                          0.01       2.57 f
  data arrival time                                                  2.57

  clock CLK (rise edge)                                   4.00       4.00
  clock network delay (ideal)                             0.00       4.00
  clock uncertainty                                      -0.25       3.75
  g_slices[0].issue_slice/dispatch/g_buffers[0].buffer/g_eb2.stream_buffer/g_buffer.data_out_r_reg[332]/CK (DFF_X1)
                                                          0.00       3.75 r
  library setup time                                     -0.03       3.72
  data required time                                                 3.72
  --------------------------------------------------------------------------
  data required time                                                 3.72
  data arrival time                                                 -2.57
  --------------------------------------------------------------------------
  slack (MET)                                                        1.15


  Startpoint: dispatch_if[0].ready
              (input port clocked by CLK)
  Endpoint: g_slices[0].issue_slice/dispatch/g_buffers[0].buffer/g_eb2.stream_buffer/g_buffer.data_out_r_reg[333]
            (rising edge-triggered flip-flop clocked by CLK)
  Path Group: VX_issue_IN
  Path Type: max

  Des/Clust/Port     Wire Load Model       Library
  ------------------------------------------------
  VX_issue           5K_hvratio_1_1        NangateOpenCellLibrary_tt1p1v25c

  Point                                                   Incr       Path
  --------------------------------------------------------------------------
  clock CLK (rise edge)                                   0.00       0.00
  clock network delay (ideal)                             0.00       0.00
  input external delay                                    1.20       1.20 f
  dispatch_if[0].ready (in)                               0.01       1.21 f
  U143807/ZN (NOR2_X1)                                    0.16       1.36 r
  U95220/Z (CLKBUF_X2)                                    0.20       1.56 r
  U97988/Z (CLKBUF_X1)                                    0.14       1.70 r
  U171526/ZN (NOR2_X1)                                    0.07       1.77 f
  U97906/Z (CLKBUF_X1)                                    0.19       1.96 f
  U95215/Z (CLKBUF_X2)                                    0.23       2.18 f
  U97932/Z (CLKBUF_X1)                                    0.22       2.41 f
  U171749/ZN (AOI22_X1)                                   0.11       2.52 r
  U171750/ZN (OAI21_X1)                                   0.04       2.56 f
  g_slices[0].issue_slice/dispatch/g_buffers[0].buffer/g_eb2.stream_buffer/g_buffer.data_out_r_reg[333]/D (DFF_X1)
                                                          0.01       2.57 f
  data arrival time                                                  2.57

  clock CLK (rise edge)                                   4.00       4.00
  clock network delay (ideal)                             0.00       4.00
  clock uncertainty                                      -0.25       3.75
  g_slices[0].issue_slice/dispatch/g_buffers[0].buffer/g_eb2.stream_buffer/g_buffer.data_out_r_reg[333]/CK (DFF_X1)
                                                          0.00       3.75 r
  library setup time                                     -0.03       3.72
  data required time                                                 3.72
  --------------------------------------------------------------------------
  data required time                                                 3.72
  data arrival time                                                 -2.57
  --------------------------------------------------------------------------
  slack (MET)                                                        1.15


  Startpoint: dispatch_if[0].ready
              (input port clocked by CLK)
  Endpoint: g_slices[0].issue_slice/dispatch/g_buffers[0].buffer/g_eb2.stream_buffer/g_buffer.data_out_r_reg[334]
            (rising edge-triggered flip-flop clocked by CLK)
  Path Group: VX_issue_IN
  Path Type: max

  Des/Clust/Port     Wire Load Model       Library
  ------------------------------------------------
  VX_issue           5K_hvratio_1_1        NangateOpenCellLibrary_tt1p1v25c

  Point                                                   Incr       Path
  --------------------------------------------------------------------------
  clock CLK (rise edge)                                   0.00       0.00
  clock network delay (ideal)                             0.00       0.00
  input external delay                                    1.20       1.20 f
  dispatch_if[0].ready (in)                               0.01       1.21 f
  U143807/ZN (NOR2_X1)                                    0.16       1.36 r
  U95220/Z (CLKBUF_X2)                                    0.20       1.56 r
  U97988/Z (CLKBUF_X1)                                    0.14       1.70 r
  U171526/ZN (NOR2_X1)                                    0.07       1.77 f
  U97906/Z (CLKBUF_X1)                                    0.19       1.96 f
  U95215/Z (CLKBUF_X2)                                    0.23       2.18 f
  U97932/Z (CLKBUF_X1)                                    0.22       2.41 f
  U171751/ZN (AOI22_X1)                                   0.11       2.52 r
  U171752/ZN (OAI21_X1)                                   0.04       2.56 f
  g_slices[0].issue_slice/dispatch/g_buffers[0].buffer/g_eb2.stream_buffer/g_buffer.data_out_r_reg[334]/D (DFF_X1)
                                                          0.01       2.57 f
  data arrival time                                                  2.57

  clock CLK (rise edge)                                   4.00       4.00
  clock network delay (ideal)                             0.00       4.00
  clock uncertainty                                      -0.25       3.75
  g_slices[0].issue_slice/dispatch/g_buffers[0].buffer/g_eb2.stream_buffer/g_buffer.data_out_r_reg[334]/CK (DFF_X1)
                                                          0.00       3.75 r
  library setup time                                     -0.03       3.72
  data required time                                                 3.72
  --------------------------------------------------------------------------
  data required time                                                 3.72
  data arrival time                                                 -2.57
  --------------------------------------------------------------------------
  slack (MET)                                                        1.15


  Startpoint: dispatch_if[0].ready
              (input port clocked by CLK)
  Endpoint: g_slices[0].issue_slice/dispatch/g_buffers[0].buffer/g_eb2.stream_buffer/g_buffer.data_out_r_reg[335]
            (rising edge-triggered flip-flop clocked by CLK)
  Path Group: VX_issue_IN
  Path Type: max

  Des/Clust/Port     Wire Load Model       Library
  ------------------------------------------------
  VX_issue           5K_hvratio_1_1        NangateOpenCellLibrary_tt1p1v25c

  Point                                                   Incr       Path
  --------------------------------------------------------------------------
  clock CLK (rise edge)                                   0.00       0.00
  clock network delay (ideal)                             0.00       0.00
  input external delay                                    1.20       1.20 f
  dispatch_if[0].ready (in)                               0.01       1.21 f
  U143807/ZN (NOR2_X1)                                    0.16       1.36 r
  U95220/Z (CLKBUF_X2)                                    0.20       1.56 r
  U97988/Z (CLKBUF_X1)                                    0.14       1.70 r
  U171526/ZN (NOR2_X1)                                    0.07       1.77 f
  U97906/Z (CLKBUF_X1)                                    0.19       1.96 f
  U95215/Z (CLKBUF_X2)                                    0.23       2.18 f
  U97932/Z (CLKBUF_X1)                                    0.22       2.41 f
  U171753/ZN (AOI22_X1)                                   0.11       2.52 r
  U171754/ZN (OAI21_X1)                                   0.04       2.56 f
  g_slices[0].issue_slice/dispatch/g_buffers[0].buffer/g_eb2.stream_buffer/g_buffer.data_out_r_reg[335]/D (DFF_X1)
                                                          0.01       2.57 f
  data arrival time                                                  2.57

  clock CLK (rise edge)                                   4.00       4.00
  clock network delay (ideal)                             0.00       4.00
  clock uncertainty                                      -0.25       3.75
  g_slices[0].issue_slice/dispatch/g_buffers[0].buffer/g_eb2.stream_buffer/g_buffer.data_out_r_reg[335]/CK (DFF_X1)
                                                          0.00       3.75 r
  library setup time                                     -0.03       3.72
  data required time                                                 3.72
  --------------------------------------------------------------------------
  data required time                                                 3.72
  data arrival time                                                 -2.57
  --------------------------------------------------------------------------
  slack (MET)                                                        1.15


  Startpoint: dispatch_if[0].ready
              (input port clocked by CLK)
  Endpoint: g_slices[0].issue_slice/dispatch/g_buffers[0].buffer/g_eb2.stream_buffer/g_buffer.data_out_r_reg[336]
            (rising edge-triggered flip-flop clocked by CLK)
  Path Group: VX_issue_IN
  Path Type: max

  Des/Clust/Port     Wire Load Model       Library
  ------------------------------------------------
  VX_issue           5K_hvratio_1_1        NangateOpenCellLibrary_tt1p1v25c

  Point                                                   Incr       Path
  --------------------------------------------------------------------------
  clock CLK (rise edge)                                   0.00       0.00
  clock network delay (ideal)                             0.00       0.00
  input external delay                                    1.20       1.20 f
  dispatch_if[0].ready (in)                               0.01       1.21 f
  U143807/ZN (NOR2_X1)                                    0.16       1.36 r
  U95220/Z (CLKBUF_X2)                                    0.20       1.56 r
  U97988/Z (CLKBUF_X1)                                    0.14       1.70 r
  U171526/ZN (NOR2_X1)                                    0.07       1.77 f
  U97906/Z (CLKBUF_X1)                                    0.19       1.96 f
  U95215/Z (CLKBUF_X2)                                    0.23       2.18 f
  U97932/Z (CLKBUF_X1)                                    0.22       2.41 f
  U171755/ZN (AOI22_X1)                                   0.11       2.52 r
  U171756/ZN (OAI21_X1)                                   0.04       2.56 f
  g_slices[0].issue_slice/dispatch/g_buffers[0].buffer/g_eb2.stream_buffer/g_buffer.data_out_r_reg[336]/D (DFF_X1)
                                                          0.01       2.57 f
  data arrival time                                                  2.57

  clock CLK (rise edge)                                   4.00       4.00
  clock network delay (ideal)                             0.00       4.00
  clock uncertainty                                      -0.25       3.75
  g_slices[0].issue_slice/dispatch/g_buffers[0].buffer/g_eb2.stream_buffer/g_buffer.data_out_r_reg[336]/CK (DFF_X1)
                                                          0.00       3.75 r
  library setup time                                     -0.03       3.72
  data required time                                                 3.72
  --------------------------------------------------------------------------
  data required time                                                 3.72
  data arrival time                                                 -2.57
  --------------------------------------------------------------------------
  slack (MET)                                                        1.15


  Startpoint: dispatch_if[0].ready
              (input port clocked by CLK)
  Endpoint: g_slices[0].issue_slice/dispatch/g_buffers[0].buffer/g_eb2.stream_buffer/g_buffer.data_out_r_reg[337]
            (rising edge-triggered flip-flop clocked by CLK)
  Path Group: VX_issue_IN
  Path Type: max

  Des/Clust/Port     Wire Load Model       Library
  ------------------------------------------------
  VX_issue           5K_hvratio_1_1        NangateOpenCellLibrary_tt1p1v25c

  Point                                                   Incr       Path
  --------------------------------------------------------------------------
  clock CLK (rise edge)                                   0.00       0.00
  clock network delay (ideal)                             0.00       0.00
  input external delay                                    1.20       1.20 f
  dispatch_if[0].ready (in)                               0.01       1.21 f
  U143807/ZN (NOR2_X1)                                    0.16       1.36 r
  U95220/Z (CLKBUF_X2)                                    0.20       1.56 r
  U97988/Z (CLKBUF_X1)                                    0.14       1.70 r
  U171526/ZN (NOR2_X1)                                    0.07       1.77 f
  U97906/Z (CLKBUF_X1)                                    0.19       1.96 f
  U95215/Z (CLKBUF_X2)                                    0.23       2.18 f
  U97932/Z (CLKBUF_X1)                                    0.22       2.41 f
  U171757/ZN (AOI22_X1)                                   0.11       2.52 r
  U171758/ZN (OAI21_X1)                                   0.04       2.56 f
  g_slices[0].issue_slice/dispatch/g_buffers[0].buffer/g_eb2.stream_buffer/g_buffer.data_out_r_reg[337]/D (DFF_X1)
                                                          0.01       2.57 f
  data arrival time                                                  2.57

  clock CLK (rise edge)                                   4.00       4.00
  clock network delay (ideal)                             0.00       4.00
  clock uncertainty                                      -0.25       3.75
  g_slices[0].issue_slice/dispatch/g_buffers[0].buffer/g_eb2.stream_buffer/g_buffer.data_out_r_reg[337]/CK (DFF_X1)
                                                          0.00       3.75 r
  library setup time                                     -0.03       3.72
  data required time                                                 3.72
  --------------------------------------------------------------------------
  data required time                                                 3.72
  data arrival time                                                 -2.57
  --------------------------------------------------------------------------
  slack (MET)                                                        1.15


  Startpoint: dispatch_if[0].ready
              (input port clocked by CLK)
  Endpoint: g_slices[0].issue_slice/dispatch/g_buffers[0].buffer/g_eb2.stream_buffer/g_buffer.data_out_r_reg[338]
            (rising edge-triggered flip-flop clocked by CLK)
  Path Group: VX_issue_IN
  Path Type: max

  Des/Clust/Port     Wire Load Model       Library
  ------------------------------------------------
  VX_issue           5K_hvratio_1_1        NangateOpenCellLibrary_tt1p1v25c

  Point                                                   Incr       Path
  --------------------------------------------------------------------------
  clock CLK (rise edge)                                   0.00       0.00
  clock network delay (ideal)                             0.00       0.00
  input external delay                                    1.20       1.20 f
  dispatch_if[0].ready (in)                               0.01       1.21 f
  U143807/ZN (NOR2_X1)                                    0.16       1.36 r
  U95220/Z (CLKBUF_X2)                                    0.20       1.56 r
  U97988/Z (CLKBUF_X1)                                    0.14       1.70 r
  U171526/ZN (NOR2_X1)                                    0.07       1.77 f
  U97906/Z (CLKBUF_X1)                                    0.19       1.96 f
  U95215/Z (CLKBUF_X2)                                    0.23       2.18 f
  U97932/Z (CLKBUF_X1)                                    0.22       2.41 f
  U171759/ZN (AOI22_X1)                                   0.11       2.52 r
  U171760/ZN (OAI21_X1)                                   0.04       2.56 f
  g_slices[0].issue_slice/dispatch/g_buffers[0].buffer/g_eb2.stream_buffer/g_buffer.data_out_r_reg[338]/D (DFF_X1)
                                                          0.01       2.57 f
  data arrival time                                                  2.57

  clock CLK (rise edge)                                   4.00       4.00
  clock network delay (ideal)                             0.00       4.00
  clock uncertainty                                      -0.25       3.75
  g_slices[0].issue_slice/dispatch/g_buffers[0].buffer/g_eb2.stream_buffer/g_buffer.data_out_r_reg[338]/CK (DFF_X1)
                                                          0.00       3.75 r
  library setup time                                     -0.03       3.72
  data required time                                                 3.72
  --------------------------------------------------------------------------
  data required time                                                 3.72
  data arrival time                                                 -2.57
  --------------------------------------------------------------------------
  slack (MET)                                                        1.15


  Startpoint: dispatch_if[0].ready
              (input port clocked by CLK)
  Endpoint: g_slices[0].issue_slice/dispatch/g_buffers[0].buffer/g_eb2.stream_buffer/g_buffer.data_out_r_reg[459]
            (rising edge-triggered flip-flop clocked by CLK)
  Path Group: VX_issue_IN
  Path Type: max

  Des/Clust/Port     Wire Load Model       Library
  ------------------------------------------------
  VX_issue           5K_hvratio_1_1        NangateOpenCellLibrary_tt1p1v25c

  Point                                                   Incr       Path
  --------------------------------------------------------------------------
  clock CLK (rise edge)                                   0.00       0.00
  clock network delay (ideal)                             0.00       0.00
  input external delay                                    1.20       1.20 f
  dispatch_if[0].ready (in)                               0.01       1.21 f
  U143807/ZN (NOR2_X1)                                    0.16       1.36 r
  U95220/Z (CLKBUF_X2)                                    0.20       1.56 r
  U97988/Z (CLKBUF_X1)                                    0.14       1.70 r
  U171526/ZN (NOR2_X1)                                    0.07       1.77 f
  U97906/Z (CLKBUF_X1)                                    0.19       1.96 f
  U95215/Z (CLKBUF_X2)                                    0.23       2.18 f
  U97931/Z (CLKBUF_X1)                                    0.22       2.41 f
  U171653/ZN (AOI22_X1)                                   0.11       2.52 r
  U171654/ZN (OAI21_X1)                                   0.04       2.56 f
  g_slices[0].issue_slice/dispatch/g_buffers[0].buffer/g_eb2.stream_buffer/g_buffer.data_out_r_reg[459]/D (DFF_X1)
                                                          0.01       2.57 f
  data arrival time                                                  2.57

  clock CLK (rise edge)                                   4.00       4.00
  clock network delay (ideal)                             0.00       4.00
  clock uncertainty                                      -0.25       3.75
  g_slices[0].issue_slice/dispatch/g_buffers[0].buffer/g_eb2.stream_buffer/g_buffer.data_out_r_reg[459]/CK (DFF_X1)
                                                          0.00       3.75 r
  library setup time                                     -0.03       3.72
  data required time                                                 3.72
  --------------------------------------------------------------------------
  data required time                                                 3.72
  data arrival time                                                 -2.57
  --------------------------------------------------------------------------
  slack (MET)                                                        1.15


  Startpoint: dispatch_if[0].ready
              (input port clocked by CLK)
  Endpoint: g_slices[0].issue_slice/dispatch/g_buffers[0].buffer/g_eb2.stream_buffer/g_buffer.data_out_r_reg[460]
            (rising edge-triggered flip-flop clocked by CLK)
  Path Group: VX_issue_IN
  Path Type: max

  Des/Clust/Port     Wire Load Model       Library
  ------------------------------------------------
  VX_issue           5K_hvratio_1_1        NangateOpenCellLibrary_tt1p1v25c

  Point                                                   Incr       Path
  --------------------------------------------------------------------------
  clock CLK (rise edge)                                   0.00       0.00
  clock network delay (ideal)                             0.00       0.00
  input external delay                                    1.20       1.20 f
  dispatch_if[0].ready (in)                               0.01       1.21 f
  U143807/ZN (NOR2_X1)                                    0.16       1.36 r
  U95220/Z (CLKBUF_X2)                                    0.20       1.56 r
  U97988/Z (CLKBUF_X1)                                    0.14       1.70 r
  U171526/ZN (NOR2_X1)                                    0.07       1.77 f
  U97906/Z (CLKBUF_X1)                                    0.19       1.96 f
  U95215/Z (CLKBUF_X2)                                    0.23       2.18 f
  U97932/Z (CLKBUF_X1)                                    0.22       2.41 f
  U171655/ZN (AOI22_X1)                                   0.11       2.52 r
  U171656/ZN (OAI21_X1)                                   0.04       2.56 f
  g_slices[0].issue_slice/dispatch/g_buffers[0].buffer/g_eb2.stream_buffer/g_buffer.data_out_r_reg[460]/D (DFF_X1)
                                                          0.01       2.57 f
  data arrival time                                                  2.57

  clock CLK (rise edge)                                   4.00       4.00
  clock network delay (ideal)                             0.00       4.00
  clock uncertainty                                      -0.25       3.75
  g_slices[0].issue_slice/dispatch/g_buffers[0].buffer/g_eb2.stream_buffer/g_buffer.data_out_r_reg[460]/CK (DFF_X1)
                                                          0.00       3.75 r
  library setup time                                     -0.03       3.72
  data required time                                                 3.72
  --------------------------------------------------------------------------
  data required time                                                 3.72
  data arrival time                                                 -2.57
  --------------------------------------------------------------------------
  slack (MET)                                                        1.15


  Startpoint: dispatch_if[0].ready
              (input port clocked by CLK)
  Endpoint: g_slices[0].issue_slice/dispatch/g_buffers[0].buffer/g_eb2.stream_buffer/g_buffer.data_out_r_reg[462]
            (rising edge-triggered flip-flop clocked by CLK)
  Path Group: VX_issue_IN
  Path Type: max

  Des/Clust/Port     Wire Load Model       Library
  ------------------------------------------------
  VX_issue           5K_hvratio_1_1        NangateOpenCellLibrary_tt1p1v25c

  Point                                                   Incr       Path
  --------------------------------------------------------------------------
  clock CLK (rise edge)                                   0.00       0.00
  clock network delay (ideal)                             0.00       0.00
  input external delay                                    1.20       1.20 f
  dispatch_if[0].ready (in)                               0.01       1.21 f
  U143807/ZN (NOR2_X1)                                    0.16       1.36 r
  U95220/Z (CLKBUF_X2)                                    0.20       1.56 r
  U97988/Z (CLKBUF_X1)                                    0.14       1.70 r
  U171526/ZN (NOR2_X1)                                    0.07       1.77 f
  U97906/Z (CLKBUF_X1)                                    0.19       1.96 f
  U95215/Z (CLKBUF_X2)                                    0.23       2.18 f
  U97929/Z (CLKBUF_X1)                                    0.22       2.41 f
  U171659/ZN (AOI22_X1)                                   0.11       2.52 r
  U171660/ZN (OAI21_X1)                                   0.04       2.56 f
  g_slices[0].issue_slice/dispatch/g_buffers[0].buffer/g_eb2.stream_buffer/g_buffer.data_out_r_reg[462]/D (DFF_X1)
                                                          0.01       2.57 f
  data arrival time                                                  2.57

  clock CLK (rise edge)                                   4.00       4.00
  clock network delay (ideal)                             0.00       4.00
  clock uncertainty                                      -0.25       3.75
  g_slices[0].issue_slice/dispatch/g_buffers[0].buffer/g_eb2.stream_buffer/g_buffer.data_out_r_reg[462]/CK (DFF_X1)
                                                          0.00       3.75 r
  library setup time                                     -0.03       3.72
  data required time                                                 3.72
  --------------------------------------------------------------------------
  data required time                                                 3.72
  data arrival time                                                 -2.57
  --------------------------------------------------------------------------
  slack (MET)                                                        1.15


  Startpoint: dispatch_if[0].ready
              (input port clocked by CLK)
  Endpoint: g_slices[0].issue_slice/dispatch/g_buffers[0].buffer/g_eb2.stream_buffer/g_buffer.data_out_r_reg[465]
            (rising edge-triggered flip-flop clocked by CLK)
  Path Group: VX_issue_IN
  Path Type: max

  Des/Clust/Port     Wire Load Model       Library
  ------------------------------------------------
  VX_issue           5K_hvratio_1_1        NangateOpenCellLibrary_tt1p1v25c

  Point                                                   Incr       Path
  --------------------------------------------------------------------------
  clock CLK (rise edge)                                   0.00       0.00
  clock network delay (ideal)                             0.00       0.00
  input external delay                                    1.20       1.20 f
  dispatch_if[0].ready (in)                               0.01       1.21 f
  U143807/ZN (NOR2_X1)                                    0.16       1.36 r
  U95220/Z (CLKBUF_X2)                                    0.20       1.56 r
  U97988/Z (CLKBUF_X1)                                    0.14       1.70 r
  U171526/ZN (NOR2_X1)                                    0.07       1.77 f
  U97906/Z (CLKBUF_X1)                                    0.19       1.96 f
  U95215/Z (CLKBUF_X2)                                    0.23       2.18 f
  U97929/Z (CLKBUF_X1)                                    0.22       2.41 f
  U171665/ZN (AOI22_X1)                                   0.11       2.52 r
  U171666/ZN (OAI21_X1)                                   0.04       2.56 f
  g_slices[0].issue_slice/dispatch/g_buffers[0].buffer/g_eb2.stream_buffer/g_buffer.data_out_r_reg[465]/D (DFF_X1)
                                                          0.01       2.57 f
  data arrival time                                                  2.57

  clock CLK (rise edge)                                   4.00       4.00
  clock network delay (ideal)                             0.00       4.00
  clock uncertainty                                      -0.25       3.75
  g_slices[0].issue_slice/dispatch/g_buffers[0].buffer/g_eb2.stream_buffer/g_buffer.data_out_r_reg[465]/CK (DFF_X1)
                                                          0.00       3.75 r
  library setup time                                     -0.03       3.72
  data required time                                                 3.72
  --------------------------------------------------------------------------
  data required time                                                 3.72
  data arrival time                                                 -2.57
  --------------------------------------------------------------------------
  slack (MET)                                                        1.15


  Startpoint: dispatch_if[0].ready
              (input port clocked by CLK)
  Endpoint: g_slices[0].issue_slice/dispatch/g_buffers[0].buffer/g_eb2.stream_buffer/g_buffer.data_out_r_reg[466]
            (rising edge-triggered flip-flop clocked by CLK)
  Path Group: VX_issue_IN
  Path Type: max

  Des/Clust/Port     Wire Load Model       Library
  ------------------------------------------------
  VX_issue           5K_hvratio_1_1        NangateOpenCellLibrary_tt1p1v25c

  Point                                                   Incr       Path
  --------------------------------------------------------------------------
  clock CLK (rise edge)                                   0.00       0.00
  clock network delay (ideal)                             0.00       0.00
  input external delay                                    1.20       1.20 f
  dispatch_if[0].ready (in)                               0.01       1.21 f
  U143807/ZN (NOR2_X1)                                    0.16       1.36 r
  U95220/Z (CLKBUF_X2)                                    0.20       1.56 r
  U97988/Z (CLKBUF_X1)                                    0.14       1.70 r
  U171526/ZN (NOR2_X1)                                    0.07       1.77 f
  U97906/Z (CLKBUF_X1)                                    0.19       1.96 f
  U95215/Z (CLKBUF_X2)                                    0.23       2.18 f
  U97931/Z (CLKBUF_X1)                                    0.22       2.41 f
  U171667/ZN (AOI22_X1)                                   0.11       2.52 r
  U171668/ZN (OAI21_X1)                                   0.04       2.56 f
  g_slices[0].issue_slice/dispatch/g_buffers[0].buffer/g_eb2.stream_buffer/g_buffer.data_out_r_reg[466]/D (DFF_X1)
                                                          0.01       2.57 f
  data arrival time                                                  2.57

  clock CLK (rise edge)                                   4.00       4.00
  clock network delay (ideal)                             0.00       4.00
  clock uncertainty                                      -0.25       3.75
  g_slices[0].issue_slice/dispatch/g_buffers[0].buffer/g_eb2.stream_buffer/g_buffer.data_out_r_reg[466]/CK (DFF_X1)
                                                          0.00       3.75 r
  library setup time                                     -0.03       3.72
  data required time                                                 3.72
  --------------------------------------------------------------------------
  data required time                                                 3.72
  data arrival time                                                 -2.57
  --------------------------------------------------------------------------
  slack (MET)                                                        1.15


  Startpoint: dispatch_if[0].ready
              (input port clocked by CLK)
  Endpoint: g_slices[0].issue_slice/dispatch/g_buffers[0].buffer/g_eb2.stream_buffer/g_buffer.data_out_r_reg[339]
            (rising edge-triggered flip-flop clocked by CLK)
  Path Group: VX_issue_IN
  Path Type: max

  Des/Clust/Port     Wire Load Model       Library
  ------------------------------------------------
  VX_issue           5K_hvratio_1_1        NangateOpenCellLibrary_tt1p1v25c

  Point                                                   Incr       Path
  --------------------------------------------------------------------------
  clock CLK (rise edge)                                   0.00       0.00
  clock network delay (ideal)                             0.00       0.00
  input external delay                                    1.20       1.20 f
  dispatch_if[0].ready (in)                               0.01       1.21 f
  U143807/ZN (NOR2_X1)                                    0.16       1.36 r
  U95220/Z (CLKBUF_X2)                                    0.20       1.56 r
  U97988/Z (CLKBUF_X1)                                    0.14       1.70 r
  U171526/ZN (NOR2_X1)                                    0.07       1.77 f
  U97906/Z (CLKBUF_X1)                                    0.19       1.96 f
  U95215/Z (CLKBUF_X2)                                    0.23       2.18 f
  U97932/Z (CLKBUF_X1)                                    0.22       2.41 f
  U171761/ZN (AOI22_X1)                                   0.11       2.52 r
  U171762/ZN (OAI21_X1)                                   0.04       2.56 f
  g_slices[0].issue_slice/dispatch/g_buffers[0].buffer/g_eb2.stream_buffer/g_buffer.data_out_r_reg[339]/D (DFF_X1)
                                                          0.01       2.57 f
  data arrival time                                                  2.57

  clock CLK (rise edge)                                   4.00       4.00
  clock network delay (ideal)                             0.00       4.00
  clock uncertainty                                      -0.25       3.75
  g_slices[0].issue_slice/dispatch/g_buffers[0].buffer/g_eb2.stream_buffer/g_buffer.data_out_r_reg[339]/CK (DFF_X1)
                                                          0.00       3.75 r
  library setup time                                     -0.03       3.72
  data required time                                                 3.72
  --------------------------------------------------------------------------
  data required time                                                 3.72
  data arrival time                                                 -2.57
  --------------------------------------------------------------------------
  slack (MET)                                                        1.15


  Startpoint: dispatch_if[0].ready
              (input port clocked by CLK)
  Endpoint: g_slices[0].issue_slice/dispatch/g_buffers[0].buffer/g_eb2.stream_buffer/g_buffer.data_out_r_reg[340]
            (rising edge-triggered flip-flop clocked by CLK)
  Path Group: VX_issue_IN
  Path Type: max

  Des/Clust/Port     Wire Load Model       Library
  ------------------------------------------------
  VX_issue           5K_hvratio_1_1        NangateOpenCellLibrary_tt1p1v25c

  Point                                                   Incr       Path
  --------------------------------------------------------------------------
  clock CLK (rise edge)                                   0.00       0.00
  clock network delay (ideal)                             0.00       0.00
  input external delay                                    1.20       1.20 f
  dispatch_if[0].ready (in)                               0.01       1.21 f
  U143807/ZN (NOR2_X1)                                    0.16       1.36 r
  U95220/Z (CLKBUF_X2)                                    0.20       1.56 r
  U97988/Z (CLKBUF_X1)                                    0.14       1.70 r
  U171526/ZN (NOR2_X1)                                    0.07       1.77 f
  U97906/Z (CLKBUF_X1)                                    0.19       1.96 f
  U95215/Z (CLKBUF_X2)                                    0.23       2.18 f
  U97932/Z (CLKBUF_X1)                                    0.22       2.41 f
  U171763/ZN (AOI22_X1)                                   0.11       2.52 r
  U171764/ZN (OAI21_X1)                                   0.04       2.56 f
  g_slices[0].issue_slice/dispatch/g_buffers[0].buffer/g_eb2.stream_buffer/g_buffer.data_out_r_reg[340]/D (DFF_X1)
                                                          0.01       2.57 f
  data arrival time                                                  2.57

  clock CLK (rise edge)                                   4.00       4.00
  clock network delay (ideal)                             0.00       4.00
  clock uncertainty                                      -0.25       3.75
  g_slices[0].issue_slice/dispatch/g_buffers[0].buffer/g_eb2.stream_buffer/g_buffer.data_out_r_reg[340]/CK (DFF_X1)
                                                          0.00       3.75 r
  library setup time                                     -0.03       3.72
  data required time                                                 3.72
  --------------------------------------------------------------------------
  data required time                                                 3.72
  data arrival time                                                 -2.57
  --------------------------------------------------------------------------
  slack (MET)                                                        1.15


  Startpoint: dispatch_if[0].ready
              (input port clocked by CLK)
  Endpoint: g_slices[0].issue_slice/dispatch/g_buffers[0].buffer/g_eb2.stream_buffer/g_buffer.data_out_r_reg[122]
            (rising edge-triggered flip-flop clocked by CLK)
  Path Group: VX_issue_IN
  Path Type: max

  Des/Clust/Port     Wire Load Model       Library
  ------------------------------------------------
  VX_issue           5K_hvratio_1_1        NangateOpenCellLibrary_tt1p1v25c

  Point                                                   Incr       Path
  --------------------------------------------------------------------------
  clock CLK (rise edge)                                   0.00       0.00
  clock network delay (ideal)                             0.00       0.00
  input external delay                                    1.20       1.20 f
  dispatch_if[0].ready (in)                               0.01       1.21 f
  U143807/ZN (NOR2_X1)                                    0.16       1.36 r
  U95220/Z (CLKBUF_X2)                                    0.20       1.56 r
  U97988/Z (CLKBUF_X1)                                    0.14       1.70 r
  U171526/ZN (NOR2_X1)                                    0.07       1.77 f
  U97906/Z (CLKBUF_X1)                                    0.19       1.96 f
  U95215/Z (CLKBUF_X2)                                    0.23       2.18 f
  U97932/Z (CLKBUF_X1)                                    0.22       2.41 f
  U172120/ZN (AOI22_X1)                                   0.11       2.52 r
  U172121/ZN (OAI21_X1)                                   0.04       2.56 f
  g_slices[0].issue_slice/dispatch/g_buffers[0].buffer/g_eb2.stream_buffer/g_buffer.data_out_r_reg[122]/D (DFF_X1)
                                                          0.01       2.57 f
  data arrival time                                                  2.57

  clock CLK (rise edge)                                   4.00       4.00
  clock network delay (ideal)                             0.00       4.00
  clock uncertainty                                      -0.25       3.75
  g_slices[0].issue_slice/dispatch/g_buffers[0].buffer/g_eb2.stream_buffer/g_buffer.data_out_r_reg[122]/CK (DFF_X1)
                                                          0.00       3.75 r
  library setup time                                     -0.03       3.72
  data required time                                                 3.72
  --------------------------------------------------------------------------
  data required time                                                 3.72
  data arrival time                                                 -2.57
  --------------------------------------------------------------------------
  slack (MET)                                                        1.15


  Startpoint: dispatch_if[0].ready
              (input port clocked by CLK)
  Endpoint: g_slices[0].issue_slice/dispatch/g_buffers[0].buffer/g_eb2.stream_buffer/g_buffer.data_out_r_reg[238]
            (rising edge-triggered flip-flop clocked by CLK)
  Path Group: VX_issue_IN
  Path Type: max

  Des/Clust/Port     Wire Load Model       Library
  ------------------------------------------------
  VX_issue           5K_hvratio_1_1        NangateOpenCellLibrary_tt1p1v25c

  Point                                                   Incr       Path
  --------------------------------------------------------------------------
  clock CLK (rise edge)                                   0.00       0.00
  clock network delay (ideal)                             0.00       0.00
  input external delay                                    1.20       1.20 f
  dispatch_if[0].ready (in)                               0.01       1.21 f
  U143807/ZN (NOR2_X1)                                    0.16       1.36 r
  U95220/Z (CLKBUF_X2)                                    0.20       1.56 r
  U97988/Z (CLKBUF_X1)                                    0.14       1.70 r
  U171526/ZN (NOR2_X1)                                    0.07       1.77 f
  U97906/Z (CLKBUF_X1)                                    0.19       1.96 f
  U95215/Z (CLKBUF_X2)                                    0.23       2.18 f
  U97931/Z (CLKBUF_X1)                                    0.22       2.41 f
  U171956/ZN (AOI22_X1)                                   0.11       2.52 r
  U171957/ZN (OAI21_X1)                                   0.04       2.56 f
  g_slices[0].issue_slice/dispatch/g_buffers[0].buffer/g_eb2.stream_buffer/g_buffer.data_out_r_reg[238]/D (DFF_X1)
                                                          0.01       2.57 f
  data arrival time                                                  2.57

  clock CLK (rise edge)                                   4.00       4.00
  clock network delay (ideal)                             0.00       4.00
  clock uncertainty                                      -0.25       3.75
  g_slices[0].issue_slice/dispatch/g_buffers[0].buffer/g_eb2.stream_buffer/g_buffer.data_out_r_reg[238]/CK (DFF_X1)
                                                          0.00       3.75 r
  library setup time                                     -0.03       3.72
  data required time                                                 3.72
  --------------------------------------------------------------------------
  data required time                                                 3.72
  data arrival time                                                 -2.57
  --------------------------------------------------------------------------
  slack (MET)                                                        1.15


  Startpoint: dispatch_if[0].ready
              (input port clocked by CLK)
  Endpoint: g_slices[0].issue_slice/dispatch/g_buffers[0].buffer/g_eb2.stream_buffer/g_buffer.data_out_r_reg[48]
            (rising edge-triggered flip-flop clocked by CLK)
  Path Group: VX_issue_IN
  Path Type: max

  Des/Clust/Port     Wire Load Model       Library
  ------------------------------------------------
  VX_issue           5K_hvratio_1_1        NangateOpenCellLibrary_tt1p1v25c

  Point                                                   Incr       Path
  --------------------------------------------------------------------------
  clock CLK (rise edge)                                   0.00       0.00
  clock network delay (ideal)                             0.00       0.00
  input external delay                                    1.20       1.20 f
  dispatch_if[0].ready (in)                               0.01       1.21 f
  U143807/ZN (NOR2_X1)                                    0.16       1.36 r
  U95220/Z (CLKBUF_X2)                                    0.20       1.56 r
  U97988/Z (CLKBUF_X1)                                    0.14       1.70 r
  U171526/ZN (NOR2_X1)                                    0.07       1.77 f
  U97906/Z (CLKBUF_X1)                                    0.19       1.96 f
  U95215/Z (CLKBUF_X2)                                    0.23       2.18 f
  U97931/Z (CLKBUF_X1)                                    0.22       2.41 f
  U172368/ZN (AOI22_X1)                                   0.11       2.52 r
  U172369/ZN (OAI21_X1)                                   0.04       2.56 f
  g_slices[0].issue_slice/dispatch/g_buffers[0].buffer/g_eb2.stream_buffer/g_buffer.data_out_r_reg[48]/D (DFF_X1)
                                                          0.01       2.57 f
  data arrival time                                                  2.57

  clock CLK (rise edge)                                   4.00       4.00
  clock network delay (ideal)                             0.00       4.00
  clock uncertainty                                      -0.25       3.75
  g_slices[0].issue_slice/dispatch/g_buffers[0].buffer/g_eb2.stream_buffer/g_buffer.data_out_r_reg[48]/CK (DFF_X1)
                                                          0.00       3.75 r
  library setup time                                     -0.03       3.72
  data required time                                                 3.72
  --------------------------------------------------------------------------
  data required time                                                 3.72
  data arrival time                                                 -2.57
  --------------------------------------------------------------------------
  slack (MET)                                                        1.15


  Startpoint: dispatch_if[0].ready
              (input port clocked by CLK)
  Endpoint: g_slices[0].issue_slice/dispatch/g_buffers[0].buffer/g_eb2.stream_buffer/g_buffer.data_out_r_reg[63]
            (rising edge-triggered flip-flop clocked by CLK)
  Path Group: VX_issue_IN
  Path Type: max

  Des/Clust/Port     Wire Load Model       Library
  ------------------------------------------------
  VX_issue           5K_hvratio_1_1        NangateOpenCellLibrary_tt1p1v25c

  Point                                                   Incr       Path
  --------------------------------------------------------------------------
  clock CLK (rise edge)                                   0.00       0.00
  clock network delay (ideal)                             0.00       0.00
  input external delay                                    1.20       1.20 f
  dispatch_if[0].ready (in)                               0.01       1.21 f
  U143807/ZN (NOR2_X1)                                    0.16       1.36 r
  U95220/Z (CLKBUF_X2)                                    0.20       1.56 r
  U97988/Z (CLKBUF_X1)                                    0.14       1.70 r
  U171526/ZN (NOR2_X1)                                    0.07       1.77 f
  U97906/Z (CLKBUF_X1)                                    0.19       1.96 f
  U95215/Z (CLKBUF_X2)                                    0.23       2.18 f
  U97932/Z (CLKBUF_X1)                                    0.22       2.41 f
  U172398/ZN (AOI22_X1)                                   0.11       2.52 r
  U172399/ZN (OAI21_X1)                                   0.04       2.56 f
  g_slices[0].issue_slice/dispatch/g_buffers[0].buffer/g_eb2.stream_buffer/g_buffer.data_out_r_reg[63]/D (DFF_X1)
                                                          0.01       2.57 f
  data arrival time                                                  2.57

  clock CLK (rise edge)                                   4.00       4.00
  clock network delay (ideal)                             0.00       4.00
  clock uncertainty                                      -0.25       3.75
  g_slices[0].issue_slice/dispatch/g_buffers[0].buffer/g_eb2.stream_buffer/g_buffer.data_out_r_reg[63]/CK (DFF_X1)
                                                          0.00       3.75 r
  library setup time                                     -0.03       3.72
  data required time                                                 3.72
  --------------------------------------------------------------------------
  data required time                                                 3.72
  data arrival time                                                 -2.57
  --------------------------------------------------------------------------
  slack (MET)                                                        1.15


  Startpoint: dispatch_if[0].ready
              (input port clocked by CLK)
  Endpoint: g_slices[0].issue_slice/dispatch/g_buffers[0].buffer/g_eb2.stream_buffer/g_buffer.data_out_r_reg[64]
            (rising edge-triggered flip-flop clocked by CLK)
  Path Group: VX_issue_IN
  Path Type: max

  Des/Clust/Port     Wire Load Model       Library
  ------------------------------------------------
  VX_issue           5K_hvratio_1_1        NangateOpenCellLibrary_tt1p1v25c

  Point                                                   Incr       Path
  --------------------------------------------------------------------------
  clock CLK (rise edge)                                   0.00       0.00
  clock network delay (ideal)                             0.00       0.00
  input external delay                                    1.20       1.20 f
  dispatch_if[0].ready (in)                               0.01       1.21 f
  U143807/ZN (NOR2_X1)                                    0.16       1.36 r
  U95220/Z (CLKBUF_X2)                                    0.20       1.56 r
  U97988/Z (CLKBUF_X1)                                    0.14       1.70 r
  U171526/ZN (NOR2_X1)                                    0.07       1.77 f
  U97906/Z (CLKBUF_X1)                                    0.19       1.96 f
  U95215/Z (CLKBUF_X2)                                    0.23       2.18 f
  U97929/Z (CLKBUF_X1)                                    0.22       2.41 f
  U172400/ZN (AOI22_X1)                                   0.11       2.52 r
  U172401/ZN (OAI21_X1)                                   0.04       2.56 f
  g_slices[0].issue_slice/dispatch/g_buffers[0].buffer/g_eb2.stream_buffer/g_buffer.data_out_r_reg[64]/D (DFF_X1)
                                                          0.01       2.57 f
  data arrival time                                                  2.57

  clock CLK (rise edge)                                   4.00       4.00
  clock network delay (ideal)                             0.00       4.00
  clock uncertainty                                      -0.25       3.75
  g_slices[0].issue_slice/dispatch/g_buffers[0].buffer/g_eb2.stream_buffer/g_buffer.data_out_r_reg[64]/CK (DFF_X1)
                                                          0.00       3.75 r
  library setup time                                     -0.03       3.72
  data required time                                                 3.72
  --------------------------------------------------------------------------
  data required time                                                 3.72
  data arrival time                                                 -2.57
  --------------------------------------------------------------------------
  slack (MET)                                                        1.15


  Startpoint: dispatch_if[0].ready
              (input port clocked by CLK)
  Endpoint: g_slices[0].issue_slice/dispatch/g_buffers[0].buffer/g_eb2.stream_buffer/g_buffer.data_out_r_reg[227]
            (rising edge-triggered flip-flop clocked by CLK)
  Path Group: VX_issue_IN
  Path Type: max

  Des/Clust/Port     Wire Load Model       Library
  ------------------------------------------------
  VX_issue           5K_hvratio_1_1        NangateOpenCellLibrary_tt1p1v25c

  Point                                                   Incr       Path
  --------------------------------------------------------------------------
  clock CLK (rise edge)                                   0.00       0.00
  clock network delay (ideal)                             0.00       0.00
  input external delay                                    1.20       1.20 f
  dispatch_if[0].ready (in)                               0.01       1.21 f
  U143807/ZN (NOR2_X1)                                    0.16       1.36 r
  U95220/Z (CLKBUF_X2)                                    0.20       1.56 r
  U97988/Z (CLKBUF_X1)                                    0.14       1.70 r
  U171526/ZN (NOR2_X1)                                    0.07       1.77 f
  U97906/Z (CLKBUF_X1)                                    0.19       1.96 f
  U95215/Z (CLKBUF_X2)                                    0.23       2.18 f
  U97931/Z (CLKBUF_X1)                                    0.22       2.41 f
  U171934/ZN (AOI22_X1)                                   0.11       2.52 r
  U171935/ZN (OAI21_X1)                                   0.04       2.56 f
  g_slices[0].issue_slice/dispatch/g_buffers[0].buffer/g_eb2.stream_buffer/g_buffer.data_out_r_reg[227]/D (DFF_X1)
                                                          0.01       2.57 f
  data arrival time                                                  2.57

  clock CLK (rise edge)                                   4.00       4.00
  clock network delay (ideal)                             0.00       4.00
  clock uncertainty                                      -0.25       3.75
  g_slices[0].issue_slice/dispatch/g_buffers[0].buffer/g_eb2.stream_buffer/g_buffer.data_out_r_reg[227]/CK (DFF_X1)
                                                          0.00       3.75 r
  library setup time                                     -0.03       3.72
  data required time                                                 3.72
  --------------------------------------------------------------------------
  data required time                                                 3.72
  data arrival time                                                 -2.57
  --------------------------------------------------------------------------
  slack (MET)                                                        1.15


  Startpoint: dispatch_if[0].ready
              (input port clocked by CLK)
  Endpoint: g_slices[0].issue_slice/dispatch/g_buffers[0].buffer/g_eb2.stream_buffer/g_buffer.data_out_r_reg[228]
            (rising edge-triggered flip-flop clocked by CLK)
  Path Group: VX_issue_IN
  Path Type: max

  Des/Clust/Port     Wire Load Model       Library
  ------------------------------------------------
  VX_issue           5K_hvratio_1_1        NangateOpenCellLibrary_tt1p1v25c

  Point                                                   Incr       Path
  --------------------------------------------------------------------------
  clock CLK (rise edge)                                   0.00       0.00
  clock network delay (ideal)                             0.00       0.00
  input external delay                                    1.20       1.20 f
  dispatch_if[0].ready (in)                               0.01       1.21 f
  U143807/ZN (NOR2_X1)                                    0.16       1.36 r
  U95220/Z (CLKBUF_X2)                                    0.20       1.56 r
  U97988/Z (CLKBUF_X1)                                    0.14       1.70 r
  U171526/ZN (NOR2_X1)                                    0.07       1.77 f
  U97906/Z (CLKBUF_X1)                                    0.19       1.96 f
  U95215/Z (CLKBUF_X2)                                    0.23       2.18 f
  U97931/Z (CLKBUF_X1)                                    0.22       2.41 f
  U171936/ZN (AOI22_X1)                                   0.11       2.52 r
  U171937/ZN (OAI21_X1)                                   0.04       2.56 f
  g_slices[0].issue_slice/dispatch/g_buffers[0].buffer/g_eb2.stream_buffer/g_buffer.data_out_r_reg[228]/D (DFF_X1)
                                                          0.01       2.57 f
  data arrival time                                                  2.57

  clock CLK (rise edge)                                   4.00       4.00
  clock network delay (ideal)                             0.00       4.00
  clock uncertainty                                      -0.25       3.75
  g_slices[0].issue_slice/dispatch/g_buffers[0].buffer/g_eb2.stream_buffer/g_buffer.data_out_r_reg[228]/CK (DFF_X1)
                                                          0.00       3.75 r
  library setup time                                     -0.03       3.72
  data required time                                                 3.72
  --------------------------------------------------------------------------
  data required time                                                 3.72
  data arrival time                                                 -2.57
  --------------------------------------------------------------------------
  slack (MET)                                                        1.15


  Startpoint: dispatch_if[0].ready
              (input port clocked by CLK)
  Endpoint: g_slices[0].issue_slice/dispatch/g_buffers[0].buffer/g_eb2.stream_buffer/g_buffer.data_out_r_reg[229]
            (rising edge-triggered flip-flop clocked by CLK)
  Path Group: VX_issue_IN
  Path Type: max

  Des/Clust/Port     Wire Load Model       Library
  ------------------------------------------------
  VX_issue           5K_hvratio_1_1        NangateOpenCellLibrary_tt1p1v25c

  Point                                                   Incr       Path
  --------------------------------------------------------------------------
  clock CLK (rise edge)                                   0.00       0.00
  clock network delay (ideal)                             0.00       0.00
  input external delay                                    1.20       1.20 f
  dispatch_if[0].ready (in)                               0.01       1.21 f
  U143807/ZN (NOR2_X1)                                    0.16       1.36 r
  U95220/Z (CLKBUF_X2)                                    0.20       1.56 r
  U97988/Z (CLKBUF_X1)                                    0.14       1.70 r
  U171526/ZN (NOR2_X1)                                    0.07       1.77 f
  U97906/Z (CLKBUF_X1)                                    0.19       1.96 f
  U95215/Z (CLKBUF_X2)                                    0.23       2.18 f
  U97931/Z (CLKBUF_X1)                                    0.22       2.41 f
  U171938/ZN (AOI22_X1)                                   0.11       2.52 r
  U171939/ZN (OAI21_X1)                                   0.04       2.56 f
  g_slices[0].issue_slice/dispatch/g_buffers[0].buffer/g_eb2.stream_buffer/g_buffer.data_out_r_reg[229]/D (DFF_X1)
                                                          0.01       2.57 f
  data arrival time                                                  2.57

  clock CLK (rise edge)                                   4.00       4.00
  clock network delay (ideal)                             0.00       4.00
  clock uncertainty                                      -0.25       3.75
  g_slices[0].issue_slice/dispatch/g_buffers[0].buffer/g_eb2.stream_buffer/g_buffer.data_out_r_reg[229]/CK (DFF_X1)
                                                          0.00       3.75 r
  library setup time                                     -0.03       3.72
  data required time                                                 3.72
  --------------------------------------------------------------------------
  data required time                                                 3.72
  data arrival time                                                 -2.57
  --------------------------------------------------------------------------
  slack (MET)                                                        1.15


  Startpoint: dispatch_if[0].ready
              (input port clocked by CLK)
  Endpoint: g_slices[0].issue_slice/dispatch/g_buffers[0].buffer/g_eb2.stream_buffer/g_buffer.data_out_r_reg[230]
            (rising edge-triggered flip-flop clocked by CLK)
  Path Group: VX_issue_IN
  Path Type: max

  Des/Clust/Port     Wire Load Model       Library
  ------------------------------------------------
  VX_issue           5K_hvratio_1_1        NangateOpenCellLibrary_tt1p1v25c

  Point                                                   Incr       Path
  --------------------------------------------------------------------------
  clock CLK (rise edge)                                   0.00       0.00
  clock network delay (ideal)                             0.00       0.00
  input external delay                                    1.20       1.20 f
  dispatch_if[0].ready (in)                               0.01       1.21 f
  U143807/ZN (NOR2_X1)                                    0.16       1.36 r
  U95220/Z (CLKBUF_X2)                                    0.20       1.56 r
  U97988/Z (CLKBUF_X1)                                    0.14       1.70 r
  U171526/ZN (NOR2_X1)                                    0.07       1.77 f
  U97906/Z (CLKBUF_X1)                                    0.19       1.96 f
  U95215/Z (CLKBUF_X2)                                    0.23       2.18 f
  U97931/Z (CLKBUF_X1)                                    0.22       2.41 f
  U171940/ZN (AOI22_X1)                                   0.11       2.52 r
  U171941/ZN (OAI21_X1)                                   0.04       2.56 f
  g_slices[0].issue_slice/dispatch/g_buffers[0].buffer/g_eb2.stream_buffer/g_buffer.data_out_r_reg[230]/D (DFF_X1)
                                                          0.01       2.57 f
  data arrival time                                                  2.57

  clock CLK (rise edge)                                   4.00       4.00
  clock network delay (ideal)                             0.00       4.00
  clock uncertainty                                      -0.25       3.75
  g_slices[0].issue_slice/dispatch/g_buffers[0].buffer/g_eb2.stream_buffer/g_buffer.data_out_r_reg[230]/CK (DFF_X1)
                                                          0.00       3.75 r
  library setup time                                     -0.03       3.72
  data required time                                                 3.72
  --------------------------------------------------------------------------
  data required time                                                 3.72
  data arrival time                                                 -2.57
  --------------------------------------------------------------------------
  slack (MET)                                                        1.15


  Startpoint: dispatch_if[0].ready
              (input port clocked by CLK)
  Endpoint: g_slices[0].issue_slice/dispatch/g_buffers[0].buffer/g_eb2.stream_buffer/g_buffer.data_out_r_reg[102]
            (rising edge-triggered flip-flop clocked by CLK)
  Path Group: VX_issue_IN
  Path Type: max

  Des/Clust/Port     Wire Load Model       Library
  ------------------------------------------------
  VX_issue           5K_hvratio_1_1        NangateOpenCellLibrary_tt1p1v25c

  Point                                                   Incr       Path
  --------------------------------------------------------------------------
  clock CLK (rise edge)                                   0.00       0.00
  clock network delay (ideal)                             0.00       0.00
  input external delay                                    1.20       1.20 f
  dispatch_if[0].ready (in)                               0.01       1.21 f
  U143807/ZN (NOR2_X1)                                    0.16       1.36 r
  U95220/Z (CLKBUF_X2)                                    0.20       1.56 r
  U97988/Z (CLKBUF_X1)                                    0.14       1.70 r
  U171526/ZN (NOR2_X1)                                    0.07       1.77 f
  U97906/Z (CLKBUF_X1)                                    0.19       1.96 f
  U95215/Z (CLKBUF_X2)                                    0.23       2.18 f
  U97929/Z (CLKBUF_X1)                                    0.22       2.41 f
  U172080/ZN (AOI22_X1)                                   0.11       2.52 r
  U172081/ZN (OAI21_X1)                                   0.04       2.56 f
  g_slices[0].issue_slice/dispatch/g_buffers[0].buffer/g_eb2.stream_buffer/g_buffer.data_out_r_reg[102]/D (DFF_X1)
                                                          0.01       2.57 f
  data arrival time                                                  2.57

  clock CLK (rise edge)                                   4.00       4.00
  clock network delay (ideal)                             0.00       4.00
  clock uncertainty                                      -0.25       3.75
  g_slices[0].issue_slice/dispatch/g_buffers[0].buffer/g_eb2.stream_buffer/g_buffer.data_out_r_reg[102]/CK (DFF_X1)
                                                          0.00       3.75 r
  library setup time                                     -0.03       3.72
  data required time                                                 3.72
  --------------------------------------------------------------------------
  data required time                                                 3.72
  data arrival time                                                 -2.57
  --------------------------------------------------------------------------
  slack (MET)                                                        1.15


  Startpoint: dispatch_if[0].ready
              (input port clocked by CLK)
  Endpoint: g_slices[0].issue_slice/dispatch/g_buffers[0].buffer/g_eb2.stream_buffer/g_buffer.data_out_r_reg[105]
            (rising edge-triggered flip-flop clocked by CLK)
  Path Group: VX_issue_IN
  Path Type: max

  Des/Clust/Port     Wire Load Model       Library
  ------------------------------------------------
  VX_issue           5K_hvratio_1_1        NangateOpenCellLibrary_tt1p1v25c

  Point                                                   Incr       Path
  --------------------------------------------------------------------------
  clock CLK (rise edge)                                   0.00       0.00
  clock network delay (ideal)                             0.00       0.00
  input external delay                                    1.20       1.20 f
  dispatch_if[0].ready (in)                               0.01       1.21 f
  U143807/ZN (NOR2_X1)                                    0.16       1.36 r
  U95220/Z (CLKBUF_X2)                                    0.20       1.56 r
  U97988/Z (CLKBUF_X1)                                    0.14       1.70 r
  U171526/ZN (NOR2_X1)                                    0.07       1.77 f
  U97906/Z (CLKBUF_X1)                                    0.19       1.96 f
  U95215/Z (CLKBUF_X2)                                    0.23       2.18 f
  U97932/Z (CLKBUF_X1)                                    0.22       2.41 f
  U172086/ZN (AOI22_X1)                                   0.11       2.52 r
  U172087/ZN (OAI21_X1)                                   0.04       2.56 f
  g_slices[0].issue_slice/dispatch/g_buffers[0].buffer/g_eb2.stream_buffer/g_buffer.data_out_r_reg[105]/D (DFF_X1)
                                                          0.01       2.57 f
  data arrival time                                                  2.57

  clock CLK (rise edge)                                   4.00       4.00
  clock network delay (ideal)                             0.00       4.00
  clock uncertainty                                      -0.25       3.75
  g_slices[0].issue_slice/dispatch/g_buffers[0].buffer/g_eb2.stream_buffer/g_buffer.data_out_r_reg[105]/CK (DFF_X1)
                                                          0.00       3.75 r
  library setup time                                     -0.03       3.72
  data required time                                                 3.72
  --------------------------------------------------------------------------
  data required time                                                 3.72
  data arrival time                                                 -2.57
  --------------------------------------------------------------------------
  slack (MET)                                                        1.15


  Startpoint: g_slices[0].issue_slice/operands/g_collectors[0].opc_unit/out_buf/g_eb2.stream_buffer/g_buffer.data_out_r_reg[434]
              (rising edge-triggered flip-flop clocked by CLK)
  Endpoint: issue_sched_if[0].valid
            (output port clocked by CLK)
  Path Group: VX_issue_OUT
  Path Type: max

  Des/Clust/Port     Wire Load Model       Library
  ------------------------------------------------
  VX_issue           5K_hvratio_1_1        NangateOpenCellLibrary_tt1p1v25c

  Point                                                   Incr       Path
  --------------------------------------------------------------------------
  clock CLK (rise edge)                                   0.00       0.00
  clock network delay (ideal)                             0.00       0.00
  g_slices[0].issue_slice/operands/g_collectors[0].opc_unit/out_buf/g_eb2.stream_buffer/g_buffer.data_out_r_reg[434]/CK (DFF_X1)
                                                          0.00 #     0.00 r
  g_slices[0].issue_slice/operands/g_collectors[0].opc_unit/out_buf/g_eb2.stream_buffer/g_buffer.data_out_r_reg[434]/Q (DFF_X1)
                                                          0.11       0.11 f
  U98078/ZN (AOI221_X1)                                   0.11       0.22 r
  U98079/ZN (NOR2_X1)                                     0.04       0.25 f
  U98080/ZN (AND2_X1)                                     0.04       0.30 f
  issue_sched_if[0].valid (out)                           0.01       0.30 f
  data arrival time                                                  0.30

  clock CLK (rise edge)                                   4.00       4.00
  clock network delay (ideal)                             0.00       4.00
  clock uncertainty                                      -0.25       3.75
  output external delay                                  -1.20       2.55
  data required time                                                 2.55
  --------------------------------------------------------------------------
  data required time                                                 2.55
  data arrival time                                                 -0.30
  --------------------------------------------------------------------------
  slack (MET)                                                        2.25


  Startpoint: g_slices[0].issue_slice/ibuffer/g_instr_bufs[3].instr_buf/g_ebN.fifo_queue/pending_size/g_size_gt1.full_r_reg
              (rising edge-triggered flip-flop clocked by CLK)
  Endpoint: decode_if.ready
            (output port clocked by CLK)
  Path Group: VX_issue_OUT
  Path Type: max

  Des/Clust/Port     Wire Load Model       Library
  ------------------------------------------------
  VX_issue           5K_hvratio_1_1        NangateOpenCellLibrary_tt1p1v25c

  Point                                                   Incr       Path
  --------------------------------------------------------------------------
  clock CLK (rise edge)                                   0.00       0.00
  clock network delay (ideal)                             0.00       0.00
  g_slices[0].issue_slice/ibuffer/g_instr_bufs[3].instr_buf/g_ebN.fifo_queue/pending_size/g_size_gt1.full_r_reg/CK (DFF_X1)
                                                          0.00 #     0.00 r
  g_slices[0].issue_slice/ibuffer/g_instr_bufs[3].instr_buf/g_ebN.fifo_queue/pending_size/g_size_gt1.full_r_reg/Q (DFF_X1)
                                                          0.11       0.11 r
  U98146/ZN (NOR3_X1)                                     0.03       0.14 f
  U176821/ZN (OR4_X1)                                     0.12       0.26 f
  decode_if.ready (out)                                   0.01       0.26 f
  data arrival time                                                  0.26

  clock CLK (rise edge)                                   4.00       4.00
  clock network delay (ideal)                             0.00       4.00
  clock uncertainty                                      -0.25       3.75
  output external delay                                  -1.20       2.55
  data required time                                                 2.55
  --------------------------------------------------------------------------
  data required time                                                 2.55
  data arrival time                                                 -0.26
  --------------------------------------------------------------------------
  slack (MET)                                                        2.29


  Startpoint: g_slices[0].issue_slice/dispatch/g_buffers[0].buffer/g_eb2.stream_buffer/g_buffer.data_out_r_reg[1]
              (rising edge-triggered flip-flop clocked by CLK)
  Endpoint: dispatch_if[0].data[1]
            (output port clocked by CLK)
  Path Group: VX_issue_OUT
  Path Type: max

  Des/Clust/Port     Wire Load Model       Library
  ------------------------------------------------
  VX_issue           5K_hvratio_1_1        NangateOpenCellLibrary_tt1p1v25c

  Point                                                   Incr       Path
  --------------------------------------------------------------------------
  clock CLK (rise edge)                                   0.00       0.00
  clock network delay (ideal)                             0.00       0.00
  g_slices[0].issue_slice/dispatch/g_buffers[0].buffer/g_eb2.stream_buffer/g_buffer.data_out_r_reg[1]/CK (DFF_X1)
                                                          0.00 #     0.00 r
  g_slices[0].issue_slice/dispatch/g_buffers[0].buffer/g_eb2.stream_buffer/g_buffer.data_out_r_reg[1]/Q (DFF_X1)
                                                          0.11       0.11 r
  dispatch_if[0].data[1] (out)                            0.01       0.11 r
  data arrival time                                                  0.11

  clock CLK (rise edge)                                   4.00       4.00
  clock network delay (ideal)                             0.00       4.00
  clock uncertainty                                      -0.25       3.75
  output external delay                                  -1.20       2.55
  data required time                                                 2.55
  --------------------------------------------------------------------------
  data required time                                                 2.55
  data arrival time                                                 -0.11
  --------------------------------------------------------------------------
  slack (MET)                                                        2.44


  Startpoint: g_slices[0].issue_slice/dispatch/g_buffers[0].buffer/g_eb2.stream_buffer/g_buffer.data_out_r_reg[0]
              (rising edge-triggered flip-flop clocked by CLK)
  Endpoint: dispatch_if[0].data[0]
            (output port clocked by CLK)
  Path Group: VX_issue_OUT
  Path Type: max

  Des/Clust/Port     Wire Load Model       Library
  ------------------------------------------------
  VX_issue           5K_hvratio_1_1        NangateOpenCellLibrary_tt1p1v25c

  Point                                                   Incr       Path
  --------------------------------------------------------------------------
  clock CLK (rise edge)                                   0.00       0.00
  clock network delay (ideal)                             0.00       0.00
  g_slices[0].issue_slice/dispatch/g_buffers[0].buffer/g_eb2.stream_buffer/g_buffer.data_out_r_reg[0]/CK (DFF_X1)
                                                          0.00 #     0.00 r
  g_slices[0].issue_slice/dispatch/g_buffers[0].buffer/g_eb2.stream_buffer/g_buffer.data_out_r_reg[0]/Q (DFF_X1)
                                                          0.11       0.11 r
  dispatch_if[0].data[0] (out)                            0.01       0.11 r
  data arrival time                                                  0.11

  clock CLK (rise edge)                                   4.00       4.00
  clock network delay (ideal)                             0.00       4.00
  clock uncertainty                                      -0.25       3.75
  output external delay                                  -1.20       2.55
  data required time                                                 2.55
  --------------------------------------------------------------------------
  data required time                                                 2.55
  data arrival time                                                 -0.11
  --------------------------------------------------------------------------
  slack (MET)                                                        2.44


  Startpoint: g_slices[0].issue_slice/dispatch/g_buffers[1].buffer/g_eb2.stream_buffer/g_buffer.data_out_r_reg[1]
              (rising edge-triggered flip-flop clocked by CLK)
  Endpoint: dispatch_if[1].data[1]
            (output port clocked by CLK)
  Path Group: VX_issue_OUT
  Path Type: max

  Des/Clust/Port     Wire Load Model       Library
  ------------------------------------------------
  VX_issue           5K_hvratio_1_1        NangateOpenCellLibrary_tt1p1v25c

  Point                                                   Incr       Path
  --------------------------------------------------------------------------
  clock CLK (rise edge)                                   0.00       0.00
  clock network delay (ideal)                             0.00       0.00
  g_slices[0].issue_slice/dispatch/g_buffers[1].buffer/g_eb2.stream_buffer/g_buffer.data_out_r_reg[1]/CK (DFF_X1)
                                                          0.00 #     0.00 r
  g_slices[0].issue_slice/dispatch/g_buffers[1].buffer/g_eb2.stream_buffer/g_buffer.data_out_r_reg[1]/Q (DFF_X1)
                                                          0.11       0.11 r
  dispatch_if[1].data[1] (out)                            0.01       0.11 r
  data arrival time                                                  0.11

  clock CLK (rise edge)                                   4.00       4.00
  clock network delay (ideal)                             0.00       4.00
  clock uncertainty                                      -0.25       3.75
  output external delay                                  -1.20       2.55
  data required time                                                 2.55
  --------------------------------------------------------------------------
  data required time                                                 2.55
  data arrival time                                                 -0.11
  --------------------------------------------------------------------------
  slack (MET)                                                        2.44


  Startpoint: g_slices[0].issue_slice/dispatch/g_buffers[1].buffer/g_eb2.stream_buffer/g_buffer.data_out_r_reg[0]
              (rising edge-triggered flip-flop clocked by CLK)
  Endpoint: dispatch_if[1].data[0]
            (output port clocked by CLK)
  Path Group: VX_issue_OUT
  Path Type: max

  Des/Clust/Port     Wire Load Model       Library
  ------------------------------------------------
  VX_issue           5K_hvratio_1_1        NangateOpenCellLibrary_tt1p1v25c

  Point                                                   Incr       Path
  --------------------------------------------------------------------------
  clock CLK (rise edge)                                   0.00       0.00
  clock network delay (ideal)                             0.00       0.00
  g_slices[0].issue_slice/dispatch/g_buffers[1].buffer/g_eb2.stream_buffer/g_buffer.data_out_r_reg[0]/CK (DFF_X1)
                                                          0.00 #     0.00 r
  g_slices[0].issue_slice/dispatch/g_buffers[1].buffer/g_eb2.stream_buffer/g_buffer.data_out_r_reg[0]/Q (DFF_X1)
                                                          0.11       0.11 r
  dispatch_if[1].data[0] (out)                            0.01       0.11 r
  data arrival time                                                  0.11

  clock CLK (rise edge)                                   4.00       4.00
  clock network delay (ideal)                             0.00       4.00
  clock uncertainty                                      -0.25       3.75
  output external delay                                  -1.20       2.55
  data required time                                                 2.55
  --------------------------------------------------------------------------
  data required time                                                 2.55
  data arrival time                                                 -0.11
  --------------------------------------------------------------------------
  slack (MET)                                                        2.44


  Startpoint: g_slices[0].issue_slice/dispatch/g_buffers[2].buffer/g_eb2.stream_buffer/g_buffer.data_out_r_reg[1]
              (rising edge-triggered flip-flop clocked by CLK)
  Endpoint: dispatch_if[2].data[1]
            (output port clocked by CLK)
  Path Group: VX_issue_OUT
  Path Type: max

  Des/Clust/Port     Wire Load Model       Library
  ------------------------------------------------
  VX_issue           5K_hvratio_1_1        NangateOpenCellLibrary_tt1p1v25c

  Point                                                   Incr       Path
  --------------------------------------------------------------------------
  clock CLK (rise edge)                                   0.00       0.00
  clock network delay (ideal)                             0.00       0.00
  g_slices[0].issue_slice/dispatch/g_buffers[2].buffer/g_eb2.stream_buffer/g_buffer.data_out_r_reg[1]/CK (DFF_X1)
                                                          0.00 #     0.00 r
  g_slices[0].issue_slice/dispatch/g_buffers[2].buffer/g_eb2.stream_buffer/g_buffer.data_out_r_reg[1]/Q (DFF_X1)
                                                          0.11       0.11 r
  dispatch_if[2].data[1] (out)                            0.01       0.11 r
  data arrival time                                                  0.11

  clock CLK (rise edge)                                   4.00       4.00
  clock network delay (ideal)                             0.00       4.00
  clock uncertainty                                      -0.25       3.75
  output external delay                                  -1.20       2.55
  data required time                                                 2.55
  --------------------------------------------------------------------------
  data required time                                                 2.55
  data arrival time                                                 -0.11
  --------------------------------------------------------------------------
  slack (MET)                                                        2.44


  Startpoint: g_slices[0].issue_slice/dispatch/g_buffers[2].buffer/g_eb2.stream_buffer/g_buffer.data_out_r_reg[0]
              (rising edge-triggered flip-flop clocked by CLK)
  Endpoint: dispatch_if[2].data[0]
            (output port clocked by CLK)
  Path Group: VX_issue_OUT
  Path Type: max

  Des/Clust/Port     Wire Load Model       Library
  ------------------------------------------------
  VX_issue           5K_hvratio_1_1        NangateOpenCellLibrary_tt1p1v25c

  Point                                                   Incr       Path
  --------------------------------------------------------------------------
  clock CLK (rise edge)                                   0.00       0.00
  clock network delay (ideal)                             0.00       0.00
  g_slices[0].issue_slice/dispatch/g_buffers[2].buffer/g_eb2.stream_buffer/g_buffer.data_out_r_reg[0]/CK (DFF_X1)
                                                          0.00 #     0.00 r
  g_slices[0].issue_slice/dispatch/g_buffers[2].buffer/g_eb2.stream_buffer/g_buffer.data_out_r_reg[0]/Q (DFF_X1)
                                                          0.11       0.11 r
  dispatch_if[2].data[0] (out)                            0.01       0.11 r
  data arrival time                                                  0.11

  clock CLK (rise edge)                                   4.00       4.00
  clock network delay (ideal)                             0.00       4.00
  clock uncertainty                                      -0.25       3.75
  output external delay                                  -1.20       2.55
  data required time                                                 2.55
  --------------------------------------------------------------------------
  data required time                                                 2.55
  data arrival time                                                 -0.11
  --------------------------------------------------------------------------
  slack (MET)                                                        2.44


  Startpoint: g_slices[0].issue_slice/dispatch/g_buffers[3].buffer/g_eb2.stream_buffer/g_buffer.data_out_r_reg[1]
              (rising edge-triggered flip-flop clocked by CLK)
  Endpoint: dispatch_if[3].data[1]
            (output port clocked by CLK)
  Path Group: VX_issue_OUT
  Path Type: max

  Des/Clust/Port     Wire Load Model       Library
  ------------------------------------------------
  VX_issue           5K_hvratio_1_1        NangateOpenCellLibrary_tt1p1v25c

  Point                                                   Incr       Path
  --------------------------------------------------------------------------
  clock CLK (rise edge)                                   0.00       0.00
  clock network delay (ideal)                             0.00       0.00
  g_slices[0].issue_slice/dispatch/g_buffers[3].buffer/g_eb2.stream_buffer/g_buffer.data_out_r_reg[1]/CK (DFF_X1)
                                                          0.00 #     0.00 r
  g_slices[0].issue_slice/dispatch/g_buffers[3].buffer/g_eb2.stream_buffer/g_buffer.data_out_r_reg[1]/Q (DFF_X1)
                                                          0.11       0.11 r
  dispatch_if[3].data[1] (out)                            0.01       0.11 r
  data arrival time                                                  0.11

  clock CLK (rise edge)                                   4.00       4.00
  clock network delay (ideal)                             0.00       4.00
  clock uncertainty                                      -0.25       3.75
  output external delay                                  -1.20       2.55
  data required time                                                 2.55
  --------------------------------------------------------------------------
  data required time                                                 2.55
  data arrival time                                                 -0.11
  --------------------------------------------------------------------------
  slack (MET)                                                        2.44


  Startpoint: g_slices[0].issue_slice/dispatch/g_buffers[3].buffer/g_eb2.stream_buffer/g_buffer.data_out_r_reg[0]
              (rising edge-triggered flip-flop clocked by CLK)
  Endpoint: dispatch_if[3].data[0]
            (output port clocked by CLK)
  Path Group: VX_issue_OUT
  Path Type: max

  Des/Clust/Port     Wire Load Model       Library
  ------------------------------------------------
  VX_issue           5K_hvratio_1_1        NangateOpenCellLibrary_tt1p1v25c

  Point                                                   Incr       Path
  --------------------------------------------------------------------------
  clock CLK (rise edge)                                   0.00       0.00
  clock network delay (ideal)                             0.00       0.00
  g_slices[0].issue_slice/dispatch/g_buffers[3].buffer/g_eb2.stream_buffer/g_buffer.data_out_r_reg[0]/CK (DFF_X1)
                                                          0.00 #     0.00 r
  g_slices[0].issue_slice/dispatch/g_buffers[3].buffer/g_eb2.stream_buffer/g_buffer.data_out_r_reg[0]/Q (DFF_X1)
                                                          0.11       0.11 r
  dispatch_if[3].data[0] (out)                            0.01       0.11 r
  data arrival time                                                  0.11

  clock CLK (rise edge)                                   4.00       4.00
  clock network delay (ideal)                             0.00       4.00
  clock uncertainty                                      -0.25       3.75
  output external delay                                  -1.20       2.55
  data required time                                                 2.55
  --------------------------------------------------------------------------
  data required time                                                 2.55
  data arrival time                                                 -0.11
  --------------------------------------------------------------------------
  slack (MET)                                                        2.44


  Startpoint: g_slices[0].issue_slice/dispatch/g_buffers[0].buffer/g_eb2.stream_buffer/g_buffer.data_out_r_reg[91]
              (rising edge-triggered flip-flop clocked by CLK)
  Endpoint: dispatch_if[0].data[91]
            (output port clocked by CLK)
  Path Group: VX_issue_OUT
  Path Type: max

  Des/Clust/Port     Wire Load Model       Library
  ------------------------------------------------
  VX_issue           5K_hvratio_1_1        NangateOpenCellLibrary_tt1p1v25c

  Point                                                   Incr       Path
  --------------------------------------------------------------------------
  clock CLK (rise edge)                                   0.00       0.00
  clock network delay (ideal)                             0.00       0.00
  g_slices[0].issue_slice/dispatch/g_buffers[0].buffer/g_eb2.stream_buffer/g_buffer.data_out_r_reg[91]/CK (DFF_X1)
                                                          0.00 #     0.00 r
  g_slices[0].issue_slice/dispatch/g_buffers[0].buffer/g_eb2.stream_buffer/g_buffer.data_out_r_reg[91]/Q (DFF_X1)
                                                          0.11       0.11 r
  dispatch_if[0].data[91] (out)                           0.01       0.11 r
  data arrival time                                                  0.11

  clock CLK (rise edge)                                   4.00       4.00
  clock network delay (ideal)                             0.00       4.00
  clock uncertainty                                      -0.25       3.75
  output external delay                                  -1.20       2.55
  data required time                                                 2.55
  --------------------------------------------------------------------------
  data required time                                                 2.55
  data arrival time                                                 -0.11
  --------------------------------------------------------------------------
  slack (MET)                                                        2.44


  Startpoint: g_slices[0].issue_slice/dispatch/g_buffers[0].buffer/g_eb2.stream_buffer/g_buffer.data_out_r_reg[90]
              (rising edge-triggered flip-flop clocked by CLK)
  Endpoint: dispatch_if[0].data[90]
            (output port clocked by CLK)
  Path Group: VX_issue_OUT
  Path Type: max

  Des/Clust/Port     Wire Load Model       Library
  ------------------------------------------------
  VX_issue           5K_hvratio_1_1        NangateOpenCellLibrary_tt1p1v25c

  Point                                                   Incr       Path
  --------------------------------------------------------------------------
  clock CLK (rise edge)                                   0.00       0.00
  clock network delay (ideal)                             0.00       0.00
  g_slices[0].issue_slice/dispatch/g_buffers[0].buffer/g_eb2.stream_buffer/g_buffer.data_out_r_reg[90]/CK (DFF_X1)
                                                          0.00 #     0.00 r
  g_slices[0].issue_slice/dispatch/g_buffers[0].buffer/g_eb2.stream_buffer/g_buffer.data_out_r_reg[90]/Q (DFF_X1)
                                                          0.11       0.11 r
  dispatch_if[0].data[90] (out)                           0.01       0.11 r
  data arrival time                                                  0.11

  clock CLK (rise edge)                                   4.00       4.00
  clock network delay (ideal)                             0.00       4.00
  clock uncertainty                                      -0.25       3.75
  output external delay                                  -1.20       2.55
  data required time                                                 2.55
  --------------------------------------------------------------------------
  data required time                                                 2.55
  data arrival time                                                 -0.11
  --------------------------------------------------------------------------
  slack (MET)                                                        2.44


  Startpoint: g_slices[0].issue_slice/dispatch/g_buffers[0].buffer/g_eb2.stream_buffer/g_buffer.data_out_r_reg[89]
              (rising edge-triggered flip-flop clocked by CLK)
  Endpoint: dispatch_if[0].data[89]
            (output port clocked by CLK)
  Path Group: VX_issue_OUT
  Path Type: max

  Des/Clust/Port     Wire Load Model       Library
  ------------------------------------------------
  VX_issue           5K_hvratio_1_1        NangateOpenCellLibrary_tt1p1v25c

  Point                                                   Incr       Path
  --------------------------------------------------------------------------
  clock CLK (rise edge)                                   0.00       0.00
  clock network delay (ideal)                             0.00       0.00
  g_slices[0].issue_slice/dispatch/g_buffers[0].buffer/g_eb2.stream_buffer/g_buffer.data_out_r_reg[89]/CK (DFF_X1)
                                                          0.00 #     0.00 r
  g_slices[0].issue_slice/dispatch/g_buffers[0].buffer/g_eb2.stream_buffer/g_buffer.data_out_r_reg[89]/Q (DFF_X1)
                                                          0.11       0.11 r
  dispatch_if[0].data[89] (out)                           0.01       0.11 r
  data arrival time                                                  0.11

  clock CLK (rise edge)                                   4.00       4.00
  clock network delay (ideal)                             0.00       4.00
  clock uncertainty                                      -0.25       3.75
  output external delay                                  -1.20       2.55
  data required time                                                 2.55
  --------------------------------------------------------------------------
  data required time                                                 2.55
  data arrival time                                                 -0.11
  --------------------------------------------------------------------------
  slack (MET)                                                        2.44


  Startpoint: g_slices[0].issue_slice/dispatch/g_buffers[0].buffer/g_eb2.stream_buffer/g_buffer.data_out_r_reg[88]
              (rising edge-triggered flip-flop clocked by CLK)
  Endpoint: dispatch_if[0].data[88]
            (output port clocked by CLK)
  Path Group: VX_issue_OUT
  Path Type: max

  Des/Clust/Port     Wire Load Model       Library
  ------------------------------------------------
  VX_issue           5K_hvratio_1_1        NangateOpenCellLibrary_tt1p1v25c

  Point                                                   Incr       Path
  --------------------------------------------------------------------------
  clock CLK (rise edge)                                   0.00       0.00
  clock network delay (ideal)                             0.00       0.00
  g_slices[0].issue_slice/dispatch/g_buffers[0].buffer/g_eb2.stream_buffer/g_buffer.data_out_r_reg[88]/CK (DFF_X1)
                                                          0.00 #     0.00 r
  g_slices[0].issue_slice/dispatch/g_buffers[0].buffer/g_eb2.stream_buffer/g_buffer.data_out_r_reg[88]/Q (DFF_X1)
                                                          0.11       0.11 r
  dispatch_if[0].data[88] (out)                           0.01       0.11 r
  data arrival time                                                  0.11

  clock CLK (rise edge)                                   4.00       4.00
  clock network delay (ideal)                             0.00       4.00
  clock uncertainty                                      -0.25       3.75
  output external delay                                  -1.20       2.55
  data required time                                                 2.55
  --------------------------------------------------------------------------
  data required time                                                 2.55
  data arrival time                                                 -0.11
  --------------------------------------------------------------------------
  slack (MET)                                                        2.44


  Startpoint: g_slices[0].issue_slice/dispatch/g_buffers[0].buffer/g_eb2.stream_buffer/g_buffer.data_out_r_reg[87]
              (rising edge-triggered flip-flop clocked by CLK)
  Endpoint: dispatch_if[0].data[87]
            (output port clocked by CLK)
  Path Group: VX_issue_OUT
  Path Type: max

  Des/Clust/Port     Wire Load Model       Library
  ------------------------------------------------
  VX_issue           5K_hvratio_1_1        NangateOpenCellLibrary_tt1p1v25c

  Point                                                   Incr       Path
  --------------------------------------------------------------------------
  clock CLK (rise edge)                                   0.00       0.00
  clock network delay (ideal)                             0.00       0.00
  g_slices[0].issue_slice/dispatch/g_buffers[0].buffer/g_eb2.stream_buffer/g_buffer.data_out_r_reg[87]/CK (DFF_X1)
                                                          0.00 #     0.00 r
  g_slices[0].issue_slice/dispatch/g_buffers[0].buffer/g_eb2.stream_buffer/g_buffer.data_out_r_reg[87]/Q (DFF_X1)
                                                          0.11       0.11 r
  dispatch_if[0].data[87] (out)                           0.01       0.11 r
  data arrival time                                                  0.11

  clock CLK (rise edge)                                   4.00       4.00
  clock network delay (ideal)                             0.00       4.00
  clock uncertainty                                      -0.25       3.75
  output external delay                                  -1.20       2.55
  data required time                                                 2.55
  --------------------------------------------------------------------------
  data required time                                                 2.55
  data arrival time                                                 -0.11
  --------------------------------------------------------------------------
  slack (MET)                                                        2.44


  Startpoint: g_slices[0].issue_slice/dispatch/g_buffers[0].buffer/g_eb2.stream_buffer/g_buffer.data_out_r_reg[86]
              (rising edge-triggered flip-flop clocked by CLK)
  Endpoint: dispatch_if[0].data[86]
            (output port clocked by CLK)
  Path Group: VX_issue_OUT
  Path Type: max

  Des/Clust/Port     Wire Load Model       Library
  ------------------------------------------------
  VX_issue           5K_hvratio_1_1        NangateOpenCellLibrary_tt1p1v25c

  Point                                                   Incr       Path
  --------------------------------------------------------------------------
  clock CLK (rise edge)                                   0.00       0.00
  clock network delay (ideal)                             0.00       0.00
  g_slices[0].issue_slice/dispatch/g_buffers[0].buffer/g_eb2.stream_buffer/g_buffer.data_out_r_reg[86]/CK (DFF_X1)
                                                          0.00 #     0.00 r
  g_slices[0].issue_slice/dispatch/g_buffers[0].buffer/g_eb2.stream_buffer/g_buffer.data_out_r_reg[86]/Q (DFF_X1)
                                                          0.11       0.11 r
  dispatch_if[0].data[86] (out)                           0.01       0.11 r
  data arrival time                                                  0.11

  clock CLK (rise edge)                                   4.00       4.00
  clock network delay (ideal)                             0.00       4.00
  clock uncertainty                                      -0.25       3.75
  output external delay                                  -1.20       2.55
  data required time                                                 2.55
  --------------------------------------------------------------------------
  data required time                                                 2.55
  data arrival time                                                 -0.11
  --------------------------------------------------------------------------
  slack (MET)                                                        2.44


  Startpoint: g_slices[0].issue_slice/dispatch/g_buffers[0].buffer/g_eb2.stream_buffer/g_buffer.data_out_r_reg[85]
              (rising edge-triggered flip-flop clocked by CLK)
  Endpoint: dispatch_if[0].data[85]
            (output port clocked by CLK)
  Path Group: VX_issue_OUT
  Path Type: max

  Des/Clust/Port     Wire Load Model       Library
  ------------------------------------------------
  VX_issue           5K_hvratio_1_1        NangateOpenCellLibrary_tt1p1v25c

  Point                                                   Incr       Path
  --------------------------------------------------------------------------
  clock CLK (rise edge)                                   0.00       0.00
  clock network delay (ideal)                             0.00       0.00
  g_slices[0].issue_slice/dispatch/g_buffers[0].buffer/g_eb2.stream_buffer/g_buffer.data_out_r_reg[85]/CK (DFF_X1)
                                                          0.00 #     0.00 r
  g_slices[0].issue_slice/dispatch/g_buffers[0].buffer/g_eb2.stream_buffer/g_buffer.data_out_r_reg[85]/Q (DFF_X1)
                                                          0.11       0.11 r
  dispatch_if[0].data[85] (out)                           0.01       0.11 r
  data arrival time                                                  0.11

  clock CLK (rise edge)                                   4.00       4.00
  clock network delay (ideal)                             0.00       4.00
  clock uncertainty                                      -0.25       3.75
  output external delay                                  -1.20       2.55
  data required time                                                 2.55
  --------------------------------------------------------------------------
  data required time                                                 2.55
  data arrival time                                                 -0.11
  --------------------------------------------------------------------------
  slack (MET)                                                        2.44


  Startpoint: g_slices[0].issue_slice/dispatch/g_buffers[0].buffer/g_eb2.stream_buffer/g_buffer.data_out_r_reg[84]
              (rising edge-triggered flip-flop clocked by CLK)
  Endpoint: dispatch_if[0].data[84]
            (output port clocked by CLK)
  Path Group: VX_issue_OUT
  Path Type: max

  Des/Clust/Port     Wire Load Model       Library
  ------------------------------------------------
  VX_issue           5K_hvratio_1_1        NangateOpenCellLibrary_tt1p1v25c

  Point                                                   Incr       Path
  --------------------------------------------------------------------------
  clock CLK (rise edge)                                   0.00       0.00
  clock network delay (ideal)                             0.00       0.00
  g_slices[0].issue_slice/dispatch/g_buffers[0].buffer/g_eb2.stream_buffer/g_buffer.data_out_r_reg[84]/CK (DFF_X1)
                                                          0.00 #     0.00 r
  g_slices[0].issue_slice/dispatch/g_buffers[0].buffer/g_eb2.stream_buffer/g_buffer.data_out_r_reg[84]/Q (DFF_X1)
                                                          0.11       0.11 r
  dispatch_if[0].data[84] (out)                           0.01       0.11 r
  data arrival time                                                  0.11

  clock CLK (rise edge)                                   4.00       4.00
  clock network delay (ideal)                             0.00       4.00
  clock uncertainty                                      -0.25       3.75
  output external delay                                  -1.20       2.55
  data required time                                                 2.55
  --------------------------------------------------------------------------
  data required time                                                 2.55
  data arrival time                                                 -0.11
  --------------------------------------------------------------------------
  slack (MET)                                                        2.44


  Startpoint: g_slices[0].issue_slice/dispatch/g_buffers[0].buffer/g_eb2.stream_buffer/g_buffer.data_out_r_reg[83]
              (rising edge-triggered flip-flop clocked by CLK)
  Endpoint: dispatch_if[0].data[83]
            (output port clocked by CLK)
  Path Group: VX_issue_OUT
  Path Type: max

  Des/Clust/Port     Wire Load Model       Library
  ------------------------------------------------
  VX_issue           5K_hvratio_1_1        NangateOpenCellLibrary_tt1p1v25c

  Point                                                   Incr       Path
  --------------------------------------------------------------------------
  clock CLK (rise edge)                                   0.00       0.00
  clock network delay (ideal)                             0.00       0.00
  g_slices[0].issue_slice/dispatch/g_buffers[0].buffer/g_eb2.stream_buffer/g_buffer.data_out_r_reg[83]/CK (DFF_X1)
                                                          0.00 #     0.00 r
  g_slices[0].issue_slice/dispatch/g_buffers[0].buffer/g_eb2.stream_buffer/g_buffer.data_out_r_reg[83]/Q (DFF_X1)
                                                          0.11       0.11 r
  dispatch_if[0].data[83] (out)                           0.01       0.11 r
  data arrival time                                                  0.11

  clock CLK (rise edge)                                   4.00       4.00
  clock network delay (ideal)                             0.00       4.00
  clock uncertainty                                      -0.25       3.75
  output external delay                                  -1.20       2.55
  data required time                                                 2.55
  --------------------------------------------------------------------------
  data required time                                                 2.55
  data arrival time                                                 -0.11
  --------------------------------------------------------------------------
  slack (MET)                                                        2.44


  Startpoint: g_slices[0].issue_slice/dispatch/g_buffers[0].buffer/g_eb2.stream_buffer/g_buffer.data_out_r_reg[82]
              (rising edge-triggered flip-flop clocked by CLK)
  Endpoint: dispatch_if[0].data[82]
            (output port clocked by CLK)
  Path Group: VX_issue_OUT
  Path Type: max

  Des/Clust/Port     Wire Load Model       Library
  ------------------------------------------------
  VX_issue           5K_hvratio_1_1        NangateOpenCellLibrary_tt1p1v25c

  Point                                                   Incr       Path
  --------------------------------------------------------------------------
  clock CLK (rise edge)                                   0.00       0.00
  clock network delay (ideal)                             0.00       0.00
  g_slices[0].issue_slice/dispatch/g_buffers[0].buffer/g_eb2.stream_buffer/g_buffer.data_out_r_reg[82]/CK (DFF_X1)
                                                          0.00 #     0.00 r
  g_slices[0].issue_slice/dispatch/g_buffers[0].buffer/g_eb2.stream_buffer/g_buffer.data_out_r_reg[82]/Q (DFF_X1)
                                                          0.11       0.11 r
  dispatch_if[0].data[82] (out)                           0.01       0.11 r
  data arrival time                                                  0.11

  clock CLK (rise edge)                                   4.00       4.00
  clock network delay (ideal)                             0.00       4.00
  clock uncertainty                                      -0.25       3.75
  output external delay                                  -1.20       2.55
  data required time                                                 2.55
  --------------------------------------------------------------------------
  data required time                                                 2.55
  data arrival time                                                 -0.11
  --------------------------------------------------------------------------
  slack (MET)                                                        2.44


  Startpoint: g_slices[0].issue_slice/dispatch/g_buffers[0].buffer/g_eb2.stream_buffer/g_buffer.data_out_r_reg[81]
              (rising edge-triggered flip-flop clocked by CLK)
  Endpoint: dispatch_if[0].data[81]
            (output port clocked by CLK)
  Path Group: VX_issue_OUT
  Path Type: max

  Des/Clust/Port     Wire Load Model       Library
  ------------------------------------------------
  VX_issue           5K_hvratio_1_1        NangateOpenCellLibrary_tt1p1v25c

  Point                                                   Incr       Path
  --------------------------------------------------------------------------
  clock CLK (rise edge)                                   0.00       0.00
  clock network delay (ideal)                             0.00       0.00
  g_slices[0].issue_slice/dispatch/g_buffers[0].buffer/g_eb2.stream_buffer/g_buffer.data_out_r_reg[81]/CK (DFF_X1)
                                                          0.00 #     0.00 r
  g_slices[0].issue_slice/dispatch/g_buffers[0].buffer/g_eb2.stream_buffer/g_buffer.data_out_r_reg[81]/Q (DFF_X1)
                                                          0.11       0.11 r
  dispatch_if[0].data[81] (out)                           0.01       0.11 r
  data arrival time                                                  0.11

  clock CLK (rise edge)                                   4.00       4.00
  clock network delay (ideal)                             0.00       4.00
  clock uncertainty                                      -0.25       3.75
  output external delay                                  -1.20       2.55
  data required time                                                 2.55
  --------------------------------------------------------------------------
  data required time                                                 2.55
  data arrival time                                                 -0.11
  --------------------------------------------------------------------------
  slack (MET)                                                        2.44


  Startpoint: g_slices[0].issue_slice/dispatch/g_buffers[0].buffer/g_eb2.stream_buffer/g_buffer.data_out_r_reg[80]
              (rising edge-triggered flip-flop clocked by CLK)
  Endpoint: dispatch_if[0].data[80]
            (output port clocked by CLK)
  Path Group: VX_issue_OUT
  Path Type: max

  Des/Clust/Port     Wire Load Model       Library
  ------------------------------------------------
  VX_issue           5K_hvratio_1_1        NangateOpenCellLibrary_tt1p1v25c

  Point                                                   Incr       Path
  --------------------------------------------------------------------------
  clock CLK (rise edge)                                   0.00       0.00
  clock network delay (ideal)                             0.00       0.00
  g_slices[0].issue_slice/dispatch/g_buffers[0].buffer/g_eb2.stream_buffer/g_buffer.data_out_r_reg[80]/CK (DFF_X1)
                                                          0.00 #     0.00 r
  g_slices[0].issue_slice/dispatch/g_buffers[0].buffer/g_eb2.stream_buffer/g_buffer.data_out_r_reg[80]/Q (DFF_X1)
                                                          0.11       0.11 r
  dispatch_if[0].data[80] (out)                           0.01       0.11 r
  data arrival time                                                  0.11

  clock CLK (rise edge)                                   4.00       4.00
  clock network delay (ideal)                             0.00       4.00
  clock uncertainty                                      -0.25       3.75
  output external delay                                  -1.20       2.55
  data required time                                                 2.55
  --------------------------------------------------------------------------
  data required time                                                 2.55
  data arrival time                                                 -0.11
  --------------------------------------------------------------------------
  slack (MET)                                                        2.44


  Startpoint: g_slices[0].issue_slice/dispatch/g_buffers[0].buffer/g_eb2.stream_buffer/g_buffer.data_out_r_reg[79]
              (rising edge-triggered flip-flop clocked by CLK)
  Endpoint: dispatch_if[0].data[79]
            (output port clocked by CLK)
  Path Group: VX_issue_OUT
  Path Type: max

  Des/Clust/Port     Wire Load Model       Library
  ------------------------------------------------
  VX_issue           5K_hvratio_1_1        NangateOpenCellLibrary_tt1p1v25c

  Point                                                   Incr       Path
  --------------------------------------------------------------------------
  clock CLK (rise edge)                                   0.00       0.00
  clock network delay (ideal)                             0.00       0.00
  g_slices[0].issue_slice/dispatch/g_buffers[0].buffer/g_eb2.stream_buffer/g_buffer.data_out_r_reg[79]/CK (DFF_X1)
                                                          0.00 #     0.00 r
  g_slices[0].issue_slice/dispatch/g_buffers[0].buffer/g_eb2.stream_buffer/g_buffer.data_out_r_reg[79]/Q (DFF_X1)
                                                          0.11       0.11 r
  dispatch_if[0].data[79] (out)                           0.01       0.11 r
  data arrival time                                                  0.11

  clock CLK (rise edge)                                   4.00       4.00
  clock network delay (ideal)                             0.00       4.00
  clock uncertainty                                      -0.25       3.75
  output external delay                                  -1.20       2.55
  data required time                                                 2.55
  --------------------------------------------------------------------------
  data required time                                                 2.55
  data arrival time                                                 -0.11
  --------------------------------------------------------------------------
  slack (MET)                                                        2.44


  Startpoint: g_slices[0].issue_slice/dispatch/g_buffers[0].buffer/g_eb2.stream_buffer/g_buffer.data_out_r_reg[78]
              (rising edge-triggered flip-flop clocked by CLK)
  Endpoint: dispatch_if[0].data[78]
            (output port clocked by CLK)
  Path Group: VX_issue_OUT
  Path Type: max

  Des/Clust/Port     Wire Load Model       Library
  ------------------------------------------------
  VX_issue           5K_hvratio_1_1        NangateOpenCellLibrary_tt1p1v25c

  Point                                                   Incr       Path
  --------------------------------------------------------------------------
  clock CLK (rise edge)                                   0.00       0.00
  clock network delay (ideal)                             0.00       0.00
  g_slices[0].issue_slice/dispatch/g_buffers[0].buffer/g_eb2.stream_buffer/g_buffer.data_out_r_reg[78]/CK (DFF_X1)
                                                          0.00 #     0.00 r
  g_slices[0].issue_slice/dispatch/g_buffers[0].buffer/g_eb2.stream_buffer/g_buffer.data_out_r_reg[78]/Q (DFF_X1)
                                                          0.11       0.11 r
  dispatch_if[0].data[78] (out)                           0.01       0.11 r
  data arrival time                                                  0.11

  clock CLK (rise edge)                                   4.00       4.00
  clock network delay (ideal)                             0.00       4.00
  clock uncertainty                                      -0.25       3.75
  output external delay                                  -1.20       2.55
  data required time                                                 2.55
  --------------------------------------------------------------------------
  data required time                                                 2.55
  data arrival time                                                 -0.11
  --------------------------------------------------------------------------
  slack (MET)                                                        2.44


  Startpoint: g_slices[0].issue_slice/dispatch/g_buffers[0].buffer/g_eb2.stream_buffer/g_buffer.data_out_r_reg[77]
              (rising edge-triggered flip-flop clocked by CLK)
  Endpoint: dispatch_if[0].data[77]
            (output port clocked by CLK)
  Path Group: VX_issue_OUT
  Path Type: max

  Des/Clust/Port     Wire Load Model       Library
  ------------------------------------------------
  VX_issue           5K_hvratio_1_1        NangateOpenCellLibrary_tt1p1v25c

  Point                                                   Incr       Path
  --------------------------------------------------------------------------
  clock CLK (rise edge)                                   0.00       0.00
  clock network delay (ideal)                             0.00       0.00
  g_slices[0].issue_slice/dispatch/g_buffers[0].buffer/g_eb2.stream_buffer/g_buffer.data_out_r_reg[77]/CK (DFF_X1)
                                                          0.00 #     0.00 r
  g_slices[0].issue_slice/dispatch/g_buffers[0].buffer/g_eb2.stream_buffer/g_buffer.data_out_r_reg[77]/Q (DFF_X1)
                                                          0.11       0.11 r
  dispatch_if[0].data[77] (out)                           0.01       0.11 r
  data arrival time                                                  0.11

  clock CLK (rise edge)                                   4.00       4.00
  clock network delay (ideal)                             0.00       4.00
  clock uncertainty                                      -0.25       3.75
  output external delay                                  -1.20       2.55
  data required time                                                 2.55
  --------------------------------------------------------------------------
  data required time                                                 2.55
  data arrival time                                                 -0.11
  --------------------------------------------------------------------------
  slack (MET)                                                        2.44


  Startpoint: g_slices[0].issue_slice/dispatch/g_buffers[0].buffer/g_eb2.stream_buffer/g_buffer.data_out_r_reg[76]
              (rising edge-triggered flip-flop clocked by CLK)
  Endpoint: dispatch_if[0].data[76]
            (output port clocked by CLK)
  Path Group: VX_issue_OUT
  Path Type: max

  Des/Clust/Port     Wire Load Model       Library
  ------------------------------------------------
  VX_issue           5K_hvratio_1_1        NangateOpenCellLibrary_tt1p1v25c

  Point                                                   Incr       Path
  --------------------------------------------------------------------------
  clock CLK (rise edge)                                   0.00       0.00
  clock network delay (ideal)                             0.00       0.00
  g_slices[0].issue_slice/dispatch/g_buffers[0].buffer/g_eb2.stream_buffer/g_buffer.data_out_r_reg[76]/CK (DFF_X1)
                                                          0.00 #     0.00 r
  g_slices[0].issue_slice/dispatch/g_buffers[0].buffer/g_eb2.stream_buffer/g_buffer.data_out_r_reg[76]/Q (DFF_X1)
                                                          0.11       0.11 r
  dispatch_if[0].data[76] (out)                           0.01       0.11 r
  data arrival time                                                  0.11

  clock CLK (rise edge)                                   4.00       4.00
  clock network delay (ideal)                             0.00       4.00
  clock uncertainty                                      -0.25       3.75
  output external delay                                  -1.20       2.55
  data required time                                                 2.55
  --------------------------------------------------------------------------
  data required time                                                 2.55
  data arrival time                                                 -0.11
  --------------------------------------------------------------------------
  slack (MET)                                                        2.44


  Startpoint: g_slices[0].issue_slice/dispatch/g_buffers[0].buffer/g_eb2.stream_buffer/g_buffer.data_out_r_reg[75]
              (rising edge-triggered flip-flop clocked by CLK)
  Endpoint: dispatch_if[0].data[75]
            (output port clocked by CLK)
  Path Group: VX_issue_OUT
  Path Type: max

  Des/Clust/Port     Wire Load Model       Library
  ------------------------------------------------
  VX_issue           5K_hvratio_1_1        NangateOpenCellLibrary_tt1p1v25c

  Point                                                   Incr       Path
  --------------------------------------------------------------------------
  clock CLK (rise edge)                                   0.00       0.00
  clock network delay (ideal)                             0.00       0.00
  g_slices[0].issue_slice/dispatch/g_buffers[0].buffer/g_eb2.stream_buffer/g_buffer.data_out_r_reg[75]/CK (DFF_X1)
                                                          0.00 #     0.00 r
  g_slices[0].issue_slice/dispatch/g_buffers[0].buffer/g_eb2.stream_buffer/g_buffer.data_out_r_reg[75]/Q (DFF_X1)
                                                          0.11       0.11 r
  dispatch_if[0].data[75] (out)                           0.01       0.11 r
  data arrival time                                                  0.11

  clock CLK (rise edge)                                   4.00       4.00
  clock network delay (ideal)                             0.00       4.00
  clock uncertainty                                      -0.25       3.75
  output external delay                                  -1.20       2.55
  data required time                                                 2.55
  --------------------------------------------------------------------------
  data required time                                                 2.55
  data arrival time                                                 -0.11
  --------------------------------------------------------------------------
  slack (MET)                                                        2.44


  Startpoint: g_slices[0].issue_slice/dispatch/g_buffers[0].buffer/g_eb2.stream_buffer/g_buffer.data_out_r_reg[74]
              (rising edge-triggered flip-flop clocked by CLK)
  Endpoint: dispatch_if[0].data[74]
            (output port clocked by CLK)
  Path Group: VX_issue_OUT
  Path Type: max

  Des/Clust/Port     Wire Load Model       Library
  ------------------------------------------------
  VX_issue           5K_hvratio_1_1        NangateOpenCellLibrary_tt1p1v25c

  Point                                                   Incr       Path
  --------------------------------------------------------------------------
  clock CLK (rise edge)                                   0.00       0.00
  clock network delay (ideal)                             0.00       0.00
  g_slices[0].issue_slice/dispatch/g_buffers[0].buffer/g_eb2.stream_buffer/g_buffer.data_out_r_reg[74]/CK (DFF_X1)
                                                          0.00 #     0.00 r
  g_slices[0].issue_slice/dispatch/g_buffers[0].buffer/g_eb2.stream_buffer/g_buffer.data_out_r_reg[74]/Q (DFF_X1)
                                                          0.11       0.11 r
  dispatch_if[0].data[74] (out)                           0.01       0.11 r
  data arrival time                                                  0.11

  clock CLK (rise edge)                                   4.00       4.00
  clock network delay (ideal)                             0.00       4.00
  clock uncertainty                                      -0.25       3.75
  output external delay                                  -1.20       2.55
  data required time                                                 2.55
  --------------------------------------------------------------------------
  data required time                                                 2.55
  data arrival time                                                 -0.11
  --------------------------------------------------------------------------
  slack (MET)                                                        2.44


  Startpoint: g_slices[0].issue_slice/dispatch/g_buffers[0].buffer/g_eb2.stream_buffer/g_buffer.data_out_r_reg[73]
              (rising edge-triggered flip-flop clocked by CLK)
  Endpoint: dispatch_if[0].data[73]
            (output port clocked by CLK)
  Path Group: VX_issue_OUT
  Path Type: max

  Des/Clust/Port     Wire Load Model       Library
  ------------------------------------------------
  VX_issue           5K_hvratio_1_1        NangateOpenCellLibrary_tt1p1v25c

  Point                                                   Incr       Path
  --------------------------------------------------------------------------
  clock CLK (rise edge)                                   0.00       0.00
  clock network delay (ideal)                             0.00       0.00
  g_slices[0].issue_slice/dispatch/g_buffers[0].buffer/g_eb2.stream_buffer/g_buffer.data_out_r_reg[73]/CK (DFF_X1)
                                                          0.00 #     0.00 r
  g_slices[0].issue_slice/dispatch/g_buffers[0].buffer/g_eb2.stream_buffer/g_buffer.data_out_r_reg[73]/Q (DFF_X1)
                                                          0.11       0.11 r
  dispatch_if[0].data[73] (out)                           0.01       0.11 r
  data arrival time                                                  0.11

  clock CLK (rise edge)                                   4.00       4.00
  clock network delay (ideal)                             0.00       4.00
  clock uncertainty                                      -0.25       3.75
  output external delay                                  -1.20       2.55
  data required time                                                 2.55
  --------------------------------------------------------------------------
  data required time                                                 2.55
  data arrival time                                                 -0.11
  --------------------------------------------------------------------------
  slack (MET)                                                        2.44


  Startpoint: g_slices[0].issue_slice/dispatch/g_buffers[0].buffer/g_eb2.stream_buffer/g_buffer.data_out_r_reg[72]
              (rising edge-triggered flip-flop clocked by CLK)
  Endpoint: dispatch_if[0].data[72]
            (output port clocked by CLK)
  Path Group: VX_issue_OUT
  Path Type: max

  Des/Clust/Port     Wire Load Model       Library
  ------------------------------------------------
  VX_issue           5K_hvratio_1_1        NangateOpenCellLibrary_tt1p1v25c

  Point                                                   Incr       Path
  --------------------------------------------------------------------------
  clock CLK (rise edge)                                   0.00       0.00
  clock network delay (ideal)                             0.00       0.00
  g_slices[0].issue_slice/dispatch/g_buffers[0].buffer/g_eb2.stream_buffer/g_buffer.data_out_r_reg[72]/CK (DFF_X1)
                                                          0.00 #     0.00 r
  g_slices[0].issue_slice/dispatch/g_buffers[0].buffer/g_eb2.stream_buffer/g_buffer.data_out_r_reg[72]/Q (DFF_X1)
                                                          0.11       0.11 r
  dispatch_if[0].data[72] (out)                           0.01       0.11 r
  data arrival time                                                  0.11

  clock CLK (rise edge)                                   4.00       4.00
  clock network delay (ideal)                             0.00       4.00
  clock uncertainty                                      -0.25       3.75
  output external delay                                  -1.20       2.55
  data required time                                                 2.55
  --------------------------------------------------------------------------
  data required time                                                 2.55
  data arrival time                                                 -0.11
  --------------------------------------------------------------------------
  slack (MET)                                                        2.44


  Startpoint: g_slices[0].issue_slice/dispatch/g_buffers[0].buffer/g_eb2.stream_buffer/g_buffer.data_out_r_reg[71]
              (rising edge-triggered flip-flop clocked by CLK)
  Endpoint: dispatch_if[0].data[71]
            (output port clocked by CLK)
  Path Group: VX_issue_OUT
  Path Type: max

  Des/Clust/Port     Wire Load Model       Library
  ------------------------------------------------
  VX_issue           5K_hvratio_1_1        NangateOpenCellLibrary_tt1p1v25c

  Point                                                   Incr       Path
  --------------------------------------------------------------------------
  clock CLK (rise edge)                                   0.00       0.00
  clock network delay (ideal)                             0.00       0.00
  g_slices[0].issue_slice/dispatch/g_buffers[0].buffer/g_eb2.stream_buffer/g_buffer.data_out_r_reg[71]/CK (DFF_X1)
                                                          0.00 #     0.00 r
  g_slices[0].issue_slice/dispatch/g_buffers[0].buffer/g_eb2.stream_buffer/g_buffer.data_out_r_reg[71]/Q (DFF_X1)
                                                          0.11       0.11 r
  dispatch_if[0].data[71] (out)                           0.01       0.11 r
  data arrival time                                                  0.11

  clock CLK (rise edge)                                   4.00       4.00
  clock network delay (ideal)                             0.00       4.00
  clock uncertainty                                      -0.25       3.75
  output external delay                                  -1.20       2.55
  data required time                                                 2.55
  --------------------------------------------------------------------------
  data required time                                                 2.55
  data arrival time                                                 -0.11
  --------------------------------------------------------------------------
  slack (MET)                                                        2.44


  Startpoint: g_slices[0].issue_slice/dispatch/g_buffers[0].buffer/g_eb2.stream_buffer/g_buffer.data_out_r_reg[70]
              (rising edge-triggered flip-flop clocked by CLK)
  Endpoint: dispatch_if[0].data[70]
            (output port clocked by CLK)
  Path Group: VX_issue_OUT
  Path Type: max

  Des/Clust/Port     Wire Load Model       Library
  ------------------------------------------------
  VX_issue           5K_hvratio_1_1        NangateOpenCellLibrary_tt1p1v25c

  Point                                                   Incr       Path
  --------------------------------------------------------------------------
  clock CLK (rise edge)                                   0.00       0.00
  clock network delay (ideal)                             0.00       0.00
  g_slices[0].issue_slice/dispatch/g_buffers[0].buffer/g_eb2.stream_buffer/g_buffer.data_out_r_reg[70]/CK (DFF_X1)
                                                          0.00 #     0.00 r
  g_slices[0].issue_slice/dispatch/g_buffers[0].buffer/g_eb2.stream_buffer/g_buffer.data_out_r_reg[70]/Q (DFF_X1)
                                                          0.11       0.11 r
  dispatch_if[0].data[70] (out)                           0.01       0.11 r
  data arrival time                                                  0.11

  clock CLK (rise edge)                                   4.00       4.00
  clock network delay (ideal)                             0.00       4.00
  clock uncertainty                                      -0.25       3.75
  output external delay                                  -1.20       2.55
  data required time                                                 2.55
  --------------------------------------------------------------------------
  data required time                                                 2.55
  data arrival time                                                 -0.11
  --------------------------------------------------------------------------
  slack (MET)                                                        2.44


  Startpoint: g_slices[0].issue_slice/dispatch/g_buffers[0].buffer/g_eb2.stream_buffer/g_buffer.data_out_r_reg[69]
              (rising edge-triggered flip-flop clocked by CLK)
  Endpoint: dispatch_if[0].data[69]
            (output port clocked by CLK)
  Path Group: VX_issue_OUT
  Path Type: max

  Des/Clust/Port     Wire Load Model       Library
  ------------------------------------------------
  VX_issue           5K_hvratio_1_1        NangateOpenCellLibrary_tt1p1v25c

  Point                                                   Incr       Path
  --------------------------------------------------------------------------
  clock CLK (rise edge)                                   0.00       0.00
  clock network delay (ideal)                             0.00       0.00
  g_slices[0].issue_slice/dispatch/g_buffers[0].buffer/g_eb2.stream_buffer/g_buffer.data_out_r_reg[69]/CK (DFF_X1)
                                                          0.00 #     0.00 r
  g_slices[0].issue_slice/dispatch/g_buffers[0].buffer/g_eb2.stream_buffer/g_buffer.data_out_r_reg[69]/Q (DFF_X1)
                                                          0.11       0.11 r
  dispatch_if[0].data[69] (out)                           0.01       0.11 r
  data arrival time                                                  0.11

  clock CLK (rise edge)                                   4.00       4.00
  clock network delay (ideal)                             0.00       4.00
  clock uncertainty                                      -0.25       3.75
  output external delay                                  -1.20       2.55
  data required time                                                 2.55
  --------------------------------------------------------------------------
  data required time                                                 2.55
  data arrival time                                                 -0.11
  --------------------------------------------------------------------------
  slack (MET)                                                        2.44


  Startpoint: g_slices[0].issue_slice/dispatch/g_buffers[0].buffer/g_eb2.stream_buffer/g_buffer.data_out_r_reg[68]
              (rising edge-triggered flip-flop clocked by CLK)
  Endpoint: dispatch_if[0].data[68]
            (output port clocked by CLK)
  Path Group: VX_issue_OUT
  Path Type: max

  Des/Clust/Port     Wire Load Model       Library
  ------------------------------------------------
  VX_issue           5K_hvratio_1_1        NangateOpenCellLibrary_tt1p1v25c

  Point                                                   Incr       Path
  --------------------------------------------------------------------------
  clock CLK (rise edge)                                   0.00       0.00
  clock network delay (ideal)                             0.00       0.00
  g_slices[0].issue_slice/dispatch/g_buffers[0].buffer/g_eb2.stream_buffer/g_buffer.data_out_r_reg[68]/CK (DFF_X1)
                                                          0.00 #     0.00 r
  g_slices[0].issue_slice/dispatch/g_buffers[0].buffer/g_eb2.stream_buffer/g_buffer.data_out_r_reg[68]/Q (DFF_X1)
                                                          0.11       0.11 r
  dispatch_if[0].data[68] (out)                           0.01       0.11 r
  data arrival time                                                  0.11

  clock CLK (rise edge)                                   4.00       4.00
  clock network delay (ideal)                             0.00       4.00
  clock uncertainty                                      -0.25       3.75
  output external delay                                  -1.20       2.55
  data required time                                                 2.55
  --------------------------------------------------------------------------
  data required time                                                 2.55
  data arrival time                                                 -0.11
  --------------------------------------------------------------------------
  slack (MET)                                                        2.44


  Startpoint: g_slices[0].issue_slice/dispatch/g_buffers[0].buffer/g_eb2.stream_buffer/g_buffer.data_out_r_reg[67]
              (rising edge-triggered flip-flop clocked by CLK)
  Endpoint: dispatch_if[0].data[67]
            (output port clocked by CLK)
  Path Group: VX_issue_OUT
  Path Type: max

  Des/Clust/Port     Wire Load Model       Library
  ------------------------------------------------
  VX_issue           5K_hvratio_1_1        NangateOpenCellLibrary_tt1p1v25c

  Point                                                   Incr       Path
  --------------------------------------------------------------------------
  clock CLK (rise edge)                                   0.00       0.00
  clock network delay (ideal)                             0.00       0.00
  g_slices[0].issue_slice/dispatch/g_buffers[0].buffer/g_eb2.stream_buffer/g_buffer.data_out_r_reg[67]/CK (DFF_X1)
                                                          0.00 #     0.00 r
  g_slices[0].issue_slice/dispatch/g_buffers[0].buffer/g_eb2.stream_buffer/g_buffer.data_out_r_reg[67]/Q (DFF_X1)
                                                          0.11       0.11 r
  dispatch_if[0].data[67] (out)                           0.01       0.11 r
  data arrival time                                                  0.11

  clock CLK (rise edge)                                   4.00       4.00
  clock network delay (ideal)                             0.00       4.00
  clock uncertainty                                      -0.25       3.75
  output external delay                                  -1.20       2.55
  data required time                                                 2.55
  --------------------------------------------------------------------------
  data required time                                                 2.55
  data arrival time                                                 -0.11
  --------------------------------------------------------------------------
  slack (MET)                                                        2.44


  Startpoint: g_slices[0].issue_slice/dispatch/g_buffers[0].buffer/g_eb2.stream_buffer/g_buffer.data_out_r_reg[66]
              (rising edge-triggered flip-flop clocked by CLK)
  Endpoint: dispatch_if[0].data[66]
            (output port clocked by CLK)
  Path Group: VX_issue_OUT
  Path Type: max

  Des/Clust/Port     Wire Load Model       Library
  ------------------------------------------------
  VX_issue           5K_hvratio_1_1        NangateOpenCellLibrary_tt1p1v25c

  Point                                                   Incr       Path
  --------------------------------------------------------------------------
  clock CLK (rise edge)                                   0.00       0.00
  clock network delay (ideal)                             0.00       0.00
  g_slices[0].issue_slice/dispatch/g_buffers[0].buffer/g_eb2.stream_buffer/g_buffer.data_out_r_reg[66]/CK (DFF_X1)
                                                          0.00 #     0.00 r
  g_slices[0].issue_slice/dispatch/g_buffers[0].buffer/g_eb2.stream_buffer/g_buffer.data_out_r_reg[66]/Q (DFF_X1)
                                                          0.11       0.11 r
  dispatch_if[0].data[66] (out)                           0.01       0.11 r
  data arrival time                                                  0.11

  clock CLK (rise edge)                                   4.00       4.00
  clock network delay (ideal)                             0.00       4.00
  clock uncertainty                                      -0.25       3.75
  output external delay                                  -1.20       2.55
  data required time                                                 2.55
  --------------------------------------------------------------------------
  data required time                                                 2.55
  data arrival time                                                 -0.11
  --------------------------------------------------------------------------
  slack (MET)                                                        2.44


  Startpoint: g_slices[0].issue_slice/dispatch/g_buffers[0].buffer/g_eb2.stream_buffer/g_buffer.data_out_r_reg[65]
              (rising edge-triggered flip-flop clocked by CLK)
  Endpoint: dispatch_if[0].data[65]
            (output port clocked by CLK)
  Path Group: VX_issue_OUT
  Path Type: max

  Des/Clust/Port     Wire Load Model       Library
  ------------------------------------------------
  VX_issue           5K_hvratio_1_1        NangateOpenCellLibrary_tt1p1v25c

  Point                                                   Incr       Path
  --------------------------------------------------------------------------
  clock CLK (rise edge)                                   0.00       0.00
  clock network delay (ideal)                             0.00       0.00
  g_slices[0].issue_slice/dispatch/g_buffers[0].buffer/g_eb2.stream_buffer/g_buffer.data_out_r_reg[65]/CK (DFF_X1)
                                                          0.00 #     0.00 r
  g_slices[0].issue_slice/dispatch/g_buffers[0].buffer/g_eb2.stream_buffer/g_buffer.data_out_r_reg[65]/Q (DFF_X1)
                                                          0.11       0.11 r
  dispatch_if[0].data[65] (out)                           0.01       0.11 r
  data arrival time                                                  0.11

  clock CLK (rise edge)                                   4.00       4.00
  clock network delay (ideal)                             0.00       4.00
  clock uncertainty                                      -0.25       3.75
  output external delay                                  -1.20       2.55
  data required time                                                 2.55
  --------------------------------------------------------------------------
  data required time                                                 2.55
  data arrival time                                                 -0.11
  --------------------------------------------------------------------------
  slack (MET)                                                        2.44


  Startpoint: g_slices[0].issue_slice/dispatch/g_buffers[0].buffer/g_eb2.stream_buffer/g_buffer.data_out_r_reg[64]
              (rising edge-triggered flip-flop clocked by CLK)
  Endpoint: dispatch_if[0].data[64]
            (output port clocked by CLK)
  Path Group: VX_issue_OUT
  Path Type: max

  Des/Clust/Port     Wire Load Model       Library
  ------------------------------------------------
  VX_issue           5K_hvratio_1_1        NangateOpenCellLibrary_tt1p1v25c

  Point                                                   Incr       Path
  --------------------------------------------------------------------------
  clock CLK (rise edge)                                   0.00       0.00
  clock network delay (ideal)                             0.00       0.00
  g_slices[0].issue_slice/dispatch/g_buffers[0].buffer/g_eb2.stream_buffer/g_buffer.data_out_r_reg[64]/CK (DFF_X1)
                                                          0.00 #     0.00 r
  g_slices[0].issue_slice/dispatch/g_buffers[0].buffer/g_eb2.stream_buffer/g_buffer.data_out_r_reg[64]/Q (DFF_X1)
                                                          0.11       0.11 r
  dispatch_if[0].data[64] (out)                           0.01       0.11 r
  data arrival time                                                  0.11

  clock CLK (rise edge)                                   4.00       4.00
  clock network delay (ideal)                             0.00       4.00
  clock uncertainty                                      -0.25       3.75
  output external delay                                  -1.20       2.55
  data required time                                                 2.55
  --------------------------------------------------------------------------
  data required time                                                 2.55
  data arrival time                                                 -0.11
  --------------------------------------------------------------------------
  slack (MET)                                                        2.44


  Startpoint: g_slices[0].issue_slice/dispatch/g_buffers[0].buffer/g_eb2.stream_buffer/g_buffer.data_out_r_reg[63]
              (rising edge-triggered flip-flop clocked by CLK)
  Endpoint: dispatch_if[0].data[63]
            (output port clocked by CLK)
  Path Group: VX_issue_OUT
  Path Type: max

  Des/Clust/Port     Wire Load Model       Library
  ------------------------------------------------
  VX_issue           5K_hvratio_1_1        NangateOpenCellLibrary_tt1p1v25c

  Point                                                   Incr       Path
  --------------------------------------------------------------------------
  clock CLK (rise edge)                                   0.00       0.00
  clock network delay (ideal)                             0.00       0.00
  g_slices[0].issue_slice/dispatch/g_buffers[0].buffer/g_eb2.stream_buffer/g_buffer.data_out_r_reg[63]/CK (DFF_X1)
                                                          0.00 #     0.00 r
  g_slices[0].issue_slice/dispatch/g_buffers[0].buffer/g_eb2.stream_buffer/g_buffer.data_out_r_reg[63]/Q (DFF_X1)
                                                          0.11       0.11 r
  dispatch_if[0].data[63] (out)                           0.01       0.11 r
  data arrival time                                                  0.11

  clock CLK (rise edge)                                   4.00       4.00
  clock network delay (ideal)                             0.00       4.00
  clock uncertainty                                      -0.25       3.75
  output external delay                                  -1.20       2.55
  data required time                                                 2.55
  --------------------------------------------------------------------------
  data required time                                                 2.55
  data arrival time                                                 -0.11
  --------------------------------------------------------------------------
  slack (MET)                                                        2.44


  Startpoint: g_slices[0].issue_slice/dispatch/g_buffers[0].buffer/g_eb2.stream_buffer/g_buffer.data_out_r_reg[62]
              (rising edge-triggered flip-flop clocked by CLK)
  Endpoint: dispatch_if[0].data[62]
            (output port clocked by CLK)
  Path Group: VX_issue_OUT
  Path Type: max

  Des/Clust/Port     Wire Load Model       Library
  ------------------------------------------------
  VX_issue           5K_hvratio_1_1        NangateOpenCellLibrary_tt1p1v25c

  Point                                                   Incr       Path
  --------------------------------------------------------------------------
  clock CLK (rise edge)                                   0.00       0.00
  clock network delay (ideal)                             0.00       0.00
  g_slices[0].issue_slice/dispatch/g_buffers[0].buffer/g_eb2.stream_buffer/g_buffer.data_out_r_reg[62]/CK (DFF_X1)
                                                          0.00 #     0.00 r
  g_slices[0].issue_slice/dispatch/g_buffers[0].buffer/g_eb2.stream_buffer/g_buffer.data_out_r_reg[62]/Q (DFF_X1)
                                                          0.11       0.11 r
  dispatch_if[0].data[62] (out)                           0.01       0.11 r
  data arrival time                                                  0.11

  clock CLK (rise edge)                                   4.00       4.00
  clock network delay (ideal)                             0.00       4.00
  clock uncertainty                                      -0.25       3.75
  output external delay                                  -1.20       2.55
  data required time                                                 2.55
  --------------------------------------------------------------------------
  data required time                                                 2.55
  data arrival time                                                 -0.11
  --------------------------------------------------------------------------
  slack (MET)                                                        2.44


  Startpoint: g_slices[0].issue_slice/dispatch/g_buffers[0].buffer/g_eb2.stream_buffer/g_buffer.data_out_r_reg[61]
              (rising edge-triggered flip-flop clocked by CLK)
  Endpoint: dispatch_if[0].data[61]
            (output port clocked by CLK)
  Path Group: VX_issue_OUT
  Path Type: max

  Des/Clust/Port     Wire Load Model       Library
  ------------------------------------------------
  VX_issue           5K_hvratio_1_1        NangateOpenCellLibrary_tt1p1v25c

  Point                                                   Incr       Path
  --------------------------------------------------------------------------
  clock CLK (rise edge)                                   0.00       0.00
  clock network delay (ideal)                             0.00       0.00
  g_slices[0].issue_slice/dispatch/g_buffers[0].buffer/g_eb2.stream_buffer/g_buffer.data_out_r_reg[61]/CK (DFF_X1)
                                                          0.00 #     0.00 r
  g_slices[0].issue_slice/dispatch/g_buffers[0].buffer/g_eb2.stream_buffer/g_buffer.data_out_r_reg[61]/Q (DFF_X1)
                                                          0.11       0.11 r
  dispatch_if[0].data[61] (out)                           0.01       0.11 r
  data arrival time                                                  0.11

  clock CLK (rise edge)                                   4.00       4.00
  clock network delay (ideal)                             0.00       4.00
  clock uncertainty                                      -0.25       3.75
  output external delay                                  -1.20       2.55
  data required time                                                 2.55
  --------------------------------------------------------------------------
  data required time                                                 2.55
  data arrival time                                                 -0.11
  --------------------------------------------------------------------------
  slack (MET)                                                        2.44


  Startpoint: g_slices[0].issue_slice/dispatch/g_buffers[0].buffer/g_eb2.stream_buffer/g_buffer.data_out_r_reg[60]
              (rising edge-triggered flip-flop clocked by CLK)
  Endpoint: dispatch_if[0].data[60]
            (output port clocked by CLK)
  Path Group: VX_issue_OUT
  Path Type: max

  Des/Clust/Port     Wire Load Model       Library
  ------------------------------------------------
  VX_issue           5K_hvratio_1_1        NangateOpenCellLibrary_tt1p1v25c

  Point                                                   Incr       Path
  --------------------------------------------------------------------------
  clock CLK (rise edge)                                   0.00       0.00
  clock network delay (ideal)                             0.00       0.00
  g_slices[0].issue_slice/dispatch/g_buffers[0].buffer/g_eb2.stream_buffer/g_buffer.data_out_r_reg[60]/CK (DFF_X1)
                                                          0.00 #     0.00 r
  g_slices[0].issue_slice/dispatch/g_buffers[0].buffer/g_eb2.stream_buffer/g_buffer.data_out_r_reg[60]/Q (DFF_X1)
                                                          0.11       0.11 r
  dispatch_if[0].data[60] (out)                           0.01       0.11 r
  data arrival time                                                  0.11

  clock CLK (rise edge)                                   4.00       4.00
  clock network delay (ideal)                             0.00       4.00
  clock uncertainty                                      -0.25       3.75
  output external delay                                  -1.20       2.55
  data required time                                                 2.55
  --------------------------------------------------------------------------
  data required time                                                 2.55
  data arrival time                                                 -0.11
  --------------------------------------------------------------------------
  slack (MET)                                                        2.44


  Startpoint: g_slices[0].issue_slice/dispatch/g_buffers[0].buffer/g_eb2.stream_buffer/g_buffer.data_out_r_reg[59]
              (rising edge-triggered flip-flop clocked by CLK)
  Endpoint: dispatch_if[0].data[59]
            (output port clocked by CLK)
  Path Group: VX_issue_OUT
  Path Type: max

  Des/Clust/Port     Wire Load Model       Library
  ------------------------------------------------
  VX_issue           5K_hvratio_1_1        NangateOpenCellLibrary_tt1p1v25c

  Point                                                   Incr       Path
  --------------------------------------------------------------------------
  clock CLK (rise edge)                                   0.00       0.00
  clock network delay (ideal)                             0.00       0.00
  g_slices[0].issue_slice/dispatch/g_buffers[0].buffer/g_eb2.stream_buffer/g_buffer.data_out_r_reg[59]/CK (DFF_X1)
                                                          0.00 #     0.00 r
  g_slices[0].issue_slice/dispatch/g_buffers[0].buffer/g_eb2.stream_buffer/g_buffer.data_out_r_reg[59]/Q (DFF_X1)
                                                          0.11       0.11 r
  dispatch_if[0].data[59] (out)                           0.01       0.11 r
  data arrival time                                                  0.11

  clock CLK (rise edge)                                   4.00       4.00
  clock network delay (ideal)                             0.00       4.00
  clock uncertainty                                      -0.25       3.75
  output external delay                                  -1.20       2.55
  data required time                                                 2.55
  --------------------------------------------------------------------------
  data required time                                                 2.55
  data arrival time                                                 -0.11
  --------------------------------------------------------------------------
  slack (MET)                                                        2.44


  Startpoint: g_slices[0].issue_slice/dispatch/g_buffers[0].buffer/g_eb2.stream_buffer/g_buffer.data_out_r_reg[58]
              (rising edge-triggered flip-flop clocked by CLK)
  Endpoint: dispatch_if[0].data[58]
            (output port clocked by CLK)
  Path Group: VX_issue_OUT
  Path Type: max

  Des/Clust/Port     Wire Load Model       Library
  ------------------------------------------------
  VX_issue           5K_hvratio_1_1        NangateOpenCellLibrary_tt1p1v25c

  Point                                                   Incr       Path
  --------------------------------------------------------------------------
  clock CLK (rise edge)                                   0.00       0.00
  clock network delay (ideal)                             0.00       0.00
  g_slices[0].issue_slice/dispatch/g_buffers[0].buffer/g_eb2.stream_buffer/g_buffer.data_out_r_reg[58]/CK (DFF_X1)
                                                          0.00 #     0.00 r
  g_slices[0].issue_slice/dispatch/g_buffers[0].buffer/g_eb2.stream_buffer/g_buffer.data_out_r_reg[58]/Q (DFF_X1)
                                                          0.11       0.11 r
  dispatch_if[0].data[58] (out)                           0.01       0.11 r
  data arrival time                                                  0.11

  clock CLK (rise edge)                                   4.00       4.00
  clock network delay (ideal)                             0.00       4.00
  clock uncertainty                                      -0.25       3.75
  output external delay                                  -1.20       2.55
  data required time                                                 2.55
  --------------------------------------------------------------------------
  data required time                                                 2.55
  data arrival time                                                 -0.11
  --------------------------------------------------------------------------
  slack (MET)                                                        2.44


  Startpoint: g_slices[0].issue_slice/dispatch/g_buffers[0].buffer/g_eb2.stream_buffer/g_buffer.data_out_r_reg[57]
              (rising edge-triggered flip-flop clocked by CLK)
  Endpoint: dispatch_if[0].data[57]
            (output port clocked by CLK)
  Path Group: VX_issue_OUT
  Path Type: max

  Des/Clust/Port     Wire Load Model       Library
  ------------------------------------------------
  VX_issue           5K_hvratio_1_1        NangateOpenCellLibrary_tt1p1v25c

  Point                                                   Incr       Path
  --------------------------------------------------------------------------
  clock CLK (rise edge)                                   0.00       0.00
  clock network delay (ideal)                             0.00       0.00
  g_slices[0].issue_slice/dispatch/g_buffers[0].buffer/g_eb2.stream_buffer/g_buffer.data_out_r_reg[57]/CK (DFF_X1)
                                                          0.00 #     0.00 r
  g_slices[0].issue_slice/dispatch/g_buffers[0].buffer/g_eb2.stream_buffer/g_buffer.data_out_r_reg[57]/Q (DFF_X1)
                                                          0.11       0.11 r
  dispatch_if[0].data[57] (out)                           0.01       0.11 r
  data arrival time                                                  0.11

  clock CLK (rise edge)                                   4.00       4.00
  clock network delay (ideal)                             0.00       4.00
  clock uncertainty                                      -0.25       3.75
  output external delay                                  -1.20       2.55
  data required time                                                 2.55
  --------------------------------------------------------------------------
  data required time                                                 2.55
  data arrival time                                                 -0.11
  --------------------------------------------------------------------------
  slack (MET)                                                        2.44


  Startpoint: g_slices[0].issue_slice/dispatch/g_buffers[0].buffer/g_eb2.stream_buffer/g_buffer.data_out_r_reg[56]
              (rising edge-triggered flip-flop clocked by CLK)
  Endpoint: dispatch_if[0].data[56]
            (output port clocked by CLK)
  Path Group: VX_issue_OUT
  Path Type: max

  Des/Clust/Port     Wire Load Model       Library
  ------------------------------------------------
  VX_issue           5K_hvratio_1_1        NangateOpenCellLibrary_tt1p1v25c

  Point                                                   Incr       Path
  --------------------------------------------------------------------------
  clock CLK (rise edge)                                   0.00       0.00
  clock network delay (ideal)                             0.00       0.00
  g_slices[0].issue_slice/dispatch/g_buffers[0].buffer/g_eb2.stream_buffer/g_buffer.data_out_r_reg[56]/CK (DFF_X1)
                                                          0.00 #     0.00 r
  g_slices[0].issue_slice/dispatch/g_buffers[0].buffer/g_eb2.stream_buffer/g_buffer.data_out_r_reg[56]/Q (DFF_X1)
                                                          0.11       0.11 r
  dispatch_if[0].data[56] (out)                           0.01       0.11 r
  data arrival time                                                  0.11

  clock CLK (rise edge)                                   4.00       4.00
  clock network delay (ideal)                             0.00       4.00
  clock uncertainty                                      -0.25       3.75
  output external delay                                  -1.20       2.55
  data required time                                                 2.55
  --------------------------------------------------------------------------
  data required time                                                 2.55
  data arrival time                                                 -0.11
  --------------------------------------------------------------------------
  slack (MET)                                                        2.44


  Startpoint: g_slices[0].issue_slice/dispatch/g_buffers[0].buffer/g_eb2.stream_buffer/g_buffer.data_out_r_reg[55]
              (rising edge-triggered flip-flop clocked by CLK)
  Endpoint: dispatch_if[0].data[55]
            (output port clocked by CLK)
  Path Group: VX_issue_OUT
  Path Type: max

  Des/Clust/Port     Wire Load Model       Library
  ------------------------------------------------
  VX_issue           5K_hvratio_1_1        NangateOpenCellLibrary_tt1p1v25c

  Point                                                   Incr       Path
  --------------------------------------------------------------------------
  clock CLK (rise edge)                                   0.00       0.00
  clock network delay (ideal)                             0.00       0.00
  g_slices[0].issue_slice/dispatch/g_buffers[0].buffer/g_eb2.stream_buffer/g_buffer.data_out_r_reg[55]/CK (DFF_X1)
                                                          0.00 #     0.00 r
  g_slices[0].issue_slice/dispatch/g_buffers[0].buffer/g_eb2.stream_buffer/g_buffer.data_out_r_reg[55]/Q (DFF_X1)
                                                          0.11       0.11 r
  dispatch_if[0].data[55] (out)                           0.01       0.11 r
  data arrival time                                                  0.11

  clock CLK (rise edge)                                   4.00       4.00
  clock network delay (ideal)                             0.00       4.00
  clock uncertainty                                      -0.25       3.75
  output external delay                                  -1.20       2.55
  data required time                                                 2.55
  --------------------------------------------------------------------------
  data required time                                                 2.55
  data arrival time                                                 -0.11
  --------------------------------------------------------------------------
  slack (MET)                                                        2.44


  Startpoint: g_slices[0].issue_slice/dispatch/g_buffers[0].buffer/g_eb2.stream_buffer/g_buffer.data_out_r_reg[54]
              (rising edge-triggered flip-flop clocked by CLK)
  Endpoint: dispatch_if[0].data[54]
            (output port clocked by CLK)
  Path Group: VX_issue_OUT
  Path Type: max

  Des/Clust/Port     Wire Load Model       Library
  ------------------------------------------------
  VX_issue           5K_hvratio_1_1        NangateOpenCellLibrary_tt1p1v25c

  Point                                                   Incr       Path
  --------------------------------------------------------------------------
  clock CLK (rise edge)                                   0.00       0.00
  clock network delay (ideal)                             0.00       0.00
  g_slices[0].issue_slice/dispatch/g_buffers[0].buffer/g_eb2.stream_buffer/g_buffer.data_out_r_reg[54]/CK (DFF_X1)
                                                          0.00 #     0.00 r
  g_slices[0].issue_slice/dispatch/g_buffers[0].buffer/g_eb2.stream_buffer/g_buffer.data_out_r_reg[54]/Q (DFF_X1)
                                                          0.11       0.11 r
  dispatch_if[0].data[54] (out)                           0.01       0.11 r
  data arrival time                                                  0.11

  clock CLK (rise edge)                                   4.00       4.00
  clock network delay (ideal)                             0.00       4.00
  clock uncertainty                                      -0.25       3.75
  output external delay                                  -1.20       2.55
  data required time                                                 2.55
  --------------------------------------------------------------------------
  data required time                                                 2.55
  data arrival time                                                 -0.11
  --------------------------------------------------------------------------
  slack (MET)                                                        2.44


  Startpoint: g_slices[0].issue_slice/dispatch/g_buffers[0].buffer/g_eb2.stream_buffer/g_buffer.data_out_r_reg[53]
              (rising edge-triggered flip-flop clocked by CLK)
  Endpoint: dispatch_if[0].data[53]
            (output port clocked by CLK)
  Path Group: VX_issue_OUT
  Path Type: max

  Des/Clust/Port     Wire Load Model       Library
  ------------------------------------------------
  VX_issue           5K_hvratio_1_1        NangateOpenCellLibrary_tt1p1v25c

  Point                                                   Incr       Path
  --------------------------------------------------------------------------
  clock CLK (rise edge)                                   0.00       0.00
  clock network delay (ideal)                             0.00       0.00
  g_slices[0].issue_slice/dispatch/g_buffers[0].buffer/g_eb2.stream_buffer/g_buffer.data_out_r_reg[53]/CK (DFF_X1)
                                                          0.00 #     0.00 r
  g_slices[0].issue_slice/dispatch/g_buffers[0].buffer/g_eb2.stream_buffer/g_buffer.data_out_r_reg[53]/Q (DFF_X1)
                                                          0.11       0.11 r
  dispatch_if[0].data[53] (out)                           0.01       0.11 r
  data arrival time                                                  0.11

  clock CLK (rise edge)                                   4.00       4.00
  clock network delay (ideal)                             0.00       4.00
  clock uncertainty                                      -0.25       3.75
  output external delay                                  -1.20       2.55
  data required time                                                 2.55
  --------------------------------------------------------------------------
  data required time                                                 2.55
  data arrival time                                                 -0.11
  --------------------------------------------------------------------------
  slack (MET)                                                        2.44


  Startpoint: g_slices[0].issue_slice/dispatch/g_buffers[0].buffer/g_eb2.stream_buffer/g_buffer.data_out_r_reg[52]
              (rising edge-triggered flip-flop clocked by CLK)
  Endpoint: dispatch_if[0].data[52]
            (output port clocked by CLK)
  Path Group: VX_issue_OUT
  Path Type: max

  Des/Clust/Port     Wire Load Model       Library
  ------------------------------------------------
  VX_issue           5K_hvratio_1_1        NangateOpenCellLibrary_tt1p1v25c

  Point                                                   Incr       Path
  --------------------------------------------------------------------------
  clock CLK (rise edge)                                   0.00       0.00
  clock network delay (ideal)                             0.00       0.00
  g_slices[0].issue_slice/dispatch/g_buffers[0].buffer/g_eb2.stream_buffer/g_buffer.data_out_r_reg[52]/CK (DFF_X1)
                                                          0.00 #     0.00 r
  g_slices[0].issue_slice/dispatch/g_buffers[0].buffer/g_eb2.stream_buffer/g_buffer.data_out_r_reg[52]/Q (DFF_X1)
                                                          0.11       0.11 r
  dispatch_if[0].data[52] (out)                           0.01       0.11 r
  data arrival time                                                  0.11

  clock CLK (rise edge)                                   4.00       4.00
  clock network delay (ideal)                             0.00       4.00
  clock uncertainty                                      -0.25       3.75
  output external delay                                  -1.20       2.55
  data required time                                                 2.55
  --------------------------------------------------------------------------
  data required time                                                 2.55
  data arrival time                                                 -0.11
  --------------------------------------------------------------------------
  slack (MET)                                                        2.44


  Startpoint: g_slices[0].issue_slice/dispatch/g_buffers[0].buffer/g_eb2.stream_buffer/g_buffer.data_out_r_reg[51]
              (rising edge-triggered flip-flop clocked by CLK)
  Endpoint: dispatch_if[0].data[51]
            (output port clocked by CLK)
  Path Group: VX_issue_OUT
  Path Type: max

  Des/Clust/Port     Wire Load Model       Library
  ------------------------------------------------
  VX_issue           5K_hvratio_1_1        NangateOpenCellLibrary_tt1p1v25c

  Point                                                   Incr       Path
  --------------------------------------------------------------------------
  clock CLK (rise edge)                                   0.00       0.00
  clock network delay (ideal)                             0.00       0.00
  g_slices[0].issue_slice/dispatch/g_buffers[0].buffer/g_eb2.stream_buffer/g_buffer.data_out_r_reg[51]/CK (DFF_X1)
                                                          0.00 #     0.00 r
  g_slices[0].issue_slice/dispatch/g_buffers[0].buffer/g_eb2.stream_buffer/g_buffer.data_out_r_reg[51]/Q (DFF_X1)
                                                          0.11       0.11 r
  dispatch_if[0].data[51] (out)                           0.01       0.11 r
  data arrival time                                                  0.11

  clock CLK (rise edge)                                   4.00       4.00
  clock network delay (ideal)                             0.00       4.00
  clock uncertainty                                      -0.25       3.75
  output external delay                                  -1.20       2.55
  data required time                                                 2.55
  --------------------------------------------------------------------------
  data required time                                                 2.55
  data arrival time                                                 -0.11
  --------------------------------------------------------------------------
  slack (MET)                                                        2.44


  Startpoint: g_slices[0].issue_slice/dispatch/g_buffers[0].buffer/g_eb2.stream_buffer/g_buffer.data_out_r_reg[50]
              (rising edge-triggered flip-flop clocked by CLK)
  Endpoint: dispatch_if[0].data[50]
            (output port clocked by CLK)
  Path Group: VX_issue_OUT
  Path Type: max

  Des/Clust/Port     Wire Load Model       Library
  ------------------------------------------------
  VX_issue           5K_hvratio_1_1        NangateOpenCellLibrary_tt1p1v25c

  Point                                                   Incr       Path
  --------------------------------------------------------------------------
  clock CLK (rise edge)                                   0.00       0.00
  clock network delay (ideal)                             0.00       0.00
  g_slices[0].issue_slice/dispatch/g_buffers[0].buffer/g_eb2.stream_buffer/g_buffer.data_out_r_reg[50]/CK (DFF_X1)
                                                          0.00 #     0.00 r
  g_slices[0].issue_slice/dispatch/g_buffers[0].buffer/g_eb2.stream_buffer/g_buffer.data_out_r_reg[50]/Q (DFF_X1)
                                                          0.11       0.11 r
  dispatch_if[0].data[50] (out)                           0.01       0.11 r
  data arrival time                                                  0.11

  clock CLK (rise edge)                                   4.00       4.00
  clock network delay (ideal)                             0.00       4.00
  clock uncertainty                                      -0.25       3.75
  output external delay                                  -1.20       2.55
  data required time                                                 2.55
  --------------------------------------------------------------------------
  data required time                                                 2.55
  data arrival time                                                 -0.11
  --------------------------------------------------------------------------
  slack (MET)                                                        2.44


  Startpoint: g_slices[0].issue_slice/dispatch/g_buffers[0].buffer/g_eb2.stream_buffer/g_buffer.data_out_r_reg[49]
              (rising edge-triggered flip-flop clocked by CLK)
  Endpoint: dispatch_if[0].data[49]
            (output port clocked by CLK)
  Path Group: VX_issue_OUT
  Path Type: max

  Des/Clust/Port     Wire Load Model       Library
  ------------------------------------------------
  VX_issue           5K_hvratio_1_1        NangateOpenCellLibrary_tt1p1v25c

  Point                                                   Incr       Path
  --------------------------------------------------------------------------
  clock CLK (rise edge)                                   0.00       0.00
  clock network delay (ideal)                             0.00       0.00
  g_slices[0].issue_slice/dispatch/g_buffers[0].buffer/g_eb2.stream_buffer/g_buffer.data_out_r_reg[49]/CK (DFF_X1)
                                                          0.00 #     0.00 r
  g_slices[0].issue_slice/dispatch/g_buffers[0].buffer/g_eb2.stream_buffer/g_buffer.data_out_r_reg[49]/Q (DFF_X1)
                                                          0.11       0.11 r
  dispatch_if[0].data[49] (out)                           0.01       0.11 r
  data arrival time                                                  0.11

  clock CLK (rise edge)                                   4.00       4.00
  clock network delay (ideal)                             0.00       4.00
  clock uncertainty                                      -0.25       3.75
  output external delay                                  -1.20       2.55
  data required time                                                 2.55
  --------------------------------------------------------------------------
  data required time                                                 2.55
  data arrival time                                                 -0.11
  --------------------------------------------------------------------------
  slack (MET)                                                        2.44


  Startpoint: g_slices[0].issue_slice/dispatch/g_buffers[0].buffer/g_eb2.stream_buffer/g_buffer.data_out_r_reg[48]
              (rising edge-triggered flip-flop clocked by CLK)
  Endpoint: dispatch_if[0].data[48]
            (output port clocked by CLK)
  Path Group: VX_issue_OUT
  Path Type: max

  Des/Clust/Port     Wire Load Model       Library
  ------------------------------------------------
  VX_issue           5K_hvratio_1_1        NangateOpenCellLibrary_tt1p1v25c

  Point                                                   Incr       Path
  --------------------------------------------------------------------------
  clock CLK (rise edge)                                   0.00       0.00
  clock network delay (ideal)                             0.00       0.00
  g_slices[0].issue_slice/dispatch/g_buffers[0].buffer/g_eb2.stream_buffer/g_buffer.data_out_r_reg[48]/CK (DFF_X1)
                                                          0.00 #     0.00 r
  g_slices[0].issue_slice/dispatch/g_buffers[0].buffer/g_eb2.stream_buffer/g_buffer.data_out_r_reg[48]/Q (DFF_X1)
                                                          0.11       0.11 r
  dispatch_if[0].data[48] (out)                           0.01       0.11 r
  data arrival time                                                  0.11

  clock CLK (rise edge)                                   4.00       4.00
  clock network delay (ideal)                             0.00       4.00
  clock uncertainty                                      -0.25       3.75
  output external delay                                  -1.20       2.55
  data required time                                                 2.55
  --------------------------------------------------------------------------
  data required time                                                 2.55
  data arrival time                                                 -0.11
  --------------------------------------------------------------------------
  slack (MET)                                                        2.44


  Startpoint: g_slices[0].issue_slice/dispatch/g_buffers[0].buffer/g_eb2.stream_buffer/g_buffer.data_out_r_reg[47]
              (rising edge-triggered flip-flop clocked by CLK)
  Endpoint: dispatch_if[0].data[47]
            (output port clocked by CLK)
  Path Group: VX_issue_OUT
  Path Type: max

  Des/Clust/Port     Wire Load Model       Library
  ------------------------------------------------
  VX_issue           5K_hvratio_1_1        NangateOpenCellLibrary_tt1p1v25c

  Point                                                   Incr       Path
  --------------------------------------------------------------------------
  clock CLK (rise edge)                                   0.00       0.00
  clock network delay (ideal)                             0.00       0.00
  g_slices[0].issue_slice/dispatch/g_buffers[0].buffer/g_eb2.stream_buffer/g_buffer.data_out_r_reg[47]/CK (DFF_X1)
                                                          0.00 #     0.00 r
  g_slices[0].issue_slice/dispatch/g_buffers[0].buffer/g_eb2.stream_buffer/g_buffer.data_out_r_reg[47]/Q (DFF_X1)
                                                          0.11       0.11 r
  dispatch_if[0].data[47] (out)                           0.01       0.11 r
  data arrival time                                                  0.11

  clock CLK (rise edge)                                   4.00       4.00
  clock network delay (ideal)                             0.00       4.00
  clock uncertainty                                      -0.25       3.75
  output external delay                                  -1.20       2.55
  data required time                                                 2.55
  --------------------------------------------------------------------------
  data required time                                                 2.55
  data arrival time                                                 -0.11
  --------------------------------------------------------------------------
  slack (MET)                                                        2.44


  Startpoint: g_slices[0].issue_slice/dispatch/g_buffers[0].buffer/g_eb2.stream_buffer/g_buffer.data_out_r_reg[46]
              (rising edge-triggered flip-flop clocked by CLK)
  Endpoint: dispatch_if[0].data[46]
            (output port clocked by CLK)
  Path Group: VX_issue_OUT
  Path Type: max

  Des/Clust/Port     Wire Load Model       Library
  ------------------------------------------------
  VX_issue           5K_hvratio_1_1        NangateOpenCellLibrary_tt1p1v25c

  Point                                                   Incr       Path
  --------------------------------------------------------------------------
  clock CLK (rise edge)                                   0.00       0.00
  clock network delay (ideal)                             0.00       0.00
  g_slices[0].issue_slice/dispatch/g_buffers[0].buffer/g_eb2.stream_buffer/g_buffer.data_out_r_reg[46]/CK (DFF_X1)
                                                          0.00 #     0.00 r
  g_slices[0].issue_slice/dispatch/g_buffers[0].buffer/g_eb2.stream_buffer/g_buffer.data_out_r_reg[46]/Q (DFF_X1)
                                                          0.11       0.11 r
  dispatch_if[0].data[46] (out)                           0.01       0.11 r
  data arrival time                                                  0.11

  clock CLK (rise edge)                                   4.00       4.00
  clock network delay (ideal)                             0.00       4.00
  clock uncertainty                                      -0.25       3.75
  output external delay                                  -1.20       2.55
  data required time                                                 2.55
  --------------------------------------------------------------------------
  data required time                                                 2.55
  data arrival time                                                 -0.11
  --------------------------------------------------------------------------
  slack (MET)                                                        2.44


  Startpoint: g_slices[0].issue_slice/dispatch/g_buffers[0].buffer/g_eb2.stream_buffer/g_buffer.data_out_r_reg[45]
              (rising edge-triggered flip-flop clocked by CLK)
  Endpoint: dispatch_if[0].data[45]
            (output port clocked by CLK)
  Path Group: VX_issue_OUT
  Path Type: max

  Des/Clust/Port     Wire Load Model       Library
  ------------------------------------------------
  VX_issue           5K_hvratio_1_1        NangateOpenCellLibrary_tt1p1v25c

  Point                                                   Incr       Path
  --------------------------------------------------------------------------
  clock CLK (rise edge)                                   0.00       0.00
  clock network delay (ideal)                             0.00       0.00
  g_slices[0].issue_slice/dispatch/g_buffers[0].buffer/g_eb2.stream_buffer/g_buffer.data_out_r_reg[45]/CK (DFF_X1)
                                                          0.00 #     0.00 r
  g_slices[0].issue_slice/dispatch/g_buffers[0].buffer/g_eb2.stream_buffer/g_buffer.data_out_r_reg[45]/Q (DFF_X1)
                                                          0.11       0.11 r
  dispatch_if[0].data[45] (out)                           0.01       0.11 r
  data arrival time                                                  0.11

  clock CLK (rise edge)                                   4.00       4.00
  clock network delay (ideal)                             0.00       4.00
  clock uncertainty                                      -0.25       3.75
  output external delay                                  -1.20       2.55
  data required time                                                 2.55
  --------------------------------------------------------------------------
  data required time                                                 2.55
  data arrival time                                                 -0.11
  --------------------------------------------------------------------------
  slack (MET)                                                        2.44


  Startpoint: g_slices[0].issue_slice/dispatch/g_buffers[0].buffer/g_eb2.stream_buffer/g_buffer.data_out_r_reg[44]
              (rising edge-triggered flip-flop clocked by CLK)
  Endpoint: dispatch_if[0].data[44]
            (output port clocked by CLK)
  Path Group: VX_issue_OUT
  Path Type: max

  Des/Clust/Port     Wire Load Model       Library
  ------------------------------------------------
  VX_issue           5K_hvratio_1_1        NangateOpenCellLibrary_tt1p1v25c

  Point                                                   Incr       Path
  --------------------------------------------------------------------------
  clock CLK (rise edge)                                   0.00       0.00
  clock network delay (ideal)                             0.00       0.00
  g_slices[0].issue_slice/dispatch/g_buffers[0].buffer/g_eb2.stream_buffer/g_buffer.data_out_r_reg[44]/CK (DFF_X1)
                                                          0.00 #     0.00 r
  g_slices[0].issue_slice/dispatch/g_buffers[0].buffer/g_eb2.stream_buffer/g_buffer.data_out_r_reg[44]/Q (DFF_X1)
                                                          0.11       0.11 r
  dispatch_if[0].data[44] (out)                           0.01       0.11 r
  data arrival time                                                  0.11

  clock CLK (rise edge)                                   4.00       4.00
  clock network delay (ideal)                             0.00       4.00
  clock uncertainty                                      -0.25       3.75
  output external delay                                  -1.20       2.55
  data required time                                                 2.55
  --------------------------------------------------------------------------
  data required time                                                 2.55
  data arrival time                                                 -0.11
  --------------------------------------------------------------------------
  slack (MET)                                                        2.44


  Startpoint: g_slices[0].issue_slice/dispatch/g_buffers[0].buffer/g_eb2.stream_buffer/g_buffer.data_out_r_reg[43]
              (rising edge-triggered flip-flop clocked by CLK)
  Endpoint: dispatch_if[0].data[43]
            (output port clocked by CLK)
  Path Group: VX_issue_OUT
  Path Type: max

  Des/Clust/Port     Wire Load Model       Library
  ------------------------------------------------
  VX_issue           5K_hvratio_1_1        NangateOpenCellLibrary_tt1p1v25c

  Point                                                   Incr       Path
  --------------------------------------------------------------------------
  clock CLK (rise edge)                                   0.00       0.00
  clock network delay (ideal)                             0.00       0.00
  g_slices[0].issue_slice/dispatch/g_buffers[0].buffer/g_eb2.stream_buffer/g_buffer.data_out_r_reg[43]/CK (DFF_X1)
                                                          0.00 #     0.00 r
  g_slices[0].issue_slice/dispatch/g_buffers[0].buffer/g_eb2.stream_buffer/g_buffer.data_out_r_reg[43]/Q (DFF_X1)
                                                          0.11       0.11 r
  dispatch_if[0].data[43] (out)                           0.01       0.11 r
  data arrival time                                                  0.11

  clock CLK (rise edge)                                   4.00       4.00
  clock network delay (ideal)                             0.00       4.00
  clock uncertainty                                      -0.25       3.75
  output external delay                                  -1.20       2.55
  data required time                                                 2.55
  --------------------------------------------------------------------------
  data required time                                                 2.55
  data arrival time                                                 -0.11
  --------------------------------------------------------------------------
  slack (MET)                                                        2.44


  Startpoint: g_slices[0].issue_slice/dispatch/g_buffers[0].buffer/g_eb2.stream_buffer/g_buffer.data_out_r_reg[42]
              (rising edge-triggered flip-flop clocked by CLK)
  Endpoint: dispatch_if[0].data[42]
            (output port clocked by CLK)
  Path Group: VX_issue_OUT
  Path Type: max

  Des/Clust/Port     Wire Load Model       Library
  ------------------------------------------------
  VX_issue           5K_hvratio_1_1        NangateOpenCellLibrary_tt1p1v25c

  Point                                                   Incr       Path
  --------------------------------------------------------------------------
  clock CLK (rise edge)                                   0.00       0.00
  clock network delay (ideal)                             0.00       0.00
  g_slices[0].issue_slice/dispatch/g_buffers[0].buffer/g_eb2.stream_buffer/g_buffer.data_out_r_reg[42]/CK (DFF_X1)
                                                          0.00 #     0.00 r
  g_slices[0].issue_slice/dispatch/g_buffers[0].buffer/g_eb2.stream_buffer/g_buffer.data_out_r_reg[42]/Q (DFF_X1)
                                                          0.11       0.11 r
  dispatch_if[0].data[42] (out)                           0.01       0.11 r
  data arrival time                                                  0.11

  clock CLK (rise edge)                                   4.00       4.00
  clock network delay (ideal)                             0.00       4.00
  clock uncertainty                                      -0.25       3.75
  output external delay                                  -1.20       2.55
  data required time                                                 2.55
  --------------------------------------------------------------------------
  data required time                                                 2.55
  data arrival time                                                 -0.11
  --------------------------------------------------------------------------
  slack (MET)                                                        2.44


  Startpoint: g_slices[0].issue_slice/dispatch/g_buffers[0].buffer/g_eb2.stream_buffer/g_buffer.data_out_r_reg[41]
              (rising edge-triggered flip-flop clocked by CLK)
  Endpoint: dispatch_if[0].data[41]
            (output port clocked by CLK)
  Path Group: VX_issue_OUT
  Path Type: max

  Des/Clust/Port     Wire Load Model       Library
  ------------------------------------------------
  VX_issue           5K_hvratio_1_1        NangateOpenCellLibrary_tt1p1v25c

  Point                                                   Incr       Path
  --------------------------------------------------------------------------
  clock CLK (rise edge)                                   0.00       0.00
  clock network delay (ideal)                             0.00       0.00
  g_slices[0].issue_slice/dispatch/g_buffers[0].buffer/g_eb2.stream_buffer/g_buffer.data_out_r_reg[41]/CK (DFF_X1)
                                                          0.00 #     0.00 r
  g_slices[0].issue_slice/dispatch/g_buffers[0].buffer/g_eb2.stream_buffer/g_buffer.data_out_r_reg[41]/Q (DFF_X1)
                                                          0.11       0.11 r
  dispatch_if[0].data[41] (out)                           0.01       0.11 r
  data arrival time                                                  0.11

  clock CLK (rise edge)                                   4.00       4.00
  clock network delay (ideal)                             0.00       4.00
  clock uncertainty                                      -0.25       3.75
  output external delay                                  -1.20       2.55
  data required time                                                 2.55
  --------------------------------------------------------------------------
  data required time                                                 2.55
  data arrival time                                                 -0.11
  --------------------------------------------------------------------------
  slack (MET)                                                        2.44


  Startpoint: g_slices[0].issue_slice/dispatch/g_buffers[0].buffer/g_eb2.stream_buffer/g_buffer.data_out_r_reg[40]
              (rising edge-triggered flip-flop clocked by CLK)
  Endpoint: dispatch_if[0].data[40]
            (output port clocked by CLK)
  Path Group: VX_issue_OUT
  Path Type: max

  Des/Clust/Port     Wire Load Model       Library
  ------------------------------------------------
  VX_issue           5K_hvratio_1_1        NangateOpenCellLibrary_tt1p1v25c

  Point                                                   Incr       Path
  --------------------------------------------------------------------------
  clock CLK (rise edge)                                   0.00       0.00
  clock network delay (ideal)                             0.00       0.00
  g_slices[0].issue_slice/dispatch/g_buffers[0].buffer/g_eb2.stream_buffer/g_buffer.data_out_r_reg[40]/CK (DFF_X1)
                                                          0.00 #     0.00 r
  g_slices[0].issue_slice/dispatch/g_buffers[0].buffer/g_eb2.stream_buffer/g_buffer.data_out_r_reg[40]/Q (DFF_X1)
                                                          0.11       0.11 r
  dispatch_if[0].data[40] (out)                           0.01       0.11 r
  data arrival time                                                  0.11

  clock CLK (rise edge)                                   4.00       4.00
  clock network delay (ideal)                             0.00       4.00
  clock uncertainty                                      -0.25       3.75
  output external delay                                  -1.20       2.55
  data required time                                                 2.55
  --------------------------------------------------------------------------
  data required time                                                 2.55
  data arrival time                                                 -0.11
  --------------------------------------------------------------------------
  slack (MET)                                                        2.44


  Startpoint: g_slices[0].issue_slice/dispatch/g_buffers[0].buffer/g_eb2.stream_buffer/g_buffer.data_out_r_reg[39]
              (rising edge-triggered flip-flop clocked by CLK)
  Endpoint: dispatch_if[0].data[39]
            (output port clocked by CLK)
  Path Group: VX_issue_OUT
  Path Type: max

  Des/Clust/Port     Wire Load Model       Library
  ------------------------------------------------
  VX_issue           5K_hvratio_1_1        NangateOpenCellLibrary_tt1p1v25c

  Point                                                   Incr       Path
  --------------------------------------------------------------------------
  clock CLK (rise edge)                                   0.00       0.00
  clock network delay (ideal)                             0.00       0.00
  g_slices[0].issue_slice/dispatch/g_buffers[0].buffer/g_eb2.stream_buffer/g_buffer.data_out_r_reg[39]/CK (DFF_X1)
                                                          0.00 #     0.00 r
  g_slices[0].issue_slice/dispatch/g_buffers[0].buffer/g_eb2.stream_buffer/g_buffer.data_out_r_reg[39]/Q (DFF_X1)
                                                          0.11       0.11 r
  dispatch_if[0].data[39] (out)                           0.01       0.11 r
  data arrival time                                                  0.11

  clock CLK (rise edge)                                   4.00       4.00
  clock network delay (ideal)                             0.00       4.00
  clock uncertainty                                      -0.25       3.75
  output external delay                                  -1.20       2.55
  data required time                                                 2.55
  --------------------------------------------------------------------------
  data required time                                                 2.55
  data arrival time                                                 -0.11
  --------------------------------------------------------------------------
  slack (MET)                                                        2.44


  Startpoint: g_slices[0].issue_slice/dispatch/g_buffers[0].buffer/g_eb2.stream_buffer/g_buffer.data_out_r_reg[38]
              (rising edge-triggered flip-flop clocked by CLK)
  Endpoint: dispatch_if[0].data[38]
            (output port clocked by CLK)
  Path Group: VX_issue_OUT
  Path Type: max

  Des/Clust/Port     Wire Load Model       Library
  ------------------------------------------------
  VX_issue           5K_hvratio_1_1        NangateOpenCellLibrary_tt1p1v25c

  Point                                                   Incr       Path
  --------------------------------------------------------------------------
  clock CLK (rise edge)                                   0.00       0.00
  clock network delay (ideal)                             0.00       0.00
  g_slices[0].issue_slice/dispatch/g_buffers[0].buffer/g_eb2.stream_buffer/g_buffer.data_out_r_reg[38]/CK (DFF_X1)
                                                          0.00 #     0.00 r
  g_slices[0].issue_slice/dispatch/g_buffers[0].buffer/g_eb2.stream_buffer/g_buffer.data_out_r_reg[38]/Q (DFF_X1)
                                                          0.11       0.11 r
  dispatch_if[0].data[38] (out)                           0.01       0.11 r
  data arrival time                                                  0.11

  clock CLK (rise edge)                                   4.00       4.00
  clock network delay (ideal)                             0.00       4.00
  clock uncertainty                                      -0.25       3.75
  output external delay                                  -1.20       2.55
  data required time                                                 2.55
  --------------------------------------------------------------------------
  data required time                                                 2.55
  data arrival time                                                 -0.11
  --------------------------------------------------------------------------
  slack (MET)                                                        2.44


  Startpoint: g_slices[0].issue_slice/dispatch/g_buffers[0].buffer/g_eb2.stream_buffer/g_buffer.data_out_r_reg[37]
              (rising edge-triggered flip-flop clocked by CLK)
  Endpoint: dispatch_if[0].data[37]
            (output port clocked by CLK)
  Path Group: VX_issue_OUT
  Path Type: max

  Des/Clust/Port     Wire Load Model       Library
  ------------------------------------------------
  VX_issue           5K_hvratio_1_1        NangateOpenCellLibrary_tt1p1v25c

  Point                                                   Incr       Path
  --------------------------------------------------------------------------
  clock CLK (rise edge)                                   0.00       0.00
  clock network delay (ideal)                             0.00       0.00
  g_slices[0].issue_slice/dispatch/g_buffers[0].buffer/g_eb2.stream_buffer/g_buffer.data_out_r_reg[37]/CK (DFF_X1)
                                                          0.00 #     0.00 r
  g_slices[0].issue_slice/dispatch/g_buffers[0].buffer/g_eb2.stream_buffer/g_buffer.data_out_r_reg[37]/Q (DFF_X1)
                                                          0.11       0.11 r
  dispatch_if[0].data[37] (out)                           0.01       0.11 r
  data arrival time                                                  0.11

  clock CLK (rise edge)                                   4.00       4.00
  clock network delay (ideal)                             0.00       4.00
  clock uncertainty                                      -0.25       3.75
  output external delay                                  -1.20       2.55
  data required time                                                 2.55
  --------------------------------------------------------------------------
  data required time                                                 2.55
  data arrival time                                                 -0.11
  --------------------------------------------------------------------------
  slack (MET)                                                        2.44


  Startpoint: g_slices[0].issue_slice/dispatch/g_buffers[0].buffer/g_eb2.stream_buffer/g_buffer.data_out_r_reg[36]
              (rising edge-triggered flip-flop clocked by CLK)
  Endpoint: dispatch_if[0].data[36]
            (output port clocked by CLK)
  Path Group: VX_issue_OUT
  Path Type: max

  Des/Clust/Port     Wire Load Model       Library
  ------------------------------------------------
  VX_issue           5K_hvratio_1_1        NangateOpenCellLibrary_tt1p1v25c

  Point                                                   Incr       Path
  --------------------------------------------------------------------------
  clock CLK (rise edge)                                   0.00       0.00
  clock network delay (ideal)                             0.00       0.00
  g_slices[0].issue_slice/dispatch/g_buffers[0].buffer/g_eb2.stream_buffer/g_buffer.data_out_r_reg[36]/CK (DFF_X1)
                                                          0.00 #     0.00 r
  g_slices[0].issue_slice/dispatch/g_buffers[0].buffer/g_eb2.stream_buffer/g_buffer.data_out_r_reg[36]/Q (DFF_X1)
                                                          0.11       0.11 r
  dispatch_if[0].data[36] (out)                           0.01       0.11 r
  data arrival time                                                  0.11

  clock CLK (rise edge)                                   4.00       4.00
  clock network delay (ideal)                             0.00       4.00
  clock uncertainty                                      -0.25       3.75
  output external delay                                  -1.20       2.55
  data required time                                                 2.55
  --------------------------------------------------------------------------
  data required time                                                 2.55
  data arrival time                                                 -0.11
  --------------------------------------------------------------------------
  slack (MET)                                                        2.44


  Startpoint: g_slices[0].issue_slice/dispatch/g_buffers[0].buffer/g_eb2.stream_buffer/g_buffer.data_out_r_reg[35]
              (rising edge-triggered flip-flop clocked by CLK)
  Endpoint: dispatch_if[0].data[35]
            (output port clocked by CLK)
  Path Group: VX_issue_OUT
  Path Type: max

  Des/Clust/Port     Wire Load Model       Library
  ------------------------------------------------
  VX_issue           5K_hvratio_1_1        NangateOpenCellLibrary_tt1p1v25c

  Point                                                   Incr       Path
  --------------------------------------------------------------------------
  clock CLK (rise edge)                                   0.00       0.00
  clock network delay (ideal)                             0.00       0.00
  g_slices[0].issue_slice/dispatch/g_buffers[0].buffer/g_eb2.stream_buffer/g_buffer.data_out_r_reg[35]/CK (DFF_X1)
                                                          0.00 #     0.00 r
  g_slices[0].issue_slice/dispatch/g_buffers[0].buffer/g_eb2.stream_buffer/g_buffer.data_out_r_reg[35]/Q (DFF_X1)
                                                          0.11       0.11 r
  dispatch_if[0].data[35] (out)                           0.01       0.11 r
  data arrival time                                                  0.11

  clock CLK (rise edge)                                   4.00       4.00
  clock network delay (ideal)                             0.00       4.00
  clock uncertainty                                      -0.25       3.75
  output external delay                                  -1.20       2.55
  data required time                                                 2.55
  --------------------------------------------------------------------------
  data required time                                                 2.55
  data arrival time                                                 -0.11
  --------------------------------------------------------------------------
  slack (MET)                                                        2.44


  Startpoint: g_slices[0].issue_slice/dispatch/g_buffers[0].buffer/g_eb2.stream_buffer/g_buffer.data_out_r_reg[34]
              (rising edge-triggered flip-flop clocked by CLK)
  Endpoint: dispatch_if[0].data[34]
            (output port clocked by CLK)
  Path Group: VX_issue_OUT
  Path Type: max

  Des/Clust/Port     Wire Load Model       Library
  ------------------------------------------------
  VX_issue           5K_hvratio_1_1        NangateOpenCellLibrary_tt1p1v25c

  Point                                                   Incr       Path
  --------------------------------------------------------------------------
  clock CLK (rise edge)                                   0.00       0.00
  clock network delay (ideal)                             0.00       0.00
  g_slices[0].issue_slice/dispatch/g_buffers[0].buffer/g_eb2.stream_buffer/g_buffer.data_out_r_reg[34]/CK (DFF_X1)
                                                          0.00 #     0.00 r
  g_slices[0].issue_slice/dispatch/g_buffers[0].buffer/g_eb2.stream_buffer/g_buffer.data_out_r_reg[34]/Q (DFF_X1)
                                                          0.11       0.11 r
  dispatch_if[0].data[34] (out)                           0.01       0.11 r
  data arrival time                                                  0.11

  clock CLK (rise edge)                                   4.00       4.00
  clock network delay (ideal)                             0.00       4.00
  clock uncertainty                                      -0.25       3.75
  output external delay                                  -1.20       2.55
  data required time                                                 2.55
  --------------------------------------------------------------------------
  data required time                                                 2.55
  data arrival time                                                 -0.11
  --------------------------------------------------------------------------
  slack (MET)                                                        2.44


  Startpoint: g_slices[0].issue_slice/dispatch/g_buffers[0].buffer/g_eb2.stream_buffer/g_buffer.data_out_r_reg[33]
              (rising edge-triggered flip-flop clocked by CLK)
  Endpoint: dispatch_if[0].data[33]
            (output port clocked by CLK)
  Path Group: VX_issue_OUT
  Path Type: max

  Des/Clust/Port     Wire Load Model       Library
  ------------------------------------------------
  VX_issue           5K_hvratio_1_1        NangateOpenCellLibrary_tt1p1v25c

  Point                                                   Incr       Path
  --------------------------------------------------------------------------
  clock CLK (rise edge)                                   0.00       0.00
  clock network delay (ideal)                             0.00       0.00
  g_slices[0].issue_slice/dispatch/g_buffers[0].buffer/g_eb2.stream_buffer/g_buffer.data_out_r_reg[33]/CK (DFF_X1)
                                                          0.00 #     0.00 r
  g_slices[0].issue_slice/dispatch/g_buffers[0].buffer/g_eb2.stream_buffer/g_buffer.data_out_r_reg[33]/Q (DFF_X1)
                                                          0.11       0.11 r
  dispatch_if[0].data[33] (out)                           0.01       0.11 r
  data arrival time                                                  0.11

  clock CLK (rise edge)                                   4.00       4.00
  clock network delay (ideal)                             0.00       4.00
  clock uncertainty                                      -0.25       3.75
  output external delay                                  -1.20       2.55
  data required time                                                 2.55
  --------------------------------------------------------------------------
  data required time                                                 2.55
  data arrival time                                                 -0.11
  --------------------------------------------------------------------------
  slack (MET)                                                        2.44


  Startpoint: g_slices[0].issue_slice/dispatch/g_buffers[0].buffer/g_eb2.stream_buffer/g_buffer.data_out_r_reg[32]
              (rising edge-triggered flip-flop clocked by CLK)
  Endpoint: dispatch_if[0].data[32]
            (output port clocked by CLK)
  Path Group: VX_issue_OUT
  Path Type: max

  Des/Clust/Port     Wire Load Model       Library
  ------------------------------------------------
  VX_issue           5K_hvratio_1_1        NangateOpenCellLibrary_tt1p1v25c

  Point                                                   Incr       Path
  --------------------------------------------------------------------------
  clock CLK (rise edge)                                   0.00       0.00
  clock network delay (ideal)                             0.00       0.00
  g_slices[0].issue_slice/dispatch/g_buffers[0].buffer/g_eb2.stream_buffer/g_buffer.data_out_r_reg[32]/CK (DFF_X1)
                                                          0.00 #     0.00 r
  g_slices[0].issue_slice/dispatch/g_buffers[0].buffer/g_eb2.stream_buffer/g_buffer.data_out_r_reg[32]/Q (DFF_X1)
                                                          0.11       0.11 r
  dispatch_if[0].data[32] (out)                           0.01       0.11 r
  data arrival time                                                  0.11

  clock CLK (rise edge)                                   4.00       4.00
  clock network delay (ideal)                             0.00       4.00
  clock uncertainty                                      -0.25       3.75
  output external delay                                  -1.20       2.55
  data required time                                                 2.55
  --------------------------------------------------------------------------
  data required time                                                 2.55
  data arrival time                                                 -0.11
  --------------------------------------------------------------------------
  slack (MET)                                                        2.44


  Startpoint: g_slices[0].issue_slice/dispatch/g_buffers[0].buffer/g_eb2.stream_buffer/g_buffer.data_out_r_reg[31]
              (rising edge-triggered flip-flop clocked by CLK)
  Endpoint: dispatch_if[0].data[31]
            (output port clocked by CLK)
  Path Group: VX_issue_OUT
  Path Type: max

  Des/Clust/Port     Wire Load Model       Library
  ------------------------------------------------
  VX_issue           5K_hvratio_1_1        NangateOpenCellLibrary_tt1p1v25c

  Point                                                   Incr       Path
  --------------------------------------------------------------------------
  clock CLK (rise edge)                                   0.00       0.00
  clock network delay (ideal)                             0.00       0.00
  g_slices[0].issue_slice/dispatch/g_buffers[0].buffer/g_eb2.stream_buffer/g_buffer.data_out_r_reg[31]/CK (DFF_X1)
                                                          0.00 #     0.00 r
  g_slices[0].issue_slice/dispatch/g_buffers[0].buffer/g_eb2.stream_buffer/g_buffer.data_out_r_reg[31]/Q (DFF_X1)
                                                          0.11       0.11 r
  dispatch_if[0].data[31] (out)                           0.01       0.11 r
  data arrival time                                                  0.11

  clock CLK (rise edge)                                   4.00       4.00
  clock network delay (ideal)                             0.00       4.00
  clock uncertainty                                      -0.25       3.75
  output external delay                                  -1.20       2.55
  data required time                                                 2.55
  --------------------------------------------------------------------------
  data required time                                                 2.55
  data arrival time                                                 -0.11
  --------------------------------------------------------------------------
  slack (MET)                                                        2.44


  Startpoint: g_slices[0].issue_slice/dispatch/g_buffers[0].buffer/g_eb2.stream_buffer/g_buffer.data_out_r_reg[30]
              (rising edge-triggered flip-flop clocked by CLK)
  Endpoint: dispatch_if[0].data[30]
            (output port clocked by CLK)
  Path Group: VX_issue_OUT
  Path Type: max

  Des/Clust/Port     Wire Load Model       Library
  ------------------------------------------------
  VX_issue           5K_hvratio_1_1        NangateOpenCellLibrary_tt1p1v25c

  Point                                                   Incr       Path
  --------------------------------------------------------------------------
  clock CLK (rise edge)                                   0.00       0.00
  clock network delay (ideal)                             0.00       0.00
  g_slices[0].issue_slice/dispatch/g_buffers[0].buffer/g_eb2.stream_buffer/g_buffer.data_out_r_reg[30]/CK (DFF_X1)
                                                          0.00 #     0.00 r
  g_slices[0].issue_slice/dispatch/g_buffers[0].buffer/g_eb2.stream_buffer/g_buffer.data_out_r_reg[30]/Q (DFF_X1)
                                                          0.11       0.11 r
  dispatch_if[0].data[30] (out)                           0.01       0.11 r
  data arrival time                                                  0.11

  clock CLK (rise edge)                                   4.00       4.00
  clock network delay (ideal)                             0.00       4.00
  clock uncertainty                                      -0.25       3.75
  output external delay                                  -1.20       2.55
  data required time                                                 2.55
  --------------------------------------------------------------------------
  data required time                                                 2.55
  data arrival time                                                 -0.11
  --------------------------------------------------------------------------
  slack (MET)                                                        2.44


  Startpoint: g_slices[0].issue_slice/dispatch/g_buffers[0].buffer/g_eb2.stream_buffer/g_buffer.data_out_r_reg[29]
              (rising edge-triggered flip-flop clocked by CLK)
  Endpoint: dispatch_if[0].data[29]
            (output port clocked by CLK)
  Path Group: VX_issue_OUT
  Path Type: max

  Des/Clust/Port     Wire Load Model       Library
  ------------------------------------------------
  VX_issue           5K_hvratio_1_1        NangateOpenCellLibrary_tt1p1v25c

  Point                                                   Incr       Path
  --------------------------------------------------------------------------
  clock CLK (rise edge)                                   0.00       0.00
  clock network delay (ideal)                             0.00       0.00
  g_slices[0].issue_slice/dispatch/g_buffers[0].buffer/g_eb2.stream_buffer/g_buffer.data_out_r_reg[29]/CK (DFF_X1)
                                                          0.00 #     0.00 r
  g_slices[0].issue_slice/dispatch/g_buffers[0].buffer/g_eb2.stream_buffer/g_buffer.data_out_r_reg[29]/Q (DFF_X1)
                                                          0.11       0.11 r
  dispatch_if[0].data[29] (out)                           0.01       0.11 r
  data arrival time                                                  0.11

  clock CLK (rise edge)                                   4.00       4.00
  clock network delay (ideal)                             0.00       4.00
  clock uncertainty                                      -0.25       3.75
  output external delay                                  -1.20       2.55
  data required time                                                 2.55
  --------------------------------------------------------------------------
  data required time                                                 2.55
  data arrival time                                                 -0.11
  --------------------------------------------------------------------------
  slack (MET)                                                        2.44


  Startpoint: g_slices[0].issue_slice/dispatch/g_buffers[0].buffer/g_eb2.stream_buffer/g_buffer.data_out_r_reg[28]
              (rising edge-triggered flip-flop clocked by CLK)
  Endpoint: dispatch_if[0].data[28]
            (output port clocked by CLK)
  Path Group: VX_issue_OUT
  Path Type: max

  Des/Clust/Port     Wire Load Model       Library
  ------------------------------------------------
  VX_issue           5K_hvratio_1_1        NangateOpenCellLibrary_tt1p1v25c

  Point                                                   Incr       Path
  --------------------------------------------------------------------------
  clock CLK (rise edge)                                   0.00       0.00
  clock network delay (ideal)                             0.00       0.00
  g_slices[0].issue_slice/dispatch/g_buffers[0].buffer/g_eb2.stream_buffer/g_buffer.data_out_r_reg[28]/CK (DFF_X1)
                                                          0.00 #     0.00 r
  g_slices[0].issue_slice/dispatch/g_buffers[0].buffer/g_eb2.stream_buffer/g_buffer.data_out_r_reg[28]/Q (DFF_X1)
                                                          0.11       0.11 r
  dispatch_if[0].data[28] (out)                           0.01       0.11 r
  data arrival time                                                  0.11

  clock CLK (rise edge)                                   4.00       4.00
  clock network delay (ideal)                             0.00       4.00
  clock uncertainty                                      -0.25       3.75
  output external delay                                  -1.20       2.55
  data required time                                                 2.55
  --------------------------------------------------------------------------
  data required time                                                 2.55
  data arrival time                                                 -0.11
  --------------------------------------------------------------------------
  slack (MET)                                                        2.44


  Startpoint: g_slices[0].issue_slice/dispatch/g_buffers[0].buffer/g_eb2.stream_buffer/g_buffer.data_out_r_reg[27]
              (rising edge-triggered flip-flop clocked by CLK)
  Endpoint: dispatch_if[0].data[27]
            (output port clocked by CLK)
  Path Group: VX_issue_OUT
  Path Type: max

  Des/Clust/Port     Wire Load Model       Library
  ------------------------------------------------
  VX_issue           5K_hvratio_1_1        NangateOpenCellLibrary_tt1p1v25c

  Point                                                   Incr       Path
  --------------------------------------------------------------------------
  clock CLK (rise edge)                                   0.00       0.00
  clock network delay (ideal)                             0.00       0.00
  g_slices[0].issue_slice/dispatch/g_buffers[0].buffer/g_eb2.stream_buffer/g_buffer.data_out_r_reg[27]/CK (DFF_X1)
                                                          0.00 #     0.00 r
  g_slices[0].issue_slice/dispatch/g_buffers[0].buffer/g_eb2.stream_buffer/g_buffer.data_out_r_reg[27]/Q (DFF_X1)
                                                          0.11       0.11 r
  dispatch_if[0].data[27] (out)                           0.01       0.11 r
  data arrival time                                                  0.11

  clock CLK (rise edge)                                   4.00       4.00
  clock network delay (ideal)                             0.00       4.00
  clock uncertainty                                      -0.25       3.75
  output external delay                                  -1.20       2.55
  data required time                                                 2.55
  --------------------------------------------------------------------------
  data required time                                                 2.55
  data arrival time                                                 -0.11
  --------------------------------------------------------------------------
  slack (MET)                                                        2.44


  Startpoint: g_slices[0].issue_slice/dispatch/g_buffers[0].buffer/g_eb2.stream_buffer/g_buffer.data_out_r_reg[26]
              (rising edge-triggered flip-flop clocked by CLK)
  Endpoint: dispatch_if[0].data[26]
            (output port clocked by CLK)
  Path Group: VX_issue_OUT
  Path Type: max

  Des/Clust/Port     Wire Load Model       Library
  ------------------------------------------------
  VX_issue           5K_hvratio_1_1        NangateOpenCellLibrary_tt1p1v25c

  Point                                                   Incr       Path
  --------------------------------------------------------------------------
  clock CLK (rise edge)                                   0.00       0.00
  clock network delay (ideal)                             0.00       0.00
  g_slices[0].issue_slice/dispatch/g_buffers[0].buffer/g_eb2.stream_buffer/g_buffer.data_out_r_reg[26]/CK (DFF_X1)
                                                          0.00 #     0.00 r
  g_slices[0].issue_slice/dispatch/g_buffers[0].buffer/g_eb2.stream_buffer/g_buffer.data_out_r_reg[26]/Q (DFF_X1)
                                                          0.11       0.11 r
  dispatch_if[0].data[26] (out)                           0.01       0.11 r
  data arrival time                                                  0.11

  clock CLK (rise edge)                                   4.00       4.00
  clock network delay (ideal)                             0.00       4.00
  clock uncertainty                                      -0.25       3.75
  output external delay                                  -1.20       2.55
  data required time                                                 2.55
  --------------------------------------------------------------------------
  data required time                                                 2.55
  data arrival time                                                 -0.11
  --------------------------------------------------------------------------
  slack (MET)                                                        2.44


  Startpoint: g_slices[0].issue_slice/dispatch/g_buffers[0].buffer/g_eb2.stream_buffer/g_buffer.data_out_r_reg[25]
              (rising edge-triggered flip-flop clocked by CLK)
  Endpoint: dispatch_if[0].data[25]
            (output port clocked by CLK)
  Path Group: VX_issue_OUT
  Path Type: max

  Des/Clust/Port     Wire Load Model       Library
  ------------------------------------------------
  VX_issue           5K_hvratio_1_1        NangateOpenCellLibrary_tt1p1v25c

  Point                                                   Incr       Path
  --------------------------------------------------------------------------
  clock CLK (rise edge)                                   0.00       0.00
  clock network delay (ideal)                             0.00       0.00
  g_slices[0].issue_slice/dispatch/g_buffers[0].buffer/g_eb2.stream_buffer/g_buffer.data_out_r_reg[25]/CK (DFF_X1)
                                                          0.00 #     0.00 r
  g_slices[0].issue_slice/dispatch/g_buffers[0].buffer/g_eb2.stream_buffer/g_buffer.data_out_r_reg[25]/Q (DFF_X1)
                                                          0.11       0.11 r
  dispatch_if[0].data[25] (out)                           0.01       0.11 r
  data arrival time                                                  0.11

  clock CLK (rise edge)                                   4.00       4.00
  clock network delay (ideal)                             0.00       4.00
  clock uncertainty                                      -0.25       3.75
  output external delay                                  -1.20       2.55
  data required time                                                 2.55
  --------------------------------------------------------------------------
  data required time                                                 2.55
  data arrival time                                                 -0.11
  --------------------------------------------------------------------------
  slack (MET)                                                        2.44


  Startpoint: g_slices[0].issue_slice/dispatch/g_buffers[0].buffer/g_eb2.stream_buffer/g_buffer.data_out_r_reg[24]
              (rising edge-triggered flip-flop clocked by CLK)
  Endpoint: dispatch_if[0].data[24]
            (output port clocked by CLK)
  Path Group: VX_issue_OUT
  Path Type: max

  Des/Clust/Port     Wire Load Model       Library
  ------------------------------------------------
  VX_issue           5K_hvratio_1_1        NangateOpenCellLibrary_tt1p1v25c

  Point                                                   Incr       Path
  --------------------------------------------------------------------------
  clock CLK (rise edge)                                   0.00       0.00
  clock network delay (ideal)                             0.00       0.00
  g_slices[0].issue_slice/dispatch/g_buffers[0].buffer/g_eb2.stream_buffer/g_buffer.data_out_r_reg[24]/CK (DFF_X1)
                                                          0.00 #     0.00 r
  g_slices[0].issue_slice/dispatch/g_buffers[0].buffer/g_eb2.stream_buffer/g_buffer.data_out_r_reg[24]/Q (DFF_X1)
                                                          0.11       0.11 r
  dispatch_if[0].data[24] (out)                           0.01       0.11 r
  data arrival time                                                  0.11

  clock CLK (rise edge)                                   4.00       4.00
  clock network delay (ideal)                             0.00       4.00
  clock uncertainty                                      -0.25       3.75
  output external delay                                  -1.20       2.55
  data required time                                                 2.55
  --------------------------------------------------------------------------
  data required time                                                 2.55
  data arrival time                                                 -0.11
  --------------------------------------------------------------------------
  slack (MET)                                                        2.44


  Startpoint: g_slices[0].issue_slice/dispatch/g_buffers[0].buffer/g_eb2.stream_buffer/g_buffer.data_out_r_reg[23]
              (rising edge-triggered flip-flop clocked by CLK)
  Endpoint: dispatch_if[0].data[23]
            (output port clocked by CLK)
  Path Group: VX_issue_OUT
  Path Type: max

  Des/Clust/Port     Wire Load Model       Library
  ------------------------------------------------
  VX_issue           5K_hvratio_1_1        NangateOpenCellLibrary_tt1p1v25c

  Point                                                   Incr       Path
  --------------------------------------------------------------------------
  clock CLK (rise edge)                                   0.00       0.00
  clock network delay (ideal)                             0.00       0.00
  g_slices[0].issue_slice/dispatch/g_buffers[0].buffer/g_eb2.stream_buffer/g_buffer.data_out_r_reg[23]/CK (DFF_X1)
                                                          0.00 #     0.00 r
  g_slices[0].issue_slice/dispatch/g_buffers[0].buffer/g_eb2.stream_buffer/g_buffer.data_out_r_reg[23]/Q (DFF_X1)
                                                          0.11       0.11 r
  dispatch_if[0].data[23] (out)                           0.01       0.11 r
  data arrival time                                                  0.11

  clock CLK (rise edge)                                   4.00       4.00
  clock network delay (ideal)                             0.00       4.00
  clock uncertainty                                      -0.25       3.75
  output external delay                                  -1.20       2.55
  data required time                                                 2.55
  --------------------------------------------------------------------------
  data required time                                                 2.55
  data arrival time                                                 -0.11
  --------------------------------------------------------------------------
  slack (MET)                                                        2.44


  Startpoint: g_slices[0].issue_slice/dispatch/g_buffers[0].buffer/g_eb2.stream_buffer/g_buffer.data_out_r_reg[22]
              (rising edge-triggered flip-flop clocked by CLK)
  Endpoint: dispatch_if[0].data[22]
            (output port clocked by CLK)
  Path Group: VX_issue_OUT
  Path Type: max

  Des/Clust/Port     Wire Load Model       Library
  ------------------------------------------------
  VX_issue           5K_hvratio_1_1        NangateOpenCellLibrary_tt1p1v25c

  Point                                                   Incr       Path
  --------------------------------------------------------------------------
  clock CLK (rise edge)                                   0.00       0.00
  clock network delay (ideal)                             0.00       0.00
  g_slices[0].issue_slice/dispatch/g_buffers[0].buffer/g_eb2.stream_buffer/g_buffer.data_out_r_reg[22]/CK (DFF_X1)
                                                          0.00 #     0.00 r
  g_slices[0].issue_slice/dispatch/g_buffers[0].buffer/g_eb2.stream_buffer/g_buffer.data_out_r_reg[22]/Q (DFF_X1)
                                                          0.11       0.11 r
  dispatch_if[0].data[22] (out)                           0.01       0.11 r
  data arrival time                                                  0.11

  clock CLK (rise edge)                                   4.00       4.00
  clock network delay (ideal)                             0.00       4.00
  clock uncertainty                                      -0.25       3.75
  output external delay                                  -1.20       2.55
  data required time                                                 2.55
  --------------------------------------------------------------------------
  data required time                                                 2.55
  data arrival time                                                 -0.11
  --------------------------------------------------------------------------
  slack (MET)                                                        2.44


  Startpoint: g_slices[0].issue_slice/dispatch/g_buffers[0].buffer/g_eb2.stream_buffer/g_buffer.data_out_r_reg[21]
              (rising edge-triggered flip-flop clocked by CLK)
  Endpoint: dispatch_if[0].data[21]
            (output port clocked by CLK)
  Path Group: VX_issue_OUT
  Path Type: max

  Des/Clust/Port     Wire Load Model       Library
  ------------------------------------------------
  VX_issue           5K_hvratio_1_1        NangateOpenCellLibrary_tt1p1v25c

  Point                                                   Incr       Path
  --------------------------------------------------------------------------
  clock CLK (rise edge)                                   0.00       0.00
  clock network delay (ideal)                             0.00       0.00
  g_slices[0].issue_slice/dispatch/g_buffers[0].buffer/g_eb2.stream_buffer/g_buffer.data_out_r_reg[21]/CK (DFF_X1)
                                                          0.00 #     0.00 r
  g_slices[0].issue_slice/dispatch/g_buffers[0].buffer/g_eb2.stream_buffer/g_buffer.data_out_r_reg[21]/Q (DFF_X1)
                                                          0.11       0.11 r
  dispatch_if[0].data[21] (out)                           0.01       0.11 r
  data arrival time                                                  0.11

  clock CLK (rise edge)                                   4.00       4.00
  clock network delay (ideal)                             0.00       4.00
  clock uncertainty                                      -0.25       3.75
  output external delay                                  -1.20       2.55
  data required time                                                 2.55
  --------------------------------------------------------------------------
  data required time                                                 2.55
  data arrival time                                                 -0.11
  --------------------------------------------------------------------------
  slack (MET)                                                        2.44


  Startpoint: g_slices[0].issue_slice/dispatch/g_buffers[0].buffer/g_eb2.stream_buffer/g_buffer.data_out_r_reg[20]
              (rising edge-triggered flip-flop clocked by CLK)
  Endpoint: dispatch_if[0].data[20]
            (output port clocked by CLK)
  Path Group: VX_issue_OUT
  Path Type: max

  Des/Clust/Port     Wire Load Model       Library
  ------------------------------------------------
  VX_issue           5K_hvratio_1_1        NangateOpenCellLibrary_tt1p1v25c

  Point                                                   Incr       Path
  --------------------------------------------------------------------------
  clock CLK (rise edge)                                   0.00       0.00
  clock network delay (ideal)                             0.00       0.00
  g_slices[0].issue_slice/dispatch/g_buffers[0].buffer/g_eb2.stream_buffer/g_buffer.data_out_r_reg[20]/CK (DFF_X1)
                                                          0.00 #     0.00 r
  g_slices[0].issue_slice/dispatch/g_buffers[0].buffer/g_eb2.stream_buffer/g_buffer.data_out_r_reg[20]/Q (DFF_X1)
                                                          0.11       0.11 r
  dispatch_if[0].data[20] (out)                           0.01       0.11 r
  data arrival time                                                  0.11

  clock CLK (rise edge)                                   4.00       4.00
  clock network delay (ideal)                             0.00       4.00
  clock uncertainty                                      -0.25       3.75
  output external delay                                  -1.20       2.55
  data required time                                                 2.55
  --------------------------------------------------------------------------
  data required time                                                 2.55
  data arrival time                                                 -0.11
  --------------------------------------------------------------------------
  slack (MET)                                                        2.44


  Startpoint: g_slices[0].issue_slice/dispatch/g_buffers[0].buffer/g_eb2.stream_buffer/g_buffer.data_out_r_reg[19]
              (rising edge-triggered flip-flop clocked by CLK)
  Endpoint: dispatch_if[0].data[19]
            (output port clocked by CLK)
  Path Group: VX_issue_OUT
  Path Type: max

  Des/Clust/Port     Wire Load Model       Library
  ------------------------------------------------
  VX_issue           5K_hvratio_1_1        NangateOpenCellLibrary_tt1p1v25c

  Point                                                   Incr       Path
  --------------------------------------------------------------------------
  clock CLK (rise edge)                                   0.00       0.00
  clock network delay (ideal)                             0.00       0.00
  g_slices[0].issue_slice/dispatch/g_buffers[0].buffer/g_eb2.stream_buffer/g_buffer.data_out_r_reg[19]/CK (DFF_X1)
                                                          0.00 #     0.00 r
  g_slices[0].issue_slice/dispatch/g_buffers[0].buffer/g_eb2.stream_buffer/g_buffer.data_out_r_reg[19]/Q (DFF_X1)
                                                          0.11       0.11 r
  dispatch_if[0].data[19] (out)                           0.01       0.11 r
  data arrival time                                                  0.11

  clock CLK (rise edge)                                   4.00       4.00
  clock network delay (ideal)                             0.00       4.00
  clock uncertainty                                      -0.25       3.75
  output external delay                                  -1.20       2.55
  data required time                                                 2.55
  --------------------------------------------------------------------------
  data required time                                                 2.55
  data arrival time                                                 -0.11
  --------------------------------------------------------------------------
  slack (MET)                                                        2.44


  Startpoint: g_slices[0].issue_slice/dispatch/g_buffers[0].buffer/g_eb2.stream_buffer/g_buffer.data_out_r_reg[18]
              (rising edge-triggered flip-flop clocked by CLK)
  Endpoint: dispatch_if[0].data[18]
            (output port clocked by CLK)
  Path Group: VX_issue_OUT
  Path Type: max

  Des/Clust/Port     Wire Load Model       Library
  ------------------------------------------------
  VX_issue           5K_hvratio_1_1        NangateOpenCellLibrary_tt1p1v25c

  Point                                                   Incr       Path
  --------------------------------------------------------------------------
  clock CLK (rise edge)                                   0.00       0.00
  clock network delay (ideal)                             0.00       0.00
  g_slices[0].issue_slice/dispatch/g_buffers[0].buffer/g_eb2.stream_buffer/g_buffer.data_out_r_reg[18]/CK (DFF_X1)
                                                          0.00 #     0.00 r
  g_slices[0].issue_slice/dispatch/g_buffers[0].buffer/g_eb2.stream_buffer/g_buffer.data_out_r_reg[18]/Q (DFF_X1)
                                                          0.11       0.11 r
  dispatch_if[0].data[18] (out)                           0.01       0.11 r
  data arrival time                                                  0.11

  clock CLK (rise edge)                                   4.00       4.00
  clock network delay (ideal)                             0.00       4.00
  clock uncertainty                                      -0.25       3.75
  output external delay                                  -1.20       2.55
  data required time                                                 2.55
  --------------------------------------------------------------------------
  data required time                                                 2.55
  data arrival time                                                 -0.11
  --------------------------------------------------------------------------
  slack (MET)                                                        2.44


  Startpoint: g_slices[0].issue_slice/dispatch/g_buffers[0].buffer/g_eb2.stream_buffer/g_buffer.data_out_r_reg[17]
              (rising edge-triggered flip-flop clocked by CLK)
  Endpoint: dispatch_if[0].data[17]
            (output port clocked by CLK)
  Path Group: VX_issue_OUT
  Path Type: max

  Des/Clust/Port     Wire Load Model       Library
  ------------------------------------------------
  VX_issue           5K_hvratio_1_1        NangateOpenCellLibrary_tt1p1v25c

  Point                                                   Incr       Path
  --------------------------------------------------------------------------
  clock CLK (rise edge)                                   0.00       0.00
  clock network delay (ideal)                             0.00       0.00
  g_slices[0].issue_slice/dispatch/g_buffers[0].buffer/g_eb2.stream_buffer/g_buffer.data_out_r_reg[17]/CK (DFF_X1)
                                                          0.00 #     0.00 r
  g_slices[0].issue_slice/dispatch/g_buffers[0].buffer/g_eb2.stream_buffer/g_buffer.data_out_r_reg[17]/Q (DFF_X1)
                                                          0.11       0.11 r
  dispatch_if[0].data[17] (out)                           0.01       0.11 r
  data arrival time                                                  0.11

  clock CLK (rise edge)                                   4.00       4.00
  clock network delay (ideal)                             0.00       4.00
  clock uncertainty                                      -0.25       3.75
  output external delay                                  -1.20       2.55
  data required time                                                 2.55
  --------------------------------------------------------------------------
  data required time                                                 2.55
  data arrival time                                                 -0.11
  --------------------------------------------------------------------------
  slack (MET)                                                        2.44


  Startpoint: g_slices[0].issue_slice/dispatch/g_buffers[0].buffer/g_eb2.stream_buffer/g_buffer.data_out_r_reg[16]
              (rising edge-triggered flip-flop clocked by CLK)
  Endpoint: dispatch_if[0].data[16]
            (output port clocked by CLK)
  Path Group: VX_issue_OUT
  Path Type: max

  Des/Clust/Port     Wire Load Model       Library
  ------------------------------------------------
  VX_issue           5K_hvratio_1_1        NangateOpenCellLibrary_tt1p1v25c

  Point                                                   Incr       Path
  --------------------------------------------------------------------------
  clock CLK (rise edge)                                   0.00       0.00
  clock network delay (ideal)                             0.00       0.00
  g_slices[0].issue_slice/dispatch/g_buffers[0].buffer/g_eb2.stream_buffer/g_buffer.data_out_r_reg[16]/CK (DFF_X1)
                                                          0.00 #     0.00 r
  g_slices[0].issue_slice/dispatch/g_buffers[0].buffer/g_eb2.stream_buffer/g_buffer.data_out_r_reg[16]/Q (DFF_X1)
                                                          0.11       0.11 r
  dispatch_if[0].data[16] (out)                           0.01       0.11 r
  data arrival time                                                  0.11

  clock CLK (rise edge)                                   4.00       4.00
  clock network delay (ideal)                             0.00       4.00
  clock uncertainty                                      -0.25       3.75
  output external delay                                  -1.20       2.55
  data required time                                                 2.55
  --------------------------------------------------------------------------
  data required time                                                 2.55
  data arrival time                                                 -0.11
  --------------------------------------------------------------------------
  slack (MET)                                                        2.44


  Startpoint: g_slices[0].issue_slice/dispatch/g_buffers[0].buffer/g_eb2.stream_buffer/g_buffer.data_out_r_reg[15]
              (rising edge-triggered flip-flop clocked by CLK)
  Endpoint: dispatch_if[0].data[15]
            (output port clocked by CLK)
  Path Group: VX_issue_OUT
  Path Type: max

  Des/Clust/Port     Wire Load Model       Library
  ------------------------------------------------
  VX_issue           5K_hvratio_1_1        NangateOpenCellLibrary_tt1p1v25c

  Point                                                   Incr       Path
  --------------------------------------------------------------------------
  clock CLK (rise edge)                                   0.00       0.00
  clock network delay (ideal)                             0.00       0.00
  g_slices[0].issue_slice/dispatch/g_buffers[0].buffer/g_eb2.stream_buffer/g_buffer.data_out_r_reg[15]/CK (DFF_X1)
                                                          0.00 #     0.00 r
  g_slices[0].issue_slice/dispatch/g_buffers[0].buffer/g_eb2.stream_buffer/g_buffer.data_out_r_reg[15]/Q (DFF_X1)
                                                          0.11       0.11 r
  dispatch_if[0].data[15] (out)                           0.01       0.11 r
  data arrival time                                                  0.11

  clock CLK (rise edge)                                   4.00       4.00
  clock network delay (ideal)                             0.00       4.00
  clock uncertainty                                      -0.25       3.75
  output external delay                                  -1.20       2.55
  data required time                                                 2.55
  --------------------------------------------------------------------------
  data required time                                                 2.55
  data arrival time                                                 -0.11
  --------------------------------------------------------------------------
  slack (MET)                                                        2.44


  Startpoint: g_slices[0].issue_slice/dispatch/g_buffers[0].buffer/g_eb2.stream_buffer/g_buffer.data_out_r_reg[14]
              (rising edge-triggered flip-flop clocked by CLK)
  Endpoint: dispatch_if[0].data[14]
            (output port clocked by CLK)
  Path Group: VX_issue_OUT
  Path Type: max

  Des/Clust/Port     Wire Load Model       Library
  ------------------------------------------------
  VX_issue           5K_hvratio_1_1        NangateOpenCellLibrary_tt1p1v25c

  Point                                                   Incr       Path
  --------------------------------------------------------------------------
  clock CLK (rise edge)                                   0.00       0.00
  clock network delay (ideal)                             0.00       0.00
  g_slices[0].issue_slice/dispatch/g_buffers[0].buffer/g_eb2.stream_buffer/g_buffer.data_out_r_reg[14]/CK (DFF_X1)
                                                          0.00 #     0.00 r
  g_slices[0].issue_slice/dispatch/g_buffers[0].buffer/g_eb2.stream_buffer/g_buffer.data_out_r_reg[14]/Q (DFF_X1)
                                                          0.11       0.11 r
  dispatch_if[0].data[14] (out)                           0.01       0.11 r
  data arrival time                                                  0.11

  clock CLK (rise edge)                                   4.00       4.00
  clock network delay (ideal)                             0.00       4.00
  clock uncertainty                                      -0.25       3.75
  output external delay                                  -1.20       2.55
  data required time                                                 2.55
  --------------------------------------------------------------------------
  data required time                                                 2.55
  data arrival time                                                 -0.11
  --------------------------------------------------------------------------
  slack (MET)                                                        2.44


  Startpoint: g_slices[0].issue_slice/dispatch/g_buffers[0].buffer/g_eb2.stream_buffer/g_buffer.data_out_r_reg[13]
              (rising edge-triggered flip-flop clocked by CLK)
  Endpoint: dispatch_if[0].data[13]
            (output port clocked by CLK)
  Path Group: VX_issue_OUT
  Path Type: max

  Des/Clust/Port     Wire Load Model       Library
  ------------------------------------------------
  VX_issue           5K_hvratio_1_1        NangateOpenCellLibrary_tt1p1v25c

  Point                                                   Incr       Path
  --------------------------------------------------------------------------
  clock CLK (rise edge)                                   0.00       0.00
  clock network delay (ideal)                             0.00       0.00
  g_slices[0].issue_slice/dispatch/g_buffers[0].buffer/g_eb2.stream_buffer/g_buffer.data_out_r_reg[13]/CK (DFF_X1)
                                                          0.00 #     0.00 r
  g_slices[0].issue_slice/dispatch/g_buffers[0].buffer/g_eb2.stream_buffer/g_buffer.data_out_r_reg[13]/Q (DFF_X1)
                                                          0.11       0.11 r
  dispatch_if[0].data[13] (out)                           0.01       0.11 r
  data arrival time                                                  0.11

  clock CLK (rise edge)                                   4.00       4.00
  clock network delay (ideal)                             0.00       4.00
  clock uncertainty                                      -0.25       3.75
  output external delay                                  -1.20       2.55
  data required time                                                 2.55
  --------------------------------------------------------------------------
  data required time                                                 2.55
  data arrival time                                                 -0.11
  --------------------------------------------------------------------------
  slack (MET)                                                        2.44


  Startpoint: g_slices[0].issue_slice/dispatch/g_buffers[0].buffer/g_eb2.stream_buffer/g_buffer.data_out_r_reg[12]
              (rising edge-triggered flip-flop clocked by CLK)
  Endpoint: dispatch_if[0].data[12]
            (output port clocked by CLK)
  Path Group: VX_issue_OUT
  Path Type: max

  Des/Clust/Port     Wire Load Model       Library
  ------------------------------------------------
  VX_issue           5K_hvratio_1_1        NangateOpenCellLibrary_tt1p1v25c

  Point                                                   Incr       Path
  --------------------------------------------------------------------------
  clock CLK (rise edge)                                   0.00       0.00
  clock network delay (ideal)                             0.00       0.00
  g_slices[0].issue_slice/dispatch/g_buffers[0].buffer/g_eb2.stream_buffer/g_buffer.data_out_r_reg[12]/CK (DFF_X1)
                                                          0.00 #     0.00 r
  g_slices[0].issue_slice/dispatch/g_buffers[0].buffer/g_eb2.stream_buffer/g_buffer.data_out_r_reg[12]/Q (DFF_X1)
                                                          0.11       0.11 r
  dispatch_if[0].data[12] (out)                           0.01       0.11 r
  data arrival time                                                  0.11

  clock CLK (rise edge)                                   4.00       4.00
  clock network delay (ideal)                             0.00       4.00
  clock uncertainty                                      -0.25       3.75
  output external delay                                  -1.20       2.55
  data required time                                                 2.55
  --------------------------------------------------------------------------
  data required time                                                 2.55
  data arrival time                                                 -0.11
  --------------------------------------------------------------------------
  slack (MET)                                                        2.44


  Startpoint: g_slices[0].issue_slice/dispatch/g_buffers[0].buffer/g_eb2.stream_buffer/g_buffer.data_out_r_reg[11]
              (rising edge-triggered flip-flop clocked by CLK)
  Endpoint: dispatch_if[0].data[11]
            (output port clocked by CLK)
  Path Group: VX_issue_OUT
  Path Type: max

  Des/Clust/Port     Wire Load Model       Library
  ------------------------------------------------
  VX_issue           5K_hvratio_1_1        NangateOpenCellLibrary_tt1p1v25c

  Point                                                   Incr       Path
  --------------------------------------------------------------------------
  clock CLK (rise edge)                                   0.00       0.00
  clock network delay (ideal)                             0.00       0.00
  g_slices[0].issue_slice/dispatch/g_buffers[0].buffer/g_eb2.stream_buffer/g_buffer.data_out_r_reg[11]/CK (DFF_X1)
                                                          0.00 #     0.00 r
  g_slices[0].issue_slice/dispatch/g_buffers[0].buffer/g_eb2.stream_buffer/g_buffer.data_out_r_reg[11]/Q (DFF_X1)
                                                          0.11       0.11 r
  dispatch_if[0].data[11] (out)                           0.01       0.11 r
  data arrival time                                                  0.11

  clock CLK (rise edge)                                   4.00       4.00
  clock network delay (ideal)                             0.00       4.00
  clock uncertainty                                      -0.25       3.75
  output external delay                                  -1.20       2.55
  data required time                                                 2.55
  --------------------------------------------------------------------------
  data required time                                                 2.55
  data arrival time                                                 -0.11
  --------------------------------------------------------------------------
  slack (MET)                                                        2.44


  Startpoint: g_slices[0].issue_slice/dispatch/g_buffers[0].buffer/g_eb2.stream_buffer/g_buffer.data_out_r_reg[10]
              (rising edge-triggered flip-flop clocked by CLK)
  Endpoint: dispatch_if[0].data[10]
            (output port clocked by CLK)
  Path Group: VX_issue_OUT
  Path Type: max

  Des/Clust/Port     Wire Load Model       Library
  ------------------------------------------------
  VX_issue           5K_hvratio_1_1        NangateOpenCellLibrary_tt1p1v25c

  Point                                                   Incr       Path
  --------------------------------------------------------------------------
  clock CLK (rise edge)                                   0.00       0.00
  clock network delay (ideal)                             0.00       0.00
  g_slices[0].issue_slice/dispatch/g_buffers[0].buffer/g_eb2.stream_buffer/g_buffer.data_out_r_reg[10]/CK (DFF_X1)
                                                          0.00 #     0.00 r
  g_slices[0].issue_slice/dispatch/g_buffers[0].buffer/g_eb2.stream_buffer/g_buffer.data_out_r_reg[10]/Q (DFF_X1)
                                                          0.11       0.11 r
  dispatch_if[0].data[10] (out)                           0.01       0.11 r
  data arrival time                                                  0.11

  clock CLK (rise edge)                                   4.00       4.00
  clock network delay (ideal)                             0.00       4.00
  clock uncertainty                                      -0.25       3.75
  output external delay                                  -1.20       2.55
  data required time                                                 2.55
  --------------------------------------------------------------------------
  data required time                                                 2.55
  data arrival time                                                 -0.11
  --------------------------------------------------------------------------
  slack (MET)                                                        2.44


  Startpoint: g_slices[0].issue_slice/dispatch/g_buffers[0].buffer/g_eb2.stream_buffer/g_buffer.data_out_r_reg[9]
              (rising edge-triggered flip-flop clocked by CLK)
  Endpoint: dispatch_if[0].data[9]
            (output port clocked by CLK)
  Path Group: VX_issue_OUT
  Path Type: max

  Des/Clust/Port     Wire Load Model       Library
  ------------------------------------------------
  VX_issue           5K_hvratio_1_1        NangateOpenCellLibrary_tt1p1v25c

  Point                                                   Incr       Path
  --------------------------------------------------------------------------
  clock CLK (rise edge)                                   0.00       0.00
  clock network delay (ideal)                             0.00       0.00
  g_slices[0].issue_slice/dispatch/g_buffers[0].buffer/g_eb2.stream_buffer/g_buffer.data_out_r_reg[9]/CK (DFF_X1)
                                                          0.00 #     0.00 r
  g_slices[0].issue_slice/dispatch/g_buffers[0].buffer/g_eb2.stream_buffer/g_buffer.data_out_r_reg[9]/Q (DFF_X1)
                                                          0.11       0.11 r
  dispatch_if[0].data[9] (out)                            0.01       0.11 r
  data arrival time                                                  0.11

  clock CLK (rise edge)                                   4.00       4.00
  clock network delay (ideal)                             0.00       4.00
  clock uncertainty                                      -0.25       3.75
  output external delay                                  -1.20       2.55
  data required time                                                 2.55
  --------------------------------------------------------------------------
  data required time                                                 2.55
  data arrival time                                                 -0.11
  --------------------------------------------------------------------------
  slack (MET)                                                        2.44


  Startpoint: g_slices[0].issue_slice/dispatch/g_buffers[0].buffer/g_eb2.stream_buffer/g_buffer.data_out_r_reg[8]
              (rising edge-triggered flip-flop clocked by CLK)
  Endpoint: dispatch_if[0].data[8]
            (output port clocked by CLK)
  Path Group: VX_issue_OUT
  Path Type: max

  Des/Clust/Port     Wire Load Model       Library
  ------------------------------------------------
  VX_issue           5K_hvratio_1_1        NangateOpenCellLibrary_tt1p1v25c

  Point                                                   Incr       Path
  --------------------------------------------------------------------------
  clock CLK (rise edge)                                   0.00       0.00
  clock network delay (ideal)                             0.00       0.00
  g_slices[0].issue_slice/dispatch/g_buffers[0].buffer/g_eb2.stream_buffer/g_buffer.data_out_r_reg[8]/CK (DFF_X1)
                                                          0.00 #     0.00 r
  g_slices[0].issue_slice/dispatch/g_buffers[0].buffer/g_eb2.stream_buffer/g_buffer.data_out_r_reg[8]/Q (DFF_X1)
                                                          0.11       0.11 r
  dispatch_if[0].data[8] (out)                            0.01       0.11 r
  data arrival time                                                  0.11

  clock CLK (rise edge)                                   4.00       4.00
  clock network delay (ideal)                             0.00       4.00
  clock uncertainty                                      -0.25       3.75
  output external delay                                  -1.20       2.55
  data required time                                                 2.55
  --------------------------------------------------------------------------
  data required time                                                 2.55
  data arrival time                                                 -0.11
  --------------------------------------------------------------------------
  slack (MET)                                                        2.44


  Startpoint: g_slices[0].issue_slice/dispatch/g_buffers[0].buffer/g_eb2.stream_buffer/g_buffer.data_out_r_reg[7]
              (rising edge-triggered flip-flop clocked by CLK)
  Endpoint: dispatch_if[0].data[7]
            (output port clocked by CLK)
  Path Group: VX_issue_OUT
  Path Type: max

  Des/Clust/Port     Wire Load Model       Library
  ------------------------------------------------
  VX_issue           5K_hvratio_1_1        NangateOpenCellLibrary_tt1p1v25c

  Point                                                   Incr       Path
  --------------------------------------------------------------------------
  clock CLK (rise edge)                                   0.00       0.00
  clock network delay (ideal)                             0.00       0.00
  g_slices[0].issue_slice/dispatch/g_buffers[0].buffer/g_eb2.stream_buffer/g_buffer.data_out_r_reg[7]/CK (DFF_X1)
                                                          0.00 #     0.00 r
  g_slices[0].issue_slice/dispatch/g_buffers[0].buffer/g_eb2.stream_buffer/g_buffer.data_out_r_reg[7]/Q (DFF_X1)
                                                          0.11       0.11 r
  dispatch_if[0].data[7] (out)                            0.01       0.11 r
  data arrival time                                                  0.11

  clock CLK (rise edge)                                   4.00       4.00
  clock network delay (ideal)                             0.00       4.00
  clock uncertainty                                      -0.25       3.75
  output external delay                                  -1.20       2.55
  data required time                                                 2.55
  --------------------------------------------------------------------------
  data required time                                                 2.55
  data arrival time                                                 -0.11
  --------------------------------------------------------------------------
  slack (MET)                                                        2.44


  Startpoint: g_slices[0].issue_slice/dispatch/g_buffers[0].buffer/g_eb2.stream_buffer/g_buffer.data_out_r_reg[6]
              (rising edge-triggered flip-flop clocked by CLK)
  Endpoint: dispatch_if[0].data[6]
            (output port clocked by CLK)
  Path Group: VX_issue_OUT
  Path Type: max

  Des/Clust/Port     Wire Load Model       Library
  ------------------------------------------------
  VX_issue           5K_hvratio_1_1        NangateOpenCellLibrary_tt1p1v25c

  Point                                                   Incr       Path
  --------------------------------------------------------------------------
  clock CLK (rise edge)                                   0.00       0.00
  clock network delay (ideal)                             0.00       0.00
  g_slices[0].issue_slice/dispatch/g_buffers[0].buffer/g_eb2.stream_buffer/g_buffer.data_out_r_reg[6]/CK (DFF_X1)
                                                          0.00 #     0.00 r
  g_slices[0].issue_slice/dispatch/g_buffers[0].buffer/g_eb2.stream_buffer/g_buffer.data_out_r_reg[6]/Q (DFF_X1)
                                                          0.11       0.11 r
  dispatch_if[0].data[6] (out)                            0.01       0.11 r
  data arrival time                                                  0.11

  clock CLK (rise edge)                                   4.00       4.00
  clock network delay (ideal)                             0.00       4.00
  clock uncertainty                                      -0.25       3.75
  output external delay                                  -1.20       2.55
  data required time                                                 2.55
  --------------------------------------------------------------------------
  data required time                                                 2.55
  data arrival time                                                 -0.11
  --------------------------------------------------------------------------
  slack (MET)                                                        2.44


  Startpoint: g_slices[0].issue_slice/dispatch/g_buffers[0].buffer/g_eb2.stream_buffer/g_buffer.data_out_r_reg[5]
              (rising edge-triggered flip-flop clocked by CLK)
  Endpoint: dispatch_if[0].data[5]
            (output port clocked by CLK)
  Path Group: VX_issue_OUT
  Path Type: max

  Des/Clust/Port     Wire Load Model       Library
  ------------------------------------------------
  VX_issue           5K_hvratio_1_1        NangateOpenCellLibrary_tt1p1v25c

  Point                                                   Incr       Path
  --------------------------------------------------------------------------
  clock CLK (rise edge)                                   0.00       0.00
  clock network delay (ideal)                             0.00       0.00
  g_slices[0].issue_slice/dispatch/g_buffers[0].buffer/g_eb2.stream_buffer/g_buffer.data_out_r_reg[5]/CK (DFF_X1)
                                                          0.00 #     0.00 r
  g_slices[0].issue_slice/dispatch/g_buffers[0].buffer/g_eb2.stream_buffer/g_buffer.data_out_r_reg[5]/Q (DFF_X1)
                                                          0.11       0.11 r
  dispatch_if[0].data[5] (out)                            0.01       0.11 r
  data arrival time                                                  0.11

  clock CLK (rise edge)                                   4.00       4.00
  clock network delay (ideal)                             0.00       4.00
  clock uncertainty                                      -0.25       3.75
  output external delay                                  -1.20       2.55
  data required time                                                 2.55
  --------------------------------------------------------------------------
  data required time                                                 2.55
  data arrival time                                                 -0.11
  --------------------------------------------------------------------------
  slack (MET)                                                        2.44


  Startpoint: g_slices[0].issue_slice/dispatch/g_buffers[0].buffer/g_eb2.stream_buffer/g_buffer.data_out_r_reg[4]
              (rising edge-triggered flip-flop clocked by CLK)
  Endpoint: dispatch_if[0].data[4]
            (output port clocked by CLK)
  Path Group: VX_issue_OUT
  Path Type: max

  Des/Clust/Port     Wire Load Model       Library
  ------------------------------------------------
  VX_issue           5K_hvratio_1_1        NangateOpenCellLibrary_tt1p1v25c

  Point                                                   Incr       Path
  --------------------------------------------------------------------------
  clock CLK (rise edge)                                   0.00       0.00
  clock network delay (ideal)                             0.00       0.00
  g_slices[0].issue_slice/dispatch/g_buffers[0].buffer/g_eb2.stream_buffer/g_buffer.data_out_r_reg[4]/CK (DFF_X1)
                                                          0.00 #     0.00 r
  g_slices[0].issue_slice/dispatch/g_buffers[0].buffer/g_eb2.stream_buffer/g_buffer.data_out_r_reg[4]/Q (DFF_X1)
                                                          0.11       0.11 r
  dispatch_if[0].data[4] (out)                            0.01       0.11 r
  data arrival time                                                  0.11

  clock CLK (rise edge)                                   4.00       4.00
  clock network delay (ideal)                             0.00       4.00
  clock uncertainty                                      -0.25       3.75
  output external delay                                  -1.20       2.55
  data required time                                                 2.55
  --------------------------------------------------------------------------
  data required time                                                 2.55
  data arrival time                                                 -0.11
  --------------------------------------------------------------------------
  slack (MET)                                                        2.44


  Startpoint: g_slices[0].issue_slice/dispatch/g_buffers[0].buffer/g_eb2.stream_buffer/g_buffer.data_out_r_reg[3]
              (rising edge-triggered flip-flop clocked by CLK)
  Endpoint: dispatch_if[0].data[3]
            (output port clocked by CLK)
  Path Group: VX_issue_OUT
  Path Type: max

  Des/Clust/Port     Wire Load Model       Library
  ------------------------------------------------
  VX_issue           5K_hvratio_1_1        NangateOpenCellLibrary_tt1p1v25c

  Point                                                   Incr       Path
  --------------------------------------------------------------------------
  clock CLK (rise edge)                                   0.00       0.00
  clock network delay (ideal)                             0.00       0.00
  g_slices[0].issue_slice/dispatch/g_buffers[0].buffer/g_eb2.stream_buffer/g_buffer.data_out_r_reg[3]/CK (DFF_X1)
                                                          0.00 #     0.00 r
  g_slices[0].issue_slice/dispatch/g_buffers[0].buffer/g_eb2.stream_buffer/g_buffer.data_out_r_reg[3]/Q (DFF_X1)
                                                          0.11       0.11 r
  dispatch_if[0].data[3] (out)                            0.01       0.11 r
  data arrival time                                                  0.11

  clock CLK (rise edge)                                   4.00       4.00
  clock network delay (ideal)                             0.00       4.00
  clock uncertainty                                      -0.25       3.75
  output external delay                                  -1.20       2.55
  data required time                                                 2.55
  --------------------------------------------------------------------------
  data required time                                                 2.55
  data arrival time                                                 -0.11
  --------------------------------------------------------------------------
  slack (MET)                                                        2.44


  Startpoint: g_slices[0].issue_slice/dispatch/g_buffers[0].buffer/g_eb2.stream_buffer/g_buffer.data_out_r_reg[2]
              (rising edge-triggered flip-flop clocked by CLK)
  Endpoint: dispatch_if[0].data[2]
            (output port clocked by CLK)
  Path Group: VX_issue_OUT
  Path Type: max

  Des/Clust/Port     Wire Load Model       Library
  ------------------------------------------------
  VX_issue           5K_hvratio_1_1        NangateOpenCellLibrary_tt1p1v25c

  Point                                                   Incr       Path
  --------------------------------------------------------------------------
  clock CLK (rise edge)                                   0.00       0.00
  clock network delay (ideal)                             0.00       0.00
  g_slices[0].issue_slice/dispatch/g_buffers[0].buffer/g_eb2.stream_buffer/g_buffer.data_out_r_reg[2]/CK (DFF_X1)
                                                          0.00 #     0.00 r
  g_slices[0].issue_slice/dispatch/g_buffers[0].buffer/g_eb2.stream_buffer/g_buffer.data_out_r_reg[2]/Q (DFF_X1)
                                                          0.11       0.11 r
  dispatch_if[0].data[2] (out)                            0.01       0.11 r
  data arrival time                                                  0.11

  clock CLK (rise edge)                                   4.00       4.00
  clock network delay (ideal)                             0.00       4.00
  clock uncertainty                                      -0.25       3.75
  output external delay                                  -1.20       2.55
  data required time                                                 2.55
  --------------------------------------------------------------------------
  data required time                                                 2.55
  data arrival time                                                 -0.11
  --------------------------------------------------------------------------
  slack (MET)                                                        2.44


  Startpoint: decode_if.data[wid][1]
              (input port clocked by CLK)
  Endpoint: decode_if.ready
            (output port clocked by CLK)
  Path Group: VX_issue_in_out
  Path Type: max

  Des/Clust/Port     Wire Load Model       Library
  ------------------------------------------------
  VX_issue           5K_hvratio_1_1        NangateOpenCellLibrary_tt1p1v25c

  Point                                    Incr       Path
  -----------------------------------------------------------
  clock CLK (rise edge)                    0.00       0.00
  clock network delay (ideal)              0.00       0.00
  input external delay                     1.20       1.20 f
  decode_if.data[wid][1] (in)              0.01       1.21 f
  U98132/ZN (INV_X1)                       0.04       1.25 r
  U98146/ZN (NOR3_X1)                      0.03       1.28 f
  U176821/ZN (OR4_X1)                      0.12       1.40 f
  decode_if.ready (out)                    0.01       1.41 f
  data arrival time                                   1.41

  clock CLK (rise edge)                    4.00       4.00
  clock network delay (ideal)              0.00       4.00
  clock uncertainty                       -0.25       3.75
  output external delay                   -1.20       2.55
  data required time                                  2.55
  -----------------------------------------------------------
  data required time                                  2.55
  data arrival time                                  -1.41
  -----------------------------------------------------------
  slack (MET)                                         1.14


1
