 
****************************************
Report : timing
        -path full
        -delay min
        -max_paths 100
Design : VX_commit
Version: K-2015.06
Date   : Wed Jun  3 01:09:58 2026
****************************************

Operating Conditions: low_temp   Library: NangateOpenCellLibrary_ff1p25vn40c
Wire Load Model Mode: top

  Startpoint: commit_size_reg1/g_shift_register/g_shift.pipe_reg[0][3]
              (rising edge-triggered flip-flop clocked by CLK)
  Endpoint: commit_size_reg2/g_shift_register/g_shift.pipe_reg[0][3]
            (rising edge-triggered flip-flop clocked by CLK)
  Path Group: CLK
  Path Type: min

  Des/Clust/Port     Wire Load Model       Library
  ------------------------------------------------
  VX_commit          5K_hvratio_1_1        NangateOpenCellLibrary_ss0p95v125c

  Point                                                   Incr       Path
  --------------------------------------------------------------------------
  clock CLK (rise edge)                                   0.00       0.00
  clock network delay (ideal)                             0.00       0.00
  commit_size_reg1/g_shift_register/g_shift.pipe_reg[0][3]/CK (DFF_X1)
                                                          0.00       0.00 r
  commit_size_reg1/g_shift_register/g_shift.pipe_reg[0][3]/QN (DFF_X1)
                                                          0.24       0.24 r
  U117/ZN (NOR2_X1)                                       0.04       0.27 f
  commit_size_reg2/g_shift_register/g_shift.pipe_reg[0][3]/D (DFF_X1)
                                                          0.01       0.28 f
  data arrival time                                                  0.28

  clock CLK (rise edge)                                   0.00       0.00
  clock network delay (ideal)                             0.00       0.00
  clock uncertainty                                       0.05       0.05
  commit_size_reg2/g_shift_register/g_shift.pipe_reg[0][3]/CK (DFF_X1)
                                                          0.00       0.05 r
  library hold time                                       0.04       0.09
  data required time                                                 0.09
  --------------------------------------------------------------------------
  data required time                                                 0.09
  data arrival time                                                 -0.28
  --------------------------------------------------------------------------
  slack (MET)                                                        0.19


  Startpoint: g_commit_arbs[0].commit_arb/g_input_select.g_arbiter.g_out_buf[0].out_buf/g_eb1.pipe_buffer/g_register.g_pipe_regs[0].pipe_register/g_shift_register/g_shift.pipe_reg[0][177]
              (rising edge-triggered flip-flop clocked by CLK)
  Endpoint: commit_size_reg1/g_shift_register/g_shift.pipe_reg[0][3]
            (rising edge-triggered flip-flop clocked by CLK)
  Path Group: CLK
  Path Type: min

  Des/Clust/Port     Wire Load Model       Library
  ------------------------------------------------
  VX_commit          5K_hvratio_1_1        NangateOpenCellLibrary_ss0p95v125c

  Point                                                   Incr       Path
  --------------------------------------------------------------------------
  clock CLK (rise edge)                                   0.00       0.00
  clock network delay (ideal)                             0.00       0.00
  g_commit_arbs[0].commit_arb/g_input_select.g_arbiter.g_out_buf[0].out_buf/g_eb1.pipe_buffer/g_register.g_pipe_regs[0].pipe_register/g_shift_register/g_shift.pipe_reg[0][177]/CK (DFF_X1)
                                                          0.00       0.00 r
  g_commit_arbs[0].commit_arb/g_input_select.g_arbiter.g_out_buf[0].out_buf/g_eb1.pipe_buffer/g_register.g_pipe_regs[0].pipe_register/g_shift_register/g_shift.pipe_reg[0][177]/QN (DFF_X1)
                                                          0.23       0.23 r
  U107/ZN (NOR2_X1)                                       0.04       0.28 f
  commit_size_reg1/g_shift_register/g_shift.pipe_reg[0][3]/D (DFF_X1)
                                                          0.01       0.29 f
  data arrival time                                                  0.29

  clock CLK (rise edge)                                   0.00       0.00
  clock network delay (ideal)                             0.00       0.00
  clock uncertainty                                       0.05       0.05
  commit_size_reg1/g_shift_register/g_shift.pipe_reg[0][3]/CK (DFF_X1)
                                                          0.00       0.05 r
  library hold time                                       0.04       0.09
  data required time                                                 0.09
  --------------------------------------------------------------------------
  data required time                                                 0.09
  data arrival time                                                 -0.29
  --------------------------------------------------------------------------
  slack (MET)                                                        0.20


  Startpoint: commit_size_reg1/g_shift_register/g_shift.pipe_reg[0][0]
              (rising edge-triggered flip-flop clocked by CLK)
  Endpoint: commit_size_reg2/g_shift_register/g_shift.pipe_reg[0][0]
            (rising edge-triggered flip-flop clocked by CLK)
  Path Group: CLK
  Path Type: min

  Des/Clust/Port     Wire Load Model       Library
  ------------------------------------------------
  VX_commit          5K_hvratio_1_1        NangateOpenCellLibrary_ss0p95v125c

  Point                                                   Incr       Path
  --------------------------------------------------------------------------
  clock CLK (rise edge)                                   0.00       0.00
  clock network delay (ideal)                             0.00       0.00
  commit_size_reg1/g_shift_register/g_shift.pipe_reg[0][0]/CK (DFF_X1)
                                                          0.00       0.00 r
  commit_size_reg1/g_shift_register/g_shift.pipe_reg[0][0]/Q (DFF_X1)
                                                          0.29       0.29 f
  commit_size_reg2/g_shift_register/g_shift.pipe_reg[0][0]/D (DFF_X1)
                                                          0.01       0.29 f
  data arrival time                                                  0.29

  clock CLK (rise edge)                                   0.00       0.00
  clock network delay (ideal)                             0.00       0.00
  clock uncertainty                                       0.05       0.05
  commit_size_reg2/g_shift_register/g_shift.pipe_reg[0][0]/CK (DFF_X1)
                                                          0.00       0.05 r
  library hold time                                       0.04       0.09
  data required time                                                 0.09
  --------------------------------------------------------------------------
  data required time                                                 0.09
  data arrival time                                                 -0.29
  --------------------------------------------------------------------------
  slack (MET)                                                        0.21


  Startpoint: commit_size_reg1/g_shift_register/g_shift.pipe_reg[0][1]
              (rising edge-triggered flip-flop clocked by CLK)
  Endpoint: commit_size_reg2/g_shift_register/g_shift.pipe_reg[0][1]
            (rising edge-triggered flip-flop clocked by CLK)
  Path Group: CLK
  Path Type: min

  Des/Clust/Port     Wire Load Model       Library
  ------------------------------------------------
  VX_commit          5K_hvratio_1_1        NangateOpenCellLibrary_ss0p95v125c

  Point                                                   Incr       Path
  --------------------------------------------------------------------------
  clock CLK (rise edge)                                   0.00       0.00
  clock network delay (ideal)                             0.00       0.00
  commit_size_reg1/g_shift_register/g_shift.pipe_reg[0][1]/CK (DFF_X1)
                                                          0.00       0.00 r
  commit_size_reg1/g_shift_register/g_shift.pipe_reg[0][1]/Q (DFF_X1)
                                                          0.29       0.29 f
  commit_size_reg2/g_shift_register/g_shift.pipe_reg[0][1]/D (DFF_X1)
                                                          0.01       0.29 f
  data arrival time                                                  0.29

  clock CLK (rise edge)                                   0.00       0.00
  clock network delay (ideal)                             0.00       0.00
  clock uncertainty                                       0.05       0.05
  commit_size_reg2/g_shift_register/g_shift.pipe_reg[0][1]/CK (DFF_X1)
                                                          0.00       0.05 r
  library hold time                                       0.04       0.09
  data required time                                                 0.09
  --------------------------------------------------------------------------
  data required time                                                 0.09
  data arrival time                                                 -0.29
  --------------------------------------------------------------------------
  slack (MET)                                                        0.21


  Startpoint: commit_size_reg1/g_shift_register/g_shift.pipe_reg[0][2]
              (rising edge-triggered flip-flop clocked by CLK)
  Endpoint: commit_size_reg2/g_shift_register/g_shift.pipe_reg[0][2]
            (rising edge-triggered flip-flop clocked by CLK)
  Path Group: CLK
  Path Type: min

  Des/Clust/Port     Wire Load Model       Library
  ------------------------------------------------
  VX_commit          5K_hvratio_1_1        NangateOpenCellLibrary_ss0p95v125c

  Point                                                   Incr       Path
  --------------------------------------------------------------------------
  clock CLK (rise edge)                                   0.00       0.00
  clock network delay (ideal)                             0.00       0.00
  commit_size_reg1/g_shift_register/g_shift.pipe_reg[0][2]/CK (DFF_X1)
                                                          0.00       0.00 r
  commit_size_reg1/g_shift_register/g_shift.pipe_reg[0][2]/Q (DFF_X1)
                                                          0.29       0.29 f
  commit_size_reg2/g_shift_register/g_shift.pipe_reg[0][2]/D (DFF_X1)
                                                          0.01       0.29 f
  data arrival time                                                  0.29

  clock CLK (rise edge)                                   0.00       0.00
  clock network delay (ideal)                             0.00       0.00
  clock uncertainty                                       0.05       0.05
  commit_size_reg2/g_shift_register/g_shift.pipe_reg[0][2]/CK (DFF_X1)
                                                          0.00       0.05 r
  library hold time                                       0.04       0.09
  data required time                                                 0.09
  --------------------------------------------------------------------------
  data required time                                                 0.09
  data arrival time                                                 -0.29
  --------------------------------------------------------------------------
  slack (MET)                                                        0.21


  Startpoint: g_commit_arbs[0].commit_arb/g_input_select.g_arbiter.g_out_buf[0].out_buf/g_eb1.pipe_buffer/g_register.g_pipe_regs[0].pipe_register/g_shift_register/g_shift.pipe_reg[0][172]
              (rising edge-triggered flip-flop clocked by CLK)
  Endpoint: committed_pipe_reg/g_shift_register/g_shift.pipe_reg[0][3]
            (rising edge-triggered flip-flop clocked by CLK)
  Path Group: CLK
  Path Type: min

  Des/Clust/Port     Wire Load Model       Library
  ------------------------------------------------
  VX_commit          5K_hvratio_1_1        NangateOpenCellLibrary_ss0p95v125c

  Point                                                   Incr       Path
  --------------------------------------------------------------------------
  clock CLK (rise edge)                                   0.00       0.00
  clock network delay (ideal)                             0.00       0.00
  g_commit_arbs[0].commit_arb/g_input_select.g_arbiter.g_out_buf[0].out_buf/g_eb1.pipe_buffer/g_register.g_pipe_regs[0].pipe_register/g_shift_register/g_shift.pipe_reg[0][172]/CK (DFF_X1)
                                                          0.00       0.00 r
  g_commit_arbs[0].commit_arb/g_input_select.g_arbiter.g_out_buf[0].out_buf/g_eb1.pipe_buffer/g_register.g_pipe_regs[0].pipe_register/g_shift_register/g_shift.pipe_reg[0][172]/QN (DFF_X1)
                                                          0.25       0.25 r
  U112/ZN (NOR2_X1)                                       0.04       0.30 f
  committed_pipe_reg/g_shift_register/g_shift.pipe_reg[0][3]/D (DFF_X1)
                                                          0.01       0.31 f
  data arrival time                                                  0.31

  clock CLK (rise edge)                                   0.00       0.00
  clock network delay (ideal)                             0.00       0.00
  clock uncertainty                                       0.05       0.05
  committed_pipe_reg/g_shift_register/g_shift.pipe_reg[0][3]/CK (DFF_X1)
                                                          0.00       0.05 r
  library hold time                                       0.04       0.09
  data required time                                                 0.09
  --------------------------------------------------------------------------
  data required time                                                 0.09
  data arrival time                                                 -0.31
  --------------------------------------------------------------------------
  slack (MET)                                                        0.22


  Startpoint: g_commit_arbs[0].commit_arb/g_input_select.g_arbiter.g_out_buf[0].out_buf/g_eb1.pipe_buffer/g_register.g_pipe_regs[0].pipe_register/g_shift_register/g_shift.pipe_reg[0][172]
              (rising edge-triggered flip-flop clocked by CLK)
  Endpoint: committed_pipe_reg/g_shift_register/g_shift.pipe_reg[0][1]
            (rising edge-triggered flip-flop clocked by CLK)
  Path Group: CLK
  Path Type: min

  Des/Clust/Port     Wire Load Model       Library
  ------------------------------------------------
  VX_commit          5K_hvratio_1_1        NangateOpenCellLibrary_ss0p95v125c

  Point                                                   Incr       Path
  --------------------------------------------------------------------------
  clock CLK (rise edge)                                   0.00       0.00
  clock network delay (ideal)                             0.00       0.00
  g_commit_arbs[0].commit_arb/g_input_select.g_arbiter.g_out_buf[0].out_buf/g_eb1.pipe_buffer/g_register.g_pipe_regs[0].pipe_register/g_shift_register/g_shift.pipe_reg[0][172]/CK (DFF_X1)
                                                          0.00       0.00 r
  g_commit_arbs[0].commit_arb/g_input_select.g_arbiter.g_out_buf[0].out_buf/g_eb1.pipe_buffer/g_register.g_pipe_regs[0].pipe_register/g_shift_register/g_shift.pipe_reg[0][172]/QN (DFF_X1)
                                                          0.25       0.25 r
  U114/ZN (NOR3_X1)                                       0.05       0.30 f
  committed_pipe_reg/g_shift_register/g_shift.pipe_reg[0][1]/D (DFF_X1)
                                                          0.01       0.31 f
  data arrival time                                                  0.31

  clock CLK (rise edge)                                   0.00       0.00
  clock network delay (ideal)                             0.00       0.00
  clock uncertainty                                       0.05       0.05
  committed_pipe_reg/g_shift_register/g_shift.pipe_reg[0][1]/CK (DFF_X1)
                                                          0.00       0.05 r
  library hold time                                       0.04       0.09
  data required time                                                 0.09
  --------------------------------------------------------------------------
  data required time                                                 0.09
  data arrival time                                                 -0.31
  --------------------------------------------------------------------------
  slack (MET)                                                        0.22


  Startpoint: g_commit_arbs[0].commit_arb/g_input_select.g_arbiter.g_out_buf[0].out_buf/g_eb1.pipe_buffer/g_register.g_pipe_regs[0].pipe_register/g_shift_register/g_shift.pipe_reg[0][172]
              (rising edge-triggered flip-flop clocked by CLK)
  Endpoint: committed_pipe_reg/g_shift_register/g_shift.pipe_reg[0][2]
            (rising edge-triggered flip-flop clocked by CLK)
  Path Group: CLK
  Path Type: min

  Des/Clust/Port     Wire Load Model       Library
  ------------------------------------------------
  VX_commit          5K_hvratio_1_1        NangateOpenCellLibrary_ss0p95v125c

  Point                                                   Incr       Path
  --------------------------------------------------------------------------
  clock CLK (rise edge)                                   0.00       0.00
  clock network delay (ideal)                             0.00       0.00
  g_commit_arbs[0].commit_arb/g_input_select.g_arbiter.g_out_buf[0].out_buf/g_eb1.pipe_buffer/g_register.g_pipe_regs[0].pipe_register/g_shift_register/g_shift.pipe_reg[0][172]/CK (DFF_X1)
                                                          0.00       0.00 r
  g_commit_arbs[0].commit_arb/g_input_select.g_arbiter.g_out_buf[0].out_buf/g_eb1.pipe_buffer/g_register.g_pipe_regs[0].pipe_register/g_shift_register/g_shift.pipe_reg[0][172]/Q (DFF_X1)
                                                          0.30       0.30 f
  U113/ZN (NOR2_X1)                                       0.09       0.39 r
  committed_pipe_reg/g_shift_register/g_shift.pipe_reg[0][2]/D (DFF_X1)
                                                          0.01       0.40 r
  data arrival time                                                  0.40

  clock CLK (rise edge)                                   0.00       0.00
  clock network delay (ideal)                             0.00       0.00
  clock uncertainty                                       0.05       0.05
  committed_pipe_reg/g_shift_register/g_shift.pipe_reg[0][2]/CK (DFF_X1)
                                                          0.00       0.05 r
  library hold time                                       0.08       0.13
  data required time                                                 0.13
  --------------------------------------------------------------------------
  data required time                                                 0.13
  data arrival time                                                 -0.40
  --------------------------------------------------------------------------
  slack (MET)                                                        0.27


  Startpoint: g_commit_arbs[0].commit_arb/g_input_select.g_arbiter.g_out_buf[0].out_buf/g_eb1.pipe_buffer/g_register.g_pipe_regs[0].pipe_register/g_shift_register/g_shift.pipe_reg[0][172]
              (rising edge-triggered flip-flop clocked by CLK)
  Endpoint: committed_pipe_reg/g_shift_register/g_shift.pipe_reg[0][0]
            (rising edge-triggered flip-flop clocked by CLK)
  Path Group: CLK
  Path Type: min

  Des/Clust/Port     Wire Load Model       Library
  ------------------------------------------------
  VX_commit          5K_hvratio_1_1        NangateOpenCellLibrary_ss0p95v125c

  Point                                                   Incr       Path
  --------------------------------------------------------------------------
  clock CLK (rise edge)                                   0.00       0.00
  clock network delay (ideal)                             0.00       0.00
  g_commit_arbs[0].commit_arb/g_input_select.g_arbiter.g_out_buf[0].out_buf/g_eb1.pipe_buffer/g_register.g_pipe_regs[0].pipe_register/g_shift_register/g_shift.pipe_reg[0][172]/CK (DFF_X1)
                                                          0.00       0.00 r
  g_commit_arbs[0].commit_arb/g_input_select.g_arbiter.g_out_buf[0].out_buf/g_eb1.pipe_buffer/g_register.g_pipe_regs[0].pipe_register/g_shift_register/g_shift.pipe_reg[0][172]/Q (DFF_X1)
                                                          0.30       0.30 f
  U115/ZN (NOR3_X1)                                       0.14       0.44 r
  committed_pipe_reg/g_shift_register/g_shift.pipe_reg[0][0]/D (DFF_X1)
                                                          0.01       0.44 r
  data arrival time                                                  0.44

  clock CLK (rise edge)                                   0.00       0.00
  clock network delay (ideal)                             0.00       0.00
  clock uncertainty                                       0.05       0.05
  committed_pipe_reg/g_shift_register/g_shift.pipe_reg[0][0]/CK (DFF_X1)
                                                          0.00       0.05 r
  library hold time                                       0.11       0.16
  data required time                                                 0.16
  --------------------------------------------------------------------------
  data required time                                                 0.16
  data arrival time                                                 -0.44
  --------------------------------------------------------------------------
  slack (MET)                                                        0.28


  Startpoint: instret_reg[4]
              (rising edge-triggered flip-flop clocked by CLK)
  Endpoint: instret_reg[4]
            (rising edge-triggered flip-flop clocked by CLK)
  Path Group: CLK
  Path Type: min

  Des/Clust/Port     Wire Load Model       Library
  ------------------------------------------------
  VX_commit          5K_hvratio_1_1        NangateOpenCellLibrary_ss0p95v125c

  Point                                    Incr       Path
  -----------------------------------------------------------
  clock CLK (rise edge)                    0.00       0.00
  clock network delay (ideal)              0.00       0.00
  instret_reg[4]/CK (DFF_X1)               0.00       0.00 r
  instret_reg[4]/QN (DFF_X1)               0.24       0.24 r
  U794/Z (XOR2_X1)                         0.06       0.30 f
  U1438/ZN (AOI22_X1)                      0.09       0.39 r
  U1439/ZN (INV_X1)                        0.04       0.43 f
  instret_reg[4]/D (DFF_X1)                0.01       0.44 f
  data arrival time                                   0.44

  clock CLK (rise edge)                    0.00       0.00
  clock network delay (ideal)              0.00       0.00
  clock uncertainty                        0.05       0.05
  instret_reg[4]/CK (DFF_X1)               0.00       0.05 r
  library hold time                        0.04       0.09
  data required time                                  0.09
  -----------------------------------------------------------
  data required time                                  0.09
  data arrival time                                  -0.44
  -----------------------------------------------------------
  slack (MET)                                         0.35


  Startpoint: instret_reg[6]
              (rising edge-triggered flip-flop clocked by CLK)
  Endpoint: instret_reg[6]
            (rising edge-triggered flip-flop clocked by CLK)
  Path Group: CLK
  Path Type: min

  Des/Clust/Port     Wire Load Model       Library
  ------------------------------------------------
  VX_commit          5K_hvratio_1_1        NangateOpenCellLibrary_ss0p95v125c

  Point                                    Incr       Path
  -----------------------------------------------------------
  clock CLK (rise edge)                    0.00       0.00
  clock network delay (ideal)              0.00       0.00
  instret_reg[6]/CK (DFF_X1)               0.00       0.00 r
  instret_reg[6]/QN (DFF_X1)               0.24       0.24 r
  U789/Z (XOR2_X1)                         0.06       0.30 f
  U1434/ZN (AOI22_X1)                      0.09       0.39 r
  U1435/ZN (INV_X1)                        0.04       0.43 f
  instret_reg[6]/D (DFF_X1)                0.01       0.44 f
  data arrival time                                   0.44

  clock CLK (rise edge)                    0.00       0.00
  clock network delay (ideal)              0.00       0.00
  clock uncertainty                        0.05       0.05
  instret_reg[6]/CK (DFF_X1)               0.00       0.05 r
  library hold time                        0.04       0.09
  data required time                                  0.09
  -----------------------------------------------------------
  data required time                                  0.09
  data arrival time                                  -0.44
  -----------------------------------------------------------
  slack (MET)                                         0.35


  Startpoint: instret_reg[16]
              (rising edge-triggered flip-flop clocked by CLK)
  Endpoint: instret_reg[16]
            (rising edge-triggered flip-flop clocked by CLK)
  Path Group: CLK
  Path Type: min

  Des/Clust/Port     Wire Load Model       Library
  ------------------------------------------------
  VX_commit          5K_hvratio_1_1        NangateOpenCellLibrary_ss0p95v125c

  Point                                    Incr       Path
  -----------------------------------------------------------
  clock CLK (rise edge)                    0.00       0.00
  clock network delay (ideal)              0.00       0.00
  instret_reg[16]/CK (DFF_X1)              0.00       0.00 r
  instret_reg[16]/QN (DFF_X1)              0.24       0.24 r
  U767/Z (XOR2_X1)                         0.06       0.30 f
  U1414/ZN (AOI22_X1)                      0.09       0.39 r
  U1415/ZN (INV_X1)                        0.04       0.43 f
  instret_reg[16]/D (DFF_X1)               0.01       0.44 f
  data arrival time                                   0.44

  clock CLK (rise edge)                    0.00       0.00
  clock network delay (ideal)              0.00       0.00
  clock uncertainty                        0.05       0.05
  instret_reg[16]/CK (DFF_X1)              0.00       0.05 r
  library hold time                        0.04       0.09
  data required time                                  0.09
  -----------------------------------------------------------
  data required time                                  0.09
  data arrival time                                  -0.44
  -----------------------------------------------------------
  slack (MET)                                         0.35


  Startpoint: instret_reg[17]
              (rising edge-triggered flip-flop clocked by CLK)
  Endpoint: instret_reg[17]
            (rising edge-triggered flip-flop clocked by CLK)
  Path Group: CLK
  Path Type: min

  Des/Clust/Port     Wire Load Model       Library
  ------------------------------------------------
  VX_commit          5K_hvratio_1_1        NangateOpenCellLibrary_ss0p95v125c

  Point                                    Incr       Path
  -----------------------------------------------------------
  clock CLK (rise edge)                    0.00       0.00
  clock network delay (ideal)              0.00       0.00
  instret_reg[17]/CK (DFF_X1)              0.00       0.00 r
  instret_reg[17]/QN (DFF_X1)              0.24       0.24 r
  U764/Z (XOR2_X1)                         0.06       0.30 f
  U1412/ZN (AOI22_X1)                      0.09       0.39 r
  U1413/ZN (INV_X1)                        0.04       0.43 f
  instret_reg[17]/D (DFF_X1)               0.01       0.44 f
  data arrival time                                   0.44

  clock CLK (rise edge)                    0.00       0.00
  clock network delay (ideal)              0.00       0.00
  clock uncertainty                        0.05       0.05
  instret_reg[17]/CK (DFF_X1)              0.00       0.05 r
  library hold time                        0.04       0.09
  data required time                                  0.09
  -----------------------------------------------------------
  data required time                                  0.09
  data arrival time                                  -0.44
  -----------------------------------------------------------
  slack (MET)                                         0.35


  Startpoint: instret_reg[18]
              (rising edge-triggered flip-flop clocked by CLK)
  Endpoint: instret_reg[18]
            (rising edge-triggered flip-flop clocked by CLK)
  Path Group: CLK
  Path Type: min

  Des/Clust/Port     Wire Load Model       Library
  ------------------------------------------------
  VX_commit          5K_hvratio_1_1        NangateOpenCellLibrary_ss0p95v125c

  Point                                    Incr       Path
  -----------------------------------------------------------
  clock CLK (rise edge)                    0.00       0.00
  clock network delay (ideal)              0.00       0.00
  instret_reg[18]/CK (DFF_X1)              0.00       0.00 r
  instret_reg[18]/QN (DFF_X1)              0.24       0.24 r
  U763/Z (XOR2_X1)                         0.06       0.30 f
  U1410/ZN (AOI22_X1)                      0.09       0.39 r
  U1411/ZN (INV_X1)                        0.04       0.43 f
  instret_reg[18]/D (DFF_X1)               0.01       0.44 f
  data arrival time                                   0.44

  clock CLK (rise edge)                    0.00       0.00
  clock network delay (ideal)              0.00       0.00
  clock uncertainty                        0.05       0.05
  instret_reg[18]/CK (DFF_X1)              0.00       0.05 r
  library hold time                        0.04       0.09
  data required time                                  0.09
  -----------------------------------------------------------
  data required time                                  0.09
  data arrival time                                  -0.44
  -----------------------------------------------------------
  slack (MET)                                         0.35


  Startpoint: instret_reg[20]
              (rising edge-triggered flip-flop clocked by CLK)
  Endpoint: instret_reg[20]
            (rising edge-triggered flip-flop clocked by CLK)
  Path Group: CLK
  Path Type: min

  Des/Clust/Port     Wire Load Model       Library
  ------------------------------------------------
  VX_commit          5K_hvratio_1_1        NangateOpenCellLibrary_ss0p95v125c

  Point                                    Incr       Path
  -----------------------------------------------------------
  clock CLK (rise edge)                    0.00       0.00
  clock network delay (ideal)              0.00       0.00
  instret_reg[20]/CK (DFF_X1)              0.00       0.00 r
  instret_reg[20]/QN (DFF_X1)              0.24       0.24 r
  U760/Z (XOR2_X1)                         0.06       0.30 f
  U1406/ZN (AOI22_X1)                      0.09       0.39 r
  U1407/ZN (INV_X1)                        0.04       0.43 f
  instret_reg[20]/D (DFF_X1)               0.01       0.44 f
  data arrival time                                   0.44

  clock CLK (rise edge)                    0.00       0.00
  clock network delay (ideal)              0.00       0.00
  clock uncertainty                        0.05       0.05
  instret_reg[20]/CK (DFF_X1)              0.00       0.05 r
  library hold time                        0.04       0.09
  data required time                                  0.09
  -----------------------------------------------------------
  data required time                                  0.09
  data arrival time                                  -0.44
  -----------------------------------------------------------
  slack (MET)                                         0.35


  Startpoint: instret_reg[21]
              (rising edge-triggered flip-flop clocked by CLK)
  Endpoint: instret_reg[21]
            (rising edge-triggered flip-flop clocked by CLK)
  Path Group: CLK
  Path Type: min

  Des/Clust/Port     Wire Load Model       Library
  ------------------------------------------------
  VX_commit          5K_hvratio_1_1        NangateOpenCellLibrary_ss0p95v125c

  Point                                    Incr       Path
  -----------------------------------------------------------
  clock CLK (rise edge)                    0.00       0.00
  clock network delay (ideal)              0.00       0.00
  instret_reg[21]/CK (DFF_X1)              0.00       0.00 r
  instret_reg[21]/QN (DFF_X1)              0.24       0.24 r
  U754/Z (XOR2_X1)                         0.06       0.30 f
  U1404/ZN (AOI22_X1)                      0.09       0.39 r
  U1405/ZN (INV_X1)                        0.04       0.43 f
  instret_reg[21]/D (DFF_X1)               0.01       0.44 f
  data arrival time                                   0.44

  clock CLK (rise edge)                    0.00       0.00
  clock network delay (ideal)              0.00       0.00
  clock uncertainty                        0.05       0.05
  instret_reg[21]/CK (DFF_X1)              0.00       0.05 r
  library hold time                        0.04       0.09
  data required time                                  0.09
  -----------------------------------------------------------
  data required time                                  0.09
  data arrival time                                  -0.44
  -----------------------------------------------------------
  slack (MET)                                         0.35


  Startpoint: instret_reg[22]
              (rising edge-triggered flip-flop clocked by CLK)
  Endpoint: instret_reg[22]
            (rising edge-triggered flip-flop clocked by CLK)
  Path Group: CLK
  Path Type: min

  Des/Clust/Port     Wire Load Model       Library
  ------------------------------------------------
  VX_commit          5K_hvratio_1_1        NangateOpenCellLibrary_ss0p95v125c

  Point                                    Incr       Path
  -----------------------------------------------------------
  clock CLK (rise edge)                    0.00       0.00
  clock network delay (ideal)              0.00       0.00
  instret_reg[22]/CK (DFF_X1)              0.00       0.00 r
  instret_reg[22]/QN (DFF_X1)              0.24       0.24 r
  U753/Z (XOR2_X1)                         0.06       0.30 f
  U1402/ZN (AOI22_X1)                      0.09       0.39 r
  U1403/ZN (INV_X1)                        0.04       0.43 f
  instret_reg[22]/D (DFF_X1)               0.01       0.44 f
  data arrival time                                   0.44

  clock CLK (rise edge)                    0.00       0.00
  clock network delay (ideal)              0.00       0.00
  clock uncertainty                        0.05       0.05
  instret_reg[22]/CK (DFF_X1)              0.00       0.05 r
  library hold time                        0.04       0.09
  data required time                                  0.09
  -----------------------------------------------------------
  data required time                                  0.09
  data arrival time                                  -0.44
  -----------------------------------------------------------
  slack (MET)                                         0.35


  Startpoint: instret_reg[24]
              (rising edge-triggered flip-flop clocked by CLK)
  Endpoint: instret_reg[24]
            (rising edge-triggered flip-flop clocked by CLK)
  Path Group: CLK
  Path Type: min

  Des/Clust/Port     Wire Load Model       Library
  ------------------------------------------------
  VX_commit          5K_hvratio_1_1        NangateOpenCellLibrary_ss0p95v125c

  Point                                    Incr       Path
  -----------------------------------------------------------
  clock CLK (rise edge)                    0.00       0.00
  clock network delay (ideal)              0.00       0.00
  instret_reg[24]/CK (DFF_X1)              0.00       0.00 r
  instret_reg[24]/QN (DFF_X1)              0.24       0.24 r
  U750/Z (XOR2_X1)                         0.06       0.30 f
  U1398/ZN (AOI22_X1)                      0.09       0.39 r
  U1399/ZN (INV_X1)                        0.04       0.43 f
  instret_reg[24]/D (DFF_X1)               0.01       0.44 f
  data arrival time                                   0.44

  clock CLK (rise edge)                    0.00       0.00
  clock network delay (ideal)              0.00       0.00
  clock uncertainty                        0.05       0.05
  instret_reg[24]/CK (DFF_X1)              0.00       0.05 r
  library hold time                        0.04       0.09
  data required time                                  0.09
  -----------------------------------------------------------
  data required time                                  0.09
  data arrival time                                  -0.44
  -----------------------------------------------------------
  slack (MET)                                         0.35


  Startpoint: instret_reg[25]
              (rising edge-triggered flip-flop clocked by CLK)
  Endpoint: instret_reg[25]
            (rising edge-triggered flip-flop clocked by CLK)
  Path Group: CLK
  Path Type: min

  Des/Clust/Port     Wire Load Model       Library
  ------------------------------------------------
  VX_commit          5K_hvratio_1_1        NangateOpenCellLibrary_ss0p95v125c

  Point                                    Incr       Path
  -----------------------------------------------------------
  clock CLK (rise edge)                    0.00       0.00
  clock network delay (ideal)              0.00       0.00
  instret_reg[25]/CK (DFF_X1)              0.00       0.00 r
  instret_reg[25]/QN (DFF_X1)              0.24       0.24 r
  U747/Z (XOR2_X1)                         0.06       0.30 f
  U1396/ZN (AOI22_X1)                      0.09       0.39 r
  U1397/ZN (INV_X1)                        0.04       0.43 f
  instret_reg[25]/D (DFF_X1)               0.01       0.44 f
  data arrival time                                   0.44

  clock CLK (rise edge)                    0.00       0.00
  clock network delay (ideal)              0.00       0.00
  clock uncertainty                        0.05       0.05
  instret_reg[25]/CK (DFF_X1)              0.00       0.05 r
  library hold time                        0.04       0.09
  data required time                                  0.09
  -----------------------------------------------------------
  data required time                                  0.09
  data arrival time                                  -0.44
  -----------------------------------------------------------
  slack (MET)                                         0.35


  Startpoint: instret_reg[26]
              (rising edge-triggered flip-flop clocked by CLK)
  Endpoint: instret_reg[26]
            (rising edge-triggered flip-flop clocked by CLK)
  Path Group: CLK
  Path Type: min

  Des/Clust/Port     Wire Load Model       Library
  ------------------------------------------------
  VX_commit          5K_hvratio_1_1        NangateOpenCellLibrary_ss0p95v125c

  Point                                    Incr       Path
  -----------------------------------------------------------
  clock CLK (rise edge)                    0.00       0.00
  clock network delay (ideal)              0.00       0.00
  instret_reg[26]/CK (DFF_X1)              0.00       0.00 r
  instret_reg[26]/QN (DFF_X1)              0.24       0.24 r
  U746/Z (XOR2_X1)                         0.06       0.30 f
  U1394/ZN (AOI22_X1)                      0.09       0.39 r
  U1395/ZN (INV_X1)                        0.04       0.43 f
  instret_reg[26]/D (DFF_X1)               0.01       0.44 f
  data arrival time                                   0.44

  clock CLK (rise edge)                    0.00       0.00
  clock network delay (ideal)              0.00       0.00
  clock uncertainty                        0.05       0.05
  instret_reg[26]/CK (DFF_X1)              0.00       0.05 r
  library hold time                        0.04       0.09
  data required time                                  0.09
  -----------------------------------------------------------
  data required time                                  0.09
  data arrival time                                  -0.44
  -----------------------------------------------------------
  slack (MET)                                         0.35


  Startpoint: instret_reg[28]
              (rising edge-triggered flip-flop clocked by CLK)
  Endpoint: instret_reg[28]
            (rising edge-triggered flip-flop clocked by CLK)
  Path Group: CLK
  Path Type: min

  Des/Clust/Port     Wire Load Model       Library
  ------------------------------------------------
  VX_commit          5K_hvratio_1_1        NangateOpenCellLibrary_ss0p95v125c

  Point                                    Incr       Path
  -----------------------------------------------------------
  clock CLK (rise edge)                    0.00       0.00
  clock network delay (ideal)              0.00       0.00
  instret_reg[28]/CK (DFF_X1)              0.00       0.00 r
  instret_reg[28]/QN (DFF_X1)              0.24       0.24 r
  U743/Z (XOR2_X1)                         0.06       0.30 f
  U1390/ZN (AOI22_X1)                      0.09       0.39 r
  U1391/ZN (INV_X1)                        0.04       0.43 f
  instret_reg[28]/D (DFF_X1)               0.01       0.44 f
  data arrival time                                   0.44

  clock CLK (rise edge)                    0.00       0.00
  clock network delay (ideal)              0.00       0.00
  clock uncertainty                        0.05       0.05
  instret_reg[28]/CK (DFF_X1)              0.00       0.05 r
  library hold time                        0.04       0.09
  data required time                                  0.09
  -----------------------------------------------------------
  data required time                                  0.09
  data arrival time                                  -0.44
  -----------------------------------------------------------
  slack (MET)                                         0.35


  Startpoint: instret_reg[30]
              (rising edge-triggered flip-flop clocked by CLK)
  Endpoint: instret_reg[30]
            (rising edge-triggered flip-flop clocked by CLK)
  Path Group: CLK
  Path Type: min

  Des/Clust/Port     Wire Load Model       Library
  ------------------------------------------------
  VX_commit          5K_hvratio_1_1        NangateOpenCellLibrary_ss0p95v125c

  Point                                    Incr       Path
  -----------------------------------------------------------
  clock CLK (rise edge)                    0.00       0.00
  clock network delay (ideal)              0.00       0.00
  instret_reg[30]/CK (DFF_X1)              0.00       0.00 r
  instret_reg[30]/QN (DFF_X1)              0.24       0.24 r
  U733/Z (XOR2_X1)                         0.06       0.30 f
  U1386/ZN (AOI22_X1)                      0.09       0.39 r
  U1387/ZN (INV_X1)                        0.04       0.43 f
  instret_reg[30]/D (DFF_X1)               0.01       0.44 f
  data arrival time                                   0.44

  clock CLK (rise edge)                    0.00       0.00
  clock network delay (ideal)              0.00       0.00
  clock uncertainty                        0.05       0.05
  instret_reg[30]/CK (DFF_X1)              0.00       0.05 r
  library hold time                        0.04       0.09
  data required time                                  0.09
  -----------------------------------------------------------
  data required time                                  0.09
  data arrival time                                  -0.44
  -----------------------------------------------------------
  slack (MET)                                         0.35


  Startpoint: instret_reg[32]
              (rising edge-triggered flip-flop clocked by CLK)
  Endpoint: instret_reg[32]
            (rising edge-triggered flip-flop clocked by CLK)
  Path Group: CLK
  Path Type: min

  Des/Clust/Port     Wire Load Model       Library
  ------------------------------------------------
  VX_commit          5K_hvratio_1_1        NangateOpenCellLibrary_ss0p95v125c

  Point                                    Incr       Path
  -----------------------------------------------------------
  clock CLK (rise edge)                    0.00       0.00
  clock network delay (ideal)              0.00       0.00
  instret_reg[32]/CK (DFF_X1)              0.00       0.00 r
  instret_reg[32]/QN (DFF_X1)              0.24       0.24 r
  U728/Z (XOR2_X1)                         0.06       0.30 f
  U1382/ZN (AOI22_X1)                      0.09       0.39 r
  U1383/ZN (INV_X1)                        0.04       0.43 f
  instret_reg[32]/D (DFF_X1)               0.01       0.44 f
  data arrival time                                   0.44

  clock CLK (rise edge)                    0.00       0.00
  clock network delay (ideal)              0.00       0.00
  clock uncertainty                        0.05       0.05
  instret_reg[32]/CK (DFF_X1)              0.00       0.05 r
  library hold time                        0.04       0.09
  data required time                                  0.09
  -----------------------------------------------------------
  data required time                                  0.09
  data arrival time                                  -0.44
  -----------------------------------------------------------
  slack (MET)                                         0.35


  Startpoint: instret_reg[34]
              (rising edge-triggered flip-flop clocked by CLK)
  Endpoint: instret_reg[34]
            (rising edge-triggered flip-flop clocked by CLK)
  Path Group: CLK
  Path Type: min

  Des/Clust/Port     Wire Load Model       Library
  ------------------------------------------------
  VX_commit          5K_hvratio_1_1        NangateOpenCellLibrary_ss0p95v125c

  Point                                    Incr       Path
  -----------------------------------------------------------
  clock CLK (rise edge)                    0.00       0.00
  clock network delay (ideal)              0.00       0.00
  instret_reg[34]/CK (DFF_X1)              0.00       0.00 r
  instret_reg[34]/QN (DFF_X1)              0.24       0.24 r
  U723/Z (XOR2_X1)                         0.06       0.30 f
  U1378/ZN (AOI22_X1)                      0.09       0.39 r
  U1379/ZN (INV_X1)                        0.04       0.43 f
  instret_reg[34]/D (DFF_X1)               0.01       0.44 f
  data arrival time                                   0.44

  clock CLK (rise edge)                    0.00       0.00
  clock network delay (ideal)              0.00       0.00
  clock uncertainty                        0.05       0.05
  instret_reg[34]/CK (DFF_X1)              0.00       0.05 r
  library hold time                        0.04       0.09
  data required time                                  0.09
  -----------------------------------------------------------
  data required time                                  0.09
  data arrival time                                  -0.44
  -----------------------------------------------------------
  slack (MET)                                         0.35


  Startpoint: instret_reg[3]
              (rising edge-triggered flip-flop clocked by CLK)
  Endpoint: instret_reg[3]
            (rising edge-triggered flip-flop clocked by CLK)
  Path Group: CLK
  Path Type: min

  Des/Clust/Port     Wire Load Model       Library
  ------------------------------------------------
  VX_commit          5K_hvratio_1_1        NangateOpenCellLibrary_ss0p95v125c

  Point                                    Incr       Path
  -----------------------------------------------------------
  clock CLK (rise edge)                    0.00       0.00
  clock network delay (ideal)              0.00       0.00
  instret_reg[3]/CK (DFF_X1)               0.00       0.00 r
  instret_reg[3]/QN (DFF_X1)               0.24       0.24 r
  U795/ZN (XNOR2_X1)                       0.07       0.31 f
  U1440/ZN (AOI22_X1)                      0.09       0.40 r
  U1441/ZN (INV_X1)                        0.04       0.44 f
  instret_reg[3]/D (DFF_X1)                0.01       0.45 f
  data arrival time                                   0.45

  clock CLK (rise edge)                    0.00       0.00
  clock network delay (ideal)              0.00       0.00
  clock uncertainty                        0.05       0.05
  instret_reg[3]/CK (DFF_X1)               0.00       0.05 r
  library hold time                        0.04       0.09
  data required time                                  0.09
  -----------------------------------------------------------
  data required time                                  0.09
  data arrival time                                  -0.45
  -----------------------------------------------------------
  slack (MET)                                         0.36


  Startpoint: instret_reg[5]
              (rising edge-triggered flip-flop clocked by CLK)
  Endpoint: instret_reg[5]
            (rising edge-triggered flip-flop clocked by CLK)
  Path Group: CLK
  Path Type: min

  Des/Clust/Port     Wire Load Model       Library
  ------------------------------------------------
  VX_commit          5K_hvratio_1_1        NangateOpenCellLibrary_ss0p95v125c

  Point                                    Incr       Path
  -----------------------------------------------------------
  clock CLK (rise edge)                    0.00       0.00
  clock network delay (ideal)              0.00       0.00
  instret_reg[5]/CK (DFF_X1)               0.00       0.00 r
  instret_reg[5]/QN (DFF_X1)               0.24       0.24 r
  U790/ZN (XNOR2_X1)                       0.07       0.31 f
  U1436/ZN (AOI22_X1)                      0.09       0.40 r
  U1437/ZN (INV_X1)                        0.04       0.44 f
  instret_reg[5]/D (DFF_X1)                0.01       0.45 f
  data arrival time                                   0.45

  clock CLK (rise edge)                    0.00       0.00
  clock network delay (ideal)              0.00       0.00
  clock uncertainty                        0.05       0.05
  instret_reg[5]/CK (DFF_X1)               0.00       0.05 r
  library hold time                        0.04       0.09
  data required time                                  0.09
  -----------------------------------------------------------
  data required time                                  0.09
  data arrival time                                  -0.45
  -----------------------------------------------------------
  slack (MET)                                         0.36


  Startpoint: instret_reg[8]
              (rising edge-triggered flip-flop clocked by CLK)
  Endpoint: instret_reg[8]
            (rising edge-triggered flip-flop clocked by CLK)
  Path Group: CLK
  Path Type: min

  Des/Clust/Port     Wire Load Model       Library
  ------------------------------------------------
  VX_commit          5K_hvratio_1_1        NangateOpenCellLibrary_ss0p95v125c

  Point                                    Incr       Path
  -----------------------------------------------------------
  clock CLK (rise edge)                    0.00       0.00
  clock network delay (ideal)              0.00       0.00
  instret_reg[8]/CK (DFF_X1)               0.00       0.00 r
  instret_reg[8]/QN (DFF_X1)               0.24       0.24 r
  U786/ZN (XNOR2_X1)                       0.07       0.31 f
  U1430/ZN (AOI22_X1)                      0.09       0.40 r
  U1431/ZN (INV_X1)                        0.04       0.44 f
  instret_reg[8]/D (DFF_X1)                0.01       0.45 f
  data arrival time                                   0.45

  clock CLK (rise edge)                    0.00       0.00
  clock network delay (ideal)              0.00       0.00
  clock uncertainty                        0.05       0.05
  instret_reg[8]/CK (DFF_X1)               0.00       0.05 r
  library hold time                        0.04       0.09
  data required time                                  0.09
  -----------------------------------------------------------
  data required time                                  0.09
  data arrival time                                  -0.45
  -----------------------------------------------------------
  slack (MET)                                         0.36


  Startpoint: instret_reg[10]
              (rising edge-triggered flip-flop clocked by CLK)
  Endpoint: instret_reg[10]
            (rising edge-triggered flip-flop clocked by CLK)
  Path Group: CLK
  Path Type: min

  Des/Clust/Port     Wire Load Model       Library
  ------------------------------------------------
  VX_commit          5K_hvratio_1_1        NangateOpenCellLibrary_ss0p95v125c

  Point                                    Incr       Path
  -----------------------------------------------------------
  clock CLK (rise edge)                    0.00       0.00
  clock network delay (ideal)              0.00       0.00
  instret_reg[10]/CK (DFF_X1)              0.00       0.00 r
  instret_reg[10]/QN (DFF_X1)              0.24       0.24 r
  U781/ZN (XNOR2_X1)                       0.07       0.31 f
  U1426/ZN (AOI22_X1)                      0.09       0.40 r
  U1427/ZN (INV_X1)                        0.04       0.44 f
  instret_reg[10]/D (DFF_X1)               0.01       0.45 f
  data arrival time                                   0.45

  clock CLK (rise edge)                    0.00       0.00
  clock network delay (ideal)              0.00       0.00
  clock uncertainty                        0.05       0.05
  instret_reg[10]/CK (DFF_X1)              0.00       0.05 r
  library hold time                        0.04       0.09
  data required time                                  0.09
  -----------------------------------------------------------
  data required time                                  0.09
  data arrival time                                  -0.45
  -----------------------------------------------------------
  slack (MET)                                         0.36


  Startpoint: instret_reg[12]
              (rising edge-triggered flip-flop clocked by CLK)
  Endpoint: instret_reg[12]
            (rising edge-triggered flip-flop clocked by CLK)
  Path Group: CLK
  Path Type: min

  Des/Clust/Port     Wire Load Model       Library
  ------------------------------------------------
  VX_commit          5K_hvratio_1_1        NangateOpenCellLibrary_ss0p95v125c

  Point                                    Incr       Path
  -----------------------------------------------------------
  clock CLK (rise edge)                    0.00       0.00
  clock network delay (ideal)              0.00       0.00
  instret_reg[12]/CK (DFF_X1)              0.00       0.00 r
  instret_reg[12]/QN (DFF_X1)              0.24       0.24 r
  U778/ZN (XNOR2_X1)                       0.07       0.31 f
  U1422/ZN (AOI22_X1)                      0.09       0.40 r
  U1423/ZN (INV_X1)                        0.04       0.44 f
  instret_reg[12]/D (DFF_X1)               0.01       0.45 f
  data arrival time                                   0.45

  clock CLK (rise edge)                    0.00       0.00
  clock network delay (ideal)              0.00       0.00
  clock uncertainty                        0.05       0.05
  instret_reg[12]/CK (DFF_X1)              0.00       0.05 r
  library hold time                        0.04       0.09
  data required time                                  0.09
  -----------------------------------------------------------
  data required time                                  0.09
  data arrival time                                  -0.45
  -----------------------------------------------------------
  slack (MET)                                         0.36


  Startpoint: instret_reg[14]
              (rising edge-triggered flip-flop clocked by CLK)
  Endpoint: instret_reg[14]
            (rising edge-triggered flip-flop clocked by CLK)
  Path Group: CLK
  Path Type: min

  Des/Clust/Port     Wire Load Model       Library
  ------------------------------------------------
  VX_commit          5K_hvratio_1_1        NangateOpenCellLibrary_ss0p95v125c

  Point                                    Incr       Path
  -----------------------------------------------------------
  clock CLK (rise edge)                    0.00       0.00
  clock network delay (ideal)              0.00       0.00
  instret_reg[14]/CK (DFF_X1)              0.00       0.00 r
  instret_reg[14]/QN (DFF_X1)              0.24       0.24 r
  U770/ZN (XNOR2_X1)                       0.07       0.31 f
  U1418/ZN (AOI22_X1)                      0.09       0.40 r
  U1419/ZN (INV_X1)                        0.04       0.44 f
  instret_reg[14]/D (DFF_X1)               0.01       0.45 f
  data arrival time                                   0.45

  clock CLK (rise edge)                    0.00       0.00
  clock network delay (ideal)              0.00       0.00
  clock uncertainty                        0.05       0.05
  instret_reg[14]/CK (DFF_X1)              0.00       0.05 r
  library hold time                        0.04       0.09
  data required time                                  0.09
  -----------------------------------------------------------
  data required time                                  0.09
  data arrival time                                  -0.45
  -----------------------------------------------------------
  slack (MET)                                         0.36


  Startpoint: instret_reg[15]
              (rising edge-triggered flip-flop clocked by CLK)
  Endpoint: instret_reg[15]
            (rising edge-triggered flip-flop clocked by CLK)
  Path Group: CLK
  Path Type: min

  Des/Clust/Port     Wire Load Model       Library
  ------------------------------------------------
  VX_commit          5K_hvratio_1_1        NangateOpenCellLibrary_ss0p95v125c

  Point                                    Incr       Path
  -----------------------------------------------------------
  clock CLK (rise edge)                    0.00       0.00
  clock network delay (ideal)              0.00       0.00
  instret_reg[15]/CK (DFF_X1)              0.00       0.00 r
  instret_reg[15]/QN (DFF_X1)              0.24       0.24 r
  U768/ZN (XNOR2_X1)                       0.07       0.31 f
  U1416/ZN (AOI22_X1)                      0.09       0.40 r
  U1417/ZN (INV_X1)                        0.04       0.44 f
  instret_reg[15]/D (DFF_X1)               0.01       0.45 f
  data arrival time                                   0.45

  clock CLK (rise edge)                    0.00       0.00
  clock network delay (ideal)              0.00       0.00
  clock uncertainty                        0.05       0.05
  instret_reg[15]/CK (DFF_X1)              0.00       0.05 r
  library hold time                        0.04       0.09
  data required time                                  0.09
  -----------------------------------------------------------
  data required time                                  0.09
  data arrival time                                  -0.45
  -----------------------------------------------------------
  slack (MET)                                         0.36


  Startpoint: instret_reg[19]
              (rising edge-triggered flip-flop clocked by CLK)
  Endpoint: instret_reg[19]
            (rising edge-triggered flip-flop clocked by CLK)
  Path Group: CLK
  Path Type: min

  Des/Clust/Port     Wire Load Model       Library
  ------------------------------------------------
  VX_commit          5K_hvratio_1_1        NangateOpenCellLibrary_ss0p95v125c

  Point                                    Incr       Path
  -----------------------------------------------------------
  clock CLK (rise edge)                    0.00       0.00
  clock network delay (ideal)              0.00       0.00
  instret_reg[19]/CK (DFF_X1)              0.00       0.00 r
  instret_reg[19]/QN (DFF_X1)              0.24       0.24 r
  U761/ZN (XNOR2_X1)                       0.07       0.31 f
  U1408/ZN (AOI22_X1)                      0.09       0.40 r
  U1409/ZN (INV_X1)                        0.04       0.44 f
  instret_reg[19]/D (DFF_X1)               0.01       0.45 f
  data arrival time                                   0.45

  clock CLK (rise edge)                    0.00       0.00
  clock network delay (ideal)              0.00       0.00
  clock uncertainty                        0.05       0.05
  instret_reg[19]/CK (DFF_X1)              0.00       0.05 r
  library hold time                        0.04       0.09
  data required time                                  0.09
  -----------------------------------------------------------
  data required time                                  0.09
  data arrival time                                  -0.45
  -----------------------------------------------------------
  slack (MET)                                         0.36


  Startpoint: instret_reg[23]
              (rising edge-triggered flip-flop clocked by CLK)
  Endpoint: instret_reg[23]
            (rising edge-triggered flip-flop clocked by CLK)
  Path Group: CLK
  Path Type: min

  Des/Clust/Port     Wire Load Model       Library
  ------------------------------------------------
  VX_commit          5K_hvratio_1_1        NangateOpenCellLibrary_ss0p95v125c

  Point                                    Incr       Path
  -----------------------------------------------------------
  clock CLK (rise edge)                    0.00       0.00
  clock network delay (ideal)              0.00       0.00
  instret_reg[23]/CK (DFF_X1)              0.00       0.00 r
  instret_reg[23]/QN (DFF_X1)              0.24       0.24 r
  U751/ZN (XNOR2_X1)                       0.07       0.31 f
  U1400/ZN (AOI22_X1)                      0.09       0.40 r
  U1401/ZN (INV_X1)                        0.04       0.44 f
  instret_reg[23]/D (DFF_X1)               0.01       0.45 f
  data arrival time                                   0.45

  clock CLK (rise edge)                    0.00       0.00
  clock network delay (ideal)              0.00       0.00
  clock uncertainty                        0.05       0.05
  instret_reg[23]/CK (DFF_X1)              0.00       0.05 r
  library hold time                        0.04       0.09
  data required time                                  0.09
  -----------------------------------------------------------
  data required time                                  0.09
  data arrival time                                  -0.45
  -----------------------------------------------------------
  slack (MET)                                         0.36


  Startpoint: instret_reg[27]
              (rising edge-triggered flip-flop clocked by CLK)
  Endpoint: instret_reg[27]
            (rising edge-triggered flip-flop clocked by CLK)
  Path Group: CLK
  Path Type: min

  Des/Clust/Port     Wire Load Model       Library
  ------------------------------------------------
  VX_commit          5K_hvratio_1_1        NangateOpenCellLibrary_ss0p95v125c

  Point                                    Incr       Path
  -----------------------------------------------------------
  clock CLK (rise edge)                    0.00       0.00
  clock network delay (ideal)              0.00       0.00
  instret_reg[27]/CK (DFF_X1)              0.00       0.00 r
  instret_reg[27]/QN (DFF_X1)              0.24       0.24 r
  U744/ZN (XNOR2_X1)                       0.07       0.31 f
  U1392/ZN (AOI22_X1)                      0.09       0.40 r
  U1393/ZN (INV_X1)                        0.04       0.44 f
  instret_reg[27]/D (DFF_X1)               0.01       0.45 f
  data arrival time                                   0.45

  clock CLK (rise edge)                    0.00       0.00
  clock network delay (ideal)              0.00       0.00
  clock uncertainty                        0.05       0.05
  instret_reg[27]/CK (DFF_X1)              0.00       0.05 r
  library hold time                        0.04       0.09
  data required time                                  0.09
  -----------------------------------------------------------
  data required time                                  0.09
  data arrival time                                  -0.45
  -----------------------------------------------------------
  slack (MET)                                         0.36


  Startpoint: instret_reg[29]
              (rising edge-triggered flip-flop clocked by CLK)
  Endpoint: instret_reg[29]
            (rising edge-triggered flip-flop clocked by CLK)
  Path Group: CLK
  Path Type: min

  Des/Clust/Port     Wire Load Model       Library
  ------------------------------------------------
  VX_commit          5K_hvratio_1_1        NangateOpenCellLibrary_ss0p95v125c

  Point                                    Incr       Path
  -----------------------------------------------------------
  clock CLK (rise edge)                    0.00       0.00
  clock network delay (ideal)              0.00       0.00
  instret_reg[29]/CK (DFF_X1)              0.00       0.00 r
  instret_reg[29]/QN (DFF_X1)              0.24       0.24 r
  U734/ZN (XNOR2_X1)                       0.07       0.31 f
  U1388/ZN (AOI22_X1)                      0.09       0.40 r
  U1389/ZN (INV_X1)                        0.04       0.44 f
  instret_reg[29]/D (DFF_X1)               0.01       0.45 f
  data arrival time                                   0.45

  clock CLK (rise edge)                    0.00       0.00
  clock network delay (ideal)              0.00       0.00
  clock uncertainty                        0.05       0.05
  instret_reg[29]/CK (DFF_X1)              0.00       0.05 r
  library hold time                        0.04       0.09
  data required time                                  0.09
  -----------------------------------------------------------
  data required time                                  0.09
  data arrival time                                  -0.45
  -----------------------------------------------------------
  slack (MET)                                         0.36


  Startpoint: instret_reg[31]
              (rising edge-triggered flip-flop clocked by CLK)
  Endpoint: instret_reg[31]
            (rising edge-triggered flip-flop clocked by CLK)
  Path Group: CLK
  Path Type: min

  Des/Clust/Port     Wire Load Model       Library
  ------------------------------------------------
  VX_commit          5K_hvratio_1_1        NangateOpenCellLibrary_ss0p95v125c

  Point                                    Incr       Path
  -----------------------------------------------------------
  clock CLK (rise edge)                    0.00       0.00
  clock network delay (ideal)              0.00       0.00
  instret_reg[31]/CK (DFF_X1)              0.00       0.00 r
  instret_reg[31]/Q (DFF_X1)               0.36       0.36 r
  U1384/ZN (AOI22_X1)                      0.06       0.42 f
  U1385/ZN (INV_X1)                        0.05       0.47 r
  instret_reg[31]/D (DFF_X1)               0.01       0.48 r
  data arrival time                                   0.48

  clock CLK (rise edge)                    0.00       0.00
  clock network delay (ideal)              0.00       0.00
  clock uncertainty                        0.05       0.05
  instret_reg[31]/CK (DFF_X1)              0.00       0.05 r
  library hold time                        0.06       0.11
  data required time                                  0.11
  -----------------------------------------------------------
  data required time                                  0.11
  data arrival time                                  -0.48
  -----------------------------------------------------------
  slack (MET)                                         0.36


  Startpoint: instret_reg[33]
              (rising edge-triggered flip-flop clocked by CLK)
  Endpoint: instret_reg[33]
            (rising edge-triggered flip-flop clocked by CLK)
  Path Group: CLK
  Path Type: min

  Des/Clust/Port     Wire Load Model       Library
  ------------------------------------------------
  VX_commit          5K_hvratio_1_1        NangateOpenCellLibrary_ss0p95v125c

  Point                                    Incr       Path
  -----------------------------------------------------------
  clock CLK (rise edge)                    0.00       0.00
  clock network delay (ideal)              0.00       0.00
  instret_reg[33]/CK (DFF_X1)              0.00       0.00 r
  instret_reg[33]/Q (DFF_X1)               0.36       0.36 r
  U1380/ZN (AOI22_X1)                      0.06       0.42 f
  U1381/ZN (INV_X1)                        0.05       0.47 r
  instret_reg[33]/D (DFF_X1)               0.01       0.48 r
  data arrival time                                   0.48

  clock CLK (rise edge)                    0.00       0.00
  clock network delay (ideal)              0.00       0.00
  clock uncertainty                        0.05       0.05
  instret_reg[33]/CK (DFF_X1)              0.00       0.05 r
  library hold time                        0.06       0.11
  data required time                                  0.11
  -----------------------------------------------------------
  data required time                                  0.11
  data arrival time                                  -0.48
  -----------------------------------------------------------
  slack (MET)                                         0.36


  Startpoint: instret_reg[7]
              (rising edge-triggered flip-flop clocked by CLK)
  Endpoint: instret_reg[7]
            (rising edge-triggered flip-flop clocked by CLK)
  Path Group: CLK
  Path Type: min

  Des/Clust/Port     Wire Load Model       Library
  ------------------------------------------------
  VX_commit          5K_hvratio_1_1        NangateOpenCellLibrary_ss0p95v125c

  Point                                    Incr       Path
  -----------------------------------------------------------
  clock CLK (rise edge)                    0.00       0.00
  clock network delay (ideal)              0.00       0.00
  instret_reg[7]/CK (DFF_X1)               0.00       0.00 r
  instret_reg[7]/QN (DFF_X1)               0.26       0.26 r
  U787/Z (XOR2_X1)                         0.07       0.33 f
  U1432/ZN (AOI22_X1)                      0.09       0.42 r
  U1433/ZN (INV_X1)                        0.04       0.46 f
  instret_reg[7]/D (DFF_X1)                0.01       0.46 f
  data arrival time                                   0.46

  clock CLK (rise edge)                    0.00       0.00
  clock network delay (ideal)              0.00       0.00
  clock uncertainty                        0.05       0.05
  instret_reg[7]/CK (DFF_X1)               0.00       0.05 r
  library hold time                        0.04       0.09
  data required time                                  0.09
  -----------------------------------------------------------
  data required time                                  0.09
  data arrival time                                  -0.46
  -----------------------------------------------------------
  slack (MET)                                         0.38


  Startpoint: instret_reg[11]
              (rising edge-triggered flip-flop clocked by CLK)
  Endpoint: instret_reg[11]
            (rising edge-triggered flip-flop clocked by CLK)
  Path Group: CLK
  Path Type: min

  Des/Clust/Port     Wire Load Model       Library
  ------------------------------------------------
  VX_commit          5K_hvratio_1_1        NangateOpenCellLibrary_ss0p95v125c

  Point                                    Incr       Path
  -----------------------------------------------------------
  clock CLK (rise edge)                    0.00       0.00
  clock network delay (ideal)              0.00       0.00
  instret_reg[11]/CK (DFF_X1)              0.00       0.00 r
  instret_reg[11]/QN (DFF_X1)              0.26       0.26 r
  U779/Z (XOR2_X1)                         0.07       0.33 f
  U1424/ZN (AOI22_X1)                      0.09       0.42 r
  U1425/ZN (INV_X1)                        0.04       0.46 f
  instret_reg[11]/D (DFF_X1)               0.01       0.46 f
  data arrival time                                   0.46

  clock CLK (rise edge)                    0.00       0.00
  clock network delay (ideal)              0.00       0.00
  clock uncertainty                        0.05       0.05
  instret_reg[11]/CK (DFF_X1)              0.00       0.05 r
  library hold time                        0.04       0.09
  data required time                                  0.09
  -----------------------------------------------------------
  data required time                                  0.09
  data arrival time                                  -0.46
  -----------------------------------------------------------
  slack (MET)                                         0.38


  Startpoint: instret_reg[13]
              (rising edge-triggered flip-flop clocked by CLK)
  Endpoint: instret_reg[13]
            (rising edge-triggered flip-flop clocked by CLK)
  Path Group: CLK
  Path Type: min

  Des/Clust/Port     Wire Load Model       Library
  ------------------------------------------------
  VX_commit          5K_hvratio_1_1        NangateOpenCellLibrary_ss0p95v125c

  Point                                    Incr       Path
  -----------------------------------------------------------
  clock CLK (rise edge)                    0.00       0.00
  clock network delay (ideal)              0.00       0.00
  instret_reg[13]/CK (DFF_X1)              0.00       0.00 r
  instret_reg[13]/QN (DFF_X1)              0.26       0.26 r
  U771/Z (XOR2_X1)                         0.07       0.33 f
  U1420/ZN (AOI22_X1)                      0.09       0.42 r
  U1421/ZN (INV_X1)                        0.04       0.46 f
  instret_reg[13]/D (DFF_X1)               0.01       0.46 f
  data arrival time                                   0.46

  clock CLK (rise edge)                    0.00       0.00
  clock network delay (ideal)              0.00       0.00
  clock uncertainty                        0.05       0.05
  instret_reg[13]/CK (DFF_X1)              0.00       0.05 r
  library hold time                        0.04       0.09
  data required time                                  0.09
  -----------------------------------------------------------
  data required time                                  0.09
  data arrival time                                  -0.46
  -----------------------------------------------------------
  slack (MET)                                         0.38


  Startpoint: g_commit_arbs[0].commit_arb/g_input_select.g_arbiter.g_out_buf[0].out_buf/g_eb1.pipe_buffer/g_register.g_pipe_regs[0].pipe_register/g_shift_register/g_shift.pipe_reg[0][167]
              (rising edge-triggered flip-flop clocked by CLK)
  Endpoint: commit_size_reg1/g_shift_register/g_shift.pipe_reg[0][2]
            (rising edge-triggered flip-flop clocked by CLK)
  Path Group: CLK
  Path Type: min

  Des/Clust/Port     Wire Load Model       Library
  ------------------------------------------------
  VX_commit          5K_hvratio_1_1        NangateOpenCellLibrary_ss0p95v125c

  Point                                                   Incr       Path
  --------------------------------------------------------------------------
  clock CLK (rise edge)                                   0.00       0.00
  clock network delay (ideal)                             0.00       0.00
  g_commit_arbs[0].commit_arb/g_input_select.g_arbiter.g_out_buf[0].out_buf/g_eb1.pipe_buffer/g_register.g_pipe_regs[0].pipe_register/g_shift_register/g_shift.pipe_reg[0][167]/CK (DFF_X1)
                                                          0.00       0.00 r
  g_commit_arbs[0].commit_arb/g_input_select.g_arbiter.g_out_buf[0].out_buf/g_eb1.pipe_buffer/g_register.g_pipe_regs[0].pipe_register/g_shift_register/g_shift.pipe_reg[0][167]/Q (DFF_X1)
                                                          0.30       0.30 f
  U802/ZN (NAND3_X1)                                      0.11       0.41 r
  U804/ZN (NOR2_X1)                                       0.05       0.46 f
  commit_size_reg1/g_shift_register/g_shift.pipe_reg[0][2]/D (DFF_X1)
                                                          0.01       0.47 f
  data arrival time                                                  0.47

  clock CLK (rise edge)                                   0.00       0.00
  clock network delay (ideal)                             0.00       0.00
  clock uncertainty                                       0.05       0.05
  commit_size_reg1/g_shift_register/g_shift.pipe_reg[0][2]/CK (DFF_X1)
                                                          0.00       0.05 r
  library hold time                                       0.04       0.09
  data required time                                                 0.09
  --------------------------------------------------------------------------
  data required time                                                 0.09
  data arrival time                                                 -0.47
  --------------------------------------------------------------------------
  slack (MET)                                                        0.38


  Startpoint: instret_reg[9]
              (rising edge-triggered flip-flop clocked by CLK)
  Endpoint: instret_reg[9]
            (rising edge-triggered flip-flop clocked by CLK)
  Path Group: CLK
  Path Type: min

  Des/Clust/Port     Wire Load Model       Library
  ------------------------------------------------
  VX_commit          5K_hvratio_1_1        NangateOpenCellLibrary_ss0p95v125c

  Point                                    Incr       Path
  -----------------------------------------------------------
  clock CLK (rise edge)                    0.00       0.00
  clock network delay (ideal)              0.00       0.00
  instret_reg[9]/CK (DFF_X1)               0.00       0.00 r
  instret_reg[9]/Q (DFF_X1)                0.37       0.37 r
  U1428/ZN (AOI22_X1)                      0.07       0.44 f
  U1429/ZN (INV_X1)                        0.05       0.49 r
  instret_reg[9]/D (DFF_X1)                0.01       0.50 r
  data arrival time                                   0.50

  clock CLK (rise edge)                    0.00       0.00
  clock network delay (ideal)              0.00       0.00
  clock uncertainty                        0.05       0.05
  instret_reg[9]/CK (DFF_X1)               0.00       0.05 r
  library hold time                        0.06       0.11
  data required time                                  0.11
  -----------------------------------------------------------
  data required time                                  0.11
  data arrival time                                  -0.50
  -----------------------------------------------------------
  slack (MET)                                         0.38


  Startpoint: instret_reg[43]
              (rising edge-triggered flip-flop clocked by CLK)
  Endpoint: instret_reg[43]
            (rising edge-triggered flip-flop clocked by CLK)
  Path Group: CLK
  Path Type: min

  Des/Clust/Port     Wire Load Model       Library
  ------------------------------------------------
  VX_commit          5K_hvratio_1_1        NangateOpenCellLibrary_ss0p95v125c

  Point                                    Incr       Path
  -----------------------------------------------------------
  clock CLK (rise edge)                    0.00       0.00
  clock network delay (ideal)              0.00       0.00
  instret_reg[43]/CK (DFF_X1)              0.00       0.00 r
  instret_reg[43]/Q (DFF_X1)               0.37       0.37 r
  U1360/ZN (AOI22_X1)                      0.07       0.45 f
  U1361/ZN (INV_X1)                        0.05       0.50 r
  instret_reg[43]/D (DFF_X1)               0.01       0.51 r
  data arrival time                                   0.51

  clock CLK (rise edge)                    0.00       0.00
  clock network delay (ideal)              0.00       0.00
  clock uncertainty                        0.05       0.05
  instret_reg[43]/CK (DFF_X1)              0.00       0.05 r
  library hold time                        0.06       0.11
  data required time                                  0.11
  -----------------------------------------------------------
  data required time                                  0.11
  data arrival time                                  -0.51
  -----------------------------------------------------------
  slack (MET)                                         0.39


  Startpoint: instret_reg[0]
              (rising edge-triggered flip-flop clocked by CLK)
  Endpoint: instret_reg[0]
            (rising edge-triggered flip-flop clocked by CLK)
  Path Group: CLK
  Path Type: min

  Des/Clust/Port     Wire Load Model       Library
  ------------------------------------------------
  VX_commit          5K_hvratio_1_1        NangateOpenCellLibrary_ss0p95v125c

  Point                                    Incr       Path
  -----------------------------------------------------------
  clock CLK (rise edge)                    0.00       0.00
  clock network delay (ideal)              0.00       0.00
  instret_reg[0]/CK (DFF_X1)               0.00       0.00 r
  instret_reg[0]/Q (DFF_X1)                0.38       0.38 r
  U1446/ZN (AOI22_X1)                      0.08       0.46 f
  U1447/ZN (INV_X1)                        0.05       0.50 r
  instret_reg[0]/D (DFF_X1)                0.01       0.51 r
  data arrival time                                   0.51

  clock CLK (rise edge)                    0.00       0.00
  clock network delay (ideal)              0.00       0.00
  clock uncertainty                        0.05       0.05
  instret_reg[0]/CK (DFF_X1)               0.00       0.05 r
  library hold time                        0.06       0.11
  data required time                                  0.11
  -----------------------------------------------------------
  data required time                                  0.11
  data arrival time                                  -0.51
  -----------------------------------------------------------
  slack (MET)                                         0.40


  Startpoint: instret_reg[35]
              (rising edge-triggered flip-flop clocked by CLK)
  Endpoint: instret_reg[35]
            (rising edge-triggered flip-flop clocked by CLK)
  Path Group: CLK
  Path Type: min

  Des/Clust/Port     Wire Load Model       Library
  ------------------------------------------------
  VX_commit          5K_hvratio_1_1        NangateOpenCellLibrary_ss0p95v125c

  Point                                    Incr       Path
  -----------------------------------------------------------
  clock CLK (rise edge)                    0.00       0.00
  clock network delay (ideal)              0.00       0.00
  instret_reg[35]/CK (DFF_X1)              0.00       0.00 r
  instret_reg[35]/Q (DFF_X1)               0.38       0.38 r
  U1376/ZN (AOI22_X1)                      0.08       0.46 f
  U1377/ZN (INV_X1)                        0.05       0.51 r
  instret_reg[35]/D (DFF_X1)               0.01       0.52 r
  data arrival time                                   0.52

  clock CLK (rise edge)                    0.00       0.00
  clock network delay (ideal)              0.00       0.00
  clock uncertainty                        0.05       0.05
  instret_reg[35]/CK (DFF_X1)              0.00       0.05 r
  library hold time                        0.06       0.11
  data required time                                  0.11
  -----------------------------------------------------------
  data required time                                  0.11
  data arrival time                                  -0.52
  -----------------------------------------------------------
  slack (MET)                                         0.40


  Startpoint: instret_reg[36]
              (rising edge-triggered flip-flop clocked by CLK)
  Endpoint: instret_reg[36]
            (rising edge-triggered flip-flop clocked by CLK)
  Path Group: CLK
  Path Type: min

  Des/Clust/Port     Wire Load Model       Library
  ------------------------------------------------
  VX_commit          5K_hvratio_1_1        NangateOpenCellLibrary_ss0p95v125c

  Point                                    Incr       Path
  -----------------------------------------------------------
  clock CLK (rise edge)                    0.00       0.00
  clock network delay (ideal)              0.00       0.00
  instret_reg[36]/CK (DFF_X1)              0.00       0.00 r
  instret_reg[36]/Q (DFF_X1)               0.38       0.38 r
  U1374/ZN (AOI22_X1)                      0.08       0.46 f
  U1375/ZN (INV_X1)                        0.05       0.51 r
  instret_reg[36]/D (DFF_X1)               0.01       0.52 r
  data arrival time                                   0.52

  clock CLK (rise edge)                    0.00       0.00
  clock network delay (ideal)              0.00       0.00
  clock uncertainty                        0.05       0.05
  instret_reg[36]/CK (DFF_X1)              0.00       0.05 r
  library hold time                        0.06       0.11
  data required time                                  0.11
  -----------------------------------------------------------
  data required time                                  0.11
  data arrival time                                  -0.52
  -----------------------------------------------------------
  slack (MET)                                         0.40


  Startpoint: instret_reg[37]
              (rising edge-triggered flip-flop clocked by CLK)
  Endpoint: instret_reg[37]
            (rising edge-triggered flip-flop clocked by CLK)
  Path Group: CLK
  Path Type: min

  Des/Clust/Port     Wire Load Model       Library
  ------------------------------------------------
  VX_commit          5K_hvratio_1_1        NangateOpenCellLibrary_ss0p95v125c

  Point                                    Incr       Path
  -----------------------------------------------------------
  clock CLK (rise edge)                    0.00       0.00
  clock network delay (ideal)              0.00       0.00
  instret_reg[37]/CK (DFF_X1)              0.00       0.00 r
  instret_reg[37]/Q (DFF_X1)               0.38       0.38 r
  U1372/ZN (AOI22_X1)                      0.08       0.46 f
  U1373/ZN (INV_X1)                        0.05       0.51 r
  instret_reg[37]/D (DFF_X1)               0.01       0.52 r
  data arrival time                                   0.52

  clock CLK (rise edge)                    0.00       0.00
  clock network delay (ideal)              0.00       0.00
  clock uncertainty                        0.05       0.05
  instret_reg[37]/CK (DFF_X1)              0.00       0.05 r
  library hold time                        0.06       0.11
  data required time                                  0.11
  -----------------------------------------------------------
  data required time                                  0.11
  data arrival time                                  -0.52
  -----------------------------------------------------------
  slack (MET)                                         0.40


  Startpoint: instret_reg[38]
              (rising edge-triggered flip-flop clocked by CLK)
  Endpoint: instret_reg[38]
            (rising edge-triggered flip-flop clocked by CLK)
  Path Group: CLK
  Path Type: min

  Des/Clust/Port     Wire Load Model       Library
  ------------------------------------------------
  VX_commit          5K_hvratio_1_1        NangateOpenCellLibrary_ss0p95v125c

  Point                                    Incr       Path
  -----------------------------------------------------------
  clock CLK (rise edge)                    0.00       0.00
  clock network delay (ideal)              0.00       0.00
  instret_reg[38]/CK (DFF_X1)              0.00       0.00 r
  instret_reg[38]/Q (DFF_X1)               0.38       0.38 r
  U1370/ZN (AOI22_X1)                      0.08       0.46 f
  U1371/ZN (INV_X1)                        0.05       0.51 r
  instret_reg[38]/D (DFF_X1)               0.01       0.52 r
  data arrival time                                   0.52

  clock CLK (rise edge)                    0.00       0.00
  clock network delay (ideal)              0.00       0.00
  clock uncertainty                        0.05       0.05
  instret_reg[38]/CK (DFF_X1)              0.00       0.05 r
  library hold time                        0.06       0.11
  data required time                                  0.11
  -----------------------------------------------------------
  data required time                                  0.11
  data arrival time                                  -0.52
  -----------------------------------------------------------
  slack (MET)                                         0.40


  Startpoint: instret_reg[39]
              (rising edge-triggered flip-flop clocked by CLK)
  Endpoint: instret_reg[39]
            (rising edge-triggered flip-flop clocked by CLK)
  Path Group: CLK
  Path Type: min

  Des/Clust/Port     Wire Load Model       Library
  ------------------------------------------------
  VX_commit          5K_hvratio_1_1        NangateOpenCellLibrary_ss0p95v125c

  Point                                    Incr       Path
  -----------------------------------------------------------
  clock CLK (rise edge)                    0.00       0.00
  clock network delay (ideal)              0.00       0.00
  instret_reg[39]/CK (DFF_X1)              0.00       0.00 r
  instret_reg[39]/Q (DFF_X1)               0.38       0.38 r
  U1368/ZN (AOI22_X1)                      0.08       0.46 f
  U1369/ZN (INV_X1)                        0.05       0.51 r
  instret_reg[39]/D (DFF_X1)               0.01       0.52 r
  data arrival time                                   0.52

  clock CLK (rise edge)                    0.00       0.00
  clock network delay (ideal)              0.00       0.00
  clock uncertainty                        0.05       0.05
  instret_reg[39]/CK (DFF_X1)              0.00       0.05 r
  library hold time                        0.06       0.11
  data required time                                  0.11
  -----------------------------------------------------------
  data required time                                  0.11
  data arrival time                                  -0.52
  -----------------------------------------------------------
  slack (MET)                                         0.40


  Startpoint: instret_reg[40]
              (rising edge-triggered flip-flop clocked by CLK)
  Endpoint: instret_reg[40]
            (rising edge-triggered flip-flop clocked by CLK)
  Path Group: CLK
  Path Type: min

  Des/Clust/Port     Wire Load Model       Library
  ------------------------------------------------
  VX_commit          5K_hvratio_1_1        NangateOpenCellLibrary_ss0p95v125c

  Point                                    Incr       Path
  -----------------------------------------------------------
  clock CLK (rise edge)                    0.00       0.00
  clock network delay (ideal)              0.00       0.00
  instret_reg[40]/CK (DFF_X1)              0.00       0.00 r
  instret_reg[40]/Q (DFF_X1)               0.38       0.38 r
  U1366/ZN (AOI22_X1)                      0.08       0.46 f
  U1367/ZN (INV_X1)                        0.05       0.51 r
  instret_reg[40]/D (DFF_X1)               0.01       0.52 r
  data arrival time                                   0.52

  clock CLK (rise edge)                    0.00       0.00
  clock network delay (ideal)              0.00       0.00
  clock uncertainty                        0.05       0.05
  instret_reg[40]/CK (DFF_X1)              0.00       0.05 r
  library hold time                        0.06       0.11
  data required time                                  0.11
  -----------------------------------------------------------
  data required time                                  0.11
  data arrival time                                  -0.52
  -----------------------------------------------------------
  slack (MET)                                         0.40


  Startpoint: instret_reg[41]
              (rising edge-triggered flip-flop clocked by CLK)
  Endpoint: instret_reg[41]
            (rising edge-triggered flip-flop clocked by CLK)
  Path Group: CLK
  Path Type: min

  Des/Clust/Port     Wire Load Model       Library
  ------------------------------------------------
  VX_commit          5K_hvratio_1_1        NangateOpenCellLibrary_ss0p95v125c

  Point                                    Incr       Path
  -----------------------------------------------------------
  clock CLK (rise edge)                    0.00       0.00
  clock network delay (ideal)              0.00       0.00
  instret_reg[41]/CK (DFF_X1)              0.00       0.00 r
  instret_reg[41]/Q (DFF_X1)               0.38       0.38 r
  U1364/ZN (AOI22_X1)                      0.08       0.46 f
  U1365/ZN (INV_X1)                        0.05       0.51 r
  instret_reg[41]/D (DFF_X1)               0.01       0.52 r
  data arrival time                                   0.52

  clock CLK (rise edge)                    0.00       0.00
  clock network delay (ideal)              0.00       0.00
  clock uncertainty                        0.05       0.05
  instret_reg[41]/CK (DFF_X1)              0.00       0.05 r
  library hold time                        0.06       0.11
  data required time                                  0.11
  -----------------------------------------------------------
  data required time                                  0.11
  data arrival time                                  -0.52
  -----------------------------------------------------------
  slack (MET)                                         0.40


  Startpoint: instret_reg[42]
              (rising edge-triggered flip-flop clocked by CLK)
  Endpoint: instret_reg[42]
            (rising edge-triggered flip-flop clocked by CLK)
  Path Group: CLK
  Path Type: min

  Des/Clust/Port     Wire Load Model       Library
  ------------------------------------------------
  VX_commit          5K_hvratio_1_1        NangateOpenCellLibrary_ss0p95v125c

  Point                                    Incr       Path
  -----------------------------------------------------------
  clock CLK (rise edge)                    0.00       0.00
  clock network delay (ideal)              0.00       0.00
  instret_reg[42]/CK (DFF_X1)              0.00       0.00 r
  instret_reg[42]/Q (DFF_X1)               0.38       0.38 r
  U1362/ZN (AOI22_X1)                      0.08       0.46 f
  U1363/ZN (INV_X1)                        0.05       0.51 r
  instret_reg[42]/D (DFF_X1)               0.01       0.52 r
  data arrival time                                   0.52

  clock CLK (rise edge)                    0.00       0.00
  clock network delay (ideal)              0.00       0.00
  clock uncertainty                        0.05       0.05
  instret_reg[42]/CK (DFF_X1)              0.00       0.05 r
  library hold time                        0.06       0.11
  data required time                                  0.11
  -----------------------------------------------------------
  data required time                                  0.11
  data arrival time                                  -0.52
  -----------------------------------------------------------
  slack (MET)                                         0.40


  Startpoint: instret_reg[1]
              (rising edge-triggered flip-flop clocked by CLK)
  Endpoint: instret_reg[1]
            (rising edge-triggered flip-flop clocked by CLK)
  Path Group: CLK
  Path Type: min

  Des/Clust/Port     Wire Load Model       Library
  ------------------------------------------------
  VX_commit          5K_hvratio_1_1        NangateOpenCellLibrary_ss0p95v125c

  Point                                    Incr       Path
  -----------------------------------------------------------
  clock CLK (rise edge)                    0.00       0.00
  clock network delay (ideal)              0.00       0.00
  instret_reg[1]/CK (DFF_X1)               0.00       0.00 r
  instret_reg[1]/Q (DFF_X1)                0.38       0.38 r
  U1444/ZN (AOI22_X1)                      0.08       0.46 f
  U1445/ZN (INV_X1)                        0.05       0.52 r
  instret_reg[1]/D (DFF_X1)                0.01       0.52 r
  data arrival time                                   0.52

  clock CLK (rise edge)                    0.00       0.00
  clock network delay (ideal)              0.00       0.00
  clock uncertainty                        0.05       0.05
  instret_reg[1]/CK (DFF_X1)               0.00       0.05 r
  library hold time                        0.06       0.11
  data required time                                  0.11
  -----------------------------------------------------------
  data required time                                  0.11
  data arrival time                                  -0.52
  -----------------------------------------------------------
  slack (MET)                                         0.41


  Startpoint: instret_reg[2]
              (rising edge-triggered flip-flop clocked by CLK)
  Endpoint: instret_reg[2]
            (rising edge-triggered flip-flop clocked by CLK)
  Path Group: CLK
  Path Type: min

  Des/Clust/Port     Wire Load Model       Library
  ------------------------------------------------
  VX_commit          5K_hvratio_1_1        NangateOpenCellLibrary_ss0p95v125c

  Point                                    Incr       Path
  -----------------------------------------------------------
  clock CLK (rise edge)                    0.00       0.00
  clock network delay (ideal)              0.00       0.00
  instret_reg[2]/CK (DFF_X1)               0.00       0.00 r
  instret_reg[2]/Q (DFF_X1)                0.38       0.38 r
  U1442/ZN (AOI22_X1)                      0.08       0.46 f
  U1443/ZN (INV_X1)                        0.05       0.52 r
  instret_reg[2]/D (DFF_X1)                0.01       0.52 r
  data arrival time                                   0.52

  clock CLK (rise edge)                    0.00       0.00
  clock network delay (ideal)              0.00       0.00
  clock uncertainty                        0.05       0.05
  instret_reg[2]/CK (DFF_X1)               0.00       0.05 r
  library hold time                        0.06       0.11
  data required time                                  0.11
  -----------------------------------------------------------
  data required time                                  0.11
  data arrival time                                  -0.52
  -----------------------------------------------------------
  slack (MET)                                         0.41


  Startpoint: g_commit_arbs[0].commit_arb/g_input_select.g_arbiter.g_out_buf[0].out_buf/g_eb1.pipe_buffer/g_register.g_pipe_regs[0].pipe_register/g_shift_register/g_shift.pipe_reg[0][177]
              (rising edge-triggered flip-flop clocked by CLK)
  Endpoint: commit_size_reg1/g_shift_register/g_shift.pipe_reg[0][1]
            (rising edge-triggered flip-flop clocked by CLK)
  Path Group: CLK
  Path Type: min

  Des/Clust/Port     Wire Load Model       Library
  ------------------------------------------------
  VX_commit          5K_hvratio_1_1        NangateOpenCellLibrary_ss0p95v125c

  Point                                                   Incr       Path
  --------------------------------------------------------------------------
  clock CLK (rise edge)                                   0.00       0.00
  clock network delay (ideal)                             0.00       0.00
  g_commit_arbs[0].commit_arb/g_input_select.g_arbiter.g_out_buf[0].out_buf/g_eb1.pipe_buffer/g_register.g_pipe_regs[0].pipe_register/g_shift_register/g_shift.pipe_reg[0][177]/CK (DFF_X1)
                                                          0.00       0.00 r
  g_commit_arbs[0].commit_arb/g_input_select.g_arbiter.g_out_buf[0].out_buf/g_eb1.pipe_buffer/g_register.g_pipe_regs[0].pipe_register/g_shift_register/g_shift.pipe_reg[0][177]/Q (DFF_X1)
                                                          0.31       0.31 f
  U806/ZN (OAI21_X1)                                      0.10       0.42 r
  U807/ZN (NAND2_X1)                                      0.06       0.48 f
  U812/ZN (OAI211_X1)                                     0.07       0.55 r
  commit_size_reg1/g_shift_register/g_shift.pipe_reg[0][1]/D (DFF_X1)
                                                          0.01       0.56 r
  data arrival time                                                  0.56

  clock CLK (rise edge)                                   0.00       0.00
  clock network delay (ideal)                             0.00       0.00
  clock uncertainty                                       0.05       0.05
  commit_size_reg1/g_shift_register/g_shift.pipe_reg[0][1]/CK (DFF_X1)
                                                          0.00       0.05 r
  library hold time                                       0.08       0.13
  data required time                                                 0.13
  --------------------------------------------------------------------------
  data required time                                                 0.13
  data arrival time                                                 -0.56
  --------------------------------------------------------------------------
  slack (MET)                                                        0.44


  Startpoint: g_commit_arbs[0].commit_arb/g_input_select.g_arbiter.g_out_buf[0].out_buf/g_eb1.pipe_buffer/g_register.g_pipe_regs[0].pipe_register/g_shift_register/g_shift.pipe_reg[0][167]
              (rising edge-triggered flip-flop clocked by CLK)
  Endpoint: commit_size_reg1/g_shift_register/g_shift.pipe_reg[0][0]
            (rising edge-triggered flip-flop clocked by CLK)
  Path Group: CLK
  Path Type: min

  Des/Clust/Port     Wire Load Model       Library
  ------------------------------------------------
  VX_commit          5K_hvratio_1_1        NangateOpenCellLibrary_ss0p95v125c

  Point                                                   Incr       Path
  --------------------------------------------------------------------------
  clock CLK (rise edge)                                   0.00       0.00
  clock network delay (ideal)                             0.00       0.00
  g_commit_arbs[0].commit_arb/g_input_select.g_arbiter.g_out_buf[0].out_buf/g_eb1.pipe_buffer/g_register.g_pipe_regs[0].pipe_register/g_shift_register/g_shift.pipe_reg[0][167]/CK (DFF_X1)
                                                          0.00       0.00 r
  g_commit_arbs[0].commit_arb/g_input_select.g_arbiter.g_out_buf[0].out_buf/g_eb1.pipe_buffer/g_register.g_pipe_regs[0].pipe_register/g_shift_register/g_shift.pipe_reg[0][167]/Q (DFF_X1)
                                                          0.30       0.30 f
  U802/ZN (NAND3_X1)                                      0.11       0.41 r
  U813/ZN (NAND2_X1)                                      0.07       0.48 f
  U815/Z (XOR2_X1)                                        0.11       0.59 r
  commit_size_reg1/g_shift_register/g_shift.pipe_reg[0][0]/D (DFF_X1)
                                                          0.01       0.60 r
  data arrival time                                                  0.60

  clock CLK (rise edge)                                   0.00       0.00
  clock network delay (ideal)                             0.00       0.00
  clock uncertainty                                       0.05       0.05
  commit_size_reg1/g_shift_register/g_shift.pipe_reg[0][0]/CK (DFF_X1)
                                                          0.00       0.05 r
  library hold time                                       0.09       0.14
  data required time                                                 0.14
  --------------------------------------------------------------------------
  data required time                                                 0.14
  data arrival time                                                 -0.60
  --------------------------------------------------------------------------
  slack (MET)                                                        0.46


  Startpoint: commit_if[1].valid
              (input port clocked by CLK)
  Endpoint: commit_if[2].ready
            (output port clocked by CLK)
  Path Group: INOUT
  Path Type: min

  Des/Clust/Port     Wire Load Model       Library
  ------------------------------------------------
  VX_commit          5K_hvratio_1_1        NangateOpenCellLibrary_ss0p95v125c

  Point                                    Incr       Path
  -----------------------------------------------------------
  clock CLK (rise edge)                    0.00       0.00
  clock network delay (ideal)              0.00       0.00
  input external delay                     1.20       1.20 r
  commit_if[1].valid (in)                  0.03       1.23 r
  U666/ZN (NOR3_X1)                        0.05       1.28 f
  commit_if[2].ready (out)                 0.01       1.29 f
  data arrival time                                   1.29

  clock CLK (rise edge)                    0.00       0.00
  clock network delay (ideal)              0.00       0.00
  clock uncertainty                        0.05       0.05
  output external delay                   -1.20      -1.15
  data required time                                 -1.15
  -----------------------------------------------------------
  data required time                                 -1.15
  data arrival time                                  -1.29
  -----------------------------------------------------------
  slack (MET)                                         2.44


  Startpoint: commit_if[3].valid
              (input port clocked by CLK)
  Endpoint: commit_if[3].ready
            (output port clocked by CLK)
  Path Group: INOUT
  Path Type: min

  Des/Clust/Port     Wire Load Model       Library
  ------------------------------------------------
  VX_commit          5K_hvratio_1_1        NangateOpenCellLibrary_ss0p95v125c

  Point                                    Incr       Path
  -----------------------------------------------------------
  clock CLK (rise edge)                    0.00       0.00
  clock network delay (ideal)              0.00       0.00
  input external delay                     1.20       1.20 r
  commit_if[3].valid (in)                  0.02       1.22 r
  U817/ZN (AND2_X1)                        0.09       1.31 r
  commit_if[3].ready (out)                 0.01       1.31 r
  data arrival time                                   1.31

  clock CLK (rise edge)                    0.00       0.00
  clock network delay (ideal)              0.00       0.00
  clock uncertainty                        0.05       0.05
  output external delay                   -1.20      -1.15
  data required time                                 -1.15
  -----------------------------------------------------------
  data required time                                 -1.15
  data arrival time                                  -1.31
  -----------------------------------------------------------
  slack (MET)                                         2.46


  Startpoint: commit_if[1].valid
              (input port clocked by CLK)
  Endpoint: commit_if[1].ready
            (output port clocked by CLK)
  Path Group: INOUT
  Path Type: min

  Des/Clust/Port     Wire Load Model       Library
  ------------------------------------------------
  VX_commit          5K_hvratio_1_1        NangateOpenCellLibrary_ss0p95v125c

  Point                                    Incr       Path
  -----------------------------------------------------------
  clock CLK (rise edge)                    0.00       0.00
  clock network delay (ideal)              0.00       0.00
  input external delay                     1.20       1.20 f
  commit_if[1].valid (in)                  0.01       1.21 f
  U669/ZN (INV_X1)                         0.07       1.28 r
  U660/ZN (NOR2_X2)                        0.08       1.36 f
  commit_if[1].ready (out)                 0.01       1.37 f
  data arrival time                                   1.37

  clock CLK (rise edge)                    0.00       0.00
  clock network delay (ideal)              0.00       0.00
  clock uncertainty                        0.05       0.05
  output external delay                   -1.20      -1.15
  data required time                                 -1.15
  -----------------------------------------------------------
  data required time                                 -1.15
  data arrival time                                  -1.37
  -----------------------------------------------------------
  slack (MET)                                         2.52


  Startpoint: commit_if[0].valid
              (input port clocked by CLK)
  Endpoint: commit_if[0].ready
            (output port clocked by CLK)
  Path Group: INOUT
  Path Type: min

  Des/Clust/Port     Wire Load Model       Library
  ------------------------------------------------
  VX_commit          5K_hvratio_1_1        NangateOpenCellLibrary_ss0p95v125c

  Point                                    Incr       Path
  -----------------------------------------------------------
  clock CLK (rise edge)                    0.00       0.00
  clock network delay (ideal)              0.00       0.00
  input external delay                     1.20       1.20 f
  commit_if[0].valid (in)                  0.14       1.34 f
  U654/Z (CLKBUF_X1)                       0.38       1.73 f
  commit_if[0].ready (out)                 0.01       1.74 f
  data arrival time                                   1.74

  clock CLK (rise edge)                    0.00       0.00
  clock network delay (ideal)              0.00       0.00
  clock uncertainty                        0.05       0.05
  output external delay                   -1.20      -1.15
  data required time                                 -1.15
  -----------------------------------------------------------
  data required time                                 -1.15
  data arrival time                                  -1.74
  -----------------------------------------------------------
  slack (MET)                                         2.89


  Startpoint: commit_if[0].data[0]
              (input port clocked by CLK)
  Endpoint: g_commit_arbs[0].commit_arb/g_input_select.g_arbiter.g_out_buf[0].out_buf/g_eb1.pipe_buffer/g_register.g_pipe_regs[0].pipe_register/g_shift_register/g_shift.pipe_reg[0][0]
            (rising edge-triggered flip-flop clocked by CLK)
  Path Group: INREG
  Path Type: min

  Des/Clust/Port     Wire Load Model       Library
  ------------------------------------------------
  VX_commit          5K_hvratio_1_1        NangateOpenCellLibrary_ss0p95v125c

  Point                                                   Incr       Path
  --------------------------------------------------------------------------
  clock CLK (rise edge)                                   0.00       0.00
  clock network delay (ideal)                             0.00       0.00
  input external delay                                    1.20       1.20 r
  commit_if[0].data[0] (in)                               0.01       1.21 r
  U1345/ZN (AOI22_X1)                                     0.05       1.26 f
  U1347/ZN (NAND2_X1)                                     0.05       1.31 r
  g_commit_arbs[0].commit_arb/g_input_select.g_arbiter.g_out_buf[0].out_buf/g_eb1.pipe_buffer/g_register.g_pipe_regs[0].pipe_register/g_shift_register/g_shift.pipe_reg[0][0]/D (DFF_X1)
                                                          0.01       1.32 r
  data arrival time                                                  1.32

  clock CLK (rise edge)                                   0.00       0.00
  clock network delay (ideal)                             0.00       0.00
  clock uncertainty                                       0.05       0.05
  g_commit_arbs[0].commit_arb/g_input_select.g_arbiter.g_out_buf[0].out_buf/g_eb1.pipe_buffer/g_register.g_pipe_regs[0].pipe_register/g_shift_register/g_shift.pipe_reg[0][0]/CK (DFF_X1)
                                                          0.00       0.05 r
  library hold time                                       0.07       0.12
  data required time                                                 0.12
  --------------------------------------------------------------------------
  data required time                                                 0.12
  data arrival time                                                 -1.32
  --------------------------------------------------------------------------
  slack (MET)                                                        1.20


  Startpoint: commit_if[0].data[1]
              (input port clocked by CLK)
  Endpoint: g_commit_arbs[0].commit_arb/g_input_select.g_arbiter.g_out_buf[0].out_buf/g_eb1.pipe_buffer/g_register.g_pipe_regs[0].pipe_register/g_shift_register/g_shift.pipe_reg[0][1]
            (rising edge-triggered flip-flop clocked by CLK)
  Path Group: INREG
  Path Type: min

  Des/Clust/Port     Wire Load Model       Library
  ------------------------------------------------
  VX_commit          5K_hvratio_1_1        NangateOpenCellLibrary_ss0p95v125c

  Point                                                   Incr       Path
  --------------------------------------------------------------------------
  clock CLK (rise edge)                                   0.00       0.00
  clock network delay (ideal)                             0.00       0.00
  input external delay                                    1.20       1.20 r
  commit_if[0].data[1] (in)                               0.01       1.21 r
  U1342/ZN (AOI22_X1)                                     0.05       1.26 f
  U1344/ZN (NAND2_X1)                                     0.05       1.31 r
  g_commit_arbs[0].commit_arb/g_input_select.g_arbiter.g_out_buf[0].out_buf/g_eb1.pipe_buffer/g_register.g_pipe_regs[0].pipe_register/g_shift_register/g_shift.pipe_reg[0][1]/D (DFF_X1)
                                                          0.01       1.32 r
  data arrival time                                                  1.32

  clock CLK (rise edge)                                   0.00       0.00
  clock network delay (ideal)                             0.00       0.00
  clock uncertainty                                       0.05       0.05
  g_commit_arbs[0].commit_arb/g_input_select.g_arbiter.g_out_buf[0].out_buf/g_eb1.pipe_buffer/g_register.g_pipe_regs[0].pipe_register/g_shift_register/g_shift.pipe_reg[0][1]/CK (DFF_X1)
                                                          0.00       0.05 r
  library hold time                                       0.07       0.12
  data required time                                                 0.12
  --------------------------------------------------------------------------
  data required time                                                 0.12
  data arrival time                                                 -1.32
  --------------------------------------------------------------------------
  slack (MET)                                                        1.20


  Startpoint: commit_if[0].data[2]
              (input port clocked by CLK)
  Endpoint: g_commit_arbs[0].commit_arb/g_input_select.g_arbiter.g_out_buf[0].out_buf/g_eb1.pipe_buffer/g_register.g_pipe_regs[0].pipe_register/g_shift_register/g_shift.pipe_reg[0][2]
            (rising edge-triggered flip-flop clocked by CLK)
  Path Group: INREG
  Path Type: min

  Des/Clust/Port     Wire Load Model       Library
  ------------------------------------------------
  VX_commit          5K_hvratio_1_1        NangateOpenCellLibrary_ss0p95v125c

  Point                                                   Incr       Path
  --------------------------------------------------------------------------
  clock CLK (rise edge)                                   0.00       0.00
  clock network delay (ideal)                             0.00       0.00
  input external delay                                    1.20       1.20 r
  commit_if[0].data[2] (in)                               0.01       1.21 r
  U1339/ZN (AOI22_X1)                                     0.05       1.26 f
  U1341/ZN (NAND2_X1)                                     0.05       1.31 r
  g_commit_arbs[0].commit_arb/g_input_select.g_arbiter.g_out_buf[0].out_buf/g_eb1.pipe_buffer/g_register.g_pipe_regs[0].pipe_register/g_shift_register/g_shift.pipe_reg[0][2]/D (DFF_X1)
                                                          0.01       1.32 r
  data arrival time                                                  1.32

  clock CLK (rise edge)                                   0.00       0.00
  clock network delay (ideal)                             0.00       0.00
  clock uncertainty                                       0.05       0.05
  g_commit_arbs[0].commit_arb/g_input_select.g_arbiter.g_out_buf[0].out_buf/g_eb1.pipe_buffer/g_register.g_pipe_regs[0].pipe_register/g_shift_register/g_shift.pipe_reg[0][2]/CK (DFF_X1)
                                                          0.00       0.05 r
  library hold time                                       0.07       0.12
  data required time                                                 0.12
  --------------------------------------------------------------------------
  data required time                                                 0.12
  data arrival time                                                 -1.32
  --------------------------------------------------------------------------
  slack (MET)                                                        1.20


  Startpoint: commit_if[0].data[3]
              (input port clocked by CLK)
  Endpoint: g_commit_arbs[0].commit_arb/g_input_select.g_arbiter.g_out_buf[0].out_buf/g_eb1.pipe_buffer/g_register.g_pipe_regs[0].pipe_register/g_shift_register/g_shift.pipe_reg[0][3]
            (rising edge-triggered flip-flop clocked by CLK)
  Path Group: INREG
  Path Type: min

  Des/Clust/Port     Wire Load Model       Library
  ------------------------------------------------
  VX_commit          5K_hvratio_1_1        NangateOpenCellLibrary_ss0p95v125c

  Point                                                   Incr       Path
  --------------------------------------------------------------------------
  clock CLK (rise edge)                                   0.00       0.00
  clock network delay (ideal)                             0.00       0.00
  input external delay                                    1.20       1.20 r
  commit_if[0].data[3] (in)                               0.01       1.21 r
  U1336/ZN (AOI22_X1)                                     0.05       1.26 f
  U1338/ZN (NAND2_X1)                                     0.05       1.31 r
  g_commit_arbs[0].commit_arb/g_input_select.g_arbiter.g_out_buf[0].out_buf/g_eb1.pipe_buffer/g_register.g_pipe_regs[0].pipe_register/g_shift_register/g_shift.pipe_reg[0][3]/D (DFF_X1)
                                                          0.01       1.32 r
  data arrival time                                                  1.32

  clock CLK (rise edge)                                   0.00       0.00
  clock network delay (ideal)                             0.00       0.00
  clock uncertainty                                       0.05       0.05
  g_commit_arbs[0].commit_arb/g_input_select.g_arbiter.g_out_buf[0].out_buf/g_eb1.pipe_buffer/g_register.g_pipe_regs[0].pipe_register/g_shift_register/g_shift.pipe_reg[0][3]/CK (DFF_X1)
                                                          0.00       0.05 r
  library hold time                                       0.07       0.12
  data required time                                                 0.12
  --------------------------------------------------------------------------
  data required time                                                 0.12
  data arrival time                                                 -1.32
  --------------------------------------------------------------------------
  slack (MET)                                                        1.20


  Startpoint: commit_if[0].data[4]
              (input port clocked by CLK)
  Endpoint: g_commit_arbs[0].commit_arb/g_input_select.g_arbiter.g_out_buf[0].out_buf/g_eb1.pipe_buffer/g_register.g_pipe_regs[0].pipe_register/g_shift_register/g_shift.pipe_reg[0][4]
            (rising edge-triggered flip-flop clocked by CLK)
  Path Group: INREG
  Path Type: min

  Des/Clust/Port     Wire Load Model       Library
  ------------------------------------------------
  VX_commit          5K_hvratio_1_1        NangateOpenCellLibrary_ss0p95v125c

  Point                                                   Incr       Path
  --------------------------------------------------------------------------
  clock CLK (rise edge)                                   0.00       0.00
  clock network delay (ideal)                             0.00       0.00
  input external delay                                    1.20       1.20 r
  commit_if[0].data[4] (in)                               0.01       1.21 r
  U1333/ZN (AOI22_X1)                                     0.05       1.26 f
  U1335/ZN (NAND2_X1)                                     0.05       1.31 r
  g_commit_arbs[0].commit_arb/g_input_select.g_arbiter.g_out_buf[0].out_buf/g_eb1.pipe_buffer/g_register.g_pipe_regs[0].pipe_register/g_shift_register/g_shift.pipe_reg[0][4]/D (DFF_X1)
                                                          0.01       1.32 r
  data arrival time                                                  1.32

  clock CLK (rise edge)                                   0.00       0.00
  clock network delay (ideal)                             0.00       0.00
  clock uncertainty                                       0.05       0.05
  g_commit_arbs[0].commit_arb/g_input_select.g_arbiter.g_out_buf[0].out_buf/g_eb1.pipe_buffer/g_register.g_pipe_regs[0].pipe_register/g_shift_register/g_shift.pipe_reg[0][4]/CK (DFF_X1)
                                                          0.00       0.05 r
  library hold time                                       0.07       0.12
  data required time                                                 0.12
  --------------------------------------------------------------------------
  data required time                                                 0.12
  data arrival time                                                 -1.32
  --------------------------------------------------------------------------
  slack (MET)                                                        1.20


  Startpoint: commit_if[0].data[5]
              (input port clocked by CLK)
  Endpoint: g_commit_arbs[0].commit_arb/g_input_select.g_arbiter.g_out_buf[0].out_buf/g_eb1.pipe_buffer/g_register.g_pipe_regs[0].pipe_register/g_shift_register/g_shift.pipe_reg[0][5]
            (rising edge-triggered flip-flop clocked by CLK)
  Path Group: INREG
  Path Type: min

  Des/Clust/Port     Wire Load Model       Library
  ------------------------------------------------
  VX_commit          5K_hvratio_1_1        NangateOpenCellLibrary_ss0p95v125c

  Point                                                   Incr       Path
  --------------------------------------------------------------------------
  clock CLK (rise edge)                                   0.00       0.00
  clock network delay (ideal)                             0.00       0.00
  input external delay                                    1.20       1.20 r
  commit_if[0].data[5] (in)                               0.01       1.21 r
  U1330/ZN (AOI22_X1)                                     0.05       1.26 f
  U1332/ZN (NAND2_X1)                                     0.05       1.31 r
  g_commit_arbs[0].commit_arb/g_input_select.g_arbiter.g_out_buf[0].out_buf/g_eb1.pipe_buffer/g_register.g_pipe_regs[0].pipe_register/g_shift_register/g_shift.pipe_reg[0][5]/D (DFF_X1)
                                                          0.01       1.32 r
  data arrival time                                                  1.32

  clock CLK (rise edge)                                   0.00       0.00
  clock network delay (ideal)                             0.00       0.00
  clock uncertainty                                       0.05       0.05
  g_commit_arbs[0].commit_arb/g_input_select.g_arbiter.g_out_buf[0].out_buf/g_eb1.pipe_buffer/g_register.g_pipe_regs[0].pipe_register/g_shift_register/g_shift.pipe_reg[0][5]/CK (DFF_X1)
                                                          0.00       0.05 r
  library hold time                                       0.07       0.12
  data required time                                                 0.12
  --------------------------------------------------------------------------
  data required time                                                 0.12
  data arrival time                                                 -1.32
  --------------------------------------------------------------------------
  slack (MET)                                                        1.20


  Startpoint: commit_if[0].data[6]
              (input port clocked by CLK)
  Endpoint: g_commit_arbs[0].commit_arb/g_input_select.g_arbiter.g_out_buf[0].out_buf/g_eb1.pipe_buffer/g_register.g_pipe_regs[0].pipe_register/g_shift_register/g_shift.pipe_reg[0][6]
            (rising edge-triggered flip-flop clocked by CLK)
  Path Group: INREG
  Path Type: min

  Des/Clust/Port     Wire Load Model       Library
  ------------------------------------------------
  VX_commit          5K_hvratio_1_1        NangateOpenCellLibrary_ss0p95v125c

  Point                                                   Incr       Path
  --------------------------------------------------------------------------
  clock CLK (rise edge)                                   0.00       0.00
  clock network delay (ideal)                             0.00       0.00
  input external delay                                    1.20       1.20 r
  commit_if[0].data[6] (in)                               0.01       1.21 r
  U1327/ZN (AOI22_X1)                                     0.05       1.26 f
  U1329/ZN (NAND2_X1)                                     0.05       1.31 r
  g_commit_arbs[0].commit_arb/g_input_select.g_arbiter.g_out_buf[0].out_buf/g_eb1.pipe_buffer/g_register.g_pipe_regs[0].pipe_register/g_shift_register/g_shift.pipe_reg[0][6]/D (DFF_X1)
                                                          0.01       1.32 r
  data arrival time                                                  1.32

  clock CLK (rise edge)                                   0.00       0.00
  clock network delay (ideal)                             0.00       0.00
  clock uncertainty                                       0.05       0.05
  g_commit_arbs[0].commit_arb/g_input_select.g_arbiter.g_out_buf[0].out_buf/g_eb1.pipe_buffer/g_register.g_pipe_regs[0].pipe_register/g_shift_register/g_shift.pipe_reg[0][6]/CK (DFF_X1)
                                                          0.00       0.05 r
  library hold time                                       0.07       0.12
  data required time                                                 0.12
  --------------------------------------------------------------------------
  data required time                                                 0.12
  data arrival time                                                 -1.32
  --------------------------------------------------------------------------
  slack (MET)                                                        1.20


  Startpoint: commit_if[0].data[7]
              (input port clocked by CLK)
  Endpoint: g_commit_arbs[0].commit_arb/g_input_select.g_arbiter.g_out_buf[0].out_buf/g_eb1.pipe_buffer/g_register.g_pipe_regs[0].pipe_register/g_shift_register/g_shift.pipe_reg[0][7]
            (rising edge-triggered flip-flop clocked by CLK)
  Path Group: INREG
  Path Type: min

  Des/Clust/Port     Wire Load Model       Library
  ------------------------------------------------
  VX_commit          5K_hvratio_1_1        NangateOpenCellLibrary_ss0p95v125c

  Point                                                   Incr       Path
  --------------------------------------------------------------------------
  clock CLK (rise edge)                                   0.00       0.00
  clock network delay (ideal)                             0.00       0.00
  input external delay                                    1.20       1.20 r
  commit_if[0].data[7] (in)                               0.01       1.21 r
  U1324/ZN (AOI22_X1)                                     0.05       1.26 f
  U1326/ZN (NAND2_X1)                                     0.05       1.31 r
  g_commit_arbs[0].commit_arb/g_input_select.g_arbiter.g_out_buf[0].out_buf/g_eb1.pipe_buffer/g_register.g_pipe_regs[0].pipe_register/g_shift_register/g_shift.pipe_reg[0][7]/D (DFF_X1)
                                                          0.01       1.32 r
  data arrival time                                                  1.32

  clock CLK (rise edge)                                   0.00       0.00
  clock network delay (ideal)                             0.00       0.00
  clock uncertainty                                       0.05       0.05
  g_commit_arbs[0].commit_arb/g_input_select.g_arbiter.g_out_buf[0].out_buf/g_eb1.pipe_buffer/g_register.g_pipe_regs[0].pipe_register/g_shift_register/g_shift.pipe_reg[0][7]/CK (DFF_X1)
                                                          0.00       0.05 r
  library hold time                                       0.07       0.12
  data required time                                                 0.12
  --------------------------------------------------------------------------
  data required time                                                 0.12
  data arrival time                                                 -1.32
  --------------------------------------------------------------------------
  slack (MET)                                                        1.20


  Startpoint: commit_if[0].data[8]
              (input port clocked by CLK)
  Endpoint: g_commit_arbs[0].commit_arb/g_input_select.g_arbiter.g_out_buf[0].out_buf/g_eb1.pipe_buffer/g_register.g_pipe_regs[0].pipe_register/g_shift_register/g_shift.pipe_reg[0][8]
            (rising edge-triggered flip-flop clocked by CLK)
  Path Group: INREG
  Path Type: min

  Des/Clust/Port     Wire Load Model       Library
  ------------------------------------------------
  VX_commit          5K_hvratio_1_1        NangateOpenCellLibrary_ss0p95v125c

  Point                                                   Incr       Path
  --------------------------------------------------------------------------
  clock CLK (rise edge)                                   0.00       0.00
  clock network delay (ideal)                             0.00       0.00
  input external delay                                    1.20       1.20 r
  commit_if[0].data[8] (in)                               0.01       1.21 r
  U1321/ZN (AOI22_X1)                                     0.05       1.26 f
  U1323/ZN (NAND2_X1)                                     0.05       1.31 r
  g_commit_arbs[0].commit_arb/g_input_select.g_arbiter.g_out_buf[0].out_buf/g_eb1.pipe_buffer/g_register.g_pipe_regs[0].pipe_register/g_shift_register/g_shift.pipe_reg[0][8]/D (DFF_X1)
                                                          0.01       1.32 r
  data arrival time                                                  1.32

  clock CLK (rise edge)                                   0.00       0.00
  clock network delay (ideal)                             0.00       0.00
  clock uncertainty                                       0.05       0.05
  g_commit_arbs[0].commit_arb/g_input_select.g_arbiter.g_out_buf[0].out_buf/g_eb1.pipe_buffer/g_register.g_pipe_regs[0].pipe_register/g_shift_register/g_shift.pipe_reg[0][8]/CK (DFF_X1)
                                                          0.00       0.05 r
  library hold time                                       0.07       0.12
  data required time                                                 0.12
  --------------------------------------------------------------------------
  data required time                                                 0.12
  data arrival time                                                 -1.32
  --------------------------------------------------------------------------
  slack (MET)                                                        1.20


  Startpoint: commit_if[0].data[9]
              (input port clocked by CLK)
  Endpoint: g_commit_arbs[0].commit_arb/g_input_select.g_arbiter.g_out_buf[0].out_buf/g_eb1.pipe_buffer/g_register.g_pipe_regs[0].pipe_register/g_shift_register/g_shift.pipe_reg[0][9]
            (rising edge-triggered flip-flop clocked by CLK)
  Path Group: INREG
  Path Type: min

  Des/Clust/Port     Wire Load Model       Library
  ------------------------------------------------
  VX_commit          5K_hvratio_1_1        NangateOpenCellLibrary_ss0p95v125c

  Point                                                   Incr       Path
  --------------------------------------------------------------------------
  clock CLK (rise edge)                                   0.00       0.00
  clock network delay (ideal)                             0.00       0.00
  input external delay                                    1.20       1.20 r
  commit_if[0].data[9] (in)                               0.01       1.21 r
  U1318/ZN (AOI22_X1)                                     0.05       1.26 f
  U1320/ZN (NAND2_X1)                                     0.05       1.31 r
  g_commit_arbs[0].commit_arb/g_input_select.g_arbiter.g_out_buf[0].out_buf/g_eb1.pipe_buffer/g_register.g_pipe_regs[0].pipe_register/g_shift_register/g_shift.pipe_reg[0][9]/D (DFF_X1)
                                                          0.01       1.32 r
  data arrival time                                                  1.32

  clock CLK (rise edge)                                   0.00       0.00
  clock network delay (ideal)                             0.00       0.00
  clock uncertainty                                       0.05       0.05
  g_commit_arbs[0].commit_arb/g_input_select.g_arbiter.g_out_buf[0].out_buf/g_eb1.pipe_buffer/g_register.g_pipe_regs[0].pipe_register/g_shift_register/g_shift.pipe_reg[0][9]/CK (DFF_X1)
                                                          0.00       0.05 r
  library hold time                                       0.07       0.12
  data required time                                                 0.12
  --------------------------------------------------------------------------
  data required time                                                 0.12
  data arrival time                                                 -1.32
  --------------------------------------------------------------------------
  slack (MET)                                                        1.20


  Startpoint: commit_if[0].data[10]
              (input port clocked by CLK)
  Endpoint: g_commit_arbs[0].commit_arb/g_input_select.g_arbiter.g_out_buf[0].out_buf/g_eb1.pipe_buffer/g_register.g_pipe_regs[0].pipe_register/g_shift_register/g_shift.pipe_reg[0][10]
            (rising edge-triggered flip-flop clocked by CLK)
  Path Group: INREG
  Path Type: min

  Des/Clust/Port     Wire Load Model       Library
  ------------------------------------------------
  VX_commit          5K_hvratio_1_1        NangateOpenCellLibrary_ss0p95v125c

  Point                                                   Incr       Path
  --------------------------------------------------------------------------
  clock CLK (rise edge)                                   0.00       0.00
  clock network delay (ideal)                             0.00       0.00
  input external delay                                    1.20       1.20 r
  commit_if[0].data[10] (in)                              0.01       1.21 r
  U1315/ZN (AOI22_X1)                                     0.05       1.26 f
  U1317/ZN (NAND2_X1)                                     0.05       1.31 r
  g_commit_arbs[0].commit_arb/g_input_select.g_arbiter.g_out_buf[0].out_buf/g_eb1.pipe_buffer/g_register.g_pipe_regs[0].pipe_register/g_shift_register/g_shift.pipe_reg[0][10]/D (DFF_X1)
                                                          0.01       1.32 r
  data arrival time                                                  1.32

  clock CLK (rise edge)                                   0.00       0.00
  clock network delay (ideal)                             0.00       0.00
  clock uncertainty                                       0.05       0.05
  g_commit_arbs[0].commit_arb/g_input_select.g_arbiter.g_out_buf[0].out_buf/g_eb1.pipe_buffer/g_register.g_pipe_regs[0].pipe_register/g_shift_register/g_shift.pipe_reg[0][10]/CK (DFF_X1)
                                                          0.00       0.05 r
  library hold time                                       0.07       0.12
  data required time                                                 0.12
  --------------------------------------------------------------------------
  data required time                                                 0.12
  data arrival time                                                 -1.32
  --------------------------------------------------------------------------
  slack (MET)                                                        1.20


  Startpoint: commit_if[0].data[11]
              (input port clocked by CLK)
  Endpoint: g_commit_arbs[0].commit_arb/g_input_select.g_arbiter.g_out_buf[0].out_buf/g_eb1.pipe_buffer/g_register.g_pipe_regs[0].pipe_register/g_shift_register/g_shift.pipe_reg[0][11]
            (rising edge-triggered flip-flop clocked by CLK)
  Path Group: INREG
  Path Type: min

  Des/Clust/Port     Wire Load Model       Library
  ------------------------------------------------
  VX_commit          5K_hvratio_1_1        NangateOpenCellLibrary_ss0p95v125c

  Point                                                   Incr       Path
  --------------------------------------------------------------------------
  clock CLK (rise edge)                                   0.00       0.00
  clock network delay (ideal)                             0.00       0.00
  input external delay                                    1.20       1.20 r
  commit_if[0].data[11] (in)                              0.01       1.21 r
  U1312/ZN (AOI22_X1)                                     0.05       1.26 f
  U1314/ZN (NAND2_X1)                                     0.05       1.31 r
  g_commit_arbs[0].commit_arb/g_input_select.g_arbiter.g_out_buf[0].out_buf/g_eb1.pipe_buffer/g_register.g_pipe_regs[0].pipe_register/g_shift_register/g_shift.pipe_reg[0][11]/D (DFF_X1)
                                                          0.01       1.32 r
  data arrival time                                                  1.32

  clock CLK (rise edge)                                   0.00       0.00
  clock network delay (ideal)                             0.00       0.00
  clock uncertainty                                       0.05       0.05
  g_commit_arbs[0].commit_arb/g_input_select.g_arbiter.g_out_buf[0].out_buf/g_eb1.pipe_buffer/g_register.g_pipe_regs[0].pipe_register/g_shift_register/g_shift.pipe_reg[0][11]/CK (DFF_X1)
                                                          0.00       0.05 r
  library hold time                                       0.07       0.12
  data required time                                                 0.12
  --------------------------------------------------------------------------
  data required time                                                 0.12
  data arrival time                                                 -1.32
  --------------------------------------------------------------------------
  slack (MET)                                                        1.20


  Startpoint: commit_if[0].data[12]
              (input port clocked by CLK)
  Endpoint: g_commit_arbs[0].commit_arb/g_input_select.g_arbiter.g_out_buf[0].out_buf/g_eb1.pipe_buffer/g_register.g_pipe_regs[0].pipe_register/g_shift_register/g_shift.pipe_reg[0][12]
            (rising edge-triggered flip-flop clocked by CLK)
  Path Group: INREG
  Path Type: min

  Des/Clust/Port     Wire Load Model       Library
  ------------------------------------------------
  VX_commit          5K_hvratio_1_1        NangateOpenCellLibrary_ss0p95v125c

  Point                                                   Incr       Path
  --------------------------------------------------------------------------
  clock CLK (rise edge)                                   0.00       0.00
  clock network delay (ideal)                             0.00       0.00
  input external delay                                    1.20       1.20 r
  commit_if[0].data[12] (in)                              0.01       1.21 r
  U1309/ZN (AOI22_X1)                                     0.05       1.26 f
  U1311/ZN (NAND2_X1)                                     0.05       1.31 r
  g_commit_arbs[0].commit_arb/g_input_select.g_arbiter.g_out_buf[0].out_buf/g_eb1.pipe_buffer/g_register.g_pipe_regs[0].pipe_register/g_shift_register/g_shift.pipe_reg[0][12]/D (DFF_X1)
                                                          0.01       1.32 r
  data arrival time                                                  1.32

  clock CLK (rise edge)                                   0.00       0.00
  clock network delay (ideal)                             0.00       0.00
  clock uncertainty                                       0.05       0.05
  g_commit_arbs[0].commit_arb/g_input_select.g_arbiter.g_out_buf[0].out_buf/g_eb1.pipe_buffer/g_register.g_pipe_regs[0].pipe_register/g_shift_register/g_shift.pipe_reg[0][12]/CK (DFF_X1)
                                                          0.00       0.05 r
  library hold time                                       0.07       0.12
  data required time                                                 0.12
  --------------------------------------------------------------------------
  data required time                                                 0.12
  data arrival time                                                 -1.32
  --------------------------------------------------------------------------
  slack (MET)                                                        1.20


  Startpoint: commit_if[0].data[13]
              (input port clocked by CLK)
  Endpoint: g_commit_arbs[0].commit_arb/g_input_select.g_arbiter.g_out_buf[0].out_buf/g_eb1.pipe_buffer/g_register.g_pipe_regs[0].pipe_register/g_shift_register/g_shift.pipe_reg[0][13]
            (rising edge-triggered flip-flop clocked by CLK)
  Path Group: INREG
  Path Type: min

  Des/Clust/Port     Wire Load Model       Library
  ------------------------------------------------
  VX_commit          5K_hvratio_1_1        NangateOpenCellLibrary_ss0p95v125c

  Point                                                   Incr       Path
  --------------------------------------------------------------------------
  clock CLK (rise edge)                                   0.00       0.00
  clock network delay (ideal)                             0.00       0.00
  input external delay                                    1.20       1.20 r
  commit_if[0].data[13] (in)                              0.01       1.21 r
  U1306/ZN (AOI22_X1)                                     0.05       1.26 f
  U1308/ZN (NAND2_X1)                                     0.05       1.31 r
  g_commit_arbs[0].commit_arb/g_input_select.g_arbiter.g_out_buf[0].out_buf/g_eb1.pipe_buffer/g_register.g_pipe_regs[0].pipe_register/g_shift_register/g_shift.pipe_reg[0][13]/D (DFF_X1)
                                                          0.01       1.32 r
  data arrival time                                                  1.32

  clock CLK (rise edge)                                   0.00       0.00
  clock network delay (ideal)                             0.00       0.00
  clock uncertainty                                       0.05       0.05
  g_commit_arbs[0].commit_arb/g_input_select.g_arbiter.g_out_buf[0].out_buf/g_eb1.pipe_buffer/g_register.g_pipe_regs[0].pipe_register/g_shift_register/g_shift.pipe_reg[0][13]/CK (DFF_X1)
                                                          0.00       0.05 r
  library hold time                                       0.07       0.12
  data required time                                                 0.12
  --------------------------------------------------------------------------
  data required time                                                 0.12
  data arrival time                                                 -1.32
  --------------------------------------------------------------------------
  slack (MET)                                                        1.20


  Startpoint: commit_if[0].data[14]
              (input port clocked by CLK)
  Endpoint: g_commit_arbs[0].commit_arb/g_input_select.g_arbiter.g_out_buf[0].out_buf/g_eb1.pipe_buffer/g_register.g_pipe_regs[0].pipe_register/g_shift_register/g_shift.pipe_reg[0][14]
            (rising edge-triggered flip-flop clocked by CLK)
  Path Group: INREG
  Path Type: min

  Des/Clust/Port     Wire Load Model       Library
  ------------------------------------------------
  VX_commit          5K_hvratio_1_1        NangateOpenCellLibrary_ss0p95v125c

  Point                                                   Incr       Path
  --------------------------------------------------------------------------
  clock CLK (rise edge)                                   0.00       0.00
  clock network delay (ideal)                             0.00       0.00
  input external delay                                    1.20       1.20 r
  commit_if[0].data[14] (in)                              0.01       1.21 r
  U1303/ZN (AOI22_X1)                                     0.05       1.26 f
  U1305/ZN (NAND2_X1)                                     0.05       1.31 r
  g_commit_arbs[0].commit_arb/g_input_select.g_arbiter.g_out_buf[0].out_buf/g_eb1.pipe_buffer/g_register.g_pipe_regs[0].pipe_register/g_shift_register/g_shift.pipe_reg[0][14]/D (DFF_X1)
                                                          0.01       1.32 r
  data arrival time                                                  1.32

  clock CLK (rise edge)                                   0.00       0.00
  clock network delay (ideal)                             0.00       0.00
  clock uncertainty                                       0.05       0.05
  g_commit_arbs[0].commit_arb/g_input_select.g_arbiter.g_out_buf[0].out_buf/g_eb1.pipe_buffer/g_register.g_pipe_regs[0].pipe_register/g_shift_register/g_shift.pipe_reg[0][14]/CK (DFF_X1)
                                                          0.00       0.05 r
  library hold time                                       0.07       0.12
  data required time                                                 0.12
  --------------------------------------------------------------------------
  data required time                                                 0.12
  data arrival time                                                 -1.32
  --------------------------------------------------------------------------
  slack (MET)                                                        1.20


  Startpoint: commit_if[0].data[15]
              (input port clocked by CLK)
  Endpoint: g_commit_arbs[0].commit_arb/g_input_select.g_arbiter.g_out_buf[0].out_buf/g_eb1.pipe_buffer/g_register.g_pipe_regs[0].pipe_register/g_shift_register/g_shift.pipe_reg[0][15]
            (rising edge-triggered flip-flop clocked by CLK)
  Path Group: INREG
  Path Type: min

  Des/Clust/Port     Wire Load Model       Library
  ------------------------------------------------
  VX_commit          5K_hvratio_1_1        NangateOpenCellLibrary_ss0p95v125c

  Point                                                   Incr       Path
  --------------------------------------------------------------------------
  clock CLK (rise edge)                                   0.00       0.00
  clock network delay (ideal)                             0.00       0.00
  input external delay                                    1.20       1.20 r
  commit_if[0].data[15] (in)                              0.01       1.21 r
  U1300/ZN (AOI22_X1)                                     0.05       1.26 f
  U1302/ZN (NAND2_X1)                                     0.05       1.31 r
  g_commit_arbs[0].commit_arb/g_input_select.g_arbiter.g_out_buf[0].out_buf/g_eb1.pipe_buffer/g_register.g_pipe_regs[0].pipe_register/g_shift_register/g_shift.pipe_reg[0][15]/D (DFF_X1)
                                                          0.01       1.32 r
  data arrival time                                                  1.32

  clock CLK (rise edge)                                   0.00       0.00
  clock network delay (ideal)                             0.00       0.00
  clock uncertainty                                       0.05       0.05
  g_commit_arbs[0].commit_arb/g_input_select.g_arbiter.g_out_buf[0].out_buf/g_eb1.pipe_buffer/g_register.g_pipe_regs[0].pipe_register/g_shift_register/g_shift.pipe_reg[0][15]/CK (DFF_X1)
                                                          0.00       0.05 r
  library hold time                                       0.07       0.12
  data required time                                                 0.12
  --------------------------------------------------------------------------
  data required time                                                 0.12
  data arrival time                                                 -1.32
  --------------------------------------------------------------------------
  slack (MET)                                                        1.20


  Startpoint: commit_if[0].data[16]
              (input port clocked by CLK)
  Endpoint: g_commit_arbs[0].commit_arb/g_input_select.g_arbiter.g_out_buf[0].out_buf/g_eb1.pipe_buffer/g_register.g_pipe_regs[0].pipe_register/g_shift_register/g_shift.pipe_reg[0][16]
            (rising edge-triggered flip-flop clocked by CLK)
  Path Group: INREG
  Path Type: min

  Des/Clust/Port     Wire Load Model       Library
  ------------------------------------------------
  VX_commit          5K_hvratio_1_1        NangateOpenCellLibrary_ss0p95v125c

  Point                                                   Incr       Path
  --------------------------------------------------------------------------
  clock CLK (rise edge)                                   0.00       0.00
  clock network delay (ideal)                             0.00       0.00
  input external delay                                    1.20       1.20 r
  commit_if[0].data[16] (in)                              0.01       1.21 r
  U1297/ZN (AOI22_X1)                                     0.05       1.26 f
  U1299/ZN (NAND2_X1)                                     0.05       1.31 r
  g_commit_arbs[0].commit_arb/g_input_select.g_arbiter.g_out_buf[0].out_buf/g_eb1.pipe_buffer/g_register.g_pipe_regs[0].pipe_register/g_shift_register/g_shift.pipe_reg[0][16]/D (DFF_X1)
                                                          0.01       1.32 r
  data arrival time                                                  1.32

  clock CLK (rise edge)                                   0.00       0.00
  clock network delay (ideal)                             0.00       0.00
  clock uncertainty                                       0.05       0.05
  g_commit_arbs[0].commit_arb/g_input_select.g_arbiter.g_out_buf[0].out_buf/g_eb1.pipe_buffer/g_register.g_pipe_regs[0].pipe_register/g_shift_register/g_shift.pipe_reg[0][16]/CK (DFF_X1)
                                                          0.00       0.05 r
  library hold time                                       0.07       0.12
  data required time                                                 0.12
  --------------------------------------------------------------------------
  data required time                                                 0.12
  data arrival time                                                 -1.32
  --------------------------------------------------------------------------
  slack (MET)                                                        1.20


  Startpoint: commit_if[0].data[17]
              (input port clocked by CLK)
  Endpoint: g_commit_arbs[0].commit_arb/g_input_select.g_arbiter.g_out_buf[0].out_buf/g_eb1.pipe_buffer/g_register.g_pipe_regs[0].pipe_register/g_shift_register/g_shift.pipe_reg[0][17]
            (rising edge-triggered flip-flop clocked by CLK)
  Path Group: INREG
  Path Type: min

  Des/Clust/Port     Wire Load Model       Library
  ------------------------------------------------
  VX_commit          5K_hvratio_1_1        NangateOpenCellLibrary_ss0p95v125c

  Point                                                   Incr       Path
  --------------------------------------------------------------------------
  clock CLK (rise edge)                                   0.00       0.00
  clock network delay (ideal)                             0.00       0.00
  input external delay                                    1.20       1.20 r
  commit_if[0].data[17] (in)                              0.01       1.21 r
  U1294/ZN (AOI22_X1)                                     0.05       1.26 f
  U1296/ZN (NAND2_X1)                                     0.05       1.31 r
  g_commit_arbs[0].commit_arb/g_input_select.g_arbiter.g_out_buf[0].out_buf/g_eb1.pipe_buffer/g_register.g_pipe_regs[0].pipe_register/g_shift_register/g_shift.pipe_reg[0][17]/D (DFF_X1)
                                                          0.01       1.32 r
  data arrival time                                                  1.32

  clock CLK (rise edge)                                   0.00       0.00
  clock network delay (ideal)                             0.00       0.00
  clock uncertainty                                       0.05       0.05
  g_commit_arbs[0].commit_arb/g_input_select.g_arbiter.g_out_buf[0].out_buf/g_eb1.pipe_buffer/g_register.g_pipe_regs[0].pipe_register/g_shift_register/g_shift.pipe_reg[0][17]/CK (DFF_X1)
                                                          0.00       0.05 r
  library hold time                                       0.07       0.12
  data required time                                                 0.12
  --------------------------------------------------------------------------
  data required time                                                 0.12
  data arrival time                                                 -1.32
  --------------------------------------------------------------------------
  slack (MET)                                                        1.20


  Startpoint: commit_if[0].data[18]
              (input port clocked by CLK)
  Endpoint: g_commit_arbs[0].commit_arb/g_input_select.g_arbiter.g_out_buf[0].out_buf/g_eb1.pipe_buffer/g_register.g_pipe_regs[0].pipe_register/g_shift_register/g_shift.pipe_reg[0][18]
            (rising edge-triggered flip-flop clocked by CLK)
  Path Group: INREG
  Path Type: min

  Des/Clust/Port     Wire Load Model       Library
  ------------------------------------------------
  VX_commit          5K_hvratio_1_1        NangateOpenCellLibrary_ss0p95v125c

  Point                                                   Incr       Path
  --------------------------------------------------------------------------
  clock CLK (rise edge)                                   0.00       0.00
  clock network delay (ideal)                             0.00       0.00
  input external delay                                    1.20       1.20 r
  commit_if[0].data[18] (in)                              0.01       1.21 r
  U1291/ZN (AOI22_X1)                                     0.05       1.26 f
  U1293/ZN (NAND2_X1)                                     0.05       1.31 r
  g_commit_arbs[0].commit_arb/g_input_select.g_arbiter.g_out_buf[0].out_buf/g_eb1.pipe_buffer/g_register.g_pipe_regs[0].pipe_register/g_shift_register/g_shift.pipe_reg[0][18]/D (DFF_X1)
                                                          0.01       1.32 r
  data arrival time                                                  1.32

  clock CLK (rise edge)                                   0.00       0.00
  clock network delay (ideal)                             0.00       0.00
  clock uncertainty                                       0.05       0.05
  g_commit_arbs[0].commit_arb/g_input_select.g_arbiter.g_out_buf[0].out_buf/g_eb1.pipe_buffer/g_register.g_pipe_regs[0].pipe_register/g_shift_register/g_shift.pipe_reg[0][18]/CK (DFF_X1)
                                                          0.00       0.05 r
  library hold time                                       0.07       0.12
  data required time                                                 0.12
  --------------------------------------------------------------------------
  data required time                                                 0.12
  data arrival time                                                 -1.32
  --------------------------------------------------------------------------
  slack (MET)                                                        1.20


  Startpoint: commit_if[0].data[19]
              (input port clocked by CLK)
  Endpoint: g_commit_arbs[0].commit_arb/g_input_select.g_arbiter.g_out_buf[0].out_buf/g_eb1.pipe_buffer/g_register.g_pipe_regs[0].pipe_register/g_shift_register/g_shift.pipe_reg[0][19]
            (rising edge-triggered flip-flop clocked by CLK)
  Path Group: INREG
  Path Type: min

  Des/Clust/Port     Wire Load Model       Library
  ------------------------------------------------
  VX_commit          5K_hvratio_1_1        NangateOpenCellLibrary_ss0p95v125c

  Point                                                   Incr       Path
  --------------------------------------------------------------------------
  clock CLK (rise edge)                                   0.00       0.00
  clock network delay (ideal)                             0.00       0.00
  input external delay                                    1.20       1.20 r
  commit_if[0].data[19] (in)                              0.01       1.21 r
  U1288/ZN (AOI22_X1)                                     0.05       1.26 f
  U1290/ZN (NAND2_X1)                                     0.05       1.31 r
  g_commit_arbs[0].commit_arb/g_input_select.g_arbiter.g_out_buf[0].out_buf/g_eb1.pipe_buffer/g_register.g_pipe_regs[0].pipe_register/g_shift_register/g_shift.pipe_reg[0][19]/D (DFF_X1)
                                                          0.01       1.32 r
  data arrival time                                                  1.32

  clock CLK (rise edge)                                   0.00       0.00
  clock network delay (ideal)                             0.00       0.00
  clock uncertainty                                       0.05       0.05
  g_commit_arbs[0].commit_arb/g_input_select.g_arbiter.g_out_buf[0].out_buf/g_eb1.pipe_buffer/g_register.g_pipe_regs[0].pipe_register/g_shift_register/g_shift.pipe_reg[0][19]/CK (DFF_X1)
                                                          0.00       0.05 r
  library hold time                                       0.07       0.12
  data required time                                                 0.12
  --------------------------------------------------------------------------
  data required time                                                 0.12
  data arrival time                                                 -1.32
  --------------------------------------------------------------------------
  slack (MET)                                                        1.20


  Startpoint: commit_if[0].data[20]
              (input port clocked by CLK)
  Endpoint: g_commit_arbs[0].commit_arb/g_input_select.g_arbiter.g_out_buf[0].out_buf/g_eb1.pipe_buffer/g_register.g_pipe_regs[0].pipe_register/g_shift_register/g_shift.pipe_reg[0][20]
            (rising edge-triggered flip-flop clocked by CLK)
  Path Group: INREG
  Path Type: min

  Des/Clust/Port     Wire Load Model       Library
  ------------------------------------------------
  VX_commit          5K_hvratio_1_1        NangateOpenCellLibrary_ss0p95v125c

  Point                                                   Incr       Path
  --------------------------------------------------------------------------
  clock CLK (rise edge)                                   0.00       0.00
  clock network delay (ideal)                             0.00       0.00
  input external delay                                    1.20       1.20 r
  commit_if[0].data[20] (in)                              0.01       1.21 r
  U1285/ZN (AOI22_X1)                                     0.05       1.26 f
  U1287/ZN (NAND2_X1)                                     0.05       1.31 r
  g_commit_arbs[0].commit_arb/g_input_select.g_arbiter.g_out_buf[0].out_buf/g_eb1.pipe_buffer/g_register.g_pipe_regs[0].pipe_register/g_shift_register/g_shift.pipe_reg[0][20]/D (DFF_X1)
                                                          0.01       1.32 r
  data arrival time                                                  1.32

  clock CLK (rise edge)                                   0.00       0.00
  clock network delay (ideal)                             0.00       0.00
  clock uncertainty                                       0.05       0.05
  g_commit_arbs[0].commit_arb/g_input_select.g_arbiter.g_out_buf[0].out_buf/g_eb1.pipe_buffer/g_register.g_pipe_regs[0].pipe_register/g_shift_register/g_shift.pipe_reg[0][20]/CK (DFF_X1)
                                                          0.00       0.05 r
  library hold time                                       0.07       0.12
  data required time                                                 0.12
  --------------------------------------------------------------------------
  data required time                                                 0.12
  data arrival time                                                 -1.32
  --------------------------------------------------------------------------
  slack (MET)                                                        1.20


  Startpoint: commit_if[0].data[21]
              (input port clocked by CLK)
  Endpoint: g_commit_arbs[0].commit_arb/g_input_select.g_arbiter.g_out_buf[0].out_buf/g_eb1.pipe_buffer/g_register.g_pipe_regs[0].pipe_register/g_shift_register/g_shift.pipe_reg[0][21]
            (rising edge-triggered flip-flop clocked by CLK)
  Path Group: INREG
  Path Type: min

  Des/Clust/Port     Wire Load Model       Library
  ------------------------------------------------
  VX_commit          5K_hvratio_1_1        NangateOpenCellLibrary_ss0p95v125c

  Point                                                   Incr       Path
  --------------------------------------------------------------------------
  clock CLK (rise edge)                                   0.00       0.00
  clock network delay (ideal)                             0.00       0.00
  input external delay                                    1.20       1.20 r
  commit_if[0].data[21] (in)                              0.01       1.21 r
  U1282/ZN (AOI22_X1)                                     0.05       1.26 f
  U1284/ZN (NAND2_X1)                                     0.05       1.31 r
  g_commit_arbs[0].commit_arb/g_input_select.g_arbiter.g_out_buf[0].out_buf/g_eb1.pipe_buffer/g_register.g_pipe_regs[0].pipe_register/g_shift_register/g_shift.pipe_reg[0][21]/D (DFF_X1)
                                                          0.01       1.32 r
  data arrival time                                                  1.32

  clock CLK (rise edge)                                   0.00       0.00
  clock network delay (ideal)                             0.00       0.00
  clock uncertainty                                       0.05       0.05
  g_commit_arbs[0].commit_arb/g_input_select.g_arbiter.g_out_buf[0].out_buf/g_eb1.pipe_buffer/g_register.g_pipe_regs[0].pipe_register/g_shift_register/g_shift.pipe_reg[0][21]/CK (DFF_X1)
                                                          0.00       0.05 r
  library hold time                                       0.07       0.12
  data required time                                                 0.12
  --------------------------------------------------------------------------
  data required time                                                 0.12
  data arrival time                                                 -1.32
  --------------------------------------------------------------------------
  slack (MET)                                                        1.20


  Startpoint: commit_if[0].data[22]
              (input port clocked by CLK)
  Endpoint: g_commit_arbs[0].commit_arb/g_input_select.g_arbiter.g_out_buf[0].out_buf/g_eb1.pipe_buffer/g_register.g_pipe_regs[0].pipe_register/g_shift_register/g_shift.pipe_reg[0][22]
            (rising edge-triggered flip-flop clocked by CLK)
  Path Group: INREG
  Path Type: min

  Des/Clust/Port     Wire Load Model       Library
  ------------------------------------------------
  VX_commit          5K_hvratio_1_1        NangateOpenCellLibrary_ss0p95v125c

  Point                                                   Incr       Path
  --------------------------------------------------------------------------
  clock CLK (rise edge)                                   0.00       0.00
  clock network delay (ideal)                             0.00       0.00
  input external delay                                    1.20       1.20 r
  commit_if[0].data[22] (in)                              0.01       1.21 r
  U1279/ZN (AOI22_X1)                                     0.05       1.26 f
  U1281/ZN (NAND2_X1)                                     0.05       1.31 r
  g_commit_arbs[0].commit_arb/g_input_select.g_arbiter.g_out_buf[0].out_buf/g_eb1.pipe_buffer/g_register.g_pipe_regs[0].pipe_register/g_shift_register/g_shift.pipe_reg[0][22]/D (DFF_X1)
                                                          0.01       1.32 r
  data arrival time                                                  1.32

  clock CLK (rise edge)                                   0.00       0.00
  clock network delay (ideal)                             0.00       0.00
  clock uncertainty                                       0.05       0.05
  g_commit_arbs[0].commit_arb/g_input_select.g_arbiter.g_out_buf[0].out_buf/g_eb1.pipe_buffer/g_register.g_pipe_regs[0].pipe_register/g_shift_register/g_shift.pipe_reg[0][22]/CK (DFF_X1)
                                                          0.00       0.05 r
  library hold time                                       0.07       0.12
  data required time                                                 0.12
  --------------------------------------------------------------------------
  data required time                                                 0.12
  data arrival time                                                 -1.32
  --------------------------------------------------------------------------
  slack (MET)                                                        1.20


  Startpoint: commit_if[0].data[23]
              (input port clocked by CLK)
  Endpoint: g_commit_arbs[0].commit_arb/g_input_select.g_arbiter.g_out_buf[0].out_buf/g_eb1.pipe_buffer/g_register.g_pipe_regs[0].pipe_register/g_shift_register/g_shift.pipe_reg[0][23]
            (rising edge-triggered flip-flop clocked by CLK)
  Path Group: INREG
  Path Type: min

  Des/Clust/Port     Wire Load Model       Library
  ------------------------------------------------
  VX_commit          5K_hvratio_1_1        NangateOpenCellLibrary_ss0p95v125c

  Point                                                   Incr       Path
  --------------------------------------------------------------------------
  clock CLK (rise edge)                                   0.00       0.00
  clock network delay (ideal)                             0.00       0.00
  input external delay                                    1.20       1.20 r
  commit_if[0].data[23] (in)                              0.01       1.21 r
  U1276/ZN (AOI22_X1)                                     0.05       1.26 f
  U1278/ZN (NAND2_X1)                                     0.05       1.31 r
  g_commit_arbs[0].commit_arb/g_input_select.g_arbiter.g_out_buf[0].out_buf/g_eb1.pipe_buffer/g_register.g_pipe_regs[0].pipe_register/g_shift_register/g_shift.pipe_reg[0][23]/D (DFF_X1)
                                                          0.01       1.32 r
  data arrival time                                                  1.32

  clock CLK (rise edge)                                   0.00       0.00
  clock network delay (ideal)                             0.00       0.00
  clock uncertainty                                       0.05       0.05
  g_commit_arbs[0].commit_arb/g_input_select.g_arbiter.g_out_buf[0].out_buf/g_eb1.pipe_buffer/g_register.g_pipe_regs[0].pipe_register/g_shift_register/g_shift.pipe_reg[0][23]/CK (DFF_X1)
                                                          0.00       0.05 r
  library hold time                                       0.07       0.12
  data required time                                                 0.12
  --------------------------------------------------------------------------
  data required time                                                 0.12
  data arrival time                                                 -1.32
  --------------------------------------------------------------------------
  slack (MET)                                                        1.20


  Startpoint: commit_if[0].data[24]
              (input port clocked by CLK)
  Endpoint: g_commit_arbs[0].commit_arb/g_input_select.g_arbiter.g_out_buf[0].out_buf/g_eb1.pipe_buffer/g_register.g_pipe_regs[0].pipe_register/g_shift_register/g_shift.pipe_reg[0][24]
            (rising edge-triggered flip-flop clocked by CLK)
  Path Group: INREG
  Path Type: min

  Des/Clust/Port     Wire Load Model       Library
  ------------------------------------------------
  VX_commit          5K_hvratio_1_1        NangateOpenCellLibrary_ss0p95v125c

  Point                                                   Incr       Path
  --------------------------------------------------------------------------
  clock CLK (rise edge)                                   0.00       0.00
  clock network delay (ideal)                             0.00       0.00
  input external delay                                    1.20       1.20 r
  commit_if[0].data[24] (in)                              0.01       1.21 r
  U1273/ZN (AOI22_X1)                                     0.05       1.26 f
  U1275/ZN (NAND2_X1)                                     0.05       1.31 r
  g_commit_arbs[0].commit_arb/g_input_select.g_arbiter.g_out_buf[0].out_buf/g_eb1.pipe_buffer/g_register.g_pipe_regs[0].pipe_register/g_shift_register/g_shift.pipe_reg[0][24]/D (DFF_X1)
                                                          0.01       1.32 r
  data arrival time                                                  1.32

  clock CLK (rise edge)                                   0.00       0.00
  clock network delay (ideal)                             0.00       0.00
  clock uncertainty                                       0.05       0.05
  g_commit_arbs[0].commit_arb/g_input_select.g_arbiter.g_out_buf[0].out_buf/g_eb1.pipe_buffer/g_register.g_pipe_regs[0].pipe_register/g_shift_register/g_shift.pipe_reg[0][24]/CK (DFF_X1)
                                                          0.00       0.05 r
  library hold time                                       0.07       0.12
  data required time                                                 0.12
  --------------------------------------------------------------------------
  data required time                                                 0.12
  data arrival time                                                 -1.32
  --------------------------------------------------------------------------
  slack (MET)                                                        1.20


  Startpoint: commit_if[0].data[25]
              (input port clocked by CLK)
  Endpoint: g_commit_arbs[0].commit_arb/g_input_select.g_arbiter.g_out_buf[0].out_buf/g_eb1.pipe_buffer/g_register.g_pipe_regs[0].pipe_register/g_shift_register/g_shift.pipe_reg[0][25]
            (rising edge-triggered flip-flop clocked by CLK)
  Path Group: INREG
  Path Type: min

  Des/Clust/Port     Wire Load Model       Library
  ------------------------------------------------
  VX_commit          5K_hvratio_1_1        NangateOpenCellLibrary_ss0p95v125c

  Point                                                   Incr       Path
  --------------------------------------------------------------------------
  clock CLK (rise edge)                                   0.00       0.00
  clock network delay (ideal)                             0.00       0.00
  input external delay                                    1.20       1.20 r
  commit_if[0].data[25] (in)                              0.01       1.21 r
  U1270/ZN (AOI22_X1)                                     0.05       1.26 f
  U1272/ZN (NAND2_X1)                                     0.05       1.31 r
  g_commit_arbs[0].commit_arb/g_input_select.g_arbiter.g_out_buf[0].out_buf/g_eb1.pipe_buffer/g_register.g_pipe_regs[0].pipe_register/g_shift_register/g_shift.pipe_reg[0][25]/D (DFF_X1)
                                                          0.01       1.32 r
  data arrival time                                                  1.32

  clock CLK (rise edge)                                   0.00       0.00
  clock network delay (ideal)                             0.00       0.00
  clock uncertainty                                       0.05       0.05
  g_commit_arbs[0].commit_arb/g_input_select.g_arbiter.g_out_buf[0].out_buf/g_eb1.pipe_buffer/g_register.g_pipe_regs[0].pipe_register/g_shift_register/g_shift.pipe_reg[0][25]/CK (DFF_X1)
                                                          0.00       0.05 r
  library hold time                                       0.07       0.12
  data required time                                                 0.12
  --------------------------------------------------------------------------
  data required time                                                 0.12
  data arrival time                                                 -1.32
  --------------------------------------------------------------------------
  slack (MET)                                                        1.20


  Startpoint: commit_if[0].data[26]
              (input port clocked by CLK)
  Endpoint: g_commit_arbs[0].commit_arb/g_input_select.g_arbiter.g_out_buf[0].out_buf/g_eb1.pipe_buffer/g_register.g_pipe_regs[0].pipe_register/g_shift_register/g_shift.pipe_reg[0][26]
            (rising edge-triggered flip-flop clocked by CLK)
  Path Group: INREG
  Path Type: min

  Des/Clust/Port     Wire Load Model       Library
  ------------------------------------------------
  VX_commit          5K_hvratio_1_1        NangateOpenCellLibrary_ss0p95v125c

  Point                                                   Incr       Path
  --------------------------------------------------------------------------
  clock CLK (rise edge)                                   0.00       0.00
  clock network delay (ideal)                             0.00       0.00
  input external delay                                    1.20       1.20 r
  commit_if[0].data[26] (in)                              0.01       1.21 r
  U1267/ZN (AOI22_X1)                                     0.05       1.26 f
  U1269/ZN (NAND2_X1)                                     0.05       1.31 r
  g_commit_arbs[0].commit_arb/g_input_select.g_arbiter.g_out_buf[0].out_buf/g_eb1.pipe_buffer/g_register.g_pipe_regs[0].pipe_register/g_shift_register/g_shift.pipe_reg[0][26]/D (DFF_X1)
                                                          0.01       1.32 r
  data arrival time                                                  1.32

  clock CLK (rise edge)                                   0.00       0.00
  clock network delay (ideal)                             0.00       0.00
  clock uncertainty                                       0.05       0.05
  g_commit_arbs[0].commit_arb/g_input_select.g_arbiter.g_out_buf[0].out_buf/g_eb1.pipe_buffer/g_register.g_pipe_regs[0].pipe_register/g_shift_register/g_shift.pipe_reg[0][26]/CK (DFF_X1)
                                                          0.00       0.05 r
  library hold time                                       0.07       0.12
  data required time                                                 0.12
  --------------------------------------------------------------------------
  data required time                                                 0.12
  data arrival time                                                 -1.32
  --------------------------------------------------------------------------
  slack (MET)                                                        1.20


  Startpoint: commit_if[0].data[27]
              (input port clocked by CLK)
  Endpoint: g_commit_arbs[0].commit_arb/g_input_select.g_arbiter.g_out_buf[0].out_buf/g_eb1.pipe_buffer/g_register.g_pipe_regs[0].pipe_register/g_shift_register/g_shift.pipe_reg[0][27]
            (rising edge-triggered flip-flop clocked by CLK)
  Path Group: INREG
  Path Type: min

  Des/Clust/Port     Wire Load Model       Library
  ------------------------------------------------
  VX_commit          5K_hvratio_1_1        NangateOpenCellLibrary_ss0p95v125c

  Point                                                   Incr       Path
  --------------------------------------------------------------------------
  clock CLK (rise edge)                                   0.00       0.00
  clock network delay (ideal)                             0.00       0.00
  input external delay                                    1.20       1.20 r
  commit_if[0].data[27] (in)                              0.01       1.21 r
  U1264/ZN (AOI22_X1)                                     0.05       1.26 f
  U1266/ZN (NAND2_X1)                                     0.05       1.31 r
  g_commit_arbs[0].commit_arb/g_input_select.g_arbiter.g_out_buf[0].out_buf/g_eb1.pipe_buffer/g_register.g_pipe_regs[0].pipe_register/g_shift_register/g_shift.pipe_reg[0][27]/D (DFF_X1)
                                                          0.01       1.32 r
  data arrival time                                                  1.32

  clock CLK (rise edge)                                   0.00       0.00
  clock network delay (ideal)                             0.00       0.00
  clock uncertainty                                       0.05       0.05
  g_commit_arbs[0].commit_arb/g_input_select.g_arbiter.g_out_buf[0].out_buf/g_eb1.pipe_buffer/g_register.g_pipe_regs[0].pipe_register/g_shift_register/g_shift.pipe_reg[0][27]/CK (DFF_X1)
                                                          0.00       0.05 r
  library hold time                                       0.07       0.12
  data required time                                                 0.12
  --------------------------------------------------------------------------
  data required time                                                 0.12
  data arrival time                                                 -1.32
  --------------------------------------------------------------------------
  slack (MET)                                                        1.20


  Startpoint: commit_if[0].data[28]
              (input port clocked by CLK)
  Endpoint: g_commit_arbs[0].commit_arb/g_input_select.g_arbiter.g_out_buf[0].out_buf/g_eb1.pipe_buffer/g_register.g_pipe_regs[0].pipe_register/g_shift_register/g_shift.pipe_reg[0][28]
            (rising edge-triggered flip-flop clocked by CLK)
  Path Group: INREG
  Path Type: min

  Des/Clust/Port     Wire Load Model       Library
  ------------------------------------------------
  VX_commit          5K_hvratio_1_1        NangateOpenCellLibrary_ss0p95v125c

  Point                                                   Incr       Path
  --------------------------------------------------------------------------
  clock CLK (rise edge)                                   0.00       0.00
  clock network delay (ideal)                             0.00       0.00
  input external delay                                    1.20       1.20 r
  commit_if[0].data[28] (in)                              0.01       1.21 r
  U1261/ZN (AOI22_X1)                                     0.05       1.26 f
  U1263/ZN (NAND2_X1)                                     0.05       1.31 r
  g_commit_arbs[0].commit_arb/g_input_select.g_arbiter.g_out_buf[0].out_buf/g_eb1.pipe_buffer/g_register.g_pipe_regs[0].pipe_register/g_shift_register/g_shift.pipe_reg[0][28]/D (DFF_X1)
                                                          0.01       1.32 r
  data arrival time                                                  1.32

  clock CLK (rise edge)                                   0.00       0.00
  clock network delay (ideal)                             0.00       0.00
  clock uncertainty                                       0.05       0.05
  g_commit_arbs[0].commit_arb/g_input_select.g_arbiter.g_out_buf[0].out_buf/g_eb1.pipe_buffer/g_register.g_pipe_regs[0].pipe_register/g_shift_register/g_shift.pipe_reg[0][28]/CK (DFF_X1)
                                                          0.00       0.05 r
  library hold time                                       0.07       0.12
  data required time                                                 0.12
  --------------------------------------------------------------------------
  data required time                                                 0.12
  data arrival time                                                 -1.32
  --------------------------------------------------------------------------
  slack (MET)                                                        1.20


  Startpoint: commit_if[0].data[29]
              (input port clocked by CLK)
  Endpoint: g_commit_arbs[0].commit_arb/g_input_select.g_arbiter.g_out_buf[0].out_buf/g_eb1.pipe_buffer/g_register.g_pipe_regs[0].pipe_register/g_shift_register/g_shift.pipe_reg[0][29]
            (rising edge-triggered flip-flop clocked by CLK)
  Path Group: INREG
  Path Type: min

  Des/Clust/Port     Wire Load Model       Library
  ------------------------------------------------
  VX_commit          5K_hvratio_1_1        NangateOpenCellLibrary_ss0p95v125c

  Point                                                   Incr       Path
  --------------------------------------------------------------------------
  clock CLK (rise edge)                                   0.00       0.00
  clock network delay (ideal)                             0.00       0.00
  input external delay                                    1.20       1.20 r
  commit_if[0].data[29] (in)                              0.01       1.21 r
  U1258/ZN (AOI22_X1)                                     0.05       1.26 f
  U1260/ZN (NAND2_X1)                                     0.05       1.31 r
  g_commit_arbs[0].commit_arb/g_input_select.g_arbiter.g_out_buf[0].out_buf/g_eb1.pipe_buffer/g_register.g_pipe_regs[0].pipe_register/g_shift_register/g_shift.pipe_reg[0][29]/D (DFF_X1)
                                                          0.01       1.32 r
  data arrival time                                                  1.32

  clock CLK (rise edge)                                   0.00       0.00
  clock network delay (ideal)                             0.00       0.00
  clock uncertainty                                       0.05       0.05
  g_commit_arbs[0].commit_arb/g_input_select.g_arbiter.g_out_buf[0].out_buf/g_eb1.pipe_buffer/g_register.g_pipe_regs[0].pipe_register/g_shift_register/g_shift.pipe_reg[0][29]/CK (DFF_X1)
                                                          0.00       0.05 r
  library hold time                                       0.07       0.12
  data required time                                                 0.12
  --------------------------------------------------------------------------
  data required time                                                 0.12
  data arrival time                                                 -1.32
  --------------------------------------------------------------------------
  slack (MET)                                                        1.20


  Startpoint: commit_if[0].data[30]
              (input port clocked by CLK)
  Endpoint: g_commit_arbs[0].commit_arb/g_input_select.g_arbiter.g_out_buf[0].out_buf/g_eb1.pipe_buffer/g_register.g_pipe_regs[0].pipe_register/g_shift_register/g_shift.pipe_reg[0][30]
            (rising edge-triggered flip-flop clocked by CLK)
  Path Group: INREG
  Path Type: min

  Des/Clust/Port     Wire Load Model       Library
  ------------------------------------------------
  VX_commit          5K_hvratio_1_1        NangateOpenCellLibrary_ss0p95v125c

  Point                                                   Incr       Path
  --------------------------------------------------------------------------
  clock CLK (rise edge)                                   0.00       0.00
  clock network delay (ideal)                             0.00       0.00
  input external delay                                    1.20       1.20 r
  commit_if[0].data[30] (in)                              0.01       1.21 r
  U1255/ZN (AOI22_X1)                                     0.05       1.26 f
  U1257/ZN (NAND2_X1)                                     0.05       1.31 r
  g_commit_arbs[0].commit_arb/g_input_select.g_arbiter.g_out_buf[0].out_buf/g_eb1.pipe_buffer/g_register.g_pipe_regs[0].pipe_register/g_shift_register/g_shift.pipe_reg[0][30]/D (DFF_X1)
                                                          0.01       1.32 r
  data arrival time                                                  1.32

  clock CLK (rise edge)                                   0.00       0.00
  clock network delay (ideal)                             0.00       0.00
  clock uncertainty                                       0.05       0.05
  g_commit_arbs[0].commit_arb/g_input_select.g_arbiter.g_out_buf[0].out_buf/g_eb1.pipe_buffer/g_register.g_pipe_regs[0].pipe_register/g_shift_register/g_shift.pipe_reg[0][30]/CK (DFF_X1)
                                                          0.00       0.05 r
  library hold time                                       0.07       0.12
  data required time                                                 0.12
  --------------------------------------------------------------------------
  data required time                                                 0.12
  data arrival time                                                 -1.32
  --------------------------------------------------------------------------
  slack (MET)                                                        1.20


  Startpoint: commit_if[0].data[31]
              (input port clocked by CLK)
  Endpoint: g_commit_arbs[0].commit_arb/g_input_select.g_arbiter.g_out_buf[0].out_buf/g_eb1.pipe_buffer/g_register.g_pipe_regs[0].pipe_register/g_shift_register/g_shift.pipe_reg[0][31]
            (rising edge-triggered flip-flop clocked by CLK)
  Path Group: INREG
  Path Type: min

  Des/Clust/Port     Wire Load Model       Library
  ------------------------------------------------
  VX_commit          5K_hvratio_1_1        NangateOpenCellLibrary_ss0p95v125c

  Point                                                   Incr       Path
  --------------------------------------------------------------------------
  clock CLK (rise edge)                                   0.00       0.00
  clock network delay (ideal)                             0.00       0.00
  input external delay                                    1.20       1.20 r
  commit_if[0].data[31] (in)                              0.01       1.21 r
  U1252/ZN (AOI22_X1)                                     0.05       1.26 f
  U1254/ZN (NAND2_X1)                                     0.05       1.31 r
  g_commit_arbs[0].commit_arb/g_input_select.g_arbiter.g_out_buf[0].out_buf/g_eb1.pipe_buffer/g_register.g_pipe_regs[0].pipe_register/g_shift_register/g_shift.pipe_reg[0][31]/D (DFF_X1)
                                                          0.01       1.32 r
  data arrival time                                                  1.32

  clock CLK (rise edge)                                   0.00       0.00
  clock network delay (ideal)                             0.00       0.00
  clock uncertainty                                       0.05       0.05
  g_commit_arbs[0].commit_arb/g_input_select.g_arbiter.g_out_buf[0].out_buf/g_eb1.pipe_buffer/g_register.g_pipe_regs[0].pipe_register/g_shift_register/g_shift.pipe_reg[0][31]/CK (DFF_X1)
                                                          0.00       0.05 r
  library hold time                                       0.07       0.12
  data required time                                                 0.12
  --------------------------------------------------------------------------
  data required time                                                 0.12
  data arrival time                                                 -1.32
  --------------------------------------------------------------------------
  slack (MET)                                                        1.20


  Startpoint: commit_if[0].data[32]
              (input port clocked by CLK)
  Endpoint: g_commit_arbs[0].commit_arb/g_input_select.g_arbiter.g_out_buf[0].out_buf/g_eb1.pipe_buffer/g_register.g_pipe_regs[0].pipe_register/g_shift_register/g_shift.pipe_reg[0][32]
            (rising edge-triggered flip-flop clocked by CLK)
  Path Group: INREG
  Path Type: min

  Des/Clust/Port     Wire Load Model       Library
  ------------------------------------------------
  VX_commit          5K_hvratio_1_1        NangateOpenCellLibrary_ss0p95v125c

  Point                                                   Incr       Path
  --------------------------------------------------------------------------
  clock CLK (rise edge)                                   0.00       0.00
  clock network delay (ideal)                             0.00       0.00
  input external delay                                    1.20       1.20 r
  commit_if[0].data[32] (in)                              0.01       1.21 r
  U1249/ZN (AOI22_X1)                                     0.05       1.26 f
  U1251/ZN (NAND2_X1)                                     0.05       1.31 r
  g_commit_arbs[0].commit_arb/g_input_select.g_arbiter.g_out_buf[0].out_buf/g_eb1.pipe_buffer/g_register.g_pipe_regs[0].pipe_register/g_shift_register/g_shift.pipe_reg[0][32]/D (DFF_X1)
                                                          0.01       1.32 r
  data arrival time                                                  1.32

  clock CLK (rise edge)                                   0.00       0.00
  clock network delay (ideal)                             0.00       0.00
  clock uncertainty                                       0.05       0.05
  g_commit_arbs[0].commit_arb/g_input_select.g_arbiter.g_out_buf[0].out_buf/g_eb1.pipe_buffer/g_register.g_pipe_regs[0].pipe_register/g_shift_register/g_shift.pipe_reg[0][32]/CK (DFF_X1)
                                                          0.00       0.05 r
  library hold time                                       0.07       0.12
  data required time                                                 0.12
  --------------------------------------------------------------------------
  data required time                                                 0.12
  data arrival time                                                 -1.32
  --------------------------------------------------------------------------
  slack (MET)                                                        1.20


  Startpoint: commit_if[0].data[33]
              (input port clocked by CLK)
  Endpoint: g_commit_arbs[0].commit_arb/g_input_select.g_arbiter.g_out_buf[0].out_buf/g_eb1.pipe_buffer/g_register.g_pipe_regs[0].pipe_register/g_shift_register/g_shift.pipe_reg[0][33]
            (rising edge-triggered flip-flop clocked by CLK)
  Path Group: INREG
  Path Type: min

  Des/Clust/Port     Wire Load Model       Library
  ------------------------------------------------
  VX_commit          5K_hvratio_1_1        NangateOpenCellLibrary_ss0p95v125c

  Point                                                   Incr       Path
  --------------------------------------------------------------------------
  clock CLK (rise edge)                                   0.00       0.00
  clock network delay (ideal)                             0.00       0.00
  input external delay                                    1.20       1.20 r
  commit_if[0].data[33] (in)                              0.01       1.21 r
  U1246/ZN (AOI22_X1)                                     0.05       1.26 f
  U1248/ZN (NAND2_X1)                                     0.05       1.31 r
  g_commit_arbs[0].commit_arb/g_input_select.g_arbiter.g_out_buf[0].out_buf/g_eb1.pipe_buffer/g_register.g_pipe_regs[0].pipe_register/g_shift_register/g_shift.pipe_reg[0][33]/D (DFF_X1)
                                                          0.01       1.32 r
  data arrival time                                                  1.32

  clock CLK (rise edge)                                   0.00       0.00
  clock network delay (ideal)                             0.00       0.00
  clock uncertainty                                       0.05       0.05
  g_commit_arbs[0].commit_arb/g_input_select.g_arbiter.g_out_buf[0].out_buf/g_eb1.pipe_buffer/g_register.g_pipe_regs[0].pipe_register/g_shift_register/g_shift.pipe_reg[0][33]/CK (DFF_X1)
                                                          0.00       0.05 r
  library hold time                                       0.07       0.12
  data required time                                                 0.12
  --------------------------------------------------------------------------
  data required time                                                 0.12
  data arrival time                                                 -1.32
  --------------------------------------------------------------------------
  slack (MET)                                                        1.20


  Startpoint: commit_if[0].data[34]
              (input port clocked by CLK)
  Endpoint: g_commit_arbs[0].commit_arb/g_input_select.g_arbiter.g_out_buf[0].out_buf/g_eb1.pipe_buffer/g_register.g_pipe_regs[0].pipe_register/g_shift_register/g_shift.pipe_reg[0][34]
            (rising edge-triggered flip-flop clocked by CLK)
  Path Group: INREG
  Path Type: min

  Des/Clust/Port     Wire Load Model       Library
  ------------------------------------------------
  VX_commit          5K_hvratio_1_1        NangateOpenCellLibrary_ss0p95v125c

  Point                                                   Incr       Path
  --------------------------------------------------------------------------
  clock CLK (rise edge)                                   0.00       0.00
  clock network delay (ideal)                             0.00       0.00
  input external delay                                    1.20       1.20 r
  commit_if[0].data[34] (in)                              0.01       1.21 r
  U1243/ZN (AOI22_X1)                                     0.05       1.26 f
  U1245/ZN (NAND2_X1)                                     0.05       1.31 r
  g_commit_arbs[0].commit_arb/g_input_select.g_arbiter.g_out_buf[0].out_buf/g_eb1.pipe_buffer/g_register.g_pipe_regs[0].pipe_register/g_shift_register/g_shift.pipe_reg[0][34]/D (DFF_X1)
                                                          0.01       1.32 r
  data arrival time                                                  1.32

  clock CLK (rise edge)                                   0.00       0.00
  clock network delay (ideal)                             0.00       0.00
  clock uncertainty                                       0.05       0.05
  g_commit_arbs[0].commit_arb/g_input_select.g_arbiter.g_out_buf[0].out_buf/g_eb1.pipe_buffer/g_register.g_pipe_regs[0].pipe_register/g_shift_register/g_shift.pipe_reg[0][34]/CK (DFF_X1)
                                                          0.00       0.05 r
  library hold time                                       0.07       0.12
  data required time                                                 0.12
  --------------------------------------------------------------------------
  data required time                                                 0.12
  data arrival time                                                 -1.32
  --------------------------------------------------------------------------
  slack (MET)                                                        1.20


  Startpoint: commit_if[0].data[35]
              (input port clocked by CLK)
  Endpoint: g_commit_arbs[0].commit_arb/g_input_select.g_arbiter.g_out_buf[0].out_buf/g_eb1.pipe_buffer/g_register.g_pipe_regs[0].pipe_register/g_shift_register/g_shift.pipe_reg[0][35]
            (rising edge-triggered flip-flop clocked by CLK)
  Path Group: INREG
  Path Type: min

  Des/Clust/Port     Wire Load Model       Library
  ------------------------------------------------
  VX_commit          5K_hvratio_1_1        NangateOpenCellLibrary_ss0p95v125c

  Point                                                   Incr       Path
  --------------------------------------------------------------------------
  clock CLK (rise edge)                                   0.00       0.00
  clock network delay (ideal)                             0.00       0.00
  input external delay                                    1.20       1.20 r
  commit_if[0].data[35] (in)                              0.01       1.21 r
  U1240/ZN (AOI22_X1)                                     0.05       1.26 f
  U1242/ZN (NAND2_X1)                                     0.05       1.31 r
  g_commit_arbs[0].commit_arb/g_input_select.g_arbiter.g_out_buf[0].out_buf/g_eb1.pipe_buffer/g_register.g_pipe_regs[0].pipe_register/g_shift_register/g_shift.pipe_reg[0][35]/D (DFF_X1)
                                                          0.01       1.32 r
  data arrival time                                                  1.32

  clock CLK (rise edge)                                   0.00       0.00
  clock network delay (ideal)                             0.00       0.00
  clock uncertainty                                       0.05       0.05
  g_commit_arbs[0].commit_arb/g_input_select.g_arbiter.g_out_buf[0].out_buf/g_eb1.pipe_buffer/g_register.g_pipe_regs[0].pipe_register/g_shift_register/g_shift.pipe_reg[0][35]/CK (DFF_X1)
                                                          0.00       0.05 r
  library hold time                                       0.07       0.12
  data required time                                                 0.12
  --------------------------------------------------------------------------
  data required time                                                 0.12
  data arrival time                                                 -1.32
  --------------------------------------------------------------------------
  slack (MET)                                                        1.20


  Startpoint: commit_if[0].data[36]
              (input port clocked by CLK)
  Endpoint: g_commit_arbs[0].commit_arb/g_input_select.g_arbiter.g_out_buf[0].out_buf/g_eb1.pipe_buffer/g_register.g_pipe_regs[0].pipe_register/g_shift_register/g_shift.pipe_reg[0][36]
            (rising edge-triggered flip-flop clocked by CLK)
  Path Group: INREG
  Path Type: min

  Des/Clust/Port     Wire Load Model       Library
  ------------------------------------------------
  VX_commit          5K_hvratio_1_1        NangateOpenCellLibrary_ss0p95v125c

  Point                                                   Incr       Path
  --------------------------------------------------------------------------
  clock CLK (rise edge)                                   0.00       0.00
  clock network delay (ideal)                             0.00       0.00
  input external delay                                    1.20       1.20 r
  commit_if[0].data[36] (in)                              0.01       1.21 r
  U1237/ZN (AOI22_X1)                                     0.05       1.26 f
  U1239/ZN (NAND2_X1)                                     0.05       1.31 r
  g_commit_arbs[0].commit_arb/g_input_select.g_arbiter.g_out_buf[0].out_buf/g_eb1.pipe_buffer/g_register.g_pipe_regs[0].pipe_register/g_shift_register/g_shift.pipe_reg[0][36]/D (DFF_X1)
                                                          0.01       1.32 r
  data arrival time                                                  1.32

  clock CLK (rise edge)                                   0.00       0.00
  clock network delay (ideal)                             0.00       0.00
  clock uncertainty                                       0.05       0.05
  g_commit_arbs[0].commit_arb/g_input_select.g_arbiter.g_out_buf[0].out_buf/g_eb1.pipe_buffer/g_register.g_pipe_regs[0].pipe_register/g_shift_register/g_shift.pipe_reg[0][36]/CK (DFF_X1)
                                                          0.00       0.05 r
  library hold time                                       0.07       0.12
  data required time                                                 0.12
  --------------------------------------------------------------------------
  data required time                                                 0.12
  data arrival time                                                 -1.32
  --------------------------------------------------------------------------
  slack (MET)                                                        1.20


  Startpoint: commit_if[0].data[37]
              (input port clocked by CLK)
  Endpoint: g_commit_arbs[0].commit_arb/g_input_select.g_arbiter.g_out_buf[0].out_buf/g_eb1.pipe_buffer/g_register.g_pipe_regs[0].pipe_register/g_shift_register/g_shift.pipe_reg[0][37]
            (rising edge-triggered flip-flop clocked by CLK)
  Path Group: INREG
  Path Type: min

  Des/Clust/Port     Wire Load Model       Library
  ------------------------------------------------
  VX_commit          5K_hvratio_1_1        NangateOpenCellLibrary_ss0p95v125c

  Point                                                   Incr       Path
  --------------------------------------------------------------------------
  clock CLK (rise edge)                                   0.00       0.00
  clock network delay (ideal)                             0.00       0.00
  input external delay                                    1.20       1.20 r
  commit_if[0].data[37] (in)                              0.01       1.21 r
  U1234/ZN (AOI22_X1)                                     0.05       1.26 f
  U1236/ZN (NAND2_X1)                                     0.05       1.31 r
  g_commit_arbs[0].commit_arb/g_input_select.g_arbiter.g_out_buf[0].out_buf/g_eb1.pipe_buffer/g_register.g_pipe_regs[0].pipe_register/g_shift_register/g_shift.pipe_reg[0][37]/D (DFF_X1)
                                                          0.01       1.32 r
  data arrival time                                                  1.32

  clock CLK (rise edge)                                   0.00       0.00
  clock network delay (ideal)                             0.00       0.00
  clock uncertainty                                       0.05       0.05
  g_commit_arbs[0].commit_arb/g_input_select.g_arbiter.g_out_buf[0].out_buf/g_eb1.pipe_buffer/g_register.g_pipe_regs[0].pipe_register/g_shift_register/g_shift.pipe_reg[0][37]/CK (DFF_X1)
                                                          0.00       0.05 r
  library hold time                                       0.07       0.12
  data required time                                                 0.12
  --------------------------------------------------------------------------
  data required time                                                 0.12
  data arrival time                                                 -1.32
  --------------------------------------------------------------------------
  slack (MET)                                                        1.20


  Startpoint: commit_if[0].data[38]
              (input port clocked by CLK)
  Endpoint: g_commit_arbs[0].commit_arb/g_input_select.g_arbiter.g_out_buf[0].out_buf/g_eb1.pipe_buffer/g_register.g_pipe_regs[0].pipe_register/g_shift_register/g_shift.pipe_reg[0][38]
            (rising edge-triggered flip-flop clocked by CLK)
  Path Group: INREG
  Path Type: min

  Des/Clust/Port     Wire Load Model       Library
  ------------------------------------------------
  VX_commit          5K_hvratio_1_1        NangateOpenCellLibrary_ss0p95v125c

  Point                                                   Incr       Path
  --------------------------------------------------------------------------
  clock CLK (rise edge)                                   0.00       0.00
  clock network delay (ideal)                             0.00       0.00
  input external delay                                    1.20       1.20 r
  commit_if[0].data[38] (in)                              0.01       1.21 r
  U1231/ZN (AOI22_X1)                                     0.05       1.26 f
  U1233/ZN (NAND2_X1)                                     0.05       1.31 r
  g_commit_arbs[0].commit_arb/g_input_select.g_arbiter.g_out_buf[0].out_buf/g_eb1.pipe_buffer/g_register.g_pipe_regs[0].pipe_register/g_shift_register/g_shift.pipe_reg[0][38]/D (DFF_X1)
                                                          0.01       1.32 r
  data arrival time                                                  1.32

  clock CLK (rise edge)                                   0.00       0.00
  clock network delay (ideal)                             0.00       0.00
  clock uncertainty                                       0.05       0.05
  g_commit_arbs[0].commit_arb/g_input_select.g_arbiter.g_out_buf[0].out_buf/g_eb1.pipe_buffer/g_register.g_pipe_regs[0].pipe_register/g_shift_register/g_shift.pipe_reg[0][38]/CK (DFF_X1)
                                                          0.00       0.05 r
  library hold time                                       0.07       0.12
  data required time                                                 0.12
  --------------------------------------------------------------------------
  data required time                                                 0.12
  data arrival time                                                 -1.32
  --------------------------------------------------------------------------
  slack (MET)                                                        1.20


  Startpoint: commit_if[0].data[39]
              (input port clocked by CLK)
  Endpoint: g_commit_arbs[0].commit_arb/g_input_select.g_arbiter.g_out_buf[0].out_buf/g_eb1.pipe_buffer/g_register.g_pipe_regs[0].pipe_register/g_shift_register/g_shift.pipe_reg[0][39]
            (rising edge-triggered flip-flop clocked by CLK)
  Path Group: INREG
  Path Type: min

  Des/Clust/Port     Wire Load Model       Library
  ------------------------------------------------
  VX_commit          5K_hvratio_1_1        NangateOpenCellLibrary_ss0p95v125c

  Point                                                   Incr       Path
  --------------------------------------------------------------------------
  clock CLK (rise edge)                                   0.00       0.00
  clock network delay (ideal)                             0.00       0.00
  input external delay                                    1.20       1.20 r
  commit_if[0].data[39] (in)                              0.01       1.21 r
  U1228/ZN (AOI22_X1)                                     0.05       1.26 f
  U1230/ZN (NAND2_X1)                                     0.05       1.31 r
  g_commit_arbs[0].commit_arb/g_input_select.g_arbiter.g_out_buf[0].out_buf/g_eb1.pipe_buffer/g_register.g_pipe_regs[0].pipe_register/g_shift_register/g_shift.pipe_reg[0][39]/D (DFF_X1)
                                                          0.01       1.32 r
  data arrival time                                                  1.32

  clock CLK (rise edge)                                   0.00       0.00
  clock network delay (ideal)                             0.00       0.00
  clock uncertainty                                       0.05       0.05
  g_commit_arbs[0].commit_arb/g_input_select.g_arbiter.g_out_buf[0].out_buf/g_eb1.pipe_buffer/g_register.g_pipe_regs[0].pipe_register/g_shift_register/g_shift.pipe_reg[0][39]/CK (DFF_X1)
                                                          0.00       0.05 r
  library hold time                                       0.07       0.12
  data required time                                                 0.12
  --------------------------------------------------------------------------
  data required time                                                 0.12
  data arrival time                                                 -1.32
  --------------------------------------------------------------------------
  slack (MET)                                                        1.20


  Startpoint: commit_if[0].data[40]
              (input port clocked by CLK)
  Endpoint: g_commit_arbs[0].commit_arb/g_input_select.g_arbiter.g_out_buf[0].out_buf/g_eb1.pipe_buffer/g_register.g_pipe_regs[0].pipe_register/g_shift_register/g_shift.pipe_reg[0][40]
            (rising edge-triggered flip-flop clocked by CLK)
  Path Group: INREG
  Path Type: min

  Des/Clust/Port     Wire Load Model       Library
  ------------------------------------------------
  VX_commit          5K_hvratio_1_1        NangateOpenCellLibrary_ss0p95v125c

  Point                                                   Incr       Path
  --------------------------------------------------------------------------
  clock CLK (rise edge)                                   0.00       0.00
  clock network delay (ideal)                             0.00       0.00
  input external delay                                    1.20       1.20 r
  commit_if[0].data[40] (in)                              0.01       1.21 r
  U1225/ZN (AOI22_X1)                                     0.05       1.26 f
  U1227/ZN (NAND2_X1)                                     0.05       1.31 r
  g_commit_arbs[0].commit_arb/g_input_select.g_arbiter.g_out_buf[0].out_buf/g_eb1.pipe_buffer/g_register.g_pipe_regs[0].pipe_register/g_shift_register/g_shift.pipe_reg[0][40]/D (DFF_X1)
                                                          0.01       1.32 r
  data arrival time                                                  1.32

  clock CLK (rise edge)                                   0.00       0.00
  clock network delay (ideal)                             0.00       0.00
  clock uncertainty                                       0.05       0.05
  g_commit_arbs[0].commit_arb/g_input_select.g_arbiter.g_out_buf[0].out_buf/g_eb1.pipe_buffer/g_register.g_pipe_regs[0].pipe_register/g_shift_register/g_shift.pipe_reg[0][40]/CK (DFF_X1)
                                                          0.00       0.05 r
  library hold time                                       0.07       0.12
  data required time                                                 0.12
  --------------------------------------------------------------------------
  data required time                                                 0.12
  data arrival time                                                 -1.32
  --------------------------------------------------------------------------
  slack (MET)                                                        1.20


  Startpoint: commit_if[0].data[41]
              (input port clocked by CLK)
  Endpoint: g_commit_arbs[0].commit_arb/g_input_select.g_arbiter.g_out_buf[0].out_buf/g_eb1.pipe_buffer/g_register.g_pipe_regs[0].pipe_register/g_shift_register/g_shift.pipe_reg[0][41]
            (rising edge-triggered flip-flop clocked by CLK)
  Path Group: INREG
  Path Type: min

  Des/Clust/Port     Wire Load Model       Library
  ------------------------------------------------
  VX_commit          5K_hvratio_1_1        NangateOpenCellLibrary_ss0p95v125c

  Point                                                   Incr       Path
  --------------------------------------------------------------------------
  clock CLK (rise edge)                                   0.00       0.00
  clock network delay (ideal)                             0.00       0.00
  input external delay                                    1.20       1.20 r
  commit_if[0].data[41] (in)                              0.01       1.21 r
  U1222/ZN (AOI22_X1)                                     0.05       1.26 f
  U1224/ZN (NAND2_X1)                                     0.05       1.31 r
  g_commit_arbs[0].commit_arb/g_input_select.g_arbiter.g_out_buf[0].out_buf/g_eb1.pipe_buffer/g_register.g_pipe_regs[0].pipe_register/g_shift_register/g_shift.pipe_reg[0][41]/D (DFF_X1)
                                                          0.01       1.32 r
  data arrival time                                                  1.32

  clock CLK (rise edge)                                   0.00       0.00
  clock network delay (ideal)                             0.00       0.00
  clock uncertainty                                       0.05       0.05
  g_commit_arbs[0].commit_arb/g_input_select.g_arbiter.g_out_buf[0].out_buf/g_eb1.pipe_buffer/g_register.g_pipe_regs[0].pipe_register/g_shift_register/g_shift.pipe_reg[0][41]/CK (DFF_X1)
                                                          0.00       0.05 r
  library hold time                                       0.07       0.12
  data required time                                                 0.12
  --------------------------------------------------------------------------
  data required time                                                 0.12
  data arrival time                                                 -1.32
  --------------------------------------------------------------------------
  slack (MET)                                                        1.20


  Startpoint: commit_if[0].data[42]
              (input port clocked by CLK)
  Endpoint: g_commit_arbs[0].commit_arb/g_input_select.g_arbiter.g_out_buf[0].out_buf/g_eb1.pipe_buffer/g_register.g_pipe_regs[0].pipe_register/g_shift_register/g_shift.pipe_reg[0][42]
            (rising edge-triggered flip-flop clocked by CLK)
  Path Group: INREG
  Path Type: min

  Des/Clust/Port     Wire Load Model       Library
  ------------------------------------------------
  VX_commit          5K_hvratio_1_1        NangateOpenCellLibrary_ss0p95v125c

  Point                                                   Incr       Path
  --------------------------------------------------------------------------
  clock CLK (rise edge)                                   0.00       0.00
  clock network delay (ideal)                             0.00       0.00
  input external delay                                    1.20       1.20 r
  commit_if[0].data[42] (in)                              0.01       1.21 r
  U1219/ZN (AOI22_X1)                                     0.05       1.26 f
  U1221/ZN (NAND2_X1)                                     0.05       1.31 r
  g_commit_arbs[0].commit_arb/g_input_select.g_arbiter.g_out_buf[0].out_buf/g_eb1.pipe_buffer/g_register.g_pipe_regs[0].pipe_register/g_shift_register/g_shift.pipe_reg[0][42]/D (DFF_X1)
                                                          0.01       1.32 r
  data arrival time                                                  1.32

  clock CLK (rise edge)                                   0.00       0.00
  clock network delay (ideal)                             0.00       0.00
  clock uncertainty                                       0.05       0.05
  g_commit_arbs[0].commit_arb/g_input_select.g_arbiter.g_out_buf[0].out_buf/g_eb1.pipe_buffer/g_register.g_pipe_regs[0].pipe_register/g_shift_register/g_shift.pipe_reg[0][42]/CK (DFF_X1)
                                                          0.00       0.05 r
  library hold time                                       0.07       0.12
  data required time                                                 0.12
  --------------------------------------------------------------------------
  data required time                                                 0.12
  data arrival time                                                 -1.32
  --------------------------------------------------------------------------
  slack (MET)                                                        1.20


  Startpoint: commit_if[0].data[43]
              (input port clocked by CLK)
  Endpoint: g_commit_arbs[0].commit_arb/g_input_select.g_arbiter.g_out_buf[0].out_buf/g_eb1.pipe_buffer/g_register.g_pipe_regs[0].pipe_register/g_shift_register/g_shift.pipe_reg[0][43]
            (rising edge-triggered flip-flop clocked by CLK)
  Path Group: INREG
  Path Type: min

  Des/Clust/Port     Wire Load Model       Library
  ------------------------------------------------
  VX_commit          5K_hvratio_1_1        NangateOpenCellLibrary_ss0p95v125c

  Point                                                   Incr       Path
  --------------------------------------------------------------------------
  clock CLK (rise edge)                                   0.00       0.00
  clock network delay (ideal)                             0.00       0.00
  input external delay                                    1.20       1.20 r
  commit_if[0].data[43] (in)                              0.01       1.21 r
  U1216/ZN (AOI22_X1)                                     0.05       1.26 f
  U1218/ZN (NAND2_X1)                                     0.05       1.31 r
  g_commit_arbs[0].commit_arb/g_input_select.g_arbiter.g_out_buf[0].out_buf/g_eb1.pipe_buffer/g_register.g_pipe_regs[0].pipe_register/g_shift_register/g_shift.pipe_reg[0][43]/D (DFF_X1)
                                                          0.01       1.32 r
  data arrival time                                                  1.32

  clock CLK (rise edge)                                   0.00       0.00
  clock network delay (ideal)                             0.00       0.00
  clock uncertainty                                       0.05       0.05
  g_commit_arbs[0].commit_arb/g_input_select.g_arbiter.g_out_buf[0].out_buf/g_eb1.pipe_buffer/g_register.g_pipe_regs[0].pipe_register/g_shift_register/g_shift.pipe_reg[0][43]/CK (DFF_X1)
                                                          0.00       0.05 r
  library hold time                                       0.07       0.12
  data required time                                                 0.12
  --------------------------------------------------------------------------
  data required time                                                 0.12
  data arrival time                                                 -1.32
  --------------------------------------------------------------------------
  slack (MET)                                                        1.20


  Startpoint: commit_if[0].data[44]
              (input port clocked by CLK)
  Endpoint: g_commit_arbs[0].commit_arb/g_input_select.g_arbiter.g_out_buf[0].out_buf/g_eb1.pipe_buffer/g_register.g_pipe_regs[0].pipe_register/g_shift_register/g_shift.pipe_reg[0][44]
            (rising edge-triggered flip-flop clocked by CLK)
  Path Group: INREG
  Path Type: min

  Des/Clust/Port     Wire Load Model       Library
  ------------------------------------------------
  VX_commit          5K_hvratio_1_1        NangateOpenCellLibrary_ss0p95v125c

  Point                                                   Incr       Path
  --------------------------------------------------------------------------
  clock CLK (rise edge)                                   0.00       0.00
  clock network delay (ideal)                             0.00       0.00
  input external delay                                    1.20       1.20 r
  commit_if[0].data[44] (in)                              0.01       1.21 r
  U1213/ZN (AOI22_X1)                                     0.05       1.26 f
  U1215/ZN (NAND2_X1)                                     0.05       1.31 r
  g_commit_arbs[0].commit_arb/g_input_select.g_arbiter.g_out_buf[0].out_buf/g_eb1.pipe_buffer/g_register.g_pipe_regs[0].pipe_register/g_shift_register/g_shift.pipe_reg[0][44]/D (DFF_X1)
                                                          0.01       1.32 r
  data arrival time                                                  1.32

  clock CLK (rise edge)                                   0.00       0.00
  clock network delay (ideal)                             0.00       0.00
  clock uncertainty                                       0.05       0.05
  g_commit_arbs[0].commit_arb/g_input_select.g_arbiter.g_out_buf[0].out_buf/g_eb1.pipe_buffer/g_register.g_pipe_regs[0].pipe_register/g_shift_register/g_shift.pipe_reg[0][44]/CK (DFF_X1)
                                                          0.00       0.05 r
  library hold time                                       0.07       0.12
  data required time                                                 0.12
  --------------------------------------------------------------------------
  data required time                                                 0.12
  data arrival time                                                 -1.32
  --------------------------------------------------------------------------
  slack (MET)                                                        1.20


  Startpoint: commit_if[0].data[45]
              (input port clocked by CLK)
  Endpoint: g_commit_arbs[0].commit_arb/g_input_select.g_arbiter.g_out_buf[0].out_buf/g_eb1.pipe_buffer/g_register.g_pipe_regs[0].pipe_register/g_shift_register/g_shift.pipe_reg[0][45]
            (rising edge-triggered flip-flop clocked by CLK)
  Path Group: INREG
  Path Type: min

  Des/Clust/Port     Wire Load Model       Library
  ------------------------------------------------
  VX_commit          5K_hvratio_1_1        NangateOpenCellLibrary_ss0p95v125c

  Point                                                   Incr       Path
  --------------------------------------------------------------------------
  clock CLK (rise edge)                                   0.00       0.00
  clock network delay (ideal)                             0.00       0.00
  input external delay                                    1.20       1.20 r
  commit_if[0].data[45] (in)                              0.01       1.21 r
  U1210/ZN (AOI22_X1)                                     0.05       1.26 f
  U1212/ZN (NAND2_X1)                                     0.05       1.31 r
  g_commit_arbs[0].commit_arb/g_input_select.g_arbiter.g_out_buf[0].out_buf/g_eb1.pipe_buffer/g_register.g_pipe_regs[0].pipe_register/g_shift_register/g_shift.pipe_reg[0][45]/D (DFF_X1)
                                                          0.01       1.32 r
  data arrival time                                                  1.32

  clock CLK (rise edge)                                   0.00       0.00
  clock network delay (ideal)                             0.00       0.00
  clock uncertainty                                       0.05       0.05
  g_commit_arbs[0].commit_arb/g_input_select.g_arbiter.g_out_buf[0].out_buf/g_eb1.pipe_buffer/g_register.g_pipe_regs[0].pipe_register/g_shift_register/g_shift.pipe_reg[0][45]/CK (DFF_X1)
                                                          0.00       0.05 r
  library hold time                                       0.07       0.12
  data required time                                                 0.12
  --------------------------------------------------------------------------
  data required time                                                 0.12
  data arrival time                                                 -1.32
  --------------------------------------------------------------------------
  slack (MET)                                                        1.20


  Startpoint: commit_if[0].data[46]
              (input port clocked by CLK)
  Endpoint: g_commit_arbs[0].commit_arb/g_input_select.g_arbiter.g_out_buf[0].out_buf/g_eb1.pipe_buffer/g_register.g_pipe_regs[0].pipe_register/g_shift_register/g_shift.pipe_reg[0][46]
            (rising edge-triggered flip-flop clocked by CLK)
  Path Group: INREG
  Path Type: min

  Des/Clust/Port     Wire Load Model       Library
  ------------------------------------------------
  VX_commit          5K_hvratio_1_1        NangateOpenCellLibrary_ss0p95v125c

  Point                                                   Incr       Path
  --------------------------------------------------------------------------
  clock CLK (rise edge)                                   0.00       0.00
  clock network delay (ideal)                             0.00       0.00
  input external delay                                    1.20       1.20 r
  commit_if[0].data[46] (in)                              0.01       1.21 r
  U1207/ZN (AOI22_X1)                                     0.05       1.26 f
  U1209/ZN (NAND2_X1)                                     0.05       1.31 r
  g_commit_arbs[0].commit_arb/g_input_select.g_arbiter.g_out_buf[0].out_buf/g_eb1.pipe_buffer/g_register.g_pipe_regs[0].pipe_register/g_shift_register/g_shift.pipe_reg[0][46]/D (DFF_X1)
                                                          0.01       1.32 r
  data arrival time                                                  1.32

  clock CLK (rise edge)                                   0.00       0.00
  clock network delay (ideal)                             0.00       0.00
  clock uncertainty                                       0.05       0.05
  g_commit_arbs[0].commit_arb/g_input_select.g_arbiter.g_out_buf[0].out_buf/g_eb1.pipe_buffer/g_register.g_pipe_regs[0].pipe_register/g_shift_register/g_shift.pipe_reg[0][46]/CK (DFF_X1)
                                                          0.00       0.05 r
  library hold time                                       0.07       0.12
  data required time                                                 0.12
  --------------------------------------------------------------------------
  data required time                                                 0.12
  data arrival time                                                 -1.32
  --------------------------------------------------------------------------
  slack (MET)                                                        1.20


  Startpoint: commit_if[0].data[47]
              (input port clocked by CLK)
  Endpoint: g_commit_arbs[0].commit_arb/g_input_select.g_arbiter.g_out_buf[0].out_buf/g_eb1.pipe_buffer/g_register.g_pipe_regs[0].pipe_register/g_shift_register/g_shift.pipe_reg[0][47]
            (rising edge-triggered flip-flop clocked by CLK)
  Path Group: INREG
  Path Type: min

  Des/Clust/Port     Wire Load Model       Library
  ------------------------------------------------
  VX_commit          5K_hvratio_1_1        NangateOpenCellLibrary_ss0p95v125c

  Point                                                   Incr       Path
  --------------------------------------------------------------------------
  clock CLK (rise edge)                                   0.00       0.00
  clock network delay (ideal)                             0.00       0.00
  input external delay                                    1.20       1.20 r
  commit_if[0].data[47] (in)                              0.01       1.21 r
  U1204/ZN (AOI22_X1)                                     0.05       1.26 f
  U1206/ZN (NAND2_X1)                                     0.05       1.31 r
  g_commit_arbs[0].commit_arb/g_input_select.g_arbiter.g_out_buf[0].out_buf/g_eb1.pipe_buffer/g_register.g_pipe_regs[0].pipe_register/g_shift_register/g_shift.pipe_reg[0][47]/D (DFF_X1)
                                                          0.01       1.32 r
  data arrival time                                                  1.32

  clock CLK (rise edge)                                   0.00       0.00
  clock network delay (ideal)                             0.00       0.00
  clock uncertainty                                       0.05       0.05
  g_commit_arbs[0].commit_arb/g_input_select.g_arbiter.g_out_buf[0].out_buf/g_eb1.pipe_buffer/g_register.g_pipe_regs[0].pipe_register/g_shift_register/g_shift.pipe_reg[0][47]/CK (DFF_X1)
                                                          0.00       0.05 r
  library hold time                                       0.07       0.12
  data required time                                                 0.12
  --------------------------------------------------------------------------
  data required time                                                 0.12
  data arrival time                                                 -1.32
  --------------------------------------------------------------------------
  slack (MET)                                                        1.20


  Startpoint: commit_if[0].data[48]
              (input port clocked by CLK)
  Endpoint: g_commit_arbs[0].commit_arb/g_input_select.g_arbiter.g_out_buf[0].out_buf/g_eb1.pipe_buffer/g_register.g_pipe_regs[0].pipe_register/g_shift_register/g_shift.pipe_reg[0][48]
            (rising edge-triggered flip-flop clocked by CLK)
  Path Group: INREG
  Path Type: min

  Des/Clust/Port     Wire Load Model       Library
  ------------------------------------------------
  VX_commit          5K_hvratio_1_1        NangateOpenCellLibrary_ss0p95v125c

  Point                                                   Incr       Path
  --------------------------------------------------------------------------
  clock CLK (rise edge)                                   0.00       0.00
  clock network delay (ideal)                             0.00       0.00
  input external delay                                    1.20       1.20 r
  commit_if[0].data[48] (in)                              0.01       1.21 r
  U1201/ZN (AOI22_X1)                                     0.05       1.26 f
  U1203/ZN (NAND2_X1)                                     0.05       1.31 r
  g_commit_arbs[0].commit_arb/g_input_select.g_arbiter.g_out_buf[0].out_buf/g_eb1.pipe_buffer/g_register.g_pipe_regs[0].pipe_register/g_shift_register/g_shift.pipe_reg[0][48]/D (DFF_X1)
                                                          0.01       1.32 r
  data arrival time                                                  1.32

  clock CLK (rise edge)                                   0.00       0.00
  clock network delay (ideal)                             0.00       0.00
  clock uncertainty                                       0.05       0.05
  g_commit_arbs[0].commit_arb/g_input_select.g_arbiter.g_out_buf[0].out_buf/g_eb1.pipe_buffer/g_register.g_pipe_regs[0].pipe_register/g_shift_register/g_shift.pipe_reg[0][48]/CK (DFF_X1)
                                                          0.00       0.05 r
  library hold time                                       0.07       0.12
  data required time                                                 0.12
  --------------------------------------------------------------------------
  data required time                                                 0.12
  data arrival time                                                 -1.32
  --------------------------------------------------------------------------
  slack (MET)                                                        1.20


  Startpoint: commit_if[0].data[49]
              (input port clocked by CLK)
  Endpoint: g_commit_arbs[0].commit_arb/g_input_select.g_arbiter.g_out_buf[0].out_buf/g_eb1.pipe_buffer/g_register.g_pipe_regs[0].pipe_register/g_shift_register/g_shift.pipe_reg[0][49]
            (rising edge-triggered flip-flop clocked by CLK)
  Path Group: INREG
  Path Type: min

  Des/Clust/Port     Wire Load Model       Library
  ------------------------------------------------
  VX_commit          5K_hvratio_1_1        NangateOpenCellLibrary_ss0p95v125c

  Point                                                   Incr       Path
  --------------------------------------------------------------------------
  clock CLK (rise edge)                                   0.00       0.00
  clock network delay (ideal)                             0.00       0.00
  input external delay                                    1.20       1.20 r
  commit_if[0].data[49] (in)                              0.01       1.21 r
  U1198/ZN (AOI22_X1)                                     0.05       1.26 f
  U1200/ZN (NAND2_X1)                                     0.05       1.31 r
  g_commit_arbs[0].commit_arb/g_input_select.g_arbiter.g_out_buf[0].out_buf/g_eb1.pipe_buffer/g_register.g_pipe_regs[0].pipe_register/g_shift_register/g_shift.pipe_reg[0][49]/D (DFF_X1)
                                                          0.01       1.32 r
  data arrival time                                                  1.32

  clock CLK (rise edge)                                   0.00       0.00
  clock network delay (ideal)                             0.00       0.00
  clock uncertainty                                       0.05       0.05
  g_commit_arbs[0].commit_arb/g_input_select.g_arbiter.g_out_buf[0].out_buf/g_eb1.pipe_buffer/g_register.g_pipe_regs[0].pipe_register/g_shift_register/g_shift.pipe_reg[0][49]/CK (DFF_X1)
                                                          0.00       0.05 r
  library hold time                                       0.07       0.12
  data required time                                                 0.12
  --------------------------------------------------------------------------
  data required time                                                 0.12
  data arrival time                                                 -1.32
  --------------------------------------------------------------------------
  slack (MET)                                                        1.20


  Startpoint: commit_if[0].data[50]
              (input port clocked by CLK)
  Endpoint: g_commit_arbs[0].commit_arb/g_input_select.g_arbiter.g_out_buf[0].out_buf/g_eb1.pipe_buffer/g_register.g_pipe_regs[0].pipe_register/g_shift_register/g_shift.pipe_reg[0][50]
            (rising edge-triggered flip-flop clocked by CLK)
  Path Group: INREG
  Path Type: min

  Des/Clust/Port     Wire Load Model       Library
  ------------------------------------------------
  VX_commit          5K_hvratio_1_1        NangateOpenCellLibrary_ss0p95v125c

  Point                                                   Incr       Path
  --------------------------------------------------------------------------
  clock CLK (rise edge)                                   0.00       0.00
  clock network delay (ideal)                             0.00       0.00
  input external delay                                    1.20       1.20 r
  commit_if[0].data[50] (in)                              0.01       1.21 r
  U1195/ZN (AOI22_X1)                                     0.05       1.26 f
  U1197/ZN (NAND2_X1)                                     0.05       1.31 r
  g_commit_arbs[0].commit_arb/g_input_select.g_arbiter.g_out_buf[0].out_buf/g_eb1.pipe_buffer/g_register.g_pipe_regs[0].pipe_register/g_shift_register/g_shift.pipe_reg[0][50]/D (DFF_X1)
                                                          0.01       1.32 r
  data arrival time                                                  1.32

  clock CLK (rise edge)                                   0.00       0.00
  clock network delay (ideal)                             0.00       0.00
  clock uncertainty                                       0.05       0.05
  g_commit_arbs[0].commit_arb/g_input_select.g_arbiter.g_out_buf[0].out_buf/g_eb1.pipe_buffer/g_register.g_pipe_regs[0].pipe_register/g_shift_register/g_shift.pipe_reg[0][50]/CK (DFF_X1)
                                                          0.00       0.05 r
  library hold time                                       0.07       0.12
  data required time                                                 0.12
  --------------------------------------------------------------------------
  data required time                                                 0.12
  data arrival time                                                 -1.32
  --------------------------------------------------------------------------
  slack (MET)                                                        1.20


  Startpoint: commit_if[0].data[51]
              (input port clocked by CLK)
  Endpoint: g_commit_arbs[0].commit_arb/g_input_select.g_arbiter.g_out_buf[0].out_buf/g_eb1.pipe_buffer/g_register.g_pipe_regs[0].pipe_register/g_shift_register/g_shift.pipe_reg[0][51]
            (rising edge-triggered flip-flop clocked by CLK)
  Path Group: INREG
  Path Type: min

  Des/Clust/Port     Wire Load Model       Library
  ------------------------------------------------
  VX_commit          5K_hvratio_1_1        NangateOpenCellLibrary_ss0p95v125c

  Point                                                   Incr       Path
  --------------------------------------------------------------------------
  clock CLK (rise edge)                                   0.00       0.00
  clock network delay (ideal)                             0.00       0.00
  input external delay                                    1.20       1.20 r
  commit_if[0].data[51] (in)                              0.01       1.21 r
  U1192/ZN (AOI22_X1)                                     0.05       1.26 f
  U1194/ZN (NAND2_X1)                                     0.05       1.31 r
  g_commit_arbs[0].commit_arb/g_input_select.g_arbiter.g_out_buf[0].out_buf/g_eb1.pipe_buffer/g_register.g_pipe_regs[0].pipe_register/g_shift_register/g_shift.pipe_reg[0][51]/D (DFF_X1)
                                                          0.01       1.32 r
  data arrival time                                                  1.32

  clock CLK (rise edge)                                   0.00       0.00
  clock network delay (ideal)                             0.00       0.00
  clock uncertainty                                       0.05       0.05
  g_commit_arbs[0].commit_arb/g_input_select.g_arbiter.g_out_buf[0].out_buf/g_eb1.pipe_buffer/g_register.g_pipe_regs[0].pipe_register/g_shift_register/g_shift.pipe_reg[0][51]/CK (DFF_X1)
                                                          0.00       0.05 r
  library hold time                                       0.07       0.12
  data required time                                                 0.12
  --------------------------------------------------------------------------
  data required time                                                 0.12
  data arrival time                                                 -1.32
  --------------------------------------------------------------------------
  slack (MET)                                                        1.20


  Startpoint: commit_if[0].data[52]
              (input port clocked by CLK)
  Endpoint: g_commit_arbs[0].commit_arb/g_input_select.g_arbiter.g_out_buf[0].out_buf/g_eb1.pipe_buffer/g_register.g_pipe_regs[0].pipe_register/g_shift_register/g_shift.pipe_reg[0][52]
            (rising edge-triggered flip-flop clocked by CLK)
  Path Group: INREG
  Path Type: min

  Des/Clust/Port     Wire Load Model       Library
  ------------------------------------------------
  VX_commit          5K_hvratio_1_1        NangateOpenCellLibrary_ss0p95v125c

  Point                                                   Incr       Path
  --------------------------------------------------------------------------
  clock CLK (rise edge)                                   0.00       0.00
  clock network delay (ideal)                             0.00       0.00
  input external delay                                    1.20       1.20 r
  commit_if[0].data[52] (in)                              0.01       1.21 r
  U1189/ZN (AOI22_X1)                                     0.05       1.26 f
  U1191/ZN (NAND2_X1)                                     0.05       1.31 r
  g_commit_arbs[0].commit_arb/g_input_select.g_arbiter.g_out_buf[0].out_buf/g_eb1.pipe_buffer/g_register.g_pipe_regs[0].pipe_register/g_shift_register/g_shift.pipe_reg[0][52]/D (DFF_X1)
                                                          0.01       1.32 r
  data arrival time                                                  1.32

  clock CLK (rise edge)                                   0.00       0.00
  clock network delay (ideal)                             0.00       0.00
  clock uncertainty                                       0.05       0.05
  g_commit_arbs[0].commit_arb/g_input_select.g_arbiter.g_out_buf[0].out_buf/g_eb1.pipe_buffer/g_register.g_pipe_regs[0].pipe_register/g_shift_register/g_shift.pipe_reg[0][52]/CK (DFF_X1)
                                                          0.00       0.05 r
  library hold time                                       0.07       0.12
  data required time                                                 0.12
  --------------------------------------------------------------------------
  data required time                                                 0.12
  data arrival time                                                 -1.32
  --------------------------------------------------------------------------
  slack (MET)                                                        1.20


  Startpoint: commit_if[0].data[53]
              (input port clocked by CLK)
  Endpoint: g_commit_arbs[0].commit_arb/g_input_select.g_arbiter.g_out_buf[0].out_buf/g_eb1.pipe_buffer/g_register.g_pipe_regs[0].pipe_register/g_shift_register/g_shift.pipe_reg[0][53]
            (rising edge-triggered flip-flop clocked by CLK)
  Path Group: INREG
  Path Type: min

  Des/Clust/Port     Wire Load Model       Library
  ------------------------------------------------
  VX_commit          5K_hvratio_1_1        NangateOpenCellLibrary_ss0p95v125c

  Point                                                   Incr       Path
  --------------------------------------------------------------------------
  clock CLK (rise edge)                                   0.00       0.00
  clock network delay (ideal)                             0.00       0.00
  input external delay                                    1.20       1.20 r
  commit_if[0].data[53] (in)                              0.01       1.21 r
  U1186/ZN (AOI22_X1)                                     0.05       1.26 f
  U1188/ZN (NAND2_X1)                                     0.05       1.31 r
  g_commit_arbs[0].commit_arb/g_input_select.g_arbiter.g_out_buf[0].out_buf/g_eb1.pipe_buffer/g_register.g_pipe_regs[0].pipe_register/g_shift_register/g_shift.pipe_reg[0][53]/D (DFF_X1)
                                                          0.01       1.32 r
  data arrival time                                                  1.32

  clock CLK (rise edge)                                   0.00       0.00
  clock network delay (ideal)                             0.00       0.00
  clock uncertainty                                       0.05       0.05
  g_commit_arbs[0].commit_arb/g_input_select.g_arbiter.g_out_buf[0].out_buf/g_eb1.pipe_buffer/g_register.g_pipe_regs[0].pipe_register/g_shift_register/g_shift.pipe_reg[0][53]/CK (DFF_X1)
                                                          0.00       0.05 r
  library hold time                                       0.07       0.12
  data required time                                                 0.12
  --------------------------------------------------------------------------
  data required time                                                 0.12
  data arrival time                                                 -1.32
  --------------------------------------------------------------------------
  slack (MET)                                                        1.20


  Startpoint: commit_if[0].data[54]
              (input port clocked by CLK)
  Endpoint: g_commit_arbs[0].commit_arb/g_input_select.g_arbiter.g_out_buf[0].out_buf/g_eb1.pipe_buffer/g_register.g_pipe_regs[0].pipe_register/g_shift_register/g_shift.pipe_reg[0][54]
            (rising edge-triggered flip-flop clocked by CLK)
  Path Group: INREG
  Path Type: min

  Des/Clust/Port     Wire Load Model       Library
  ------------------------------------------------
  VX_commit          5K_hvratio_1_1        NangateOpenCellLibrary_ss0p95v125c

  Point                                                   Incr       Path
  --------------------------------------------------------------------------
  clock CLK (rise edge)                                   0.00       0.00
  clock network delay (ideal)                             0.00       0.00
  input external delay                                    1.20       1.20 r
  commit_if[0].data[54] (in)                              0.01       1.21 r
  U1183/ZN (AOI22_X1)                                     0.05       1.26 f
  U1185/ZN (NAND2_X1)                                     0.05       1.31 r
  g_commit_arbs[0].commit_arb/g_input_select.g_arbiter.g_out_buf[0].out_buf/g_eb1.pipe_buffer/g_register.g_pipe_regs[0].pipe_register/g_shift_register/g_shift.pipe_reg[0][54]/D (DFF_X1)
                                                          0.01       1.32 r
  data arrival time                                                  1.32

  clock CLK (rise edge)                                   0.00       0.00
  clock network delay (ideal)                             0.00       0.00
  clock uncertainty                                       0.05       0.05
  g_commit_arbs[0].commit_arb/g_input_select.g_arbiter.g_out_buf[0].out_buf/g_eb1.pipe_buffer/g_register.g_pipe_regs[0].pipe_register/g_shift_register/g_shift.pipe_reg[0][54]/CK (DFF_X1)
                                                          0.00       0.05 r
  library hold time                                       0.07       0.12
  data required time                                                 0.12
  --------------------------------------------------------------------------
  data required time                                                 0.12
  data arrival time                                                 -1.32
  --------------------------------------------------------------------------
  slack (MET)                                                        1.20


  Startpoint: commit_if[0].data[55]
              (input port clocked by CLK)
  Endpoint: g_commit_arbs[0].commit_arb/g_input_select.g_arbiter.g_out_buf[0].out_buf/g_eb1.pipe_buffer/g_register.g_pipe_regs[0].pipe_register/g_shift_register/g_shift.pipe_reg[0][55]
            (rising edge-triggered flip-flop clocked by CLK)
  Path Group: INREG
  Path Type: min

  Des/Clust/Port     Wire Load Model       Library
  ------------------------------------------------
  VX_commit          5K_hvratio_1_1        NangateOpenCellLibrary_ss0p95v125c

  Point                                                   Incr       Path
  --------------------------------------------------------------------------
  clock CLK (rise edge)                                   0.00       0.00
  clock network delay (ideal)                             0.00       0.00
  input external delay                                    1.20       1.20 r
  commit_if[0].data[55] (in)                              0.01       1.21 r
  U1180/ZN (AOI22_X1)                                     0.05       1.26 f
  U1182/ZN (NAND2_X1)                                     0.05       1.31 r
  g_commit_arbs[0].commit_arb/g_input_select.g_arbiter.g_out_buf[0].out_buf/g_eb1.pipe_buffer/g_register.g_pipe_regs[0].pipe_register/g_shift_register/g_shift.pipe_reg[0][55]/D (DFF_X1)
                                                          0.01       1.32 r
  data arrival time                                                  1.32

  clock CLK (rise edge)                                   0.00       0.00
  clock network delay (ideal)                             0.00       0.00
  clock uncertainty                                       0.05       0.05
  g_commit_arbs[0].commit_arb/g_input_select.g_arbiter.g_out_buf[0].out_buf/g_eb1.pipe_buffer/g_register.g_pipe_regs[0].pipe_register/g_shift_register/g_shift.pipe_reg[0][55]/CK (DFF_X1)
                                                          0.00       0.05 r
  library hold time                                       0.07       0.12
  data required time                                                 0.12
  --------------------------------------------------------------------------
  data required time                                                 0.12
  data arrival time                                                 -1.32
  --------------------------------------------------------------------------
  slack (MET)                                                        1.20


  Startpoint: commit_if[0].data[56]
              (input port clocked by CLK)
  Endpoint: g_commit_arbs[0].commit_arb/g_input_select.g_arbiter.g_out_buf[0].out_buf/g_eb1.pipe_buffer/g_register.g_pipe_regs[0].pipe_register/g_shift_register/g_shift.pipe_reg[0][56]
            (rising edge-triggered flip-flop clocked by CLK)
  Path Group: INREG
  Path Type: min

  Des/Clust/Port     Wire Load Model       Library
  ------------------------------------------------
  VX_commit          5K_hvratio_1_1        NangateOpenCellLibrary_ss0p95v125c

  Point                                                   Incr       Path
  --------------------------------------------------------------------------
  clock CLK (rise edge)                                   0.00       0.00
  clock network delay (ideal)                             0.00       0.00
  input external delay                                    1.20       1.20 r
  commit_if[0].data[56] (in)                              0.01       1.21 r
  U1177/ZN (AOI22_X1)                                     0.05       1.26 f
  U1179/ZN (NAND2_X1)                                     0.05       1.31 r
  g_commit_arbs[0].commit_arb/g_input_select.g_arbiter.g_out_buf[0].out_buf/g_eb1.pipe_buffer/g_register.g_pipe_regs[0].pipe_register/g_shift_register/g_shift.pipe_reg[0][56]/D (DFF_X1)
                                                          0.01       1.32 r
  data arrival time                                                  1.32

  clock CLK (rise edge)                                   0.00       0.00
  clock network delay (ideal)                             0.00       0.00
  clock uncertainty                                       0.05       0.05
  g_commit_arbs[0].commit_arb/g_input_select.g_arbiter.g_out_buf[0].out_buf/g_eb1.pipe_buffer/g_register.g_pipe_regs[0].pipe_register/g_shift_register/g_shift.pipe_reg[0][56]/CK (DFF_X1)
                                                          0.00       0.05 r
  library hold time                                       0.07       0.12
  data required time                                                 0.12
  --------------------------------------------------------------------------
  data required time                                                 0.12
  data arrival time                                                 -1.32
  --------------------------------------------------------------------------
  slack (MET)                                                        1.20


  Startpoint: commit_if[0].data[57]
              (input port clocked by CLK)
  Endpoint: g_commit_arbs[0].commit_arb/g_input_select.g_arbiter.g_out_buf[0].out_buf/g_eb1.pipe_buffer/g_register.g_pipe_regs[0].pipe_register/g_shift_register/g_shift.pipe_reg[0][57]
            (rising edge-triggered flip-flop clocked by CLK)
  Path Group: INREG
  Path Type: min

  Des/Clust/Port     Wire Load Model       Library
  ------------------------------------------------
  VX_commit          5K_hvratio_1_1        NangateOpenCellLibrary_ss0p95v125c

  Point                                                   Incr       Path
  --------------------------------------------------------------------------
  clock CLK (rise edge)                                   0.00       0.00
  clock network delay (ideal)                             0.00       0.00
  input external delay                                    1.20       1.20 r
  commit_if[0].data[57] (in)                              0.01       1.21 r
  U1174/ZN (AOI22_X1)                                     0.05       1.26 f
  U1176/ZN (NAND2_X1)                                     0.05       1.31 r
  g_commit_arbs[0].commit_arb/g_input_select.g_arbiter.g_out_buf[0].out_buf/g_eb1.pipe_buffer/g_register.g_pipe_regs[0].pipe_register/g_shift_register/g_shift.pipe_reg[0][57]/D (DFF_X1)
                                                          0.01       1.32 r
  data arrival time                                                  1.32

  clock CLK (rise edge)                                   0.00       0.00
  clock network delay (ideal)                             0.00       0.00
  clock uncertainty                                       0.05       0.05
  g_commit_arbs[0].commit_arb/g_input_select.g_arbiter.g_out_buf[0].out_buf/g_eb1.pipe_buffer/g_register.g_pipe_regs[0].pipe_register/g_shift_register/g_shift.pipe_reg[0][57]/CK (DFF_X1)
                                                          0.00       0.05 r
  library hold time                                       0.07       0.12
  data required time                                                 0.12
  --------------------------------------------------------------------------
  data required time                                                 0.12
  data arrival time                                                 -1.32
  --------------------------------------------------------------------------
  slack (MET)                                                        1.20


  Startpoint: commit_if[0].data[58]
              (input port clocked by CLK)
  Endpoint: g_commit_arbs[0].commit_arb/g_input_select.g_arbiter.g_out_buf[0].out_buf/g_eb1.pipe_buffer/g_register.g_pipe_regs[0].pipe_register/g_shift_register/g_shift.pipe_reg[0][58]
            (rising edge-triggered flip-flop clocked by CLK)
  Path Group: INREG
  Path Type: min

  Des/Clust/Port     Wire Load Model       Library
  ------------------------------------------------
  VX_commit          5K_hvratio_1_1        NangateOpenCellLibrary_ss0p95v125c

  Point                                                   Incr       Path
  --------------------------------------------------------------------------
  clock CLK (rise edge)                                   0.00       0.00
  clock network delay (ideal)                             0.00       0.00
  input external delay                                    1.20       1.20 r
  commit_if[0].data[58] (in)                              0.01       1.21 r
  U1171/ZN (AOI22_X1)                                     0.05       1.26 f
  U1173/ZN (NAND2_X1)                                     0.05       1.31 r
  g_commit_arbs[0].commit_arb/g_input_select.g_arbiter.g_out_buf[0].out_buf/g_eb1.pipe_buffer/g_register.g_pipe_regs[0].pipe_register/g_shift_register/g_shift.pipe_reg[0][58]/D (DFF_X1)
                                                          0.01       1.32 r
  data arrival time                                                  1.32

  clock CLK (rise edge)                                   0.00       0.00
  clock network delay (ideal)                             0.00       0.00
  clock uncertainty                                       0.05       0.05
  g_commit_arbs[0].commit_arb/g_input_select.g_arbiter.g_out_buf[0].out_buf/g_eb1.pipe_buffer/g_register.g_pipe_regs[0].pipe_register/g_shift_register/g_shift.pipe_reg[0][58]/CK (DFF_X1)
                                                          0.00       0.05 r
  library hold time                                       0.07       0.12
  data required time                                                 0.12
  --------------------------------------------------------------------------
  data required time                                                 0.12
  data arrival time                                                 -1.32
  --------------------------------------------------------------------------
  slack (MET)                                                        1.20


  Startpoint: commit_if[0].data[59]
              (input port clocked by CLK)
  Endpoint: g_commit_arbs[0].commit_arb/g_input_select.g_arbiter.g_out_buf[0].out_buf/g_eb1.pipe_buffer/g_register.g_pipe_regs[0].pipe_register/g_shift_register/g_shift.pipe_reg[0][59]
            (rising edge-triggered flip-flop clocked by CLK)
  Path Group: INREG
  Path Type: min

  Des/Clust/Port     Wire Load Model       Library
  ------------------------------------------------
  VX_commit          5K_hvratio_1_1        NangateOpenCellLibrary_ss0p95v125c

  Point                                                   Incr       Path
  --------------------------------------------------------------------------
  clock CLK (rise edge)                                   0.00       0.00
  clock network delay (ideal)                             0.00       0.00
  input external delay                                    1.20       1.20 r
  commit_if[0].data[59] (in)                              0.01       1.21 r
  U1168/ZN (AOI22_X1)                                     0.05       1.26 f
  U1170/ZN (NAND2_X1)                                     0.05       1.31 r
  g_commit_arbs[0].commit_arb/g_input_select.g_arbiter.g_out_buf[0].out_buf/g_eb1.pipe_buffer/g_register.g_pipe_regs[0].pipe_register/g_shift_register/g_shift.pipe_reg[0][59]/D (DFF_X1)
                                                          0.01       1.32 r
  data arrival time                                                  1.32

  clock CLK (rise edge)                                   0.00       0.00
  clock network delay (ideal)                             0.00       0.00
  clock uncertainty                                       0.05       0.05
  g_commit_arbs[0].commit_arb/g_input_select.g_arbiter.g_out_buf[0].out_buf/g_eb1.pipe_buffer/g_register.g_pipe_regs[0].pipe_register/g_shift_register/g_shift.pipe_reg[0][59]/CK (DFF_X1)
                                                          0.00       0.05 r
  library hold time                                       0.07       0.12
  data required time                                                 0.12
  --------------------------------------------------------------------------
  data required time                                                 0.12
  data arrival time                                                 -1.32
  --------------------------------------------------------------------------
  slack (MET)                                                        1.20


  Startpoint: commit_if[0].data[60]
              (input port clocked by CLK)
  Endpoint: g_commit_arbs[0].commit_arb/g_input_select.g_arbiter.g_out_buf[0].out_buf/g_eb1.pipe_buffer/g_register.g_pipe_regs[0].pipe_register/g_shift_register/g_shift.pipe_reg[0][60]
            (rising edge-triggered flip-flop clocked by CLK)
  Path Group: INREG
  Path Type: min

  Des/Clust/Port     Wire Load Model       Library
  ------------------------------------------------
  VX_commit          5K_hvratio_1_1        NangateOpenCellLibrary_ss0p95v125c

  Point                                                   Incr       Path
  --------------------------------------------------------------------------
  clock CLK (rise edge)                                   0.00       0.00
  clock network delay (ideal)                             0.00       0.00
  input external delay                                    1.20       1.20 r
  commit_if[0].data[60] (in)                              0.01       1.21 r
  U1165/ZN (AOI22_X1)                                     0.05       1.26 f
  U1167/ZN (NAND2_X1)                                     0.05       1.31 r
  g_commit_arbs[0].commit_arb/g_input_select.g_arbiter.g_out_buf[0].out_buf/g_eb1.pipe_buffer/g_register.g_pipe_regs[0].pipe_register/g_shift_register/g_shift.pipe_reg[0][60]/D (DFF_X1)
                                                          0.01       1.32 r
  data arrival time                                                  1.32

  clock CLK (rise edge)                                   0.00       0.00
  clock network delay (ideal)                             0.00       0.00
  clock uncertainty                                       0.05       0.05
  g_commit_arbs[0].commit_arb/g_input_select.g_arbiter.g_out_buf[0].out_buf/g_eb1.pipe_buffer/g_register.g_pipe_regs[0].pipe_register/g_shift_register/g_shift.pipe_reg[0][60]/CK (DFF_X1)
                                                          0.00       0.05 r
  library hold time                                       0.07       0.12
  data required time                                                 0.12
  --------------------------------------------------------------------------
  data required time                                                 0.12
  data arrival time                                                 -1.32
  --------------------------------------------------------------------------
  slack (MET)                                                        1.20


  Startpoint: commit_if[0].data[61]
              (input port clocked by CLK)
  Endpoint: g_commit_arbs[0].commit_arb/g_input_select.g_arbiter.g_out_buf[0].out_buf/g_eb1.pipe_buffer/g_register.g_pipe_regs[0].pipe_register/g_shift_register/g_shift.pipe_reg[0][61]
            (rising edge-triggered flip-flop clocked by CLK)
  Path Group: INREG
  Path Type: min

  Des/Clust/Port     Wire Load Model       Library
  ------------------------------------------------
  VX_commit          5K_hvratio_1_1        NangateOpenCellLibrary_ss0p95v125c

  Point                                                   Incr       Path
  --------------------------------------------------------------------------
  clock CLK (rise edge)                                   0.00       0.00
  clock network delay (ideal)                             0.00       0.00
  input external delay                                    1.20       1.20 r
  commit_if[0].data[61] (in)                              0.01       1.21 r
  U1162/ZN (AOI22_X1)                                     0.05       1.26 f
  U1164/ZN (NAND2_X1)                                     0.05       1.31 r
  g_commit_arbs[0].commit_arb/g_input_select.g_arbiter.g_out_buf[0].out_buf/g_eb1.pipe_buffer/g_register.g_pipe_regs[0].pipe_register/g_shift_register/g_shift.pipe_reg[0][61]/D (DFF_X1)
                                                          0.01       1.32 r
  data arrival time                                                  1.32

  clock CLK (rise edge)                                   0.00       0.00
  clock network delay (ideal)                             0.00       0.00
  clock uncertainty                                       0.05       0.05
  g_commit_arbs[0].commit_arb/g_input_select.g_arbiter.g_out_buf[0].out_buf/g_eb1.pipe_buffer/g_register.g_pipe_regs[0].pipe_register/g_shift_register/g_shift.pipe_reg[0][61]/CK (DFF_X1)
                                                          0.00       0.05 r
  library hold time                                       0.07       0.12
  data required time                                                 0.12
  --------------------------------------------------------------------------
  data required time                                                 0.12
  data arrival time                                                 -1.32
  --------------------------------------------------------------------------
  slack (MET)                                                        1.20


  Startpoint: commit_if[0].data[62]
              (input port clocked by CLK)
  Endpoint: g_commit_arbs[0].commit_arb/g_input_select.g_arbiter.g_out_buf[0].out_buf/g_eb1.pipe_buffer/g_register.g_pipe_regs[0].pipe_register/g_shift_register/g_shift.pipe_reg[0][62]
            (rising edge-triggered flip-flop clocked by CLK)
  Path Group: INREG
  Path Type: min

  Des/Clust/Port     Wire Load Model       Library
  ------------------------------------------------
  VX_commit          5K_hvratio_1_1        NangateOpenCellLibrary_ss0p95v125c

  Point                                                   Incr       Path
  --------------------------------------------------------------------------
  clock CLK (rise edge)                                   0.00       0.00
  clock network delay (ideal)                             0.00       0.00
  input external delay                                    1.20       1.20 r
  commit_if[0].data[62] (in)                              0.01       1.21 r
  U1159/ZN (AOI22_X1)                                     0.05       1.26 f
  U1161/ZN (NAND2_X1)                                     0.05       1.31 r
  g_commit_arbs[0].commit_arb/g_input_select.g_arbiter.g_out_buf[0].out_buf/g_eb1.pipe_buffer/g_register.g_pipe_regs[0].pipe_register/g_shift_register/g_shift.pipe_reg[0][62]/D (DFF_X1)
                                                          0.01       1.32 r
  data arrival time                                                  1.32

  clock CLK (rise edge)                                   0.00       0.00
  clock network delay (ideal)                             0.00       0.00
  clock uncertainty                                       0.05       0.05
  g_commit_arbs[0].commit_arb/g_input_select.g_arbiter.g_out_buf[0].out_buf/g_eb1.pipe_buffer/g_register.g_pipe_regs[0].pipe_register/g_shift_register/g_shift.pipe_reg[0][62]/CK (DFF_X1)
                                                          0.00       0.05 r
  library hold time                                       0.07       0.12
  data required time                                                 0.12
  --------------------------------------------------------------------------
  data required time                                                 0.12
  data arrival time                                                 -1.32
  --------------------------------------------------------------------------
  slack (MET)                                                        1.20


  Startpoint: commit_if[0].data[63]
              (input port clocked by CLK)
  Endpoint: g_commit_arbs[0].commit_arb/g_input_select.g_arbiter.g_out_buf[0].out_buf/g_eb1.pipe_buffer/g_register.g_pipe_regs[0].pipe_register/g_shift_register/g_shift.pipe_reg[0][63]
            (rising edge-triggered flip-flop clocked by CLK)
  Path Group: INREG
  Path Type: min

  Des/Clust/Port     Wire Load Model       Library
  ------------------------------------------------
  VX_commit          5K_hvratio_1_1        NangateOpenCellLibrary_ss0p95v125c

  Point                                                   Incr       Path
  --------------------------------------------------------------------------
  clock CLK (rise edge)                                   0.00       0.00
  clock network delay (ideal)                             0.00       0.00
  input external delay                                    1.20       1.20 r
  commit_if[0].data[63] (in)                              0.01       1.21 r
  U1156/ZN (AOI22_X1)                                     0.05       1.26 f
  U1158/ZN (NAND2_X1)                                     0.05       1.31 r
  g_commit_arbs[0].commit_arb/g_input_select.g_arbiter.g_out_buf[0].out_buf/g_eb1.pipe_buffer/g_register.g_pipe_regs[0].pipe_register/g_shift_register/g_shift.pipe_reg[0][63]/D (DFF_X1)
                                                          0.01       1.32 r
  data arrival time                                                  1.32

  clock CLK (rise edge)                                   0.00       0.00
  clock network delay (ideal)                             0.00       0.00
  clock uncertainty                                       0.05       0.05
  g_commit_arbs[0].commit_arb/g_input_select.g_arbiter.g_out_buf[0].out_buf/g_eb1.pipe_buffer/g_register.g_pipe_regs[0].pipe_register/g_shift_register/g_shift.pipe_reg[0][63]/CK (DFF_X1)
                                                          0.00       0.05 r
  library hold time                                       0.07       0.12
  data required time                                                 0.12
  --------------------------------------------------------------------------
  data required time                                                 0.12
  data arrival time                                                 -1.32
  --------------------------------------------------------------------------
  slack (MET)                                                        1.20


  Startpoint: commit_if[0].data[64]
              (input port clocked by CLK)
  Endpoint: g_commit_arbs[0].commit_arb/g_input_select.g_arbiter.g_out_buf[0].out_buf/g_eb1.pipe_buffer/g_register.g_pipe_regs[0].pipe_register/g_shift_register/g_shift.pipe_reg[0][64]
            (rising edge-triggered flip-flop clocked by CLK)
  Path Group: INREG
  Path Type: min

  Des/Clust/Port     Wire Load Model       Library
  ------------------------------------------------
  VX_commit          5K_hvratio_1_1        NangateOpenCellLibrary_ss0p95v125c

  Point                                                   Incr       Path
  --------------------------------------------------------------------------
  clock CLK (rise edge)                                   0.00       0.00
  clock network delay (ideal)                             0.00       0.00
  input external delay                                    1.20       1.20 r
  commit_if[0].data[64] (in)                              0.01       1.21 r
  U1153/ZN (AOI22_X1)                                     0.05       1.26 f
  U1155/ZN (NAND2_X1)                                     0.05       1.31 r
  g_commit_arbs[0].commit_arb/g_input_select.g_arbiter.g_out_buf[0].out_buf/g_eb1.pipe_buffer/g_register.g_pipe_regs[0].pipe_register/g_shift_register/g_shift.pipe_reg[0][64]/D (DFF_X1)
                                                          0.01       1.32 r
  data arrival time                                                  1.32

  clock CLK (rise edge)                                   0.00       0.00
  clock network delay (ideal)                             0.00       0.00
  clock uncertainty                                       0.05       0.05
  g_commit_arbs[0].commit_arb/g_input_select.g_arbiter.g_out_buf[0].out_buf/g_eb1.pipe_buffer/g_register.g_pipe_regs[0].pipe_register/g_shift_register/g_shift.pipe_reg[0][64]/CK (DFF_X1)
                                                          0.00       0.05 r
  library hold time                                       0.07       0.12
  data required time                                                 0.12
  --------------------------------------------------------------------------
  data required time                                                 0.12
  data arrival time                                                 -1.32
  --------------------------------------------------------------------------
  slack (MET)                                                        1.20


  Startpoint: commit_if[0].data[65]
              (input port clocked by CLK)
  Endpoint: g_commit_arbs[0].commit_arb/g_input_select.g_arbiter.g_out_buf[0].out_buf/g_eb1.pipe_buffer/g_register.g_pipe_regs[0].pipe_register/g_shift_register/g_shift.pipe_reg[0][65]
            (rising edge-triggered flip-flop clocked by CLK)
  Path Group: INREG
  Path Type: min

  Des/Clust/Port     Wire Load Model       Library
  ------------------------------------------------
  VX_commit          5K_hvratio_1_1        NangateOpenCellLibrary_ss0p95v125c

  Point                                                   Incr       Path
  --------------------------------------------------------------------------
  clock CLK (rise edge)                                   0.00       0.00
  clock network delay (ideal)                             0.00       0.00
  input external delay                                    1.20       1.20 r
  commit_if[0].data[65] (in)                              0.01       1.21 r
  U1150/ZN (AOI22_X1)                                     0.05       1.26 f
  U1152/ZN (NAND2_X1)                                     0.05       1.31 r
  g_commit_arbs[0].commit_arb/g_input_select.g_arbiter.g_out_buf[0].out_buf/g_eb1.pipe_buffer/g_register.g_pipe_regs[0].pipe_register/g_shift_register/g_shift.pipe_reg[0][65]/D (DFF_X1)
                                                          0.01       1.32 r
  data arrival time                                                  1.32

  clock CLK (rise edge)                                   0.00       0.00
  clock network delay (ideal)                             0.00       0.00
  clock uncertainty                                       0.05       0.05
  g_commit_arbs[0].commit_arb/g_input_select.g_arbiter.g_out_buf[0].out_buf/g_eb1.pipe_buffer/g_register.g_pipe_regs[0].pipe_register/g_shift_register/g_shift.pipe_reg[0][65]/CK (DFF_X1)
                                                          0.00       0.05 r
  library hold time                                       0.07       0.12
  data required time                                                 0.12
  --------------------------------------------------------------------------
  data required time                                                 0.12
  data arrival time                                                 -1.32
  --------------------------------------------------------------------------
  slack (MET)                                                        1.20


  Startpoint: commit_if[0].data[66]
              (input port clocked by CLK)
  Endpoint: g_commit_arbs[0].commit_arb/g_input_select.g_arbiter.g_out_buf[0].out_buf/g_eb1.pipe_buffer/g_register.g_pipe_regs[0].pipe_register/g_shift_register/g_shift.pipe_reg[0][66]
            (rising edge-triggered flip-flop clocked by CLK)
  Path Group: INREG
  Path Type: min

  Des/Clust/Port     Wire Load Model       Library
  ------------------------------------------------
  VX_commit          5K_hvratio_1_1        NangateOpenCellLibrary_ss0p95v125c

  Point                                                   Incr       Path
  --------------------------------------------------------------------------
  clock CLK (rise edge)                                   0.00       0.00
  clock network delay (ideal)                             0.00       0.00
  input external delay                                    1.20       1.20 r
  commit_if[0].data[66] (in)                              0.01       1.21 r
  U1147/ZN (AOI22_X1)                                     0.05       1.26 f
  U1149/ZN (NAND2_X1)                                     0.05       1.31 r
  g_commit_arbs[0].commit_arb/g_input_select.g_arbiter.g_out_buf[0].out_buf/g_eb1.pipe_buffer/g_register.g_pipe_regs[0].pipe_register/g_shift_register/g_shift.pipe_reg[0][66]/D (DFF_X1)
                                                          0.01       1.32 r
  data arrival time                                                  1.32

  clock CLK (rise edge)                                   0.00       0.00
  clock network delay (ideal)                             0.00       0.00
  clock uncertainty                                       0.05       0.05
  g_commit_arbs[0].commit_arb/g_input_select.g_arbiter.g_out_buf[0].out_buf/g_eb1.pipe_buffer/g_register.g_pipe_regs[0].pipe_register/g_shift_register/g_shift.pipe_reg[0][66]/CK (DFF_X1)
                                                          0.00       0.05 r
  library hold time                                       0.07       0.12
  data required time                                                 0.12
  --------------------------------------------------------------------------
  data required time                                                 0.12
  data arrival time                                                 -1.32
  --------------------------------------------------------------------------
  slack (MET)                                                        1.20


  Startpoint: commit_if[0].data[67]
              (input port clocked by CLK)
  Endpoint: g_commit_arbs[0].commit_arb/g_input_select.g_arbiter.g_out_buf[0].out_buf/g_eb1.pipe_buffer/g_register.g_pipe_regs[0].pipe_register/g_shift_register/g_shift.pipe_reg[0][67]
            (rising edge-triggered flip-flop clocked by CLK)
  Path Group: INREG
  Path Type: min

  Des/Clust/Port     Wire Load Model       Library
  ------------------------------------------------
  VX_commit          5K_hvratio_1_1        NangateOpenCellLibrary_ss0p95v125c

  Point                                                   Incr       Path
  --------------------------------------------------------------------------
  clock CLK (rise edge)                                   0.00       0.00
  clock network delay (ideal)                             0.00       0.00
  input external delay                                    1.20       1.20 r
  commit_if[0].data[67] (in)                              0.01       1.21 r
  U1144/ZN (AOI22_X1)                                     0.05       1.26 f
  U1146/ZN (NAND2_X1)                                     0.05       1.31 r
  g_commit_arbs[0].commit_arb/g_input_select.g_arbiter.g_out_buf[0].out_buf/g_eb1.pipe_buffer/g_register.g_pipe_regs[0].pipe_register/g_shift_register/g_shift.pipe_reg[0][67]/D (DFF_X1)
                                                          0.01       1.32 r
  data arrival time                                                  1.32

  clock CLK (rise edge)                                   0.00       0.00
  clock network delay (ideal)                             0.00       0.00
  clock uncertainty                                       0.05       0.05
  g_commit_arbs[0].commit_arb/g_input_select.g_arbiter.g_out_buf[0].out_buf/g_eb1.pipe_buffer/g_register.g_pipe_regs[0].pipe_register/g_shift_register/g_shift.pipe_reg[0][67]/CK (DFF_X1)
                                                          0.00       0.05 r
  library hold time                                       0.07       0.12
  data required time                                                 0.12
  --------------------------------------------------------------------------
  data required time                                                 0.12
  data arrival time                                                 -1.32
  --------------------------------------------------------------------------
  slack (MET)                                                        1.20


  Startpoint: commit_if[0].data[68]
              (input port clocked by CLK)
  Endpoint: g_commit_arbs[0].commit_arb/g_input_select.g_arbiter.g_out_buf[0].out_buf/g_eb1.pipe_buffer/g_register.g_pipe_regs[0].pipe_register/g_shift_register/g_shift.pipe_reg[0][68]
            (rising edge-triggered flip-flop clocked by CLK)
  Path Group: INREG
  Path Type: min

  Des/Clust/Port     Wire Load Model       Library
  ------------------------------------------------
  VX_commit          5K_hvratio_1_1        NangateOpenCellLibrary_ss0p95v125c

  Point                                                   Incr       Path
  --------------------------------------------------------------------------
  clock CLK (rise edge)                                   0.00       0.00
  clock network delay (ideal)                             0.00       0.00
  input external delay                                    1.20       1.20 r
  commit_if[0].data[68] (in)                              0.01       1.21 r
  U1141/ZN (AOI22_X1)                                     0.05       1.26 f
  U1143/ZN (NAND2_X1)                                     0.05       1.31 r
  g_commit_arbs[0].commit_arb/g_input_select.g_arbiter.g_out_buf[0].out_buf/g_eb1.pipe_buffer/g_register.g_pipe_regs[0].pipe_register/g_shift_register/g_shift.pipe_reg[0][68]/D (DFF_X1)
                                                          0.01       1.32 r
  data arrival time                                                  1.32

  clock CLK (rise edge)                                   0.00       0.00
  clock network delay (ideal)                             0.00       0.00
  clock uncertainty                                       0.05       0.05
  g_commit_arbs[0].commit_arb/g_input_select.g_arbiter.g_out_buf[0].out_buf/g_eb1.pipe_buffer/g_register.g_pipe_regs[0].pipe_register/g_shift_register/g_shift.pipe_reg[0][68]/CK (DFF_X1)
                                                          0.00       0.05 r
  library hold time                                       0.07       0.12
  data required time                                                 0.12
  --------------------------------------------------------------------------
  data required time                                                 0.12
  data arrival time                                                 -1.32
  --------------------------------------------------------------------------
  slack (MET)                                                        1.20


  Startpoint: commit_if[0].data[69]
              (input port clocked by CLK)
  Endpoint: g_commit_arbs[0].commit_arb/g_input_select.g_arbiter.g_out_buf[0].out_buf/g_eb1.pipe_buffer/g_register.g_pipe_regs[0].pipe_register/g_shift_register/g_shift.pipe_reg[0][69]
            (rising edge-triggered flip-flop clocked by CLK)
  Path Group: INREG
  Path Type: min

  Des/Clust/Port     Wire Load Model       Library
  ------------------------------------------------
  VX_commit          5K_hvratio_1_1        NangateOpenCellLibrary_ss0p95v125c

  Point                                                   Incr       Path
  --------------------------------------------------------------------------
  clock CLK (rise edge)                                   0.00       0.00
  clock network delay (ideal)                             0.00       0.00
  input external delay                                    1.20       1.20 r
  commit_if[0].data[69] (in)                              0.01       1.21 r
  U1138/ZN (AOI22_X1)                                     0.05       1.26 f
  U1140/ZN (NAND2_X1)                                     0.05       1.31 r
  g_commit_arbs[0].commit_arb/g_input_select.g_arbiter.g_out_buf[0].out_buf/g_eb1.pipe_buffer/g_register.g_pipe_regs[0].pipe_register/g_shift_register/g_shift.pipe_reg[0][69]/D (DFF_X1)
                                                          0.01       1.32 r
  data arrival time                                                  1.32

  clock CLK (rise edge)                                   0.00       0.00
  clock network delay (ideal)                             0.00       0.00
  clock uncertainty                                       0.05       0.05
  g_commit_arbs[0].commit_arb/g_input_select.g_arbiter.g_out_buf[0].out_buf/g_eb1.pipe_buffer/g_register.g_pipe_regs[0].pipe_register/g_shift_register/g_shift.pipe_reg[0][69]/CK (DFF_X1)
                                                          0.00       0.05 r
  library hold time                                       0.07       0.12
  data required time                                                 0.12
  --------------------------------------------------------------------------
  data required time                                                 0.12
  data arrival time                                                 -1.32
  --------------------------------------------------------------------------
  slack (MET)                                                        1.20


  Startpoint: commit_if[0].data[70]
              (input port clocked by CLK)
  Endpoint: g_commit_arbs[0].commit_arb/g_input_select.g_arbiter.g_out_buf[0].out_buf/g_eb1.pipe_buffer/g_register.g_pipe_regs[0].pipe_register/g_shift_register/g_shift.pipe_reg[0][70]
            (rising edge-triggered flip-flop clocked by CLK)
  Path Group: INREG
  Path Type: min

  Des/Clust/Port     Wire Load Model       Library
  ------------------------------------------------
  VX_commit          5K_hvratio_1_1        NangateOpenCellLibrary_ss0p95v125c

  Point                                                   Incr       Path
  --------------------------------------------------------------------------
  clock CLK (rise edge)                                   0.00       0.00
  clock network delay (ideal)                             0.00       0.00
  input external delay                                    1.20       1.20 r
  commit_if[0].data[70] (in)                              0.01       1.21 r
  U1135/ZN (AOI22_X1)                                     0.05       1.26 f
  U1137/ZN (NAND2_X1)                                     0.05       1.31 r
  g_commit_arbs[0].commit_arb/g_input_select.g_arbiter.g_out_buf[0].out_buf/g_eb1.pipe_buffer/g_register.g_pipe_regs[0].pipe_register/g_shift_register/g_shift.pipe_reg[0][70]/D (DFF_X1)
                                                          0.01       1.32 r
  data arrival time                                                  1.32

  clock CLK (rise edge)                                   0.00       0.00
  clock network delay (ideal)                             0.00       0.00
  clock uncertainty                                       0.05       0.05
  g_commit_arbs[0].commit_arb/g_input_select.g_arbiter.g_out_buf[0].out_buf/g_eb1.pipe_buffer/g_register.g_pipe_regs[0].pipe_register/g_shift_register/g_shift.pipe_reg[0][70]/CK (DFF_X1)
                                                          0.00       0.05 r
  library hold time                                       0.07       0.12
  data required time                                                 0.12
  --------------------------------------------------------------------------
  data required time                                                 0.12
  data arrival time                                                 -1.32
  --------------------------------------------------------------------------
  slack (MET)                                                        1.20


  Startpoint: commit_if[0].data[71]
              (input port clocked by CLK)
  Endpoint: g_commit_arbs[0].commit_arb/g_input_select.g_arbiter.g_out_buf[0].out_buf/g_eb1.pipe_buffer/g_register.g_pipe_regs[0].pipe_register/g_shift_register/g_shift.pipe_reg[0][71]
            (rising edge-triggered flip-flop clocked by CLK)
  Path Group: INREG
  Path Type: min

  Des/Clust/Port     Wire Load Model       Library
  ------------------------------------------------
  VX_commit          5K_hvratio_1_1        NangateOpenCellLibrary_ss0p95v125c

  Point                                                   Incr       Path
  --------------------------------------------------------------------------
  clock CLK (rise edge)                                   0.00       0.00
  clock network delay (ideal)                             0.00       0.00
  input external delay                                    1.20       1.20 r
  commit_if[0].data[71] (in)                              0.01       1.21 r
  U1132/ZN (AOI22_X1)                                     0.05       1.26 f
  U1134/ZN (NAND2_X1)                                     0.05       1.31 r
  g_commit_arbs[0].commit_arb/g_input_select.g_arbiter.g_out_buf[0].out_buf/g_eb1.pipe_buffer/g_register.g_pipe_regs[0].pipe_register/g_shift_register/g_shift.pipe_reg[0][71]/D (DFF_X1)
                                                          0.01       1.32 r
  data arrival time                                                  1.32

  clock CLK (rise edge)                                   0.00       0.00
  clock network delay (ideal)                             0.00       0.00
  clock uncertainty                                       0.05       0.05
  g_commit_arbs[0].commit_arb/g_input_select.g_arbiter.g_out_buf[0].out_buf/g_eb1.pipe_buffer/g_register.g_pipe_regs[0].pipe_register/g_shift_register/g_shift.pipe_reg[0][71]/CK (DFF_X1)
                                                          0.00       0.05 r
  library hold time                                       0.07       0.12
  data required time                                                 0.12
  --------------------------------------------------------------------------
  data required time                                                 0.12
  data arrival time                                                 -1.32
  --------------------------------------------------------------------------
  slack (MET)                                                        1.20


  Startpoint: commit_if[0].data[72]
              (input port clocked by CLK)
  Endpoint: g_commit_arbs[0].commit_arb/g_input_select.g_arbiter.g_out_buf[0].out_buf/g_eb1.pipe_buffer/g_register.g_pipe_regs[0].pipe_register/g_shift_register/g_shift.pipe_reg[0][72]
            (rising edge-triggered flip-flop clocked by CLK)
  Path Group: INREG
  Path Type: min

  Des/Clust/Port     Wire Load Model       Library
  ------------------------------------------------
  VX_commit          5K_hvratio_1_1        NangateOpenCellLibrary_ss0p95v125c

  Point                                                   Incr       Path
  --------------------------------------------------------------------------
  clock CLK (rise edge)                                   0.00       0.00
  clock network delay (ideal)                             0.00       0.00
  input external delay                                    1.20       1.20 r
  commit_if[0].data[72] (in)                              0.01       1.21 r
  U1129/ZN (AOI22_X1)                                     0.05       1.26 f
  U1131/ZN (NAND2_X1)                                     0.05       1.31 r
  g_commit_arbs[0].commit_arb/g_input_select.g_arbiter.g_out_buf[0].out_buf/g_eb1.pipe_buffer/g_register.g_pipe_regs[0].pipe_register/g_shift_register/g_shift.pipe_reg[0][72]/D (DFF_X1)
                                                          0.01       1.32 r
  data arrival time                                                  1.32

  clock CLK (rise edge)                                   0.00       0.00
  clock network delay (ideal)                             0.00       0.00
  clock uncertainty                                       0.05       0.05
  g_commit_arbs[0].commit_arb/g_input_select.g_arbiter.g_out_buf[0].out_buf/g_eb1.pipe_buffer/g_register.g_pipe_regs[0].pipe_register/g_shift_register/g_shift.pipe_reg[0][72]/CK (DFF_X1)
                                                          0.00       0.05 r
  library hold time                                       0.07       0.12
  data required time                                                 0.12
  --------------------------------------------------------------------------
  data required time                                                 0.12
  data arrival time                                                 -1.32
  --------------------------------------------------------------------------
  slack (MET)                                                        1.20


  Startpoint: commit_if[0].data[73]
              (input port clocked by CLK)
  Endpoint: g_commit_arbs[0].commit_arb/g_input_select.g_arbiter.g_out_buf[0].out_buf/g_eb1.pipe_buffer/g_register.g_pipe_regs[0].pipe_register/g_shift_register/g_shift.pipe_reg[0][73]
            (rising edge-triggered flip-flop clocked by CLK)
  Path Group: INREG
  Path Type: min

  Des/Clust/Port     Wire Load Model       Library
  ------------------------------------------------
  VX_commit          5K_hvratio_1_1        NangateOpenCellLibrary_ss0p95v125c

  Point                                                   Incr       Path
  --------------------------------------------------------------------------
  clock CLK (rise edge)                                   0.00       0.00
  clock network delay (ideal)                             0.00       0.00
  input external delay                                    1.20       1.20 r
  commit_if[0].data[73] (in)                              0.01       1.21 r
  U1126/ZN (AOI22_X1)                                     0.05       1.26 f
  U1128/ZN (NAND2_X1)                                     0.05       1.31 r
  g_commit_arbs[0].commit_arb/g_input_select.g_arbiter.g_out_buf[0].out_buf/g_eb1.pipe_buffer/g_register.g_pipe_regs[0].pipe_register/g_shift_register/g_shift.pipe_reg[0][73]/D (DFF_X1)
                                                          0.01       1.32 r
  data arrival time                                                  1.32

  clock CLK (rise edge)                                   0.00       0.00
  clock network delay (ideal)                             0.00       0.00
  clock uncertainty                                       0.05       0.05
  g_commit_arbs[0].commit_arb/g_input_select.g_arbiter.g_out_buf[0].out_buf/g_eb1.pipe_buffer/g_register.g_pipe_regs[0].pipe_register/g_shift_register/g_shift.pipe_reg[0][73]/CK (DFF_X1)
                                                          0.00       0.05 r
  library hold time                                       0.07       0.12
  data required time                                                 0.12
  --------------------------------------------------------------------------
  data required time                                                 0.12
  data arrival time                                                 -1.32
  --------------------------------------------------------------------------
  slack (MET)                                                        1.20


  Startpoint: commit_if[0].data[74]
              (input port clocked by CLK)
  Endpoint: g_commit_arbs[0].commit_arb/g_input_select.g_arbiter.g_out_buf[0].out_buf/g_eb1.pipe_buffer/g_register.g_pipe_regs[0].pipe_register/g_shift_register/g_shift.pipe_reg[0][74]
            (rising edge-triggered flip-flop clocked by CLK)
  Path Group: INREG
  Path Type: min

  Des/Clust/Port     Wire Load Model       Library
  ------------------------------------------------
  VX_commit          5K_hvratio_1_1        NangateOpenCellLibrary_ss0p95v125c

  Point                                                   Incr       Path
  --------------------------------------------------------------------------
  clock CLK (rise edge)                                   0.00       0.00
  clock network delay (ideal)                             0.00       0.00
  input external delay                                    1.20       1.20 r
  commit_if[0].data[74] (in)                              0.01       1.21 r
  U1123/ZN (AOI22_X1)                                     0.05       1.26 f
  U1125/ZN (NAND2_X1)                                     0.05       1.31 r
  g_commit_arbs[0].commit_arb/g_input_select.g_arbiter.g_out_buf[0].out_buf/g_eb1.pipe_buffer/g_register.g_pipe_regs[0].pipe_register/g_shift_register/g_shift.pipe_reg[0][74]/D (DFF_X1)
                                                          0.01       1.32 r
  data arrival time                                                  1.32

  clock CLK (rise edge)                                   0.00       0.00
  clock network delay (ideal)                             0.00       0.00
  clock uncertainty                                       0.05       0.05
  g_commit_arbs[0].commit_arb/g_input_select.g_arbiter.g_out_buf[0].out_buf/g_eb1.pipe_buffer/g_register.g_pipe_regs[0].pipe_register/g_shift_register/g_shift.pipe_reg[0][74]/CK (DFF_X1)
                                                          0.00       0.05 r
  library hold time                                       0.07       0.12
  data required time                                                 0.12
  --------------------------------------------------------------------------
  data required time                                                 0.12
  data arrival time                                                 -1.32
  --------------------------------------------------------------------------
  slack (MET)                                                        1.20


  Startpoint: commit_if[0].data[75]
              (input port clocked by CLK)
  Endpoint: g_commit_arbs[0].commit_arb/g_input_select.g_arbiter.g_out_buf[0].out_buf/g_eb1.pipe_buffer/g_register.g_pipe_regs[0].pipe_register/g_shift_register/g_shift.pipe_reg[0][75]
            (rising edge-triggered flip-flop clocked by CLK)
  Path Group: INREG
  Path Type: min

  Des/Clust/Port     Wire Load Model       Library
  ------------------------------------------------
  VX_commit          5K_hvratio_1_1        NangateOpenCellLibrary_ss0p95v125c

  Point                                                   Incr       Path
  --------------------------------------------------------------------------
  clock CLK (rise edge)                                   0.00       0.00
  clock network delay (ideal)                             0.00       0.00
  input external delay                                    1.20       1.20 r
  commit_if[0].data[75] (in)                              0.01       1.21 r
  U1120/ZN (AOI22_X1)                                     0.05       1.26 f
  U1122/ZN (NAND2_X1)                                     0.05       1.31 r
  g_commit_arbs[0].commit_arb/g_input_select.g_arbiter.g_out_buf[0].out_buf/g_eb1.pipe_buffer/g_register.g_pipe_regs[0].pipe_register/g_shift_register/g_shift.pipe_reg[0][75]/D (DFF_X1)
                                                          0.01       1.32 r
  data arrival time                                                  1.32

  clock CLK (rise edge)                                   0.00       0.00
  clock network delay (ideal)                             0.00       0.00
  clock uncertainty                                       0.05       0.05
  g_commit_arbs[0].commit_arb/g_input_select.g_arbiter.g_out_buf[0].out_buf/g_eb1.pipe_buffer/g_register.g_pipe_regs[0].pipe_register/g_shift_register/g_shift.pipe_reg[0][75]/CK (DFF_X1)
                                                          0.00       0.05 r
  library hold time                                       0.07       0.12
  data required time                                                 0.12
  --------------------------------------------------------------------------
  data required time                                                 0.12
  data arrival time                                                 -1.32
  --------------------------------------------------------------------------
  slack (MET)                                                        1.20


  Startpoint: commit_if[0].data[76]
              (input port clocked by CLK)
  Endpoint: g_commit_arbs[0].commit_arb/g_input_select.g_arbiter.g_out_buf[0].out_buf/g_eb1.pipe_buffer/g_register.g_pipe_regs[0].pipe_register/g_shift_register/g_shift.pipe_reg[0][76]
            (rising edge-triggered flip-flop clocked by CLK)
  Path Group: INREG
  Path Type: min

  Des/Clust/Port     Wire Load Model       Library
  ------------------------------------------------
  VX_commit          5K_hvratio_1_1        NangateOpenCellLibrary_ss0p95v125c

  Point                                                   Incr       Path
  --------------------------------------------------------------------------
  clock CLK (rise edge)                                   0.00       0.00
  clock network delay (ideal)                             0.00       0.00
  input external delay                                    1.20       1.20 r
  commit_if[0].data[76] (in)                              0.01       1.21 r
  U1117/ZN (AOI22_X1)                                     0.05       1.26 f
  U1119/ZN (NAND2_X1)                                     0.05       1.31 r
  g_commit_arbs[0].commit_arb/g_input_select.g_arbiter.g_out_buf[0].out_buf/g_eb1.pipe_buffer/g_register.g_pipe_regs[0].pipe_register/g_shift_register/g_shift.pipe_reg[0][76]/D (DFF_X1)
                                                          0.01       1.32 r
  data arrival time                                                  1.32

  clock CLK (rise edge)                                   0.00       0.00
  clock network delay (ideal)                             0.00       0.00
  clock uncertainty                                       0.05       0.05
  g_commit_arbs[0].commit_arb/g_input_select.g_arbiter.g_out_buf[0].out_buf/g_eb1.pipe_buffer/g_register.g_pipe_regs[0].pipe_register/g_shift_register/g_shift.pipe_reg[0][76]/CK (DFF_X1)
                                                          0.00       0.05 r
  library hold time                                       0.07       0.12
  data required time                                                 0.12
  --------------------------------------------------------------------------
  data required time                                                 0.12
  data arrival time                                                 -1.32
  --------------------------------------------------------------------------
  slack (MET)                                                        1.20


  Startpoint: commit_if[0].data[77]
              (input port clocked by CLK)
  Endpoint: g_commit_arbs[0].commit_arb/g_input_select.g_arbiter.g_out_buf[0].out_buf/g_eb1.pipe_buffer/g_register.g_pipe_regs[0].pipe_register/g_shift_register/g_shift.pipe_reg[0][77]
            (rising edge-triggered flip-flop clocked by CLK)
  Path Group: INREG
  Path Type: min

  Des/Clust/Port     Wire Load Model       Library
  ------------------------------------------------
  VX_commit          5K_hvratio_1_1        NangateOpenCellLibrary_ss0p95v125c

  Point                                                   Incr       Path
  --------------------------------------------------------------------------
  clock CLK (rise edge)                                   0.00       0.00
  clock network delay (ideal)                             0.00       0.00
  input external delay                                    1.20       1.20 r
  commit_if[0].data[77] (in)                              0.01       1.21 r
  U1114/ZN (AOI22_X1)                                     0.05       1.26 f
  U1116/ZN (NAND2_X1)                                     0.05       1.31 r
  g_commit_arbs[0].commit_arb/g_input_select.g_arbiter.g_out_buf[0].out_buf/g_eb1.pipe_buffer/g_register.g_pipe_regs[0].pipe_register/g_shift_register/g_shift.pipe_reg[0][77]/D (DFF_X1)
                                                          0.01       1.32 r
  data arrival time                                                  1.32

  clock CLK (rise edge)                                   0.00       0.00
  clock network delay (ideal)                             0.00       0.00
  clock uncertainty                                       0.05       0.05
  g_commit_arbs[0].commit_arb/g_input_select.g_arbiter.g_out_buf[0].out_buf/g_eb1.pipe_buffer/g_register.g_pipe_regs[0].pipe_register/g_shift_register/g_shift.pipe_reg[0][77]/CK (DFF_X1)
                                                          0.00       0.05 r
  library hold time                                       0.07       0.12
  data required time                                                 0.12
  --------------------------------------------------------------------------
  data required time                                                 0.12
  data arrival time                                                 -1.32
  --------------------------------------------------------------------------
  slack (MET)                                                        1.20


  Startpoint: commit_if[0].data[78]
              (input port clocked by CLK)
  Endpoint: g_commit_arbs[0].commit_arb/g_input_select.g_arbiter.g_out_buf[0].out_buf/g_eb1.pipe_buffer/g_register.g_pipe_regs[0].pipe_register/g_shift_register/g_shift.pipe_reg[0][78]
            (rising edge-triggered flip-flop clocked by CLK)
  Path Group: INREG
  Path Type: min

  Des/Clust/Port     Wire Load Model       Library
  ------------------------------------------------
  VX_commit          5K_hvratio_1_1        NangateOpenCellLibrary_ss0p95v125c

  Point                                                   Incr       Path
  --------------------------------------------------------------------------
  clock CLK (rise edge)                                   0.00       0.00
  clock network delay (ideal)                             0.00       0.00
  input external delay                                    1.20       1.20 r
  commit_if[0].data[78] (in)                              0.01       1.21 r
  U1111/ZN (AOI22_X1)                                     0.05       1.26 f
  U1113/ZN (NAND2_X1)                                     0.05       1.31 r
  g_commit_arbs[0].commit_arb/g_input_select.g_arbiter.g_out_buf[0].out_buf/g_eb1.pipe_buffer/g_register.g_pipe_regs[0].pipe_register/g_shift_register/g_shift.pipe_reg[0][78]/D (DFF_X1)
                                                          0.01       1.32 r
  data arrival time                                                  1.32

  clock CLK (rise edge)                                   0.00       0.00
  clock network delay (ideal)                             0.00       0.00
  clock uncertainty                                       0.05       0.05
  g_commit_arbs[0].commit_arb/g_input_select.g_arbiter.g_out_buf[0].out_buf/g_eb1.pipe_buffer/g_register.g_pipe_regs[0].pipe_register/g_shift_register/g_shift.pipe_reg[0][78]/CK (DFF_X1)
                                                          0.00       0.05 r
  library hold time                                       0.07       0.12
  data required time                                                 0.12
  --------------------------------------------------------------------------
  data required time                                                 0.12
  data arrival time                                                 -1.32
  --------------------------------------------------------------------------
  slack (MET)                                                        1.20


  Startpoint: commit_if[0].data[79]
              (input port clocked by CLK)
  Endpoint: g_commit_arbs[0].commit_arb/g_input_select.g_arbiter.g_out_buf[0].out_buf/g_eb1.pipe_buffer/g_register.g_pipe_regs[0].pipe_register/g_shift_register/g_shift.pipe_reg[0][79]
            (rising edge-triggered flip-flop clocked by CLK)
  Path Group: INREG
  Path Type: min

  Des/Clust/Port     Wire Load Model       Library
  ------------------------------------------------
  VX_commit          5K_hvratio_1_1        NangateOpenCellLibrary_ss0p95v125c

  Point                                                   Incr       Path
  --------------------------------------------------------------------------
  clock CLK (rise edge)                                   0.00       0.00
  clock network delay (ideal)                             0.00       0.00
  input external delay                                    1.20       1.20 r
  commit_if[0].data[79] (in)                              0.01       1.21 r
  U1108/ZN (AOI22_X1)                                     0.05       1.26 f
  U1110/ZN (NAND2_X1)                                     0.05       1.31 r
  g_commit_arbs[0].commit_arb/g_input_select.g_arbiter.g_out_buf[0].out_buf/g_eb1.pipe_buffer/g_register.g_pipe_regs[0].pipe_register/g_shift_register/g_shift.pipe_reg[0][79]/D (DFF_X1)
                                                          0.01       1.32 r
  data arrival time                                                  1.32

  clock CLK (rise edge)                                   0.00       0.00
  clock network delay (ideal)                             0.00       0.00
  clock uncertainty                                       0.05       0.05
  g_commit_arbs[0].commit_arb/g_input_select.g_arbiter.g_out_buf[0].out_buf/g_eb1.pipe_buffer/g_register.g_pipe_regs[0].pipe_register/g_shift_register/g_shift.pipe_reg[0][79]/CK (DFF_X1)
                                                          0.00       0.05 r
  library hold time                                       0.07       0.12
  data required time                                                 0.12
  --------------------------------------------------------------------------
  data required time                                                 0.12
  data arrival time                                                 -1.32
  --------------------------------------------------------------------------
  slack (MET)                                                        1.20


  Startpoint: commit_if[0].data[80]
              (input port clocked by CLK)
  Endpoint: g_commit_arbs[0].commit_arb/g_input_select.g_arbiter.g_out_buf[0].out_buf/g_eb1.pipe_buffer/g_register.g_pipe_regs[0].pipe_register/g_shift_register/g_shift.pipe_reg[0][80]
            (rising edge-triggered flip-flop clocked by CLK)
  Path Group: INREG
  Path Type: min

  Des/Clust/Port     Wire Load Model       Library
  ------------------------------------------------
  VX_commit          5K_hvratio_1_1        NangateOpenCellLibrary_ss0p95v125c

  Point                                                   Incr       Path
  --------------------------------------------------------------------------
  clock CLK (rise edge)                                   0.00       0.00
  clock network delay (ideal)                             0.00       0.00
  input external delay                                    1.20       1.20 r
  commit_if[0].data[80] (in)                              0.01       1.21 r
  U1105/ZN (AOI22_X1)                                     0.05       1.26 f
  U1107/ZN (NAND2_X1)                                     0.05       1.31 r
  g_commit_arbs[0].commit_arb/g_input_select.g_arbiter.g_out_buf[0].out_buf/g_eb1.pipe_buffer/g_register.g_pipe_regs[0].pipe_register/g_shift_register/g_shift.pipe_reg[0][80]/D (DFF_X1)
                                                          0.01       1.32 r
  data arrival time                                                  1.32

  clock CLK (rise edge)                                   0.00       0.00
  clock network delay (ideal)                             0.00       0.00
  clock uncertainty                                       0.05       0.05
  g_commit_arbs[0].commit_arb/g_input_select.g_arbiter.g_out_buf[0].out_buf/g_eb1.pipe_buffer/g_register.g_pipe_regs[0].pipe_register/g_shift_register/g_shift.pipe_reg[0][80]/CK (DFF_X1)
                                                          0.00       0.05 r
  library hold time                                       0.07       0.12
  data required time                                                 0.12
  --------------------------------------------------------------------------
  data required time                                                 0.12
  data arrival time                                                 -1.32
  --------------------------------------------------------------------------
  slack (MET)                                                        1.20


  Startpoint: commit_if[0].data[81]
              (input port clocked by CLK)
  Endpoint: g_commit_arbs[0].commit_arb/g_input_select.g_arbiter.g_out_buf[0].out_buf/g_eb1.pipe_buffer/g_register.g_pipe_regs[0].pipe_register/g_shift_register/g_shift.pipe_reg[0][81]
            (rising edge-triggered flip-flop clocked by CLK)
  Path Group: INREG
  Path Type: min

  Des/Clust/Port     Wire Load Model       Library
  ------------------------------------------------
  VX_commit          5K_hvratio_1_1        NangateOpenCellLibrary_ss0p95v125c

  Point                                                   Incr       Path
  --------------------------------------------------------------------------
  clock CLK (rise edge)                                   0.00       0.00
  clock network delay (ideal)                             0.00       0.00
  input external delay                                    1.20       1.20 r
  commit_if[0].data[81] (in)                              0.01       1.21 r
  U1102/ZN (AOI22_X1)                                     0.05       1.26 f
  U1104/ZN (NAND2_X1)                                     0.05       1.31 r
  g_commit_arbs[0].commit_arb/g_input_select.g_arbiter.g_out_buf[0].out_buf/g_eb1.pipe_buffer/g_register.g_pipe_regs[0].pipe_register/g_shift_register/g_shift.pipe_reg[0][81]/D (DFF_X1)
                                                          0.01       1.32 r
  data arrival time                                                  1.32

  clock CLK (rise edge)                                   0.00       0.00
  clock network delay (ideal)                             0.00       0.00
  clock uncertainty                                       0.05       0.05
  g_commit_arbs[0].commit_arb/g_input_select.g_arbiter.g_out_buf[0].out_buf/g_eb1.pipe_buffer/g_register.g_pipe_regs[0].pipe_register/g_shift_register/g_shift.pipe_reg[0][81]/CK (DFF_X1)
                                                          0.00       0.05 r
  library hold time                                       0.07       0.12
  data required time                                                 0.12
  --------------------------------------------------------------------------
  data required time                                                 0.12
  data arrival time                                                 -1.32
  --------------------------------------------------------------------------
  slack (MET)                                                        1.20


  Startpoint: commit_if[0].data[82]
              (input port clocked by CLK)
  Endpoint: g_commit_arbs[0].commit_arb/g_input_select.g_arbiter.g_out_buf[0].out_buf/g_eb1.pipe_buffer/g_register.g_pipe_regs[0].pipe_register/g_shift_register/g_shift.pipe_reg[0][82]
            (rising edge-triggered flip-flop clocked by CLK)
  Path Group: INREG
  Path Type: min

  Des/Clust/Port     Wire Load Model       Library
  ------------------------------------------------
  VX_commit          5K_hvratio_1_1        NangateOpenCellLibrary_ss0p95v125c

  Point                                                   Incr       Path
  --------------------------------------------------------------------------
  clock CLK (rise edge)                                   0.00       0.00
  clock network delay (ideal)                             0.00       0.00
  input external delay                                    1.20       1.20 r
  commit_if[0].data[82] (in)                              0.01       1.21 r
  U1099/ZN (AOI22_X1)                                     0.05       1.26 f
  U1101/ZN (NAND2_X1)                                     0.05       1.31 r
  g_commit_arbs[0].commit_arb/g_input_select.g_arbiter.g_out_buf[0].out_buf/g_eb1.pipe_buffer/g_register.g_pipe_regs[0].pipe_register/g_shift_register/g_shift.pipe_reg[0][82]/D (DFF_X1)
                                                          0.01       1.32 r
  data arrival time                                                  1.32

  clock CLK (rise edge)                                   0.00       0.00
  clock network delay (ideal)                             0.00       0.00
  clock uncertainty                                       0.05       0.05
  g_commit_arbs[0].commit_arb/g_input_select.g_arbiter.g_out_buf[0].out_buf/g_eb1.pipe_buffer/g_register.g_pipe_regs[0].pipe_register/g_shift_register/g_shift.pipe_reg[0][82]/CK (DFF_X1)
                                                          0.00       0.05 r
  library hold time                                       0.07       0.12
  data required time                                                 0.12
  --------------------------------------------------------------------------
  data required time                                                 0.12
  data arrival time                                                 -1.32
  --------------------------------------------------------------------------
  slack (MET)                                                        1.20


  Startpoint: commit_if[0].data[83]
              (input port clocked by CLK)
  Endpoint: g_commit_arbs[0].commit_arb/g_input_select.g_arbiter.g_out_buf[0].out_buf/g_eb1.pipe_buffer/g_register.g_pipe_regs[0].pipe_register/g_shift_register/g_shift.pipe_reg[0][83]
            (rising edge-triggered flip-flop clocked by CLK)
  Path Group: INREG
  Path Type: min

  Des/Clust/Port     Wire Load Model       Library
  ------------------------------------------------
  VX_commit          5K_hvratio_1_1        NangateOpenCellLibrary_ss0p95v125c

  Point                                                   Incr       Path
  --------------------------------------------------------------------------
  clock CLK (rise edge)                                   0.00       0.00
  clock network delay (ideal)                             0.00       0.00
  input external delay                                    1.20       1.20 r
  commit_if[0].data[83] (in)                              0.01       1.21 r
  U1096/ZN (AOI22_X1)                                     0.05       1.26 f
  U1098/ZN (NAND2_X1)                                     0.05       1.31 r
  g_commit_arbs[0].commit_arb/g_input_select.g_arbiter.g_out_buf[0].out_buf/g_eb1.pipe_buffer/g_register.g_pipe_regs[0].pipe_register/g_shift_register/g_shift.pipe_reg[0][83]/D (DFF_X1)
                                                          0.01       1.32 r
  data arrival time                                                  1.32

  clock CLK (rise edge)                                   0.00       0.00
  clock network delay (ideal)                             0.00       0.00
  clock uncertainty                                       0.05       0.05
  g_commit_arbs[0].commit_arb/g_input_select.g_arbiter.g_out_buf[0].out_buf/g_eb1.pipe_buffer/g_register.g_pipe_regs[0].pipe_register/g_shift_register/g_shift.pipe_reg[0][83]/CK (DFF_X1)
                                                          0.00       0.05 r
  library hold time                                       0.07       0.12
  data required time                                                 0.12
  --------------------------------------------------------------------------
  data required time                                                 0.12
  data arrival time                                                 -1.32
  --------------------------------------------------------------------------
  slack (MET)                                                        1.20


  Startpoint: commit_if[0].data[84]
              (input port clocked by CLK)
  Endpoint: g_commit_arbs[0].commit_arb/g_input_select.g_arbiter.g_out_buf[0].out_buf/g_eb1.pipe_buffer/g_register.g_pipe_regs[0].pipe_register/g_shift_register/g_shift.pipe_reg[0][84]
            (rising edge-triggered flip-flop clocked by CLK)
  Path Group: INREG
  Path Type: min

  Des/Clust/Port     Wire Load Model       Library
  ------------------------------------------------
  VX_commit          5K_hvratio_1_1        NangateOpenCellLibrary_ss0p95v125c

  Point                                                   Incr       Path
  --------------------------------------------------------------------------
  clock CLK (rise edge)                                   0.00       0.00
  clock network delay (ideal)                             0.00       0.00
  input external delay                                    1.20       1.20 r
  commit_if[0].data[84] (in)                              0.01       1.21 r
  U1093/ZN (AOI22_X1)                                     0.05       1.26 f
  U1095/ZN (NAND2_X1)                                     0.05       1.31 r
  g_commit_arbs[0].commit_arb/g_input_select.g_arbiter.g_out_buf[0].out_buf/g_eb1.pipe_buffer/g_register.g_pipe_regs[0].pipe_register/g_shift_register/g_shift.pipe_reg[0][84]/D (DFF_X1)
                                                          0.01       1.32 r
  data arrival time                                                  1.32

  clock CLK (rise edge)                                   0.00       0.00
  clock network delay (ideal)                             0.00       0.00
  clock uncertainty                                       0.05       0.05
  g_commit_arbs[0].commit_arb/g_input_select.g_arbiter.g_out_buf[0].out_buf/g_eb1.pipe_buffer/g_register.g_pipe_regs[0].pipe_register/g_shift_register/g_shift.pipe_reg[0][84]/CK (DFF_X1)
                                                          0.00       0.05 r
  library hold time                                       0.07       0.12
  data required time                                                 0.12
  --------------------------------------------------------------------------
  data required time                                                 0.12
  data arrival time                                                 -1.32
  --------------------------------------------------------------------------
  slack (MET)                                                        1.20


  Startpoint: commit_if[0].data[85]
              (input port clocked by CLK)
  Endpoint: g_commit_arbs[0].commit_arb/g_input_select.g_arbiter.g_out_buf[0].out_buf/g_eb1.pipe_buffer/g_register.g_pipe_regs[0].pipe_register/g_shift_register/g_shift.pipe_reg[0][85]
            (rising edge-triggered flip-flop clocked by CLK)
  Path Group: INREG
  Path Type: min

  Des/Clust/Port     Wire Load Model       Library
  ------------------------------------------------
  VX_commit          5K_hvratio_1_1        NangateOpenCellLibrary_ss0p95v125c

  Point                                                   Incr       Path
  --------------------------------------------------------------------------
  clock CLK (rise edge)                                   0.00       0.00
  clock network delay (ideal)                             0.00       0.00
  input external delay                                    1.20       1.20 r
  commit_if[0].data[85] (in)                              0.01       1.21 r
  U1090/ZN (AOI22_X1)                                     0.05       1.26 f
  U1092/ZN (NAND2_X1)                                     0.05       1.31 r
  g_commit_arbs[0].commit_arb/g_input_select.g_arbiter.g_out_buf[0].out_buf/g_eb1.pipe_buffer/g_register.g_pipe_regs[0].pipe_register/g_shift_register/g_shift.pipe_reg[0][85]/D (DFF_X1)
                                                          0.01       1.32 r
  data arrival time                                                  1.32

  clock CLK (rise edge)                                   0.00       0.00
  clock network delay (ideal)                             0.00       0.00
  clock uncertainty                                       0.05       0.05
  g_commit_arbs[0].commit_arb/g_input_select.g_arbiter.g_out_buf[0].out_buf/g_eb1.pipe_buffer/g_register.g_pipe_regs[0].pipe_register/g_shift_register/g_shift.pipe_reg[0][85]/CK (DFF_X1)
                                                          0.00       0.05 r
  library hold time                                       0.07       0.12
  data required time                                                 0.12
  --------------------------------------------------------------------------
  data required time                                                 0.12
  data arrival time                                                 -1.32
  --------------------------------------------------------------------------
  slack (MET)                                                        1.20


  Startpoint: commit_if[0].data[86]
              (input port clocked by CLK)
  Endpoint: g_commit_arbs[0].commit_arb/g_input_select.g_arbiter.g_out_buf[0].out_buf/g_eb1.pipe_buffer/g_register.g_pipe_regs[0].pipe_register/g_shift_register/g_shift.pipe_reg[0][86]
            (rising edge-triggered flip-flop clocked by CLK)
  Path Group: INREG
  Path Type: min

  Des/Clust/Port     Wire Load Model       Library
  ------------------------------------------------
  VX_commit          5K_hvratio_1_1        NangateOpenCellLibrary_ss0p95v125c

  Point                                                   Incr       Path
  --------------------------------------------------------------------------
  clock CLK (rise edge)                                   0.00       0.00
  clock network delay (ideal)                             0.00       0.00
  input external delay                                    1.20       1.20 r
  commit_if[0].data[86] (in)                              0.01       1.21 r
  U1087/ZN (AOI22_X1)                                     0.05       1.26 f
  U1089/ZN (NAND2_X1)                                     0.05       1.31 r
  g_commit_arbs[0].commit_arb/g_input_select.g_arbiter.g_out_buf[0].out_buf/g_eb1.pipe_buffer/g_register.g_pipe_regs[0].pipe_register/g_shift_register/g_shift.pipe_reg[0][86]/D (DFF_X1)
                                                          0.01       1.32 r
  data arrival time                                                  1.32

  clock CLK (rise edge)                                   0.00       0.00
  clock network delay (ideal)                             0.00       0.00
  clock uncertainty                                       0.05       0.05
  g_commit_arbs[0].commit_arb/g_input_select.g_arbiter.g_out_buf[0].out_buf/g_eb1.pipe_buffer/g_register.g_pipe_regs[0].pipe_register/g_shift_register/g_shift.pipe_reg[0][86]/CK (DFF_X1)
                                                          0.00       0.05 r
  library hold time                                       0.07       0.12
  data required time                                                 0.12
  --------------------------------------------------------------------------
  data required time                                                 0.12
  data arrival time                                                 -1.32
  --------------------------------------------------------------------------
  slack (MET)                                                        1.20


  Startpoint: commit_if[0].data[87]
              (input port clocked by CLK)
  Endpoint: g_commit_arbs[0].commit_arb/g_input_select.g_arbiter.g_out_buf[0].out_buf/g_eb1.pipe_buffer/g_register.g_pipe_regs[0].pipe_register/g_shift_register/g_shift.pipe_reg[0][87]
            (rising edge-triggered flip-flop clocked by CLK)
  Path Group: INREG
  Path Type: min

  Des/Clust/Port     Wire Load Model       Library
  ------------------------------------------------
  VX_commit          5K_hvratio_1_1        NangateOpenCellLibrary_ss0p95v125c

  Point                                                   Incr       Path
  --------------------------------------------------------------------------
  clock CLK (rise edge)                                   0.00       0.00
  clock network delay (ideal)                             0.00       0.00
  input external delay                                    1.20       1.20 r
  commit_if[0].data[87] (in)                              0.01       1.21 r
  U1084/ZN (AOI22_X1)                                     0.05       1.26 f
  U1086/ZN (NAND2_X1)                                     0.05       1.31 r
  g_commit_arbs[0].commit_arb/g_input_select.g_arbiter.g_out_buf[0].out_buf/g_eb1.pipe_buffer/g_register.g_pipe_regs[0].pipe_register/g_shift_register/g_shift.pipe_reg[0][87]/D (DFF_X1)
                                                          0.01       1.32 r
  data arrival time                                                  1.32

  clock CLK (rise edge)                                   0.00       0.00
  clock network delay (ideal)                             0.00       0.00
  clock uncertainty                                       0.05       0.05
  g_commit_arbs[0].commit_arb/g_input_select.g_arbiter.g_out_buf[0].out_buf/g_eb1.pipe_buffer/g_register.g_pipe_regs[0].pipe_register/g_shift_register/g_shift.pipe_reg[0][87]/CK (DFF_X1)
                                                          0.00       0.05 r
  library hold time                                       0.07       0.12
  data required time                                                 0.12
  --------------------------------------------------------------------------
  data required time                                                 0.12
  data arrival time                                                 -1.32
  --------------------------------------------------------------------------
  slack (MET)                                                        1.20


  Startpoint: commit_if[0].data[88]
              (input port clocked by CLK)
  Endpoint: g_commit_arbs[0].commit_arb/g_input_select.g_arbiter.g_out_buf[0].out_buf/g_eb1.pipe_buffer/g_register.g_pipe_regs[0].pipe_register/g_shift_register/g_shift.pipe_reg[0][88]
            (rising edge-triggered flip-flop clocked by CLK)
  Path Group: INREG
  Path Type: min

  Des/Clust/Port     Wire Load Model       Library
  ------------------------------------------------
  VX_commit          5K_hvratio_1_1        NangateOpenCellLibrary_ss0p95v125c

  Point                                                   Incr       Path
  --------------------------------------------------------------------------
  clock CLK (rise edge)                                   0.00       0.00
  clock network delay (ideal)                             0.00       0.00
  input external delay                                    1.20       1.20 r
  commit_if[0].data[88] (in)                              0.01       1.21 r
  U1081/ZN (AOI22_X1)                                     0.05       1.26 f
  U1083/ZN (NAND2_X1)                                     0.05       1.31 r
  g_commit_arbs[0].commit_arb/g_input_select.g_arbiter.g_out_buf[0].out_buf/g_eb1.pipe_buffer/g_register.g_pipe_regs[0].pipe_register/g_shift_register/g_shift.pipe_reg[0][88]/D (DFF_X1)
                                                          0.01       1.32 r
  data arrival time                                                  1.32

  clock CLK (rise edge)                                   0.00       0.00
  clock network delay (ideal)                             0.00       0.00
  clock uncertainty                                       0.05       0.05
  g_commit_arbs[0].commit_arb/g_input_select.g_arbiter.g_out_buf[0].out_buf/g_eb1.pipe_buffer/g_register.g_pipe_regs[0].pipe_register/g_shift_register/g_shift.pipe_reg[0][88]/CK (DFF_X1)
                                                          0.00       0.05 r
  library hold time                                       0.07       0.12
  data required time                                                 0.12
  --------------------------------------------------------------------------
  data required time                                                 0.12
  data arrival time                                                 -1.32
  --------------------------------------------------------------------------
  slack (MET)                                                        1.20


  Startpoint: commit_if[0].data[89]
              (input port clocked by CLK)
  Endpoint: g_commit_arbs[0].commit_arb/g_input_select.g_arbiter.g_out_buf[0].out_buf/g_eb1.pipe_buffer/g_register.g_pipe_regs[0].pipe_register/g_shift_register/g_shift.pipe_reg[0][89]
            (rising edge-triggered flip-flop clocked by CLK)
  Path Group: INREG
  Path Type: min

  Des/Clust/Port     Wire Load Model       Library
  ------------------------------------------------
  VX_commit          5K_hvratio_1_1        NangateOpenCellLibrary_ss0p95v125c

  Point                                                   Incr       Path
  --------------------------------------------------------------------------
  clock CLK (rise edge)                                   0.00       0.00
  clock network delay (ideal)                             0.00       0.00
  input external delay                                    1.20       1.20 r
  commit_if[0].data[89] (in)                              0.01       1.21 r
  U1078/ZN (AOI22_X1)                                     0.05       1.26 f
  U1080/ZN (NAND2_X1)                                     0.05       1.31 r
  g_commit_arbs[0].commit_arb/g_input_select.g_arbiter.g_out_buf[0].out_buf/g_eb1.pipe_buffer/g_register.g_pipe_regs[0].pipe_register/g_shift_register/g_shift.pipe_reg[0][89]/D (DFF_X1)
                                                          0.01       1.32 r
  data arrival time                                                  1.32

  clock CLK (rise edge)                                   0.00       0.00
  clock network delay (ideal)                             0.00       0.00
  clock uncertainty                                       0.05       0.05
  g_commit_arbs[0].commit_arb/g_input_select.g_arbiter.g_out_buf[0].out_buf/g_eb1.pipe_buffer/g_register.g_pipe_regs[0].pipe_register/g_shift_register/g_shift.pipe_reg[0][89]/CK (DFF_X1)
                                                          0.00       0.05 r
  library hold time                                       0.07       0.12
  data required time                                                 0.12
  --------------------------------------------------------------------------
  data required time                                                 0.12
  data arrival time                                                 -1.32
  --------------------------------------------------------------------------
  slack (MET)                                                        1.20


  Startpoint: commit_if[0].data[90]
              (input port clocked by CLK)
  Endpoint: g_commit_arbs[0].commit_arb/g_input_select.g_arbiter.g_out_buf[0].out_buf/g_eb1.pipe_buffer/g_register.g_pipe_regs[0].pipe_register/g_shift_register/g_shift.pipe_reg[0][90]
            (rising edge-triggered flip-flop clocked by CLK)
  Path Group: INREG
  Path Type: min

  Des/Clust/Port     Wire Load Model       Library
  ------------------------------------------------
  VX_commit          5K_hvratio_1_1        NangateOpenCellLibrary_ss0p95v125c

  Point                                                   Incr       Path
  --------------------------------------------------------------------------
  clock CLK (rise edge)                                   0.00       0.00
  clock network delay (ideal)                             0.00       0.00
  input external delay                                    1.20       1.20 r
  commit_if[0].data[90] (in)                              0.01       1.21 r
  U1075/ZN (AOI22_X1)                                     0.05       1.26 f
  U1077/ZN (NAND2_X1)                                     0.05       1.31 r
  g_commit_arbs[0].commit_arb/g_input_select.g_arbiter.g_out_buf[0].out_buf/g_eb1.pipe_buffer/g_register.g_pipe_regs[0].pipe_register/g_shift_register/g_shift.pipe_reg[0][90]/D (DFF_X1)
                                                          0.01       1.32 r
  data arrival time                                                  1.32

  clock CLK (rise edge)                                   0.00       0.00
  clock network delay (ideal)                             0.00       0.00
  clock uncertainty                                       0.05       0.05
  g_commit_arbs[0].commit_arb/g_input_select.g_arbiter.g_out_buf[0].out_buf/g_eb1.pipe_buffer/g_register.g_pipe_regs[0].pipe_register/g_shift_register/g_shift.pipe_reg[0][90]/CK (DFF_X1)
                                                          0.00       0.05 r
  library hold time                                       0.07       0.12
  data required time                                                 0.12
  --------------------------------------------------------------------------
  data required time                                                 0.12
  data arrival time                                                 -1.32
  --------------------------------------------------------------------------
  slack (MET)                                                        1.20


  Startpoint: commit_if[0].data[91]
              (input port clocked by CLK)
  Endpoint: g_commit_arbs[0].commit_arb/g_input_select.g_arbiter.g_out_buf[0].out_buf/g_eb1.pipe_buffer/g_register.g_pipe_regs[0].pipe_register/g_shift_register/g_shift.pipe_reg[0][91]
            (rising edge-triggered flip-flop clocked by CLK)
  Path Group: INREG
  Path Type: min

  Des/Clust/Port     Wire Load Model       Library
  ------------------------------------------------
  VX_commit          5K_hvratio_1_1        NangateOpenCellLibrary_ss0p95v125c

  Point                                                   Incr       Path
  --------------------------------------------------------------------------
  clock CLK (rise edge)                                   0.00       0.00
  clock network delay (ideal)                             0.00       0.00
  input external delay                                    1.20       1.20 r
  commit_if[0].data[91] (in)                              0.01       1.21 r
  U1072/ZN (AOI22_X1)                                     0.05       1.26 f
  U1074/ZN (NAND2_X1)                                     0.05       1.31 r
  g_commit_arbs[0].commit_arb/g_input_select.g_arbiter.g_out_buf[0].out_buf/g_eb1.pipe_buffer/g_register.g_pipe_regs[0].pipe_register/g_shift_register/g_shift.pipe_reg[0][91]/D (DFF_X1)
                                                          0.01       1.32 r
  data arrival time                                                  1.32

  clock CLK (rise edge)                                   0.00       0.00
  clock network delay (ideal)                             0.00       0.00
  clock uncertainty                                       0.05       0.05
  g_commit_arbs[0].commit_arb/g_input_select.g_arbiter.g_out_buf[0].out_buf/g_eb1.pipe_buffer/g_register.g_pipe_regs[0].pipe_register/g_shift_register/g_shift.pipe_reg[0][91]/CK (DFF_X1)
                                                          0.00       0.05 r
  library hold time                                       0.07       0.12
  data required time                                                 0.12
  --------------------------------------------------------------------------
  data required time                                                 0.12
  data arrival time                                                 -1.32
  --------------------------------------------------------------------------
  slack (MET)                                                        1.20


  Startpoint: commit_if[0].data[92]
              (input port clocked by CLK)
  Endpoint: g_commit_arbs[0].commit_arb/g_input_select.g_arbiter.g_out_buf[0].out_buf/g_eb1.pipe_buffer/g_register.g_pipe_regs[0].pipe_register/g_shift_register/g_shift.pipe_reg[0][92]
            (rising edge-triggered flip-flop clocked by CLK)
  Path Group: INREG
  Path Type: min

  Des/Clust/Port     Wire Load Model       Library
  ------------------------------------------------
  VX_commit          5K_hvratio_1_1        NangateOpenCellLibrary_ss0p95v125c

  Point                                                   Incr       Path
  --------------------------------------------------------------------------
  clock CLK (rise edge)                                   0.00       0.00
  clock network delay (ideal)                             0.00       0.00
  input external delay                                    1.20       1.20 r
  commit_if[0].data[92] (in)                              0.01       1.21 r
  U1069/ZN (AOI22_X1)                                     0.05       1.26 f
  U1071/ZN (NAND2_X1)                                     0.05       1.31 r
  g_commit_arbs[0].commit_arb/g_input_select.g_arbiter.g_out_buf[0].out_buf/g_eb1.pipe_buffer/g_register.g_pipe_regs[0].pipe_register/g_shift_register/g_shift.pipe_reg[0][92]/D (DFF_X1)
                                                          0.01       1.32 r
  data arrival time                                                  1.32

  clock CLK (rise edge)                                   0.00       0.00
  clock network delay (ideal)                             0.00       0.00
  clock uncertainty                                       0.05       0.05
  g_commit_arbs[0].commit_arb/g_input_select.g_arbiter.g_out_buf[0].out_buf/g_eb1.pipe_buffer/g_register.g_pipe_regs[0].pipe_register/g_shift_register/g_shift.pipe_reg[0][92]/CK (DFF_X1)
                                                          0.00       0.05 r
  library hold time                                       0.07       0.12
  data required time                                                 0.12
  --------------------------------------------------------------------------
  data required time                                                 0.12
  data arrival time                                                 -1.32
  --------------------------------------------------------------------------
  slack (MET)                                                        1.20


  Startpoint: commit_if[0].data[93]
              (input port clocked by CLK)
  Endpoint: g_commit_arbs[0].commit_arb/g_input_select.g_arbiter.g_out_buf[0].out_buf/g_eb1.pipe_buffer/g_register.g_pipe_regs[0].pipe_register/g_shift_register/g_shift.pipe_reg[0][93]
            (rising edge-triggered flip-flop clocked by CLK)
  Path Group: INREG
  Path Type: min

  Des/Clust/Port     Wire Load Model       Library
  ------------------------------------------------
  VX_commit          5K_hvratio_1_1        NangateOpenCellLibrary_ss0p95v125c

  Point                                                   Incr       Path
  --------------------------------------------------------------------------
  clock CLK (rise edge)                                   0.00       0.00
  clock network delay (ideal)                             0.00       0.00
  input external delay                                    1.20       1.20 r
  commit_if[0].data[93] (in)                              0.01       1.21 r
  U1066/ZN (AOI22_X1)                                     0.05       1.26 f
  U1068/ZN (NAND2_X1)                                     0.05       1.31 r
  g_commit_arbs[0].commit_arb/g_input_select.g_arbiter.g_out_buf[0].out_buf/g_eb1.pipe_buffer/g_register.g_pipe_regs[0].pipe_register/g_shift_register/g_shift.pipe_reg[0][93]/D (DFF_X1)
                                                          0.01       1.32 r
  data arrival time                                                  1.32

  clock CLK (rise edge)                                   0.00       0.00
  clock network delay (ideal)                             0.00       0.00
  clock uncertainty                                       0.05       0.05
  g_commit_arbs[0].commit_arb/g_input_select.g_arbiter.g_out_buf[0].out_buf/g_eb1.pipe_buffer/g_register.g_pipe_regs[0].pipe_register/g_shift_register/g_shift.pipe_reg[0][93]/CK (DFF_X1)
                                                          0.00       0.05 r
  library hold time                                       0.07       0.12
  data required time                                                 0.12
  --------------------------------------------------------------------------
  data required time                                                 0.12
  data arrival time                                                 -1.32
  --------------------------------------------------------------------------
  slack (MET)                                                        1.20


  Startpoint: commit_if[0].data[94]
              (input port clocked by CLK)
  Endpoint: g_commit_arbs[0].commit_arb/g_input_select.g_arbiter.g_out_buf[0].out_buf/g_eb1.pipe_buffer/g_register.g_pipe_regs[0].pipe_register/g_shift_register/g_shift.pipe_reg[0][94]
            (rising edge-triggered flip-flop clocked by CLK)
  Path Group: INREG
  Path Type: min

  Des/Clust/Port     Wire Load Model       Library
  ------------------------------------------------
  VX_commit          5K_hvratio_1_1        NangateOpenCellLibrary_ss0p95v125c

  Point                                                   Incr       Path
  --------------------------------------------------------------------------
  clock CLK (rise edge)                                   0.00       0.00
  clock network delay (ideal)                             0.00       0.00
  input external delay                                    1.20       1.20 r
  commit_if[0].data[94] (in)                              0.01       1.21 r
  U1063/ZN (AOI22_X1)                                     0.05       1.26 f
  U1065/ZN (NAND2_X1)                                     0.05       1.31 r
  g_commit_arbs[0].commit_arb/g_input_select.g_arbiter.g_out_buf[0].out_buf/g_eb1.pipe_buffer/g_register.g_pipe_regs[0].pipe_register/g_shift_register/g_shift.pipe_reg[0][94]/D (DFF_X1)
                                                          0.01       1.32 r
  data arrival time                                                  1.32

  clock CLK (rise edge)                                   0.00       0.00
  clock network delay (ideal)                             0.00       0.00
  clock uncertainty                                       0.05       0.05
  g_commit_arbs[0].commit_arb/g_input_select.g_arbiter.g_out_buf[0].out_buf/g_eb1.pipe_buffer/g_register.g_pipe_regs[0].pipe_register/g_shift_register/g_shift.pipe_reg[0][94]/CK (DFF_X1)
                                                          0.00       0.05 r
  library hold time                                       0.07       0.12
  data required time                                                 0.12
  --------------------------------------------------------------------------
  data required time                                                 0.12
  data arrival time                                                 -1.32
  --------------------------------------------------------------------------
  slack (MET)                                                        1.20


  Startpoint: commit_if[0].data[95]
              (input port clocked by CLK)
  Endpoint: g_commit_arbs[0].commit_arb/g_input_select.g_arbiter.g_out_buf[0].out_buf/g_eb1.pipe_buffer/g_register.g_pipe_regs[0].pipe_register/g_shift_register/g_shift.pipe_reg[0][95]
            (rising edge-triggered flip-flop clocked by CLK)
  Path Group: INREG
  Path Type: min

  Des/Clust/Port     Wire Load Model       Library
  ------------------------------------------------
  VX_commit          5K_hvratio_1_1        NangateOpenCellLibrary_ss0p95v125c

  Point                                                   Incr       Path
  --------------------------------------------------------------------------
  clock CLK (rise edge)                                   0.00       0.00
  clock network delay (ideal)                             0.00       0.00
  input external delay                                    1.20       1.20 r
  commit_if[0].data[95] (in)                              0.01       1.21 r
  U1060/ZN (AOI22_X1)                                     0.05       1.26 f
  U1062/ZN (NAND2_X1)                                     0.05       1.31 r
  g_commit_arbs[0].commit_arb/g_input_select.g_arbiter.g_out_buf[0].out_buf/g_eb1.pipe_buffer/g_register.g_pipe_regs[0].pipe_register/g_shift_register/g_shift.pipe_reg[0][95]/D (DFF_X1)
                                                          0.01       1.32 r
  data arrival time                                                  1.32

  clock CLK (rise edge)                                   0.00       0.00
  clock network delay (ideal)                             0.00       0.00
  clock uncertainty                                       0.05       0.05
  g_commit_arbs[0].commit_arb/g_input_select.g_arbiter.g_out_buf[0].out_buf/g_eb1.pipe_buffer/g_register.g_pipe_regs[0].pipe_register/g_shift_register/g_shift.pipe_reg[0][95]/CK (DFF_X1)
                                                          0.00       0.05 r
  library hold time                                       0.07       0.12
  data required time                                                 0.12
  --------------------------------------------------------------------------
  data required time                                                 0.12
  data arrival time                                                 -1.32
  --------------------------------------------------------------------------
  slack (MET)                                                        1.20


  Startpoint: commit_if[0].data[96]
              (input port clocked by CLK)
  Endpoint: g_commit_arbs[0].commit_arb/g_input_select.g_arbiter.g_out_buf[0].out_buf/g_eb1.pipe_buffer/g_register.g_pipe_regs[0].pipe_register/g_shift_register/g_shift.pipe_reg[0][96]
            (rising edge-triggered flip-flop clocked by CLK)
  Path Group: INREG
  Path Type: min

  Des/Clust/Port     Wire Load Model       Library
  ------------------------------------------------
  VX_commit          5K_hvratio_1_1        NangateOpenCellLibrary_ss0p95v125c

  Point                                                   Incr       Path
  --------------------------------------------------------------------------
  clock CLK (rise edge)                                   0.00       0.00
  clock network delay (ideal)                             0.00       0.00
  input external delay                                    1.20       1.20 r
  commit_if[0].data[96] (in)                              0.01       1.21 r
  U1057/ZN (AOI22_X1)                                     0.05       1.26 f
  U1059/ZN (NAND2_X1)                                     0.05       1.31 r
  g_commit_arbs[0].commit_arb/g_input_select.g_arbiter.g_out_buf[0].out_buf/g_eb1.pipe_buffer/g_register.g_pipe_regs[0].pipe_register/g_shift_register/g_shift.pipe_reg[0][96]/D (DFF_X1)
                                                          0.01       1.32 r
  data arrival time                                                  1.32

  clock CLK (rise edge)                                   0.00       0.00
  clock network delay (ideal)                             0.00       0.00
  clock uncertainty                                       0.05       0.05
  g_commit_arbs[0].commit_arb/g_input_select.g_arbiter.g_out_buf[0].out_buf/g_eb1.pipe_buffer/g_register.g_pipe_regs[0].pipe_register/g_shift_register/g_shift.pipe_reg[0][96]/CK (DFF_X1)
                                                          0.00       0.05 r
  library hold time                                       0.07       0.12
  data required time                                                 0.12
  --------------------------------------------------------------------------
  data required time                                                 0.12
  data arrival time                                                 -1.32
  --------------------------------------------------------------------------
  slack (MET)                                                        1.20


  Startpoint: commit_if[0].data[97]
              (input port clocked by CLK)
  Endpoint: g_commit_arbs[0].commit_arb/g_input_select.g_arbiter.g_out_buf[0].out_buf/g_eb1.pipe_buffer/g_register.g_pipe_regs[0].pipe_register/g_shift_register/g_shift.pipe_reg[0][97]
            (rising edge-triggered flip-flop clocked by CLK)
  Path Group: INREG
  Path Type: min

  Des/Clust/Port     Wire Load Model       Library
  ------------------------------------------------
  VX_commit          5K_hvratio_1_1        NangateOpenCellLibrary_ss0p95v125c

  Point                                                   Incr       Path
  --------------------------------------------------------------------------
  clock CLK (rise edge)                                   0.00       0.00
  clock network delay (ideal)                             0.00       0.00
  input external delay                                    1.20       1.20 r
  commit_if[0].data[97] (in)                              0.01       1.21 r
  U1054/ZN (AOI22_X1)                                     0.05       1.26 f
  U1056/ZN (NAND2_X1)                                     0.05       1.31 r
  g_commit_arbs[0].commit_arb/g_input_select.g_arbiter.g_out_buf[0].out_buf/g_eb1.pipe_buffer/g_register.g_pipe_regs[0].pipe_register/g_shift_register/g_shift.pipe_reg[0][97]/D (DFF_X1)
                                                          0.01       1.32 r
  data arrival time                                                  1.32

  clock CLK (rise edge)                                   0.00       0.00
  clock network delay (ideal)                             0.00       0.00
  clock uncertainty                                       0.05       0.05
  g_commit_arbs[0].commit_arb/g_input_select.g_arbiter.g_out_buf[0].out_buf/g_eb1.pipe_buffer/g_register.g_pipe_regs[0].pipe_register/g_shift_register/g_shift.pipe_reg[0][97]/CK (DFF_X1)
                                                          0.00       0.05 r
  library hold time                                       0.07       0.12
  data required time                                                 0.12
  --------------------------------------------------------------------------
  data required time                                                 0.12
  data arrival time                                                 -1.32
  --------------------------------------------------------------------------
  slack (MET)                                                        1.20


  Startpoint: commit_if[0].data[98]
              (input port clocked by CLK)
  Endpoint: g_commit_arbs[0].commit_arb/g_input_select.g_arbiter.g_out_buf[0].out_buf/g_eb1.pipe_buffer/g_register.g_pipe_regs[0].pipe_register/g_shift_register/g_shift.pipe_reg[0][98]
            (rising edge-triggered flip-flop clocked by CLK)
  Path Group: INREG
  Path Type: min

  Des/Clust/Port     Wire Load Model       Library
  ------------------------------------------------
  VX_commit          5K_hvratio_1_1        NangateOpenCellLibrary_ss0p95v125c

  Point                                                   Incr       Path
  --------------------------------------------------------------------------
  clock CLK (rise edge)                                   0.00       0.00
  clock network delay (ideal)                             0.00       0.00
  input external delay                                    1.20       1.20 r
  commit_if[0].data[98] (in)                              0.01       1.21 r
  U1051/ZN (AOI22_X1)                                     0.05       1.26 f
  U1053/ZN (NAND2_X1)                                     0.05       1.31 r
  g_commit_arbs[0].commit_arb/g_input_select.g_arbiter.g_out_buf[0].out_buf/g_eb1.pipe_buffer/g_register.g_pipe_regs[0].pipe_register/g_shift_register/g_shift.pipe_reg[0][98]/D (DFF_X1)
                                                          0.01       1.32 r
  data arrival time                                                  1.32

  clock CLK (rise edge)                                   0.00       0.00
  clock network delay (ideal)                             0.00       0.00
  clock uncertainty                                       0.05       0.05
  g_commit_arbs[0].commit_arb/g_input_select.g_arbiter.g_out_buf[0].out_buf/g_eb1.pipe_buffer/g_register.g_pipe_regs[0].pipe_register/g_shift_register/g_shift.pipe_reg[0][98]/CK (DFF_X1)
                                                          0.00       0.05 r
  library hold time                                       0.07       0.12
  data required time                                                 0.12
  --------------------------------------------------------------------------
  data required time                                                 0.12
  data arrival time                                                 -1.32
  --------------------------------------------------------------------------
  slack (MET)                                                        1.20


  Startpoint: commit_if[0].data[99]
              (input port clocked by CLK)
  Endpoint: g_commit_arbs[0].commit_arb/g_input_select.g_arbiter.g_out_buf[0].out_buf/g_eb1.pipe_buffer/g_register.g_pipe_regs[0].pipe_register/g_shift_register/g_shift.pipe_reg[0][99]
            (rising edge-triggered flip-flop clocked by CLK)
  Path Group: INREG
  Path Type: min

  Des/Clust/Port     Wire Load Model       Library
  ------------------------------------------------
  VX_commit          5K_hvratio_1_1        NangateOpenCellLibrary_ss0p95v125c

  Point                                                   Incr       Path
  --------------------------------------------------------------------------
  clock CLK (rise edge)                                   0.00       0.00
  clock network delay (ideal)                             0.00       0.00
  input external delay                                    1.20       1.20 r
  commit_if[0].data[99] (in)                              0.01       1.21 r
  U1048/ZN (AOI22_X1)                                     0.05       1.26 f
  U1050/ZN (NAND2_X1)                                     0.05       1.31 r
  g_commit_arbs[0].commit_arb/g_input_select.g_arbiter.g_out_buf[0].out_buf/g_eb1.pipe_buffer/g_register.g_pipe_regs[0].pipe_register/g_shift_register/g_shift.pipe_reg[0][99]/D (DFF_X1)
                                                          0.01       1.32 r
  data arrival time                                                  1.32

  clock CLK (rise edge)                                   0.00       0.00
  clock network delay (ideal)                             0.00       0.00
  clock uncertainty                                       0.05       0.05
  g_commit_arbs[0].commit_arb/g_input_select.g_arbiter.g_out_buf[0].out_buf/g_eb1.pipe_buffer/g_register.g_pipe_regs[0].pipe_register/g_shift_register/g_shift.pipe_reg[0][99]/CK (DFF_X1)
                                                          0.00       0.05 r
  library hold time                                       0.07       0.12
  data required time                                                 0.12
  --------------------------------------------------------------------------
  data required time                                                 0.12
  data arrival time                                                 -1.32
  --------------------------------------------------------------------------
  slack (MET)                                                        1.20


  Startpoint: g_commit_arbs[0].commit_arb/g_input_select.g_arbiter.g_out_buf[0].out_buf/g_eb1.pipe_buffer/g_register.g_pipe_regs[0].pipe_register/g_shift_register/g_shift.pipe_reg[0][96]
              (rising edge-triggered flip-flop clocked by CLK)
  Endpoint: writeback_if[0].data[96]
            (output port clocked by CLK)
  Path Group: REGOUT
  Path Type: min

  Des/Clust/Port     Wire Load Model       Library
  ------------------------------------------------
  VX_commit          5K_hvratio_1_1        NangateOpenCellLibrary_ss0p95v125c

  Point                                                   Incr       Path
  --------------------------------------------------------------------------
  clock CLK (rise edge)                                   0.00       0.00
  clock network delay (ideal)                             0.00       0.00
  g_commit_arbs[0].commit_arb/g_input_select.g_arbiter.g_out_buf[0].out_buf/g_eb1.pipe_buffer/g_register.g_pipe_regs[0].pipe_register/g_shift_register/g_shift.pipe_reg[0][96]/CK (DFF_X1)
                                                          0.00       0.00 r
  g_commit_arbs[0].commit_arb/g_input_select.g_arbiter.g_out_buf[0].out_buf/g_eb1.pipe_buffer/g_register.g_pipe_regs[0].pipe_register/g_shift_register/g_shift.pipe_reg[0][96]/Q (DFF_X1)
                                                          0.28       0.28 f
  writeback_if[0].data[96] (out)                          0.01       0.29 f
  data arrival time                                                  0.29

  clock CLK (rise edge)                                   0.00       0.00
  clock network delay (ideal)                             0.00       0.00
  clock uncertainty                                       0.05       0.05
  output external delay                                  -1.20      -1.15
  data required time                                                -1.15
  --------------------------------------------------------------------------
  data required time                                                -1.15
  data arrival time                                                 -0.29
  --------------------------------------------------------------------------
  slack (MET)                                                        1.44


  Startpoint: g_commit_arbs[0].commit_arb/g_input_select.g_arbiter.g_out_buf[0].out_buf/g_eb1.pipe_buffer/g_register.g_pipe_regs[0].pipe_register/g_shift_register/g_shift.pipe_reg[0][95]
              (rising edge-triggered flip-flop clocked by CLK)
  Endpoint: writeback_if[0].data[95]
            (output port clocked by CLK)
  Path Group: REGOUT
  Path Type: min

  Des/Clust/Port     Wire Load Model       Library
  ------------------------------------------------
  VX_commit          5K_hvratio_1_1        NangateOpenCellLibrary_ss0p95v125c

  Point                                                   Incr       Path
  --------------------------------------------------------------------------
  clock CLK (rise edge)                                   0.00       0.00
  clock network delay (ideal)                             0.00       0.00
  g_commit_arbs[0].commit_arb/g_input_select.g_arbiter.g_out_buf[0].out_buf/g_eb1.pipe_buffer/g_register.g_pipe_regs[0].pipe_register/g_shift_register/g_shift.pipe_reg[0][95]/CK (DFF_X1)
                                                          0.00       0.00 r
  g_commit_arbs[0].commit_arb/g_input_select.g_arbiter.g_out_buf[0].out_buf/g_eb1.pipe_buffer/g_register.g_pipe_regs[0].pipe_register/g_shift_register/g_shift.pipe_reg[0][95]/Q (DFF_X1)
                                                          0.28       0.28 f
  writeback_if[0].data[95] (out)                          0.01       0.29 f
  data arrival time                                                  0.29

  clock CLK (rise edge)                                   0.00       0.00
  clock network delay (ideal)                             0.00       0.00
  clock uncertainty                                       0.05       0.05
  output external delay                                  -1.20      -1.15
  data required time                                                -1.15
  --------------------------------------------------------------------------
  data required time                                                -1.15
  data arrival time                                                 -0.29
  --------------------------------------------------------------------------
  slack (MET)                                                        1.44


  Startpoint: g_commit_arbs[0].commit_arb/g_input_select.g_arbiter.g_out_buf[0].out_buf/g_eb1.pipe_buffer/g_register.g_pipe_regs[0].pipe_register/g_shift_register/g_shift.pipe_reg[0][94]
              (rising edge-triggered flip-flop clocked by CLK)
  Endpoint: writeback_if[0].data[94]
            (output port clocked by CLK)
  Path Group: REGOUT
  Path Type: min

  Des/Clust/Port     Wire Load Model       Library
  ------------------------------------------------
  VX_commit          5K_hvratio_1_1        NangateOpenCellLibrary_ss0p95v125c

  Point                                                   Incr       Path
  --------------------------------------------------------------------------
  clock CLK (rise edge)                                   0.00       0.00
  clock network delay (ideal)                             0.00       0.00
  g_commit_arbs[0].commit_arb/g_input_select.g_arbiter.g_out_buf[0].out_buf/g_eb1.pipe_buffer/g_register.g_pipe_regs[0].pipe_register/g_shift_register/g_shift.pipe_reg[0][94]/CK (DFF_X1)
                                                          0.00       0.00 r
  g_commit_arbs[0].commit_arb/g_input_select.g_arbiter.g_out_buf[0].out_buf/g_eb1.pipe_buffer/g_register.g_pipe_regs[0].pipe_register/g_shift_register/g_shift.pipe_reg[0][94]/Q (DFF_X1)
                                                          0.28       0.28 f
  writeback_if[0].data[94] (out)                          0.01       0.29 f
  data arrival time                                                  0.29

  clock CLK (rise edge)                                   0.00       0.00
  clock network delay (ideal)                             0.00       0.00
  clock uncertainty                                       0.05       0.05
  output external delay                                  -1.20      -1.15
  data required time                                                -1.15
  --------------------------------------------------------------------------
  data required time                                                -1.15
  data arrival time                                                 -0.29
  --------------------------------------------------------------------------
  slack (MET)                                                        1.44


  Startpoint: g_commit_arbs[0].commit_arb/g_input_select.g_arbiter.g_out_buf[0].out_buf/g_eb1.pipe_buffer/g_register.g_pipe_regs[0].pipe_register/g_shift_register/g_shift.pipe_reg[0][93]
              (rising edge-triggered flip-flop clocked by CLK)
  Endpoint: writeback_if[0].data[93]
            (output port clocked by CLK)
  Path Group: REGOUT
  Path Type: min

  Des/Clust/Port     Wire Load Model       Library
  ------------------------------------------------
  VX_commit          5K_hvratio_1_1        NangateOpenCellLibrary_ss0p95v125c

  Point                                                   Incr       Path
  --------------------------------------------------------------------------
  clock CLK (rise edge)                                   0.00       0.00
  clock network delay (ideal)                             0.00       0.00
  g_commit_arbs[0].commit_arb/g_input_select.g_arbiter.g_out_buf[0].out_buf/g_eb1.pipe_buffer/g_register.g_pipe_regs[0].pipe_register/g_shift_register/g_shift.pipe_reg[0][93]/CK (DFF_X1)
                                                          0.00       0.00 r
  g_commit_arbs[0].commit_arb/g_input_select.g_arbiter.g_out_buf[0].out_buf/g_eb1.pipe_buffer/g_register.g_pipe_regs[0].pipe_register/g_shift_register/g_shift.pipe_reg[0][93]/Q (DFF_X1)
                                                          0.28       0.28 f
  writeback_if[0].data[93] (out)                          0.01       0.29 f
  data arrival time                                                  0.29

  clock CLK (rise edge)                                   0.00       0.00
  clock network delay (ideal)                             0.00       0.00
  clock uncertainty                                       0.05       0.05
  output external delay                                  -1.20      -1.15
  data required time                                                -1.15
  --------------------------------------------------------------------------
  data required time                                                -1.15
  data arrival time                                                 -0.29
  --------------------------------------------------------------------------
  slack (MET)                                                        1.44


  Startpoint: g_commit_arbs[0].commit_arb/g_input_select.g_arbiter.g_out_buf[0].out_buf/g_eb1.pipe_buffer/g_register.g_pipe_regs[0].pipe_register/g_shift_register/g_shift.pipe_reg[0][92]
              (rising edge-triggered flip-flop clocked by CLK)
  Endpoint: writeback_if[0].data[92]
            (output port clocked by CLK)
  Path Group: REGOUT
  Path Type: min

  Des/Clust/Port     Wire Load Model       Library
  ------------------------------------------------
  VX_commit          5K_hvratio_1_1        NangateOpenCellLibrary_ss0p95v125c

  Point                                                   Incr       Path
  --------------------------------------------------------------------------
  clock CLK (rise edge)                                   0.00       0.00
  clock network delay (ideal)                             0.00       0.00
  g_commit_arbs[0].commit_arb/g_input_select.g_arbiter.g_out_buf[0].out_buf/g_eb1.pipe_buffer/g_register.g_pipe_regs[0].pipe_register/g_shift_register/g_shift.pipe_reg[0][92]/CK (DFF_X1)
                                                          0.00       0.00 r
  g_commit_arbs[0].commit_arb/g_input_select.g_arbiter.g_out_buf[0].out_buf/g_eb1.pipe_buffer/g_register.g_pipe_regs[0].pipe_register/g_shift_register/g_shift.pipe_reg[0][92]/Q (DFF_X1)
                                                          0.28       0.28 f
  writeback_if[0].data[92] (out)                          0.01       0.29 f
  data arrival time                                                  0.29

  clock CLK (rise edge)                                   0.00       0.00
  clock network delay (ideal)                             0.00       0.00
  clock uncertainty                                       0.05       0.05
  output external delay                                  -1.20      -1.15
  data required time                                                -1.15
  --------------------------------------------------------------------------
  data required time                                                -1.15
  data arrival time                                                 -0.29
  --------------------------------------------------------------------------
  slack (MET)                                                        1.44


  Startpoint: g_commit_arbs[0].commit_arb/g_input_select.g_arbiter.g_out_buf[0].out_buf/g_eb1.pipe_buffer/g_register.g_pipe_regs[0].pipe_register/g_shift_register/g_shift.pipe_reg[0][91]
              (rising edge-triggered flip-flop clocked by CLK)
  Endpoint: writeback_if[0].data[91]
            (output port clocked by CLK)
  Path Group: REGOUT
  Path Type: min

  Des/Clust/Port     Wire Load Model       Library
  ------------------------------------------------
  VX_commit          5K_hvratio_1_1        NangateOpenCellLibrary_ss0p95v125c

  Point                                                   Incr       Path
  --------------------------------------------------------------------------
  clock CLK (rise edge)                                   0.00       0.00
  clock network delay (ideal)                             0.00       0.00
  g_commit_arbs[0].commit_arb/g_input_select.g_arbiter.g_out_buf[0].out_buf/g_eb1.pipe_buffer/g_register.g_pipe_regs[0].pipe_register/g_shift_register/g_shift.pipe_reg[0][91]/CK (DFF_X1)
                                                          0.00       0.00 r
  g_commit_arbs[0].commit_arb/g_input_select.g_arbiter.g_out_buf[0].out_buf/g_eb1.pipe_buffer/g_register.g_pipe_regs[0].pipe_register/g_shift_register/g_shift.pipe_reg[0][91]/Q (DFF_X1)
                                                          0.28       0.28 f
  writeback_if[0].data[91] (out)                          0.01       0.29 f
  data arrival time                                                  0.29

  clock CLK (rise edge)                                   0.00       0.00
  clock network delay (ideal)                             0.00       0.00
  clock uncertainty                                       0.05       0.05
  output external delay                                  -1.20      -1.15
  data required time                                                -1.15
  --------------------------------------------------------------------------
  data required time                                                -1.15
  data arrival time                                                 -0.29
  --------------------------------------------------------------------------
  slack (MET)                                                        1.44


  Startpoint: g_commit_arbs[0].commit_arb/g_input_select.g_arbiter.g_out_buf[0].out_buf/g_eb1.pipe_buffer/g_register.g_pipe_regs[0].pipe_register/g_shift_register/g_shift.pipe_reg[0][90]
              (rising edge-triggered flip-flop clocked by CLK)
  Endpoint: writeback_if[0].data[90]
            (output port clocked by CLK)
  Path Group: REGOUT
  Path Type: min

  Des/Clust/Port     Wire Load Model       Library
  ------------------------------------------------
  VX_commit          5K_hvratio_1_1        NangateOpenCellLibrary_ss0p95v125c

  Point                                                   Incr       Path
  --------------------------------------------------------------------------
  clock CLK (rise edge)                                   0.00       0.00
  clock network delay (ideal)                             0.00       0.00
  g_commit_arbs[0].commit_arb/g_input_select.g_arbiter.g_out_buf[0].out_buf/g_eb1.pipe_buffer/g_register.g_pipe_regs[0].pipe_register/g_shift_register/g_shift.pipe_reg[0][90]/CK (DFF_X1)
                                                          0.00       0.00 r
  g_commit_arbs[0].commit_arb/g_input_select.g_arbiter.g_out_buf[0].out_buf/g_eb1.pipe_buffer/g_register.g_pipe_regs[0].pipe_register/g_shift_register/g_shift.pipe_reg[0][90]/Q (DFF_X1)
                                                          0.28       0.28 f
  writeback_if[0].data[90] (out)                          0.01       0.29 f
  data arrival time                                                  0.29

  clock CLK (rise edge)                                   0.00       0.00
  clock network delay (ideal)                             0.00       0.00
  clock uncertainty                                       0.05       0.05
  output external delay                                  -1.20      -1.15
  data required time                                                -1.15
  --------------------------------------------------------------------------
  data required time                                                -1.15
  data arrival time                                                 -0.29
  --------------------------------------------------------------------------
  slack (MET)                                                        1.44


  Startpoint: g_commit_arbs[0].commit_arb/g_input_select.g_arbiter.g_out_buf[0].out_buf/g_eb1.pipe_buffer/g_register.g_pipe_regs[0].pipe_register/g_shift_register/g_shift.pipe_reg[0][89]
              (rising edge-triggered flip-flop clocked by CLK)
  Endpoint: writeback_if[0].data[89]
            (output port clocked by CLK)
  Path Group: REGOUT
  Path Type: min

  Des/Clust/Port     Wire Load Model       Library
  ------------------------------------------------
  VX_commit          5K_hvratio_1_1        NangateOpenCellLibrary_ss0p95v125c

  Point                                                   Incr       Path
  --------------------------------------------------------------------------
  clock CLK (rise edge)                                   0.00       0.00
  clock network delay (ideal)                             0.00       0.00
  g_commit_arbs[0].commit_arb/g_input_select.g_arbiter.g_out_buf[0].out_buf/g_eb1.pipe_buffer/g_register.g_pipe_regs[0].pipe_register/g_shift_register/g_shift.pipe_reg[0][89]/CK (DFF_X1)
                                                          0.00       0.00 r
  g_commit_arbs[0].commit_arb/g_input_select.g_arbiter.g_out_buf[0].out_buf/g_eb1.pipe_buffer/g_register.g_pipe_regs[0].pipe_register/g_shift_register/g_shift.pipe_reg[0][89]/Q (DFF_X1)
                                                          0.28       0.28 f
  writeback_if[0].data[89] (out)                          0.01       0.29 f
  data arrival time                                                  0.29

  clock CLK (rise edge)                                   0.00       0.00
  clock network delay (ideal)                             0.00       0.00
  clock uncertainty                                       0.05       0.05
  output external delay                                  -1.20      -1.15
  data required time                                                -1.15
  --------------------------------------------------------------------------
  data required time                                                -1.15
  data arrival time                                                 -0.29
  --------------------------------------------------------------------------
  slack (MET)                                                        1.44


  Startpoint: g_commit_arbs[0].commit_arb/g_input_select.g_arbiter.g_out_buf[0].out_buf/g_eb1.pipe_buffer/g_register.g_pipe_regs[0].pipe_register/g_shift_register/g_shift.pipe_reg[0][88]
              (rising edge-triggered flip-flop clocked by CLK)
  Endpoint: writeback_if[0].data[88]
            (output port clocked by CLK)
  Path Group: REGOUT
  Path Type: min

  Des/Clust/Port     Wire Load Model       Library
  ------------------------------------------------
  VX_commit          5K_hvratio_1_1        NangateOpenCellLibrary_ss0p95v125c

  Point                                                   Incr       Path
  --------------------------------------------------------------------------
  clock CLK (rise edge)                                   0.00       0.00
  clock network delay (ideal)                             0.00       0.00
  g_commit_arbs[0].commit_arb/g_input_select.g_arbiter.g_out_buf[0].out_buf/g_eb1.pipe_buffer/g_register.g_pipe_regs[0].pipe_register/g_shift_register/g_shift.pipe_reg[0][88]/CK (DFF_X1)
                                                          0.00       0.00 r
  g_commit_arbs[0].commit_arb/g_input_select.g_arbiter.g_out_buf[0].out_buf/g_eb1.pipe_buffer/g_register.g_pipe_regs[0].pipe_register/g_shift_register/g_shift.pipe_reg[0][88]/Q (DFF_X1)
                                                          0.28       0.28 f
  writeback_if[0].data[88] (out)                          0.01       0.29 f
  data arrival time                                                  0.29

  clock CLK (rise edge)                                   0.00       0.00
  clock network delay (ideal)                             0.00       0.00
  clock uncertainty                                       0.05       0.05
  output external delay                                  -1.20      -1.15
  data required time                                                -1.15
  --------------------------------------------------------------------------
  data required time                                                -1.15
  data arrival time                                                 -0.29
  --------------------------------------------------------------------------
  slack (MET)                                                        1.44


  Startpoint: g_commit_arbs[0].commit_arb/g_input_select.g_arbiter.g_out_buf[0].out_buf/g_eb1.pipe_buffer/g_register.g_pipe_regs[0].pipe_register/g_shift_register/g_shift.pipe_reg[0][87]
              (rising edge-triggered flip-flop clocked by CLK)
  Endpoint: writeback_if[0].data[87]
            (output port clocked by CLK)
  Path Group: REGOUT
  Path Type: min

  Des/Clust/Port     Wire Load Model       Library
  ------------------------------------------------
  VX_commit          5K_hvratio_1_1        NangateOpenCellLibrary_ss0p95v125c

  Point                                                   Incr       Path
  --------------------------------------------------------------------------
  clock CLK (rise edge)                                   0.00       0.00
  clock network delay (ideal)                             0.00       0.00
  g_commit_arbs[0].commit_arb/g_input_select.g_arbiter.g_out_buf[0].out_buf/g_eb1.pipe_buffer/g_register.g_pipe_regs[0].pipe_register/g_shift_register/g_shift.pipe_reg[0][87]/CK (DFF_X1)
                                                          0.00       0.00 r
  g_commit_arbs[0].commit_arb/g_input_select.g_arbiter.g_out_buf[0].out_buf/g_eb1.pipe_buffer/g_register.g_pipe_regs[0].pipe_register/g_shift_register/g_shift.pipe_reg[0][87]/Q (DFF_X1)
                                                          0.28       0.28 f
  writeback_if[0].data[87] (out)                          0.01       0.29 f
  data arrival time                                                  0.29

  clock CLK (rise edge)                                   0.00       0.00
  clock network delay (ideal)                             0.00       0.00
  clock uncertainty                                       0.05       0.05
  output external delay                                  -1.20      -1.15
  data required time                                                -1.15
  --------------------------------------------------------------------------
  data required time                                                -1.15
  data arrival time                                                 -0.29
  --------------------------------------------------------------------------
  slack (MET)                                                        1.44


  Startpoint: g_commit_arbs[0].commit_arb/g_input_select.g_arbiter.g_out_buf[0].out_buf/g_eb1.pipe_buffer/g_register.g_pipe_regs[0].pipe_register/g_shift_register/g_shift.pipe_reg[0][86]
              (rising edge-triggered flip-flop clocked by CLK)
  Endpoint: writeback_if[0].data[86]
            (output port clocked by CLK)
  Path Group: REGOUT
  Path Type: min

  Des/Clust/Port     Wire Load Model       Library
  ------------------------------------------------
  VX_commit          5K_hvratio_1_1        NangateOpenCellLibrary_ss0p95v125c

  Point                                                   Incr       Path
  --------------------------------------------------------------------------
  clock CLK (rise edge)                                   0.00       0.00
  clock network delay (ideal)                             0.00       0.00
  g_commit_arbs[0].commit_arb/g_input_select.g_arbiter.g_out_buf[0].out_buf/g_eb1.pipe_buffer/g_register.g_pipe_regs[0].pipe_register/g_shift_register/g_shift.pipe_reg[0][86]/CK (DFF_X1)
                                                          0.00       0.00 r
  g_commit_arbs[0].commit_arb/g_input_select.g_arbiter.g_out_buf[0].out_buf/g_eb1.pipe_buffer/g_register.g_pipe_regs[0].pipe_register/g_shift_register/g_shift.pipe_reg[0][86]/Q (DFF_X1)
                                                          0.28       0.28 f
  writeback_if[0].data[86] (out)                          0.01       0.29 f
  data arrival time                                                  0.29

  clock CLK (rise edge)                                   0.00       0.00
  clock network delay (ideal)                             0.00       0.00
  clock uncertainty                                       0.05       0.05
  output external delay                                  -1.20      -1.15
  data required time                                                -1.15
  --------------------------------------------------------------------------
  data required time                                                -1.15
  data arrival time                                                 -0.29
  --------------------------------------------------------------------------
  slack (MET)                                                        1.44


  Startpoint: g_commit_arbs[0].commit_arb/g_input_select.g_arbiter.g_out_buf[0].out_buf/g_eb1.pipe_buffer/g_register.g_pipe_regs[0].pipe_register/g_shift_register/g_shift.pipe_reg[0][85]
              (rising edge-triggered flip-flop clocked by CLK)
  Endpoint: writeback_if[0].data[85]
            (output port clocked by CLK)
  Path Group: REGOUT
  Path Type: min

  Des/Clust/Port     Wire Load Model       Library
  ------------------------------------------------
  VX_commit          5K_hvratio_1_1        NangateOpenCellLibrary_ss0p95v125c

  Point                                                   Incr       Path
  --------------------------------------------------------------------------
  clock CLK (rise edge)                                   0.00       0.00
  clock network delay (ideal)                             0.00       0.00
  g_commit_arbs[0].commit_arb/g_input_select.g_arbiter.g_out_buf[0].out_buf/g_eb1.pipe_buffer/g_register.g_pipe_regs[0].pipe_register/g_shift_register/g_shift.pipe_reg[0][85]/CK (DFF_X1)
                                                          0.00       0.00 r
  g_commit_arbs[0].commit_arb/g_input_select.g_arbiter.g_out_buf[0].out_buf/g_eb1.pipe_buffer/g_register.g_pipe_regs[0].pipe_register/g_shift_register/g_shift.pipe_reg[0][85]/Q (DFF_X1)
                                                          0.28       0.28 f
  writeback_if[0].data[85] (out)                          0.01       0.29 f
  data arrival time                                                  0.29

  clock CLK (rise edge)                                   0.00       0.00
  clock network delay (ideal)                             0.00       0.00
  clock uncertainty                                       0.05       0.05
  output external delay                                  -1.20      -1.15
  data required time                                                -1.15
  --------------------------------------------------------------------------
  data required time                                                -1.15
  data arrival time                                                 -0.29
  --------------------------------------------------------------------------
  slack (MET)                                                        1.44


  Startpoint: g_commit_arbs[0].commit_arb/g_input_select.g_arbiter.g_out_buf[0].out_buf/g_eb1.pipe_buffer/g_register.g_pipe_regs[0].pipe_register/g_shift_register/g_shift.pipe_reg[0][84]
              (rising edge-triggered flip-flop clocked by CLK)
  Endpoint: writeback_if[0].data[84]
            (output port clocked by CLK)
  Path Group: REGOUT
  Path Type: min

  Des/Clust/Port     Wire Load Model       Library
  ------------------------------------------------
  VX_commit          5K_hvratio_1_1        NangateOpenCellLibrary_ss0p95v125c

  Point                                                   Incr       Path
  --------------------------------------------------------------------------
  clock CLK (rise edge)                                   0.00       0.00
  clock network delay (ideal)                             0.00       0.00
  g_commit_arbs[0].commit_arb/g_input_select.g_arbiter.g_out_buf[0].out_buf/g_eb1.pipe_buffer/g_register.g_pipe_regs[0].pipe_register/g_shift_register/g_shift.pipe_reg[0][84]/CK (DFF_X1)
                                                          0.00       0.00 r
  g_commit_arbs[0].commit_arb/g_input_select.g_arbiter.g_out_buf[0].out_buf/g_eb1.pipe_buffer/g_register.g_pipe_regs[0].pipe_register/g_shift_register/g_shift.pipe_reg[0][84]/Q (DFF_X1)
                                                          0.28       0.28 f
  writeback_if[0].data[84] (out)                          0.01       0.29 f
  data arrival time                                                  0.29

  clock CLK (rise edge)                                   0.00       0.00
  clock network delay (ideal)                             0.00       0.00
  clock uncertainty                                       0.05       0.05
  output external delay                                  -1.20      -1.15
  data required time                                                -1.15
  --------------------------------------------------------------------------
  data required time                                                -1.15
  data arrival time                                                 -0.29
  --------------------------------------------------------------------------
  slack (MET)                                                        1.44


  Startpoint: g_commit_arbs[0].commit_arb/g_input_select.g_arbiter.g_out_buf[0].out_buf/g_eb1.pipe_buffer/g_register.g_pipe_regs[0].pipe_register/g_shift_register/g_shift.pipe_reg[0][83]
              (rising edge-triggered flip-flop clocked by CLK)
  Endpoint: writeback_if[0].data[83]
            (output port clocked by CLK)
  Path Group: REGOUT
  Path Type: min

  Des/Clust/Port     Wire Load Model       Library
  ------------------------------------------------
  VX_commit          5K_hvratio_1_1        NangateOpenCellLibrary_ss0p95v125c

  Point                                                   Incr       Path
  --------------------------------------------------------------------------
  clock CLK (rise edge)                                   0.00       0.00
  clock network delay (ideal)                             0.00       0.00
  g_commit_arbs[0].commit_arb/g_input_select.g_arbiter.g_out_buf[0].out_buf/g_eb1.pipe_buffer/g_register.g_pipe_regs[0].pipe_register/g_shift_register/g_shift.pipe_reg[0][83]/CK (DFF_X1)
                                                          0.00       0.00 r
  g_commit_arbs[0].commit_arb/g_input_select.g_arbiter.g_out_buf[0].out_buf/g_eb1.pipe_buffer/g_register.g_pipe_regs[0].pipe_register/g_shift_register/g_shift.pipe_reg[0][83]/Q (DFF_X1)
                                                          0.28       0.28 f
  writeback_if[0].data[83] (out)                          0.01       0.29 f
  data arrival time                                                  0.29

  clock CLK (rise edge)                                   0.00       0.00
  clock network delay (ideal)                             0.00       0.00
  clock uncertainty                                       0.05       0.05
  output external delay                                  -1.20      -1.15
  data required time                                                -1.15
  --------------------------------------------------------------------------
  data required time                                                -1.15
  data arrival time                                                 -0.29
  --------------------------------------------------------------------------
  slack (MET)                                                        1.44


  Startpoint: g_commit_arbs[0].commit_arb/g_input_select.g_arbiter.g_out_buf[0].out_buf/g_eb1.pipe_buffer/g_register.g_pipe_regs[0].pipe_register/g_shift_register/g_shift.pipe_reg[0][82]
              (rising edge-triggered flip-flop clocked by CLK)
  Endpoint: writeback_if[0].data[82]
            (output port clocked by CLK)
  Path Group: REGOUT
  Path Type: min

  Des/Clust/Port     Wire Load Model       Library
  ------------------------------------------------
  VX_commit          5K_hvratio_1_1        NangateOpenCellLibrary_ss0p95v125c

  Point                                                   Incr       Path
  --------------------------------------------------------------------------
  clock CLK (rise edge)                                   0.00       0.00
  clock network delay (ideal)                             0.00       0.00
  g_commit_arbs[0].commit_arb/g_input_select.g_arbiter.g_out_buf[0].out_buf/g_eb1.pipe_buffer/g_register.g_pipe_regs[0].pipe_register/g_shift_register/g_shift.pipe_reg[0][82]/CK (DFF_X1)
                                                          0.00       0.00 r
  g_commit_arbs[0].commit_arb/g_input_select.g_arbiter.g_out_buf[0].out_buf/g_eb1.pipe_buffer/g_register.g_pipe_regs[0].pipe_register/g_shift_register/g_shift.pipe_reg[0][82]/Q (DFF_X1)
                                                          0.28       0.28 f
  writeback_if[0].data[82] (out)                          0.01       0.29 f
  data arrival time                                                  0.29

  clock CLK (rise edge)                                   0.00       0.00
  clock network delay (ideal)                             0.00       0.00
  clock uncertainty                                       0.05       0.05
  output external delay                                  -1.20      -1.15
  data required time                                                -1.15
  --------------------------------------------------------------------------
  data required time                                                -1.15
  data arrival time                                                 -0.29
  --------------------------------------------------------------------------
  slack (MET)                                                        1.44


  Startpoint: g_commit_arbs[0].commit_arb/g_input_select.g_arbiter.g_out_buf[0].out_buf/g_eb1.pipe_buffer/g_register.g_pipe_regs[0].pipe_register/g_shift_register/g_shift.pipe_reg[0][81]
              (rising edge-triggered flip-flop clocked by CLK)
  Endpoint: writeback_if[0].data[81]
            (output port clocked by CLK)
  Path Group: REGOUT
  Path Type: min

  Des/Clust/Port     Wire Load Model       Library
  ------------------------------------------------
  VX_commit          5K_hvratio_1_1        NangateOpenCellLibrary_ss0p95v125c

  Point                                                   Incr       Path
  --------------------------------------------------------------------------
  clock CLK (rise edge)                                   0.00       0.00
  clock network delay (ideal)                             0.00       0.00
  g_commit_arbs[0].commit_arb/g_input_select.g_arbiter.g_out_buf[0].out_buf/g_eb1.pipe_buffer/g_register.g_pipe_regs[0].pipe_register/g_shift_register/g_shift.pipe_reg[0][81]/CK (DFF_X1)
                                                          0.00       0.00 r
  g_commit_arbs[0].commit_arb/g_input_select.g_arbiter.g_out_buf[0].out_buf/g_eb1.pipe_buffer/g_register.g_pipe_regs[0].pipe_register/g_shift_register/g_shift.pipe_reg[0][81]/Q (DFF_X1)
                                                          0.28       0.28 f
  writeback_if[0].data[81] (out)                          0.01       0.29 f
  data arrival time                                                  0.29

  clock CLK (rise edge)                                   0.00       0.00
  clock network delay (ideal)                             0.00       0.00
  clock uncertainty                                       0.05       0.05
  output external delay                                  -1.20      -1.15
  data required time                                                -1.15
  --------------------------------------------------------------------------
  data required time                                                -1.15
  data arrival time                                                 -0.29
  --------------------------------------------------------------------------
  slack (MET)                                                        1.44


  Startpoint: g_commit_arbs[0].commit_arb/g_input_select.g_arbiter.g_out_buf[0].out_buf/g_eb1.pipe_buffer/g_register.g_pipe_regs[0].pipe_register/g_shift_register/g_shift.pipe_reg[0][80]
              (rising edge-triggered flip-flop clocked by CLK)
  Endpoint: writeback_if[0].data[80]
            (output port clocked by CLK)
  Path Group: REGOUT
  Path Type: min

  Des/Clust/Port     Wire Load Model       Library
  ------------------------------------------------
  VX_commit          5K_hvratio_1_1        NangateOpenCellLibrary_ss0p95v125c

  Point                                                   Incr       Path
  --------------------------------------------------------------------------
  clock CLK (rise edge)                                   0.00       0.00
  clock network delay (ideal)                             0.00       0.00
  g_commit_arbs[0].commit_arb/g_input_select.g_arbiter.g_out_buf[0].out_buf/g_eb1.pipe_buffer/g_register.g_pipe_regs[0].pipe_register/g_shift_register/g_shift.pipe_reg[0][80]/CK (DFF_X1)
                                                          0.00       0.00 r
  g_commit_arbs[0].commit_arb/g_input_select.g_arbiter.g_out_buf[0].out_buf/g_eb1.pipe_buffer/g_register.g_pipe_regs[0].pipe_register/g_shift_register/g_shift.pipe_reg[0][80]/Q (DFF_X1)
                                                          0.28       0.28 f
  writeback_if[0].data[80] (out)                          0.01       0.29 f
  data arrival time                                                  0.29

  clock CLK (rise edge)                                   0.00       0.00
  clock network delay (ideal)                             0.00       0.00
  clock uncertainty                                       0.05       0.05
  output external delay                                  -1.20      -1.15
  data required time                                                -1.15
  --------------------------------------------------------------------------
  data required time                                                -1.15
  data arrival time                                                 -0.29
  --------------------------------------------------------------------------
  slack (MET)                                                        1.44


  Startpoint: g_commit_arbs[0].commit_arb/g_input_select.g_arbiter.g_out_buf[0].out_buf/g_eb1.pipe_buffer/g_register.g_pipe_regs[0].pipe_register/g_shift_register/g_shift.pipe_reg[0][79]
              (rising edge-triggered flip-flop clocked by CLK)
  Endpoint: writeback_if[0].data[79]
            (output port clocked by CLK)
  Path Group: REGOUT
  Path Type: min

  Des/Clust/Port     Wire Load Model       Library
  ------------------------------------------------
  VX_commit          5K_hvratio_1_1        NangateOpenCellLibrary_ss0p95v125c

  Point                                                   Incr       Path
  --------------------------------------------------------------------------
  clock CLK (rise edge)                                   0.00       0.00
  clock network delay (ideal)                             0.00       0.00
  g_commit_arbs[0].commit_arb/g_input_select.g_arbiter.g_out_buf[0].out_buf/g_eb1.pipe_buffer/g_register.g_pipe_regs[0].pipe_register/g_shift_register/g_shift.pipe_reg[0][79]/CK (DFF_X1)
                                                          0.00       0.00 r
  g_commit_arbs[0].commit_arb/g_input_select.g_arbiter.g_out_buf[0].out_buf/g_eb1.pipe_buffer/g_register.g_pipe_regs[0].pipe_register/g_shift_register/g_shift.pipe_reg[0][79]/Q (DFF_X1)
                                                          0.28       0.28 f
  writeback_if[0].data[79] (out)                          0.01       0.29 f
  data arrival time                                                  0.29

  clock CLK (rise edge)                                   0.00       0.00
  clock network delay (ideal)                             0.00       0.00
  clock uncertainty                                       0.05       0.05
  output external delay                                  -1.20      -1.15
  data required time                                                -1.15
  --------------------------------------------------------------------------
  data required time                                                -1.15
  data arrival time                                                 -0.29
  --------------------------------------------------------------------------
  slack (MET)                                                        1.44


  Startpoint: g_commit_arbs[0].commit_arb/g_input_select.g_arbiter.g_out_buf[0].out_buf/g_eb1.pipe_buffer/g_register.g_pipe_regs[0].pipe_register/g_shift_register/g_shift.pipe_reg[0][78]
              (rising edge-triggered flip-flop clocked by CLK)
  Endpoint: writeback_if[0].data[78]
            (output port clocked by CLK)
  Path Group: REGOUT
  Path Type: min

  Des/Clust/Port     Wire Load Model       Library
  ------------------------------------------------
  VX_commit          5K_hvratio_1_1        NangateOpenCellLibrary_ss0p95v125c

  Point                                                   Incr       Path
  --------------------------------------------------------------------------
  clock CLK (rise edge)                                   0.00       0.00
  clock network delay (ideal)                             0.00       0.00
  g_commit_arbs[0].commit_arb/g_input_select.g_arbiter.g_out_buf[0].out_buf/g_eb1.pipe_buffer/g_register.g_pipe_regs[0].pipe_register/g_shift_register/g_shift.pipe_reg[0][78]/CK (DFF_X1)
                                                          0.00       0.00 r
  g_commit_arbs[0].commit_arb/g_input_select.g_arbiter.g_out_buf[0].out_buf/g_eb1.pipe_buffer/g_register.g_pipe_regs[0].pipe_register/g_shift_register/g_shift.pipe_reg[0][78]/Q (DFF_X1)
                                                          0.28       0.28 f
  writeback_if[0].data[78] (out)                          0.01       0.29 f
  data arrival time                                                  0.29

  clock CLK (rise edge)                                   0.00       0.00
  clock network delay (ideal)                             0.00       0.00
  clock uncertainty                                       0.05       0.05
  output external delay                                  -1.20      -1.15
  data required time                                                -1.15
  --------------------------------------------------------------------------
  data required time                                                -1.15
  data arrival time                                                 -0.29
  --------------------------------------------------------------------------
  slack (MET)                                                        1.44


  Startpoint: g_commit_arbs[0].commit_arb/g_input_select.g_arbiter.g_out_buf[0].out_buf/g_eb1.pipe_buffer/g_register.g_pipe_regs[0].pipe_register/g_shift_register/g_shift.pipe_reg[0][77]
              (rising edge-triggered flip-flop clocked by CLK)
  Endpoint: writeback_if[0].data[77]
            (output port clocked by CLK)
  Path Group: REGOUT
  Path Type: min

  Des/Clust/Port     Wire Load Model       Library
  ------------------------------------------------
  VX_commit          5K_hvratio_1_1        NangateOpenCellLibrary_ss0p95v125c

  Point                                                   Incr       Path
  --------------------------------------------------------------------------
  clock CLK (rise edge)                                   0.00       0.00
  clock network delay (ideal)                             0.00       0.00
  g_commit_arbs[0].commit_arb/g_input_select.g_arbiter.g_out_buf[0].out_buf/g_eb1.pipe_buffer/g_register.g_pipe_regs[0].pipe_register/g_shift_register/g_shift.pipe_reg[0][77]/CK (DFF_X1)
                                                          0.00       0.00 r
  g_commit_arbs[0].commit_arb/g_input_select.g_arbiter.g_out_buf[0].out_buf/g_eb1.pipe_buffer/g_register.g_pipe_regs[0].pipe_register/g_shift_register/g_shift.pipe_reg[0][77]/Q (DFF_X1)
                                                          0.28       0.28 f
  writeback_if[0].data[77] (out)                          0.01       0.29 f
  data arrival time                                                  0.29

  clock CLK (rise edge)                                   0.00       0.00
  clock network delay (ideal)                             0.00       0.00
  clock uncertainty                                       0.05       0.05
  output external delay                                  -1.20      -1.15
  data required time                                                -1.15
  --------------------------------------------------------------------------
  data required time                                                -1.15
  data arrival time                                                 -0.29
  --------------------------------------------------------------------------
  slack (MET)                                                        1.44


  Startpoint: g_commit_arbs[0].commit_arb/g_input_select.g_arbiter.g_out_buf[0].out_buf/g_eb1.pipe_buffer/g_register.g_pipe_regs[0].pipe_register/g_shift_register/g_shift.pipe_reg[0][76]
              (rising edge-triggered flip-flop clocked by CLK)
  Endpoint: writeback_if[0].data[76]
            (output port clocked by CLK)
  Path Group: REGOUT
  Path Type: min

  Des/Clust/Port     Wire Load Model       Library
  ------------------------------------------------
  VX_commit          5K_hvratio_1_1        NangateOpenCellLibrary_ss0p95v125c

  Point                                                   Incr       Path
  --------------------------------------------------------------------------
  clock CLK (rise edge)                                   0.00       0.00
  clock network delay (ideal)                             0.00       0.00
  g_commit_arbs[0].commit_arb/g_input_select.g_arbiter.g_out_buf[0].out_buf/g_eb1.pipe_buffer/g_register.g_pipe_regs[0].pipe_register/g_shift_register/g_shift.pipe_reg[0][76]/CK (DFF_X1)
                                                          0.00       0.00 r
  g_commit_arbs[0].commit_arb/g_input_select.g_arbiter.g_out_buf[0].out_buf/g_eb1.pipe_buffer/g_register.g_pipe_regs[0].pipe_register/g_shift_register/g_shift.pipe_reg[0][76]/Q (DFF_X1)
                                                          0.28       0.28 f
  writeback_if[0].data[76] (out)                          0.01       0.29 f
  data arrival time                                                  0.29

  clock CLK (rise edge)                                   0.00       0.00
  clock network delay (ideal)                             0.00       0.00
  clock uncertainty                                       0.05       0.05
  output external delay                                  -1.20      -1.15
  data required time                                                -1.15
  --------------------------------------------------------------------------
  data required time                                                -1.15
  data arrival time                                                 -0.29
  --------------------------------------------------------------------------
  slack (MET)                                                        1.44


  Startpoint: g_commit_arbs[0].commit_arb/g_input_select.g_arbiter.g_out_buf[0].out_buf/g_eb1.pipe_buffer/g_register.g_pipe_regs[0].pipe_register/g_shift_register/g_shift.pipe_reg[0][75]
              (rising edge-triggered flip-flop clocked by CLK)
  Endpoint: writeback_if[0].data[75]
            (output port clocked by CLK)
  Path Group: REGOUT
  Path Type: min

  Des/Clust/Port     Wire Load Model       Library
  ------------------------------------------------
  VX_commit          5K_hvratio_1_1        NangateOpenCellLibrary_ss0p95v125c

  Point                                                   Incr       Path
  --------------------------------------------------------------------------
  clock CLK (rise edge)                                   0.00       0.00
  clock network delay (ideal)                             0.00       0.00
  g_commit_arbs[0].commit_arb/g_input_select.g_arbiter.g_out_buf[0].out_buf/g_eb1.pipe_buffer/g_register.g_pipe_regs[0].pipe_register/g_shift_register/g_shift.pipe_reg[0][75]/CK (DFF_X1)
                                                          0.00       0.00 r
  g_commit_arbs[0].commit_arb/g_input_select.g_arbiter.g_out_buf[0].out_buf/g_eb1.pipe_buffer/g_register.g_pipe_regs[0].pipe_register/g_shift_register/g_shift.pipe_reg[0][75]/Q (DFF_X1)
                                                          0.28       0.28 f
  writeback_if[0].data[75] (out)                          0.01       0.29 f
  data arrival time                                                  0.29

  clock CLK (rise edge)                                   0.00       0.00
  clock network delay (ideal)                             0.00       0.00
  clock uncertainty                                       0.05       0.05
  output external delay                                  -1.20      -1.15
  data required time                                                -1.15
  --------------------------------------------------------------------------
  data required time                                                -1.15
  data arrival time                                                 -0.29
  --------------------------------------------------------------------------
  slack (MET)                                                        1.44


  Startpoint: g_commit_arbs[0].commit_arb/g_input_select.g_arbiter.g_out_buf[0].out_buf/g_eb1.pipe_buffer/g_register.g_pipe_regs[0].pipe_register/g_shift_register/g_shift.pipe_reg[0][74]
              (rising edge-triggered flip-flop clocked by CLK)
  Endpoint: writeback_if[0].data[74]
            (output port clocked by CLK)
  Path Group: REGOUT
  Path Type: min

  Des/Clust/Port     Wire Load Model       Library
  ------------------------------------------------
  VX_commit          5K_hvratio_1_1        NangateOpenCellLibrary_ss0p95v125c

  Point                                                   Incr       Path
  --------------------------------------------------------------------------
  clock CLK (rise edge)                                   0.00       0.00
  clock network delay (ideal)                             0.00       0.00
  g_commit_arbs[0].commit_arb/g_input_select.g_arbiter.g_out_buf[0].out_buf/g_eb1.pipe_buffer/g_register.g_pipe_regs[0].pipe_register/g_shift_register/g_shift.pipe_reg[0][74]/CK (DFF_X1)
                                                          0.00       0.00 r
  g_commit_arbs[0].commit_arb/g_input_select.g_arbiter.g_out_buf[0].out_buf/g_eb1.pipe_buffer/g_register.g_pipe_regs[0].pipe_register/g_shift_register/g_shift.pipe_reg[0][74]/Q (DFF_X1)
                                                          0.28       0.28 f
  writeback_if[0].data[74] (out)                          0.01       0.29 f
  data arrival time                                                  0.29

  clock CLK (rise edge)                                   0.00       0.00
  clock network delay (ideal)                             0.00       0.00
  clock uncertainty                                       0.05       0.05
  output external delay                                  -1.20      -1.15
  data required time                                                -1.15
  --------------------------------------------------------------------------
  data required time                                                -1.15
  data arrival time                                                 -0.29
  --------------------------------------------------------------------------
  slack (MET)                                                        1.44


  Startpoint: g_commit_arbs[0].commit_arb/g_input_select.g_arbiter.g_out_buf[0].out_buf/g_eb1.pipe_buffer/g_register.g_pipe_regs[0].pipe_register/g_shift_register/g_shift.pipe_reg[0][73]
              (rising edge-triggered flip-flop clocked by CLK)
  Endpoint: writeback_if[0].data[73]
            (output port clocked by CLK)
  Path Group: REGOUT
  Path Type: min

  Des/Clust/Port     Wire Load Model       Library
  ------------------------------------------------
  VX_commit          5K_hvratio_1_1        NangateOpenCellLibrary_ss0p95v125c

  Point                                                   Incr       Path
  --------------------------------------------------------------------------
  clock CLK (rise edge)                                   0.00       0.00
  clock network delay (ideal)                             0.00       0.00
  g_commit_arbs[0].commit_arb/g_input_select.g_arbiter.g_out_buf[0].out_buf/g_eb1.pipe_buffer/g_register.g_pipe_regs[0].pipe_register/g_shift_register/g_shift.pipe_reg[0][73]/CK (DFF_X1)
                                                          0.00       0.00 r
  g_commit_arbs[0].commit_arb/g_input_select.g_arbiter.g_out_buf[0].out_buf/g_eb1.pipe_buffer/g_register.g_pipe_regs[0].pipe_register/g_shift_register/g_shift.pipe_reg[0][73]/Q (DFF_X1)
                                                          0.28       0.28 f
  writeback_if[0].data[73] (out)                          0.01       0.29 f
  data arrival time                                                  0.29

  clock CLK (rise edge)                                   0.00       0.00
  clock network delay (ideal)                             0.00       0.00
  clock uncertainty                                       0.05       0.05
  output external delay                                  -1.20      -1.15
  data required time                                                -1.15
  --------------------------------------------------------------------------
  data required time                                                -1.15
  data arrival time                                                 -0.29
  --------------------------------------------------------------------------
  slack (MET)                                                        1.44


  Startpoint: g_commit_arbs[0].commit_arb/g_input_select.g_arbiter.g_out_buf[0].out_buf/g_eb1.pipe_buffer/g_register.g_pipe_regs[0].pipe_register/g_shift_register/g_shift.pipe_reg[0][72]
              (rising edge-triggered flip-flop clocked by CLK)
  Endpoint: writeback_if[0].data[72]
            (output port clocked by CLK)
  Path Group: REGOUT
  Path Type: min

  Des/Clust/Port     Wire Load Model       Library
  ------------------------------------------------
  VX_commit          5K_hvratio_1_1        NangateOpenCellLibrary_ss0p95v125c

  Point                                                   Incr       Path
  --------------------------------------------------------------------------
  clock CLK (rise edge)                                   0.00       0.00
  clock network delay (ideal)                             0.00       0.00
  g_commit_arbs[0].commit_arb/g_input_select.g_arbiter.g_out_buf[0].out_buf/g_eb1.pipe_buffer/g_register.g_pipe_regs[0].pipe_register/g_shift_register/g_shift.pipe_reg[0][72]/CK (DFF_X1)
                                                          0.00       0.00 r
  g_commit_arbs[0].commit_arb/g_input_select.g_arbiter.g_out_buf[0].out_buf/g_eb1.pipe_buffer/g_register.g_pipe_regs[0].pipe_register/g_shift_register/g_shift.pipe_reg[0][72]/Q (DFF_X1)
                                                          0.28       0.28 f
  writeback_if[0].data[72] (out)                          0.01       0.29 f
  data arrival time                                                  0.29

  clock CLK (rise edge)                                   0.00       0.00
  clock network delay (ideal)                             0.00       0.00
  clock uncertainty                                       0.05       0.05
  output external delay                                  -1.20      -1.15
  data required time                                                -1.15
  --------------------------------------------------------------------------
  data required time                                                -1.15
  data arrival time                                                 -0.29
  --------------------------------------------------------------------------
  slack (MET)                                                        1.44


  Startpoint: g_commit_arbs[0].commit_arb/g_input_select.g_arbiter.g_out_buf[0].out_buf/g_eb1.pipe_buffer/g_register.g_pipe_regs[0].pipe_register/g_shift_register/g_shift.pipe_reg[0][71]
              (rising edge-triggered flip-flop clocked by CLK)
  Endpoint: writeback_if[0].data[71]
            (output port clocked by CLK)
  Path Group: REGOUT
  Path Type: min

  Des/Clust/Port     Wire Load Model       Library
  ------------------------------------------------
  VX_commit          5K_hvratio_1_1        NangateOpenCellLibrary_ss0p95v125c

  Point                                                   Incr       Path
  --------------------------------------------------------------------------
  clock CLK (rise edge)                                   0.00       0.00
  clock network delay (ideal)                             0.00       0.00
  g_commit_arbs[0].commit_arb/g_input_select.g_arbiter.g_out_buf[0].out_buf/g_eb1.pipe_buffer/g_register.g_pipe_regs[0].pipe_register/g_shift_register/g_shift.pipe_reg[0][71]/CK (DFF_X1)
                                                          0.00       0.00 r
  g_commit_arbs[0].commit_arb/g_input_select.g_arbiter.g_out_buf[0].out_buf/g_eb1.pipe_buffer/g_register.g_pipe_regs[0].pipe_register/g_shift_register/g_shift.pipe_reg[0][71]/Q (DFF_X1)
                                                          0.28       0.28 f
  writeback_if[0].data[71] (out)                          0.01       0.29 f
  data arrival time                                                  0.29

  clock CLK (rise edge)                                   0.00       0.00
  clock network delay (ideal)                             0.00       0.00
  clock uncertainty                                       0.05       0.05
  output external delay                                  -1.20      -1.15
  data required time                                                -1.15
  --------------------------------------------------------------------------
  data required time                                                -1.15
  data arrival time                                                 -0.29
  --------------------------------------------------------------------------
  slack (MET)                                                        1.44


  Startpoint: g_commit_arbs[0].commit_arb/g_input_select.g_arbiter.g_out_buf[0].out_buf/g_eb1.pipe_buffer/g_register.g_pipe_regs[0].pipe_register/g_shift_register/g_shift.pipe_reg[0][70]
              (rising edge-triggered flip-flop clocked by CLK)
  Endpoint: writeback_if[0].data[70]
            (output port clocked by CLK)
  Path Group: REGOUT
  Path Type: min

  Des/Clust/Port     Wire Load Model       Library
  ------------------------------------------------
  VX_commit          5K_hvratio_1_1        NangateOpenCellLibrary_ss0p95v125c

  Point                                                   Incr       Path
  --------------------------------------------------------------------------
  clock CLK (rise edge)                                   0.00       0.00
  clock network delay (ideal)                             0.00       0.00
  g_commit_arbs[0].commit_arb/g_input_select.g_arbiter.g_out_buf[0].out_buf/g_eb1.pipe_buffer/g_register.g_pipe_regs[0].pipe_register/g_shift_register/g_shift.pipe_reg[0][70]/CK (DFF_X1)
                                                          0.00       0.00 r
  g_commit_arbs[0].commit_arb/g_input_select.g_arbiter.g_out_buf[0].out_buf/g_eb1.pipe_buffer/g_register.g_pipe_regs[0].pipe_register/g_shift_register/g_shift.pipe_reg[0][70]/Q (DFF_X1)
                                                          0.28       0.28 f
  writeback_if[0].data[70] (out)                          0.01       0.29 f
  data arrival time                                                  0.29

  clock CLK (rise edge)                                   0.00       0.00
  clock network delay (ideal)                             0.00       0.00
  clock uncertainty                                       0.05       0.05
  output external delay                                  -1.20      -1.15
  data required time                                                -1.15
  --------------------------------------------------------------------------
  data required time                                                -1.15
  data arrival time                                                 -0.29
  --------------------------------------------------------------------------
  slack (MET)                                                        1.44


  Startpoint: g_commit_arbs[0].commit_arb/g_input_select.g_arbiter.g_out_buf[0].out_buf/g_eb1.pipe_buffer/g_register.g_pipe_regs[0].pipe_register/g_shift_register/g_shift.pipe_reg[0][69]
              (rising edge-triggered flip-flop clocked by CLK)
  Endpoint: writeback_if[0].data[69]
            (output port clocked by CLK)
  Path Group: REGOUT
  Path Type: min

  Des/Clust/Port     Wire Load Model       Library
  ------------------------------------------------
  VX_commit          5K_hvratio_1_1        NangateOpenCellLibrary_ss0p95v125c

  Point                                                   Incr       Path
  --------------------------------------------------------------------------
  clock CLK (rise edge)                                   0.00       0.00
  clock network delay (ideal)                             0.00       0.00
  g_commit_arbs[0].commit_arb/g_input_select.g_arbiter.g_out_buf[0].out_buf/g_eb1.pipe_buffer/g_register.g_pipe_regs[0].pipe_register/g_shift_register/g_shift.pipe_reg[0][69]/CK (DFF_X1)
                                                          0.00       0.00 r
  g_commit_arbs[0].commit_arb/g_input_select.g_arbiter.g_out_buf[0].out_buf/g_eb1.pipe_buffer/g_register.g_pipe_regs[0].pipe_register/g_shift_register/g_shift.pipe_reg[0][69]/Q (DFF_X1)
                                                          0.28       0.28 f
  writeback_if[0].data[69] (out)                          0.01       0.29 f
  data arrival time                                                  0.29

  clock CLK (rise edge)                                   0.00       0.00
  clock network delay (ideal)                             0.00       0.00
  clock uncertainty                                       0.05       0.05
  output external delay                                  -1.20      -1.15
  data required time                                                -1.15
  --------------------------------------------------------------------------
  data required time                                                -1.15
  data arrival time                                                 -0.29
  --------------------------------------------------------------------------
  slack (MET)                                                        1.44


  Startpoint: g_commit_arbs[0].commit_arb/g_input_select.g_arbiter.g_out_buf[0].out_buf/g_eb1.pipe_buffer/g_register.g_pipe_regs[0].pipe_register/g_shift_register/g_shift.pipe_reg[0][68]
              (rising edge-triggered flip-flop clocked by CLK)
  Endpoint: writeback_if[0].data[68]
            (output port clocked by CLK)
  Path Group: REGOUT
  Path Type: min

  Des/Clust/Port     Wire Load Model       Library
  ------------------------------------------------
  VX_commit          5K_hvratio_1_1        NangateOpenCellLibrary_ss0p95v125c

  Point                                                   Incr       Path
  --------------------------------------------------------------------------
  clock CLK (rise edge)                                   0.00       0.00
  clock network delay (ideal)                             0.00       0.00
  g_commit_arbs[0].commit_arb/g_input_select.g_arbiter.g_out_buf[0].out_buf/g_eb1.pipe_buffer/g_register.g_pipe_regs[0].pipe_register/g_shift_register/g_shift.pipe_reg[0][68]/CK (DFF_X1)
                                                          0.00       0.00 r
  g_commit_arbs[0].commit_arb/g_input_select.g_arbiter.g_out_buf[0].out_buf/g_eb1.pipe_buffer/g_register.g_pipe_regs[0].pipe_register/g_shift_register/g_shift.pipe_reg[0][68]/Q (DFF_X1)
                                                          0.28       0.28 f
  writeback_if[0].data[68] (out)                          0.01       0.29 f
  data arrival time                                                  0.29

  clock CLK (rise edge)                                   0.00       0.00
  clock network delay (ideal)                             0.00       0.00
  clock uncertainty                                       0.05       0.05
  output external delay                                  -1.20      -1.15
  data required time                                                -1.15
  --------------------------------------------------------------------------
  data required time                                                -1.15
  data arrival time                                                 -0.29
  --------------------------------------------------------------------------
  slack (MET)                                                        1.44


  Startpoint: g_commit_arbs[0].commit_arb/g_input_select.g_arbiter.g_out_buf[0].out_buf/g_eb1.pipe_buffer/g_register.g_pipe_regs[0].pipe_register/g_shift_register/g_shift.pipe_reg[0][67]
              (rising edge-triggered flip-flop clocked by CLK)
  Endpoint: writeback_if[0].data[67]
            (output port clocked by CLK)
  Path Group: REGOUT
  Path Type: min

  Des/Clust/Port     Wire Load Model       Library
  ------------------------------------------------
  VX_commit          5K_hvratio_1_1        NangateOpenCellLibrary_ss0p95v125c

  Point                                                   Incr       Path
  --------------------------------------------------------------------------
  clock CLK (rise edge)                                   0.00       0.00
  clock network delay (ideal)                             0.00       0.00
  g_commit_arbs[0].commit_arb/g_input_select.g_arbiter.g_out_buf[0].out_buf/g_eb1.pipe_buffer/g_register.g_pipe_regs[0].pipe_register/g_shift_register/g_shift.pipe_reg[0][67]/CK (DFF_X1)
                                                          0.00       0.00 r
  g_commit_arbs[0].commit_arb/g_input_select.g_arbiter.g_out_buf[0].out_buf/g_eb1.pipe_buffer/g_register.g_pipe_regs[0].pipe_register/g_shift_register/g_shift.pipe_reg[0][67]/Q (DFF_X1)
                                                          0.28       0.28 f
  writeback_if[0].data[67] (out)                          0.01       0.29 f
  data arrival time                                                  0.29

  clock CLK (rise edge)                                   0.00       0.00
  clock network delay (ideal)                             0.00       0.00
  clock uncertainty                                       0.05       0.05
  output external delay                                  -1.20      -1.15
  data required time                                                -1.15
  --------------------------------------------------------------------------
  data required time                                                -1.15
  data arrival time                                                 -0.29
  --------------------------------------------------------------------------
  slack (MET)                                                        1.44


  Startpoint: g_commit_arbs[0].commit_arb/g_input_select.g_arbiter.g_out_buf[0].out_buf/g_eb1.pipe_buffer/g_register.g_pipe_regs[0].pipe_register/g_shift_register/g_shift.pipe_reg[0][66]
              (rising edge-triggered flip-flop clocked by CLK)
  Endpoint: writeback_if[0].data[66]
            (output port clocked by CLK)
  Path Group: REGOUT
  Path Type: min

  Des/Clust/Port     Wire Load Model       Library
  ------------------------------------------------
  VX_commit          5K_hvratio_1_1        NangateOpenCellLibrary_ss0p95v125c

  Point                                                   Incr       Path
  --------------------------------------------------------------------------
  clock CLK (rise edge)                                   0.00       0.00
  clock network delay (ideal)                             0.00       0.00
  g_commit_arbs[0].commit_arb/g_input_select.g_arbiter.g_out_buf[0].out_buf/g_eb1.pipe_buffer/g_register.g_pipe_regs[0].pipe_register/g_shift_register/g_shift.pipe_reg[0][66]/CK (DFF_X1)
                                                          0.00       0.00 r
  g_commit_arbs[0].commit_arb/g_input_select.g_arbiter.g_out_buf[0].out_buf/g_eb1.pipe_buffer/g_register.g_pipe_regs[0].pipe_register/g_shift_register/g_shift.pipe_reg[0][66]/Q (DFF_X1)
                                                          0.28       0.28 f
  writeback_if[0].data[66] (out)                          0.01       0.29 f
  data arrival time                                                  0.29

  clock CLK (rise edge)                                   0.00       0.00
  clock network delay (ideal)                             0.00       0.00
  clock uncertainty                                       0.05       0.05
  output external delay                                  -1.20      -1.15
  data required time                                                -1.15
  --------------------------------------------------------------------------
  data required time                                                -1.15
  data arrival time                                                 -0.29
  --------------------------------------------------------------------------
  slack (MET)                                                        1.44


  Startpoint: g_commit_arbs[0].commit_arb/g_input_select.g_arbiter.g_out_buf[0].out_buf/g_eb1.pipe_buffer/g_register.g_pipe_regs[0].pipe_register/g_shift_register/g_shift.pipe_reg[0][65]
              (rising edge-triggered flip-flop clocked by CLK)
  Endpoint: writeback_if[0].data[65]
            (output port clocked by CLK)
  Path Group: REGOUT
  Path Type: min

  Des/Clust/Port     Wire Load Model       Library
  ------------------------------------------------
  VX_commit          5K_hvratio_1_1        NangateOpenCellLibrary_ss0p95v125c

  Point                                                   Incr       Path
  --------------------------------------------------------------------------
  clock CLK (rise edge)                                   0.00       0.00
  clock network delay (ideal)                             0.00       0.00
  g_commit_arbs[0].commit_arb/g_input_select.g_arbiter.g_out_buf[0].out_buf/g_eb1.pipe_buffer/g_register.g_pipe_regs[0].pipe_register/g_shift_register/g_shift.pipe_reg[0][65]/CK (DFF_X1)
                                                          0.00       0.00 r
  g_commit_arbs[0].commit_arb/g_input_select.g_arbiter.g_out_buf[0].out_buf/g_eb1.pipe_buffer/g_register.g_pipe_regs[0].pipe_register/g_shift_register/g_shift.pipe_reg[0][65]/Q (DFF_X1)
                                                          0.28       0.28 f
  writeback_if[0].data[65] (out)                          0.01       0.29 f
  data arrival time                                                  0.29

  clock CLK (rise edge)                                   0.00       0.00
  clock network delay (ideal)                             0.00       0.00
  clock uncertainty                                       0.05       0.05
  output external delay                                  -1.20      -1.15
  data required time                                                -1.15
  --------------------------------------------------------------------------
  data required time                                                -1.15
  data arrival time                                                 -0.29
  --------------------------------------------------------------------------
  slack (MET)                                                        1.44


  Startpoint: g_commit_arbs[0].commit_arb/g_input_select.g_arbiter.g_out_buf[0].out_buf/g_eb1.pipe_buffer/g_register.g_pipe_regs[0].pipe_register/g_shift_register/g_shift.pipe_reg[0][64]
              (rising edge-triggered flip-flop clocked by CLK)
  Endpoint: writeback_if[0].data[64]
            (output port clocked by CLK)
  Path Group: REGOUT
  Path Type: min

  Des/Clust/Port     Wire Load Model       Library
  ------------------------------------------------
  VX_commit          5K_hvratio_1_1        NangateOpenCellLibrary_ss0p95v125c

  Point                                                   Incr       Path
  --------------------------------------------------------------------------
  clock CLK (rise edge)                                   0.00       0.00
  clock network delay (ideal)                             0.00       0.00
  g_commit_arbs[0].commit_arb/g_input_select.g_arbiter.g_out_buf[0].out_buf/g_eb1.pipe_buffer/g_register.g_pipe_regs[0].pipe_register/g_shift_register/g_shift.pipe_reg[0][64]/CK (DFF_X1)
                                                          0.00       0.00 r
  g_commit_arbs[0].commit_arb/g_input_select.g_arbiter.g_out_buf[0].out_buf/g_eb1.pipe_buffer/g_register.g_pipe_regs[0].pipe_register/g_shift_register/g_shift.pipe_reg[0][64]/Q (DFF_X1)
                                                          0.28       0.28 f
  writeback_if[0].data[64] (out)                          0.01       0.29 f
  data arrival time                                                  0.29

  clock CLK (rise edge)                                   0.00       0.00
  clock network delay (ideal)                             0.00       0.00
  clock uncertainty                                       0.05       0.05
  output external delay                                  -1.20      -1.15
  data required time                                                -1.15
  --------------------------------------------------------------------------
  data required time                                                -1.15
  data arrival time                                                 -0.29
  --------------------------------------------------------------------------
  slack (MET)                                                        1.44


  Startpoint: g_commit_arbs[0].commit_arb/g_input_select.g_arbiter.g_out_buf[0].out_buf/g_eb1.pipe_buffer/g_register.g_pipe_regs[0].pipe_register/g_shift_register/g_shift.pipe_reg[0][63]
              (rising edge-triggered flip-flop clocked by CLK)
  Endpoint: writeback_if[0].data[63]
            (output port clocked by CLK)
  Path Group: REGOUT
  Path Type: min

  Des/Clust/Port     Wire Load Model       Library
  ------------------------------------------------
  VX_commit          5K_hvratio_1_1        NangateOpenCellLibrary_ss0p95v125c

  Point                                                   Incr       Path
  --------------------------------------------------------------------------
  clock CLK (rise edge)                                   0.00       0.00
  clock network delay (ideal)                             0.00       0.00
  g_commit_arbs[0].commit_arb/g_input_select.g_arbiter.g_out_buf[0].out_buf/g_eb1.pipe_buffer/g_register.g_pipe_regs[0].pipe_register/g_shift_register/g_shift.pipe_reg[0][63]/CK (DFF_X1)
                                                          0.00       0.00 r
  g_commit_arbs[0].commit_arb/g_input_select.g_arbiter.g_out_buf[0].out_buf/g_eb1.pipe_buffer/g_register.g_pipe_regs[0].pipe_register/g_shift_register/g_shift.pipe_reg[0][63]/Q (DFF_X1)
                                                          0.28       0.28 f
  writeback_if[0].data[63] (out)                          0.01       0.29 f
  data arrival time                                                  0.29

  clock CLK (rise edge)                                   0.00       0.00
  clock network delay (ideal)                             0.00       0.00
  clock uncertainty                                       0.05       0.05
  output external delay                                  -1.20      -1.15
  data required time                                                -1.15
  --------------------------------------------------------------------------
  data required time                                                -1.15
  data arrival time                                                 -0.29
  --------------------------------------------------------------------------
  slack (MET)                                                        1.44


  Startpoint: g_commit_arbs[0].commit_arb/g_input_select.g_arbiter.g_out_buf[0].out_buf/g_eb1.pipe_buffer/g_register.g_pipe_regs[0].pipe_register/g_shift_register/g_shift.pipe_reg[0][62]
              (rising edge-triggered flip-flop clocked by CLK)
  Endpoint: writeback_if[0].data[62]
            (output port clocked by CLK)
  Path Group: REGOUT
  Path Type: min

  Des/Clust/Port     Wire Load Model       Library
  ------------------------------------------------
  VX_commit          5K_hvratio_1_1        NangateOpenCellLibrary_ss0p95v125c

  Point                                                   Incr       Path
  --------------------------------------------------------------------------
  clock CLK (rise edge)                                   0.00       0.00
  clock network delay (ideal)                             0.00       0.00
  g_commit_arbs[0].commit_arb/g_input_select.g_arbiter.g_out_buf[0].out_buf/g_eb1.pipe_buffer/g_register.g_pipe_regs[0].pipe_register/g_shift_register/g_shift.pipe_reg[0][62]/CK (DFF_X1)
                                                          0.00       0.00 r
  g_commit_arbs[0].commit_arb/g_input_select.g_arbiter.g_out_buf[0].out_buf/g_eb1.pipe_buffer/g_register.g_pipe_regs[0].pipe_register/g_shift_register/g_shift.pipe_reg[0][62]/Q (DFF_X1)
                                                          0.28       0.28 f
  writeback_if[0].data[62] (out)                          0.01       0.29 f
  data arrival time                                                  0.29

  clock CLK (rise edge)                                   0.00       0.00
  clock network delay (ideal)                             0.00       0.00
  clock uncertainty                                       0.05       0.05
  output external delay                                  -1.20      -1.15
  data required time                                                -1.15
  --------------------------------------------------------------------------
  data required time                                                -1.15
  data arrival time                                                 -0.29
  --------------------------------------------------------------------------
  slack (MET)                                                        1.44


  Startpoint: g_commit_arbs[0].commit_arb/g_input_select.g_arbiter.g_out_buf[0].out_buf/g_eb1.pipe_buffer/g_register.g_pipe_regs[0].pipe_register/g_shift_register/g_shift.pipe_reg[0][61]
              (rising edge-triggered flip-flop clocked by CLK)
  Endpoint: writeback_if[0].data[61]
            (output port clocked by CLK)
  Path Group: REGOUT
  Path Type: min

  Des/Clust/Port     Wire Load Model       Library
  ------------------------------------------------
  VX_commit          5K_hvratio_1_1        NangateOpenCellLibrary_ss0p95v125c

  Point                                                   Incr       Path
  --------------------------------------------------------------------------
  clock CLK (rise edge)                                   0.00       0.00
  clock network delay (ideal)                             0.00       0.00
  g_commit_arbs[0].commit_arb/g_input_select.g_arbiter.g_out_buf[0].out_buf/g_eb1.pipe_buffer/g_register.g_pipe_regs[0].pipe_register/g_shift_register/g_shift.pipe_reg[0][61]/CK (DFF_X1)
                                                          0.00       0.00 r
  g_commit_arbs[0].commit_arb/g_input_select.g_arbiter.g_out_buf[0].out_buf/g_eb1.pipe_buffer/g_register.g_pipe_regs[0].pipe_register/g_shift_register/g_shift.pipe_reg[0][61]/Q (DFF_X1)
                                                          0.28       0.28 f
  writeback_if[0].data[61] (out)                          0.01       0.29 f
  data arrival time                                                  0.29

  clock CLK (rise edge)                                   0.00       0.00
  clock network delay (ideal)                             0.00       0.00
  clock uncertainty                                       0.05       0.05
  output external delay                                  -1.20      -1.15
  data required time                                                -1.15
  --------------------------------------------------------------------------
  data required time                                                -1.15
  data arrival time                                                 -0.29
  --------------------------------------------------------------------------
  slack (MET)                                                        1.44


  Startpoint: g_commit_arbs[0].commit_arb/g_input_select.g_arbiter.g_out_buf[0].out_buf/g_eb1.pipe_buffer/g_register.g_pipe_regs[0].pipe_register/g_shift_register/g_shift.pipe_reg[0][60]
              (rising edge-triggered flip-flop clocked by CLK)
  Endpoint: writeback_if[0].data[60]
            (output port clocked by CLK)
  Path Group: REGOUT
  Path Type: min

  Des/Clust/Port     Wire Load Model       Library
  ------------------------------------------------
  VX_commit          5K_hvratio_1_1        NangateOpenCellLibrary_ss0p95v125c

  Point                                                   Incr       Path
  --------------------------------------------------------------------------
  clock CLK (rise edge)                                   0.00       0.00
  clock network delay (ideal)                             0.00       0.00
  g_commit_arbs[0].commit_arb/g_input_select.g_arbiter.g_out_buf[0].out_buf/g_eb1.pipe_buffer/g_register.g_pipe_regs[0].pipe_register/g_shift_register/g_shift.pipe_reg[0][60]/CK (DFF_X1)
                                                          0.00       0.00 r
  g_commit_arbs[0].commit_arb/g_input_select.g_arbiter.g_out_buf[0].out_buf/g_eb1.pipe_buffer/g_register.g_pipe_regs[0].pipe_register/g_shift_register/g_shift.pipe_reg[0][60]/Q (DFF_X1)
                                                          0.28       0.28 f
  writeback_if[0].data[60] (out)                          0.01       0.29 f
  data arrival time                                                  0.29

  clock CLK (rise edge)                                   0.00       0.00
  clock network delay (ideal)                             0.00       0.00
  clock uncertainty                                       0.05       0.05
  output external delay                                  -1.20      -1.15
  data required time                                                -1.15
  --------------------------------------------------------------------------
  data required time                                                -1.15
  data arrival time                                                 -0.29
  --------------------------------------------------------------------------
  slack (MET)                                                        1.44


  Startpoint: g_commit_arbs[0].commit_arb/g_input_select.g_arbiter.g_out_buf[0].out_buf/g_eb1.pipe_buffer/g_register.g_pipe_regs[0].pipe_register/g_shift_register/g_shift.pipe_reg[0][59]
              (rising edge-triggered flip-flop clocked by CLK)
  Endpoint: writeback_if[0].data[59]
            (output port clocked by CLK)
  Path Group: REGOUT
  Path Type: min

  Des/Clust/Port     Wire Load Model       Library
  ------------------------------------------------
  VX_commit          5K_hvratio_1_1        NangateOpenCellLibrary_ss0p95v125c

  Point                                                   Incr       Path
  --------------------------------------------------------------------------
  clock CLK (rise edge)                                   0.00       0.00
  clock network delay (ideal)                             0.00       0.00
  g_commit_arbs[0].commit_arb/g_input_select.g_arbiter.g_out_buf[0].out_buf/g_eb1.pipe_buffer/g_register.g_pipe_regs[0].pipe_register/g_shift_register/g_shift.pipe_reg[0][59]/CK (DFF_X1)
                                                          0.00       0.00 r
  g_commit_arbs[0].commit_arb/g_input_select.g_arbiter.g_out_buf[0].out_buf/g_eb1.pipe_buffer/g_register.g_pipe_regs[0].pipe_register/g_shift_register/g_shift.pipe_reg[0][59]/Q (DFF_X1)
                                                          0.28       0.28 f
  writeback_if[0].data[59] (out)                          0.01       0.29 f
  data arrival time                                                  0.29

  clock CLK (rise edge)                                   0.00       0.00
  clock network delay (ideal)                             0.00       0.00
  clock uncertainty                                       0.05       0.05
  output external delay                                  -1.20      -1.15
  data required time                                                -1.15
  --------------------------------------------------------------------------
  data required time                                                -1.15
  data arrival time                                                 -0.29
  --------------------------------------------------------------------------
  slack (MET)                                                        1.44


  Startpoint: g_commit_arbs[0].commit_arb/g_input_select.g_arbiter.g_out_buf[0].out_buf/g_eb1.pipe_buffer/g_register.g_pipe_regs[0].pipe_register/g_shift_register/g_shift.pipe_reg[0][58]
              (rising edge-triggered flip-flop clocked by CLK)
  Endpoint: writeback_if[0].data[58]
            (output port clocked by CLK)
  Path Group: REGOUT
  Path Type: min

  Des/Clust/Port     Wire Load Model       Library
  ------------------------------------------------
  VX_commit          5K_hvratio_1_1        NangateOpenCellLibrary_ss0p95v125c

  Point                                                   Incr       Path
  --------------------------------------------------------------------------
  clock CLK (rise edge)                                   0.00       0.00
  clock network delay (ideal)                             0.00       0.00
  g_commit_arbs[0].commit_arb/g_input_select.g_arbiter.g_out_buf[0].out_buf/g_eb1.pipe_buffer/g_register.g_pipe_regs[0].pipe_register/g_shift_register/g_shift.pipe_reg[0][58]/CK (DFF_X1)
                                                          0.00       0.00 r
  g_commit_arbs[0].commit_arb/g_input_select.g_arbiter.g_out_buf[0].out_buf/g_eb1.pipe_buffer/g_register.g_pipe_regs[0].pipe_register/g_shift_register/g_shift.pipe_reg[0][58]/Q (DFF_X1)
                                                          0.28       0.28 f
  writeback_if[0].data[58] (out)                          0.01       0.29 f
  data arrival time                                                  0.29

  clock CLK (rise edge)                                   0.00       0.00
  clock network delay (ideal)                             0.00       0.00
  clock uncertainty                                       0.05       0.05
  output external delay                                  -1.20      -1.15
  data required time                                                -1.15
  --------------------------------------------------------------------------
  data required time                                                -1.15
  data arrival time                                                 -0.29
  --------------------------------------------------------------------------
  slack (MET)                                                        1.44


  Startpoint: g_commit_arbs[0].commit_arb/g_input_select.g_arbiter.g_out_buf[0].out_buf/g_eb1.pipe_buffer/g_register.g_pipe_regs[0].pipe_register/g_shift_register/g_shift.pipe_reg[0][57]
              (rising edge-triggered flip-flop clocked by CLK)
  Endpoint: writeback_if[0].data[57]
            (output port clocked by CLK)
  Path Group: REGOUT
  Path Type: min

  Des/Clust/Port     Wire Load Model       Library
  ------------------------------------------------
  VX_commit          5K_hvratio_1_1        NangateOpenCellLibrary_ss0p95v125c

  Point                                                   Incr       Path
  --------------------------------------------------------------------------
  clock CLK (rise edge)                                   0.00       0.00
  clock network delay (ideal)                             0.00       0.00
  g_commit_arbs[0].commit_arb/g_input_select.g_arbiter.g_out_buf[0].out_buf/g_eb1.pipe_buffer/g_register.g_pipe_regs[0].pipe_register/g_shift_register/g_shift.pipe_reg[0][57]/CK (DFF_X1)
                                                          0.00       0.00 r
  g_commit_arbs[0].commit_arb/g_input_select.g_arbiter.g_out_buf[0].out_buf/g_eb1.pipe_buffer/g_register.g_pipe_regs[0].pipe_register/g_shift_register/g_shift.pipe_reg[0][57]/Q (DFF_X1)
                                                          0.28       0.28 f
  writeback_if[0].data[57] (out)                          0.01       0.29 f
  data arrival time                                                  0.29

  clock CLK (rise edge)                                   0.00       0.00
  clock network delay (ideal)                             0.00       0.00
  clock uncertainty                                       0.05       0.05
  output external delay                                  -1.20      -1.15
  data required time                                                -1.15
  --------------------------------------------------------------------------
  data required time                                                -1.15
  data arrival time                                                 -0.29
  --------------------------------------------------------------------------
  slack (MET)                                                        1.44


  Startpoint: g_commit_arbs[0].commit_arb/g_input_select.g_arbiter.g_out_buf[0].out_buf/g_eb1.pipe_buffer/g_register.g_pipe_regs[0].pipe_register/g_shift_register/g_shift.pipe_reg[0][56]
              (rising edge-triggered flip-flop clocked by CLK)
  Endpoint: writeback_if[0].data[56]
            (output port clocked by CLK)
  Path Group: REGOUT
  Path Type: min

  Des/Clust/Port     Wire Load Model       Library
  ------------------------------------------------
  VX_commit          5K_hvratio_1_1        NangateOpenCellLibrary_ss0p95v125c

  Point                                                   Incr       Path
  --------------------------------------------------------------------------
  clock CLK (rise edge)                                   0.00       0.00
  clock network delay (ideal)                             0.00       0.00
  g_commit_arbs[0].commit_arb/g_input_select.g_arbiter.g_out_buf[0].out_buf/g_eb1.pipe_buffer/g_register.g_pipe_regs[0].pipe_register/g_shift_register/g_shift.pipe_reg[0][56]/CK (DFF_X1)
                                                          0.00       0.00 r
  g_commit_arbs[0].commit_arb/g_input_select.g_arbiter.g_out_buf[0].out_buf/g_eb1.pipe_buffer/g_register.g_pipe_regs[0].pipe_register/g_shift_register/g_shift.pipe_reg[0][56]/Q (DFF_X1)
                                                          0.28       0.28 f
  writeback_if[0].data[56] (out)                          0.01       0.29 f
  data arrival time                                                  0.29

  clock CLK (rise edge)                                   0.00       0.00
  clock network delay (ideal)                             0.00       0.00
  clock uncertainty                                       0.05       0.05
  output external delay                                  -1.20      -1.15
  data required time                                                -1.15
  --------------------------------------------------------------------------
  data required time                                                -1.15
  data arrival time                                                 -0.29
  --------------------------------------------------------------------------
  slack (MET)                                                        1.44


  Startpoint: g_commit_arbs[0].commit_arb/g_input_select.g_arbiter.g_out_buf[0].out_buf/g_eb1.pipe_buffer/g_register.g_pipe_regs[0].pipe_register/g_shift_register/g_shift.pipe_reg[0][55]
              (rising edge-triggered flip-flop clocked by CLK)
  Endpoint: writeback_if[0].data[55]
            (output port clocked by CLK)
  Path Group: REGOUT
  Path Type: min

  Des/Clust/Port     Wire Load Model       Library
  ------------------------------------------------
  VX_commit          5K_hvratio_1_1        NangateOpenCellLibrary_ss0p95v125c

  Point                                                   Incr       Path
  --------------------------------------------------------------------------
  clock CLK (rise edge)                                   0.00       0.00
  clock network delay (ideal)                             0.00       0.00
  g_commit_arbs[0].commit_arb/g_input_select.g_arbiter.g_out_buf[0].out_buf/g_eb1.pipe_buffer/g_register.g_pipe_regs[0].pipe_register/g_shift_register/g_shift.pipe_reg[0][55]/CK (DFF_X1)
                                                          0.00       0.00 r
  g_commit_arbs[0].commit_arb/g_input_select.g_arbiter.g_out_buf[0].out_buf/g_eb1.pipe_buffer/g_register.g_pipe_regs[0].pipe_register/g_shift_register/g_shift.pipe_reg[0][55]/Q (DFF_X1)
                                                          0.28       0.28 f
  writeback_if[0].data[55] (out)                          0.01       0.29 f
  data arrival time                                                  0.29

  clock CLK (rise edge)                                   0.00       0.00
  clock network delay (ideal)                             0.00       0.00
  clock uncertainty                                       0.05       0.05
  output external delay                                  -1.20      -1.15
  data required time                                                -1.15
  --------------------------------------------------------------------------
  data required time                                                -1.15
  data arrival time                                                 -0.29
  --------------------------------------------------------------------------
  slack (MET)                                                        1.44


  Startpoint: g_commit_arbs[0].commit_arb/g_input_select.g_arbiter.g_out_buf[0].out_buf/g_eb1.pipe_buffer/g_register.g_pipe_regs[0].pipe_register/g_shift_register/g_shift.pipe_reg[0][54]
              (rising edge-triggered flip-flop clocked by CLK)
  Endpoint: writeback_if[0].data[54]
            (output port clocked by CLK)
  Path Group: REGOUT
  Path Type: min

  Des/Clust/Port     Wire Load Model       Library
  ------------------------------------------------
  VX_commit          5K_hvratio_1_1        NangateOpenCellLibrary_ss0p95v125c

  Point                                                   Incr       Path
  --------------------------------------------------------------------------
  clock CLK (rise edge)                                   0.00       0.00
  clock network delay (ideal)                             0.00       0.00
  g_commit_arbs[0].commit_arb/g_input_select.g_arbiter.g_out_buf[0].out_buf/g_eb1.pipe_buffer/g_register.g_pipe_regs[0].pipe_register/g_shift_register/g_shift.pipe_reg[0][54]/CK (DFF_X1)
                                                          0.00       0.00 r
  g_commit_arbs[0].commit_arb/g_input_select.g_arbiter.g_out_buf[0].out_buf/g_eb1.pipe_buffer/g_register.g_pipe_regs[0].pipe_register/g_shift_register/g_shift.pipe_reg[0][54]/Q (DFF_X1)
                                                          0.28       0.28 f
  writeback_if[0].data[54] (out)                          0.01       0.29 f
  data arrival time                                                  0.29

  clock CLK (rise edge)                                   0.00       0.00
  clock network delay (ideal)                             0.00       0.00
  clock uncertainty                                       0.05       0.05
  output external delay                                  -1.20      -1.15
  data required time                                                -1.15
  --------------------------------------------------------------------------
  data required time                                                -1.15
  data arrival time                                                 -0.29
  --------------------------------------------------------------------------
  slack (MET)                                                        1.44


  Startpoint: g_commit_arbs[0].commit_arb/g_input_select.g_arbiter.g_out_buf[0].out_buf/g_eb1.pipe_buffer/g_register.g_pipe_regs[0].pipe_register/g_shift_register/g_shift.pipe_reg[0][53]
              (rising edge-triggered flip-flop clocked by CLK)
  Endpoint: writeback_if[0].data[53]
            (output port clocked by CLK)
  Path Group: REGOUT
  Path Type: min

  Des/Clust/Port     Wire Load Model       Library
  ------------------------------------------------
  VX_commit          5K_hvratio_1_1        NangateOpenCellLibrary_ss0p95v125c

  Point                                                   Incr       Path
  --------------------------------------------------------------------------
  clock CLK (rise edge)                                   0.00       0.00
  clock network delay (ideal)                             0.00       0.00
  g_commit_arbs[0].commit_arb/g_input_select.g_arbiter.g_out_buf[0].out_buf/g_eb1.pipe_buffer/g_register.g_pipe_regs[0].pipe_register/g_shift_register/g_shift.pipe_reg[0][53]/CK (DFF_X1)
                                                          0.00       0.00 r
  g_commit_arbs[0].commit_arb/g_input_select.g_arbiter.g_out_buf[0].out_buf/g_eb1.pipe_buffer/g_register.g_pipe_regs[0].pipe_register/g_shift_register/g_shift.pipe_reg[0][53]/Q (DFF_X1)
                                                          0.28       0.28 f
  writeback_if[0].data[53] (out)                          0.01       0.29 f
  data arrival time                                                  0.29

  clock CLK (rise edge)                                   0.00       0.00
  clock network delay (ideal)                             0.00       0.00
  clock uncertainty                                       0.05       0.05
  output external delay                                  -1.20      -1.15
  data required time                                                -1.15
  --------------------------------------------------------------------------
  data required time                                                -1.15
  data arrival time                                                 -0.29
  --------------------------------------------------------------------------
  slack (MET)                                                        1.44


  Startpoint: g_commit_arbs[0].commit_arb/g_input_select.g_arbiter.g_out_buf[0].out_buf/g_eb1.pipe_buffer/g_register.g_pipe_regs[0].pipe_register/g_shift_register/g_shift.pipe_reg[0][52]
              (rising edge-triggered flip-flop clocked by CLK)
  Endpoint: writeback_if[0].data[52]
            (output port clocked by CLK)
  Path Group: REGOUT
  Path Type: min

  Des/Clust/Port     Wire Load Model       Library
  ------------------------------------------------
  VX_commit          5K_hvratio_1_1        NangateOpenCellLibrary_ss0p95v125c

  Point                                                   Incr       Path
  --------------------------------------------------------------------------
  clock CLK (rise edge)                                   0.00       0.00
  clock network delay (ideal)                             0.00       0.00
  g_commit_arbs[0].commit_arb/g_input_select.g_arbiter.g_out_buf[0].out_buf/g_eb1.pipe_buffer/g_register.g_pipe_regs[0].pipe_register/g_shift_register/g_shift.pipe_reg[0][52]/CK (DFF_X1)
                                                          0.00       0.00 r
  g_commit_arbs[0].commit_arb/g_input_select.g_arbiter.g_out_buf[0].out_buf/g_eb1.pipe_buffer/g_register.g_pipe_regs[0].pipe_register/g_shift_register/g_shift.pipe_reg[0][52]/Q (DFF_X1)
                                                          0.28       0.28 f
  writeback_if[0].data[52] (out)                          0.01       0.29 f
  data arrival time                                                  0.29

  clock CLK (rise edge)                                   0.00       0.00
  clock network delay (ideal)                             0.00       0.00
  clock uncertainty                                       0.05       0.05
  output external delay                                  -1.20      -1.15
  data required time                                                -1.15
  --------------------------------------------------------------------------
  data required time                                                -1.15
  data arrival time                                                 -0.29
  --------------------------------------------------------------------------
  slack (MET)                                                        1.44


  Startpoint: g_commit_arbs[0].commit_arb/g_input_select.g_arbiter.g_out_buf[0].out_buf/g_eb1.pipe_buffer/g_register.g_pipe_regs[0].pipe_register/g_shift_register/g_shift.pipe_reg[0][51]
              (rising edge-triggered flip-flop clocked by CLK)
  Endpoint: writeback_if[0].data[51]
            (output port clocked by CLK)
  Path Group: REGOUT
  Path Type: min

  Des/Clust/Port     Wire Load Model       Library
  ------------------------------------------------
  VX_commit          5K_hvratio_1_1        NangateOpenCellLibrary_ss0p95v125c

  Point                                                   Incr       Path
  --------------------------------------------------------------------------
  clock CLK (rise edge)                                   0.00       0.00
  clock network delay (ideal)                             0.00       0.00
  g_commit_arbs[0].commit_arb/g_input_select.g_arbiter.g_out_buf[0].out_buf/g_eb1.pipe_buffer/g_register.g_pipe_regs[0].pipe_register/g_shift_register/g_shift.pipe_reg[0][51]/CK (DFF_X1)
                                                          0.00       0.00 r
  g_commit_arbs[0].commit_arb/g_input_select.g_arbiter.g_out_buf[0].out_buf/g_eb1.pipe_buffer/g_register.g_pipe_regs[0].pipe_register/g_shift_register/g_shift.pipe_reg[0][51]/Q (DFF_X1)
                                                          0.28       0.28 f
  writeback_if[0].data[51] (out)                          0.01       0.29 f
  data arrival time                                                  0.29

  clock CLK (rise edge)                                   0.00       0.00
  clock network delay (ideal)                             0.00       0.00
  clock uncertainty                                       0.05       0.05
  output external delay                                  -1.20      -1.15
  data required time                                                -1.15
  --------------------------------------------------------------------------
  data required time                                                -1.15
  data arrival time                                                 -0.29
  --------------------------------------------------------------------------
  slack (MET)                                                        1.44


  Startpoint: g_commit_arbs[0].commit_arb/g_input_select.g_arbiter.g_out_buf[0].out_buf/g_eb1.pipe_buffer/g_register.g_pipe_regs[0].pipe_register/g_shift_register/g_shift.pipe_reg[0][50]
              (rising edge-triggered flip-flop clocked by CLK)
  Endpoint: writeback_if[0].data[50]
            (output port clocked by CLK)
  Path Group: REGOUT
  Path Type: min

  Des/Clust/Port     Wire Load Model       Library
  ------------------------------------------------
  VX_commit          5K_hvratio_1_1        NangateOpenCellLibrary_ss0p95v125c

  Point                                                   Incr       Path
  --------------------------------------------------------------------------
  clock CLK (rise edge)                                   0.00       0.00
  clock network delay (ideal)                             0.00       0.00
  g_commit_arbs[0].commit_arb/g_input_select.g_arbiter.g_out_buf[0].out_buf/g_eb1.pipe_buffer/g_register.g_pipe_regs[0].pipe_register/g_shift_register/g_shift.pipe_reg[0][50]/CK (DFF_X1)
                                                          0.00       0.00 r
  g_commit_arbs[0].commit_arb/g_input_select.g_arbiter.g_out_buf[0].out_buf/g_eb1.pipe_buffer/g_register.g_pipe_regs[0].pipe_register/g_shift_register/g_shift.pipe_reg[0][50]/Q (DFF_X1)
                                                          0.28       0.28 f
  writeback_if[0].data[50] (out)                          0.01       0.29 f
  data arrival time                                                  0.29

  clock CLK (rise edge)                                   0.00       0.00
  clock network delay (ideal)                             0.00       0.00
  clock uncertainty                                       0.05       0.05
  output external delay                                  -1.20      -1.15
  data required time                                                -1.15
  --------------------------------------------------------------------------
  data required time                                                -1.15
  data arrival time                                                 -0.29
  --------------------------------------------------------------------------
  slack (MET)                                                        1.44


  Startpoint: g_commit_arbs[0].commit_arb/g_input_select.g_arbiter.g_out_buf[0].out_buf/g_eb1.pipe_buffer/g_register.g_pipe_regs[0].pipe_register/g_shift_register/g_shift.pipe_reg[0][49]
              (rising edge-triggered flip-flop clocked by CLK)
  Endpoint: writeback_if[0].data[49]
            (output port clocked by CLK)
  Path Group: REGOUT
  Path Type: min

  Des/Clust/Port     Wire Load Model       Library
  ------------------------------------------------
  VX_commit          5K_hvratio_1_1        NangateOpenCellLibrary_ss0p95v125c

  Point                                                   Incr       Path
  --------------------------------------------------------------------------
  clock CLK (rise edge)                                   0.00       0.00
  clock network delay (ideal)                             0.00       0.00
  g_commit_arbs[0].commit_arb/g_input_select.g_arbiter.g_out_buf[0].out_buf/g_eb1.pipe_buffer/g_register.g_pipe_regs[0].pipe_register/g_shift_register/g_shift.pipe_reg[0][49]/CK (DFF_X1)
                                                          0.00       0.00 r
  g_commit_arbs[0].commit_arb/g_input_select.g_arbiter.g_out_buf[0].out_buf/g_eb1.pipe_buffer/g_register.g_pipe_regs[0].pipe_register/g_shift_register/g_shift.pipe_reg[0][49]/Q (DFF_X1)
                                                          0.28       0.28 f
  writeback_if[0].data[49] (out)                          0.01       0.29 f
  data arrival time                                                  0.29

  clock CLK (rise edge)                                   0.00       0.00
  clock network delay (ideal)                             0.00       0.00
  clock uncertainty                                       0.05       0.05
  output external delay                                  -1.20      -1.15
  data required time                                                -1.15
  --------------------------------------------------------------------------
  data required time                                                -1.15
  data arrival time                                                 -0.29
  --------------------------------------------------------------------------
  slack (MET)                                                        1.44


  Startpoint: g_commit_arbs[0].commit_arb/g_input_select.g_arbiter.g_out_buf[0].out_buf/g_eb1.pipe_buffer/g_register.g_pipe_regs[0].pipe_register/g_shift_register/g_shift.pipe_reg[0][48]
              (rising edge-triggered flip-flop clocked by CLK)
  Endpoint: writeback_if[0].data[48]
            (output port clocked by CLK)
  Path Group: REGOUT
  Path Type: min

  Des/Clust/Port     Wire Load Model       Library
  ------------------------------------------------
  VX_commit          5K_hvratio_1_1        NangateOpenCellLibrary_ss0p95v125c

  Point                                                   Incr       Path
  --------------------------------------------------------------------------
  clock CLK (rise edge)                                   0.00       0.00
  clock network delay (ideal)                             0.00       0.00
  g_commit_arbs[0].commit_arb/g_input_select.g_arbiter.g_out_buf[0].out_buf/g_eb1.pipe_buffer/g_register.g_pipe_regs[0].pipe_register/g_shift_register/g_shift.pipe_reg[0][48]/CK (DFF_X1)
                                                          0.00       0.00 r
  g_commit_arbs[0].commit_arb/g_input_select.g_arbiter.g_out_buf[0].out_buf/g_eb1.pipe_buffer/g_register.g_pipe_regs[0].pipe_register/g_shift_register/g_shift.pipe_reg[0][48]/Q (DFF_X1)
                                                          0.28       0.28 f
  writeback_if[0].data[48] (out)                          0.01       0.29 f
  data arrival time                                                  0.29

  clock CLK (rise edge)                                   0.00       0.00
  clock network delay (ideal)                             0.00       0.00
  clock uncertainty                                       0.05       0.05
  output external delay                                  -1.20      -1.15
  data required time                                                -1.15
  --------------------------------------------------------------------------
  data required time                                                -1.15
  data arrival time                                                 -0.29
  --------------------------------------------------------------------------
  slack (MET)                                                        1.44


  Startpoint: g_commit_arbs[0].commit_arb/g_input_select.g_arbiter.g_out_buf[0].out_buf/g_eb1.pipe_buffer/g_register.g_pipe_regs[0].pipe_register/g_shift_register/g_shift.pipe_reg[0][47]
              (rising edge-triggered flip-flop clocked by CLK)
  Endpoint: writeback_if[0].data[47]
            (output port clocked by CLK)
  Path Group: REGOUT
  Path Type: min

  Des/Clust/Port     Wire Load Model       Library
  ------------------------------------------------
  VX_commit          5K_hvratio_1_1        NangateOpenCellLibrary_ss0p95v125c

  Point                                                   Incr       Path
  --------------------------------------------------------------------------
  clock CLK (rise edge)                                   0.00       0.00
  clock network delay (ideal)                             0.00       0.00
  g_commit_arbs[0].commit_arb/g_input_select.g_arbiter.g_out_buf[0].out_buf/g_eb1.pipe_buffer/g_register.g_pipe_regs[0].pipe_register/g_shift_register/g_shift.pipe_reg[0][47]/CK (DFF_X1)
                                                          0.00       0.00 r
  g_commit_arbs[0].commit_arb/g_input_select.g_arbiter.g_out_buf[0].out_buf/g_eb1.pipe_buffer/g_register.g_pipe_regs[0].pipe_register/g_shift_register/g_shift.pipe_reg[0][47]/Q (DFF_X1)
                                                          0.28       0.28 f
  writeback_if[0].data[47] (out)                          0.01       0.29 f
  data arrival time                                                  0.29

  clock CLK (rise edge)                                   0.00       0.00
  clock network delay (ideal)                             0.00       0.00
  clock uncertainty                                       0.05       0.05
  output external delay                                  -1.20      -1.15
  data required time                                                -1.15
  --------------------------------------------------------------------------
  data required time                                                -1.15
  data arrival time                                                 -0.29
  --------------------------------------------------------------------------
  slack (MET)                                                        1.44


  Startpoint: g_commit_arbs[0].commit_arb/g_input_select.g_arbiter.g_out_buf[0].out_buf/g_eb1.pipe_buffer/g_register.g_pipe_regs[0].pipe_register/g_shift_register/g_shift.pipe_reg[0][46]
              (rising edge-triggered flip-flop clocked by CLK)
  Endpoint: writeback_if[0].data[46]
            (output port clocked by CLK)
  Path Group: REGOUT
  Path Type: min

  Des/Clust/Port     Wire Load Model       Library
  ------------------------------------------------
  VX_commit          5K_hvratio_1_1        NangateOpenCellLibrary_ss0p95v125c

  Point                                                   Incr       Path
  --------------------------------------------------------------------------
  clock CLK (rise edge)                                   0.00       0.00
  clock network delay (ideal)                             0.00       0.00
  g_commit_arbs[0].commit_arb/g_input_select.g_arbiter.g_out_buf[0].out_buf/g_eb1.pipe_buffer/g_register.g_pipe_regs[0].pipe_register/g_shift_register/g_shift.pipe_reg[0][46]/CK (DFF_X1)
                                                          0.00       0.00 r
  g_commit_arbs[0].commit_arb/g_input_select.g_arbiter.g_out_buf[0].out_buf/g_eb1.pipe_buffer/g_register.g_pipe_regs[0].pipe_register/g_shift_register/g_shift.pipe_reg[0][46]/Q (DFF_X1)
                                                          0.28       0.28 f
  writeback_if[0].data[46] (out)                          0.01       0.29 f
  data arrival time                                                  0.29

  clock CLK (rise edge)                                   0.00       0.00
  clock network delay (ideal)                             0.00       0.00
  clock uncertainty                                       0.05       0.05
  output external delay                                  -1.20      -1.15
  data required time                                                -1.15
  --------------------------------------------------------------------------
  data required time                                                -1.15
  data arrival time                                                 -0.29
  --------------------------------------------------------------------------
  slack (MET)                                                        1.44


  Startpoint: g_commit_arbs[0].commit_arb/g_input_select.g_arbiter.g_out_buf[0].out_buf/g_eb1.pipe_buffer/g_register.g_pipe_regs[0].pipe_register/g_shift_register/g_shift.pipe_reg[0][45]
              (rising edge-triggered flip-flop clocked by CLK)
  Endpoint: writeback_if[0].data[45]
            (output port clocked by CLK)
  Path Group: REGOUT
  Path Type: min

  Des/Clust/Port     Wire Load Model       Library
  ------------------------------------------------
  VX_commit          5K_hvratio_1_1        NangateOpenCellLibrary_ss0p95v125c

  Point                                                   Incr       Path
  --------------------------------------------------------------------------
  clock CLK (rise edge)                                   0.00       0.00
  clock network delay (ideal)                             0.00       0.00
  g_commit_arbs[0].commit_arb/g_input_select.g_arbiter.g_out_buf[0].out_buf/g_eb1.pipe_buffer/g_register.g_pipe_regs[0].pipe_register/g_shift_register/g_shift.pipe_reg[0][45]/CK (DFF_X1)
                                                          0.00       0.00 r
  g_commit_arbs[0].commit_arb/g_input_select.g_arbiter.g_out_buf[0].out_buf/g_eb1.pipe_buffer/g_register.g_pipe_regs[0].pipe_register/g_shift_register/g_shift.pipe_reg[0][45]/Q (DFF_X1)
                                                          0.28       0.28 f
  writeback_if[0].data[45] (out)                          0.01       0.29 f
  data arrival time                                                  0.29

  clock CLK (rise edge)                                   0.00       0.00
  clock network delay (ideal)                             0.00       0.00
  clock uncertainty                                       0.05       0.05
  output external delay                                  -1.20      -1.15
  data required time                                                -1.15
  --------------------------------------------------------------------------
  data required time                                                -1.15
  data arrival time                                                 -0.29
  --------------------------------------------------------------------------
  slack (MET)                                                        1.44


  Startpoint: g_commit_arbs[0].commit_arb/g_input_select.g_arbiter.g_out_buf[0].out_buf/g_eb1.pipe_buffer/g_register.g_pipe_regs[0].pipe_register/g_shift_register/g_shift.pipe_reg[0][44]
              (rising edge-triggered flip-flop clocked by CLK)
  Endpoint: writeback_if[0].data[44]
            (output port clocked by CLK)
  Path Group: REGOUT
  Path Type: min

  Des/Clust/Port     Wire Load Model       Library
  ------------------------------------------------
  VX_commit          5K_hvratio_1_1        NangateOpenCellLibrary_ss0p95v125c

  Point                                                   Incr       Path
  --------------------------------------------------------------------------
  clock CLK (rise edge)                                   0.00       0.00
  clock network delay (ideal)                             0.00       0.00
  g_commit_arbs[0].commit_arb/g_input_select.g_arbiter.g_out_buf[0].out_buf/g_eb1.pipe_buffer/g_register.g_pipe_regs[0].pipe_register/g_shift_register/g_shift.pipe_reg[0][44]/CK (DFF_X1)
                                                          0.00       0.00 r
  g_commit_arbs[0].commit_arb/g_input_select.g_arbiter.g_out_buf[0].out_buf/g_eb1.pipe_buffer/g_register.g_pipe_regs[0].pipe_register/g_shift_register/g_shift.pipe_reg[0][44]/Q (DFF_X1)
                                                          0.28       0.28 f
  writeback_if[0].data[44] (out)                          0.01       0.29 f
  data arrival time                                                  0.29

  clock CLK (rise edge)                                   0.00       0.00
  clock network delay (ideal)                             0.00       0.00
  clock uncertainty                                       0.05       0.05
  output external delay                                  -1.20      -1.15
  data required time                                                -1.15
  --------------------------------------------------------------------------
  data required time                                                -1.15
  data arrival time                                                 -0.29
  --------------------------------------------------------------------------
  slack (MET)                                                        1.44


  Startpoint: g_commit_arbs[0].commit_arb/g_input_select.g_arbiter.g_out_buf[0].out_buf/g_eb1.pipe_buffer/g_register.g_pipe_regs[0].pipe_register/g_shift_register/g_shift.pipe_reg[0][43]
              (rising edge-triggered flip-flop clocked by CLK)
  Endpoint: writeback_if[0].data[43]
            (output port clocked by CLK)
  Path Group: REGOUT
  Path Type: min

  Des/Clust/Port     Wire Load Model       Library
  ------------------------------------------------
  VX_commit          5K_hvratio_1_1        NangateOpenCellLibrary_ss0p95v125c

  Point                                                   Incr       Path
  --------------------------------------------------------------------------
  clock CLK (rise edge)                                   0.00       0.00
  clock network delay (ideal)                             0.00       0.00
  g_commit_arbs[0].commit_arb/g_input_select.g_arbiter.g_out_buf[0].out_buf/g_eb1.pipe_buffer/g_register.g_pipe_regs[0].pipe_register/g_shift_register/g_shift.pipe_reg[0][43]/CK (DFF_X1)
                                                          0.00       0.00 r
  g_commit_arbs[0].commit_arb/g_input_select.g_arbiter.g_out_buf[0].out_buf/g_eb1.pipe_buffer/g_register.g_pipe_regs[0].pipe_register/g_shift_register/g_shift.pipe_reg[0][43]/Q (DFF_X1)
                                                          0.28       0.28 f
  writeback_if[0].data[43] (out)                          0.01       0.29 f
  data arrival time                                                  0.29

  clock CLK (rise edge)                                   0.00       0.00
  clock network delay (ideal)                             0.00       0.00
  clock uncertainty                                       0.05       0.05
  output external delay                                  -1.20      -1.15
  data required time                                                -1.15
  --------------------------------------------------------------------------
  data required time                                                -1.15
  data arrival time                                                 -0.29
  --------------------------------------------------------------------------
  slack (MET)                                                        1.44


  Startpoint: g_commit_arbs[0].commit_arb/g_input_select.g_arbiter.g_out_buf[0].out_buf/g_eb1.pipe_buffer/g_register.g_pipe_regs[0].pipe_register/g_shift_register/g_shift.pipe_reg[0][42]
              (rising edge-triggered flip-flop clocked by CLK)
  Endpoint: writeback_if[0].data[42]
            (output port clocked by CLK)
  Path Group: REGOUT
  Path Type: min

  Des/Clust/Port     Wire Load Model       Library
  ------------------------------------------------
  VX_commit          5K_hvratio_1_1        NangateOpenCellLibrary_ss0p95v125c

  Point                                                   Incr       Path
  --------------------------------------------------------------------------
  clock CLK (rise edge)                                   0.00       0.00
  clock network delay (ideal)                             0.00       0.00
  g_commit_arbs[0].commit_arb/g_input_select.g_arbiter.g_out_buf[0].out_buf/g_eb1.pipe_buffer/g_register.g_pipe_regs[0].pipe_register/g_shift_register/g_shift.pipe_reg[0][42]/CK (DFF_X1)
                                                          0.00       0.00 r
  g_commit_arbs[0].commit_arb/g_input_select.g_arbiter.g_out_buf[0].out_buf/g_eb1.pipe_buffer/g_register.g_pipe_regs[0].pipe_register/g_shift_register/g_shift.pipe_reg[0][42]/Q (DFF_X1)
                                                          0.28       0.28 f
  writeback_if[0].data[42] (out)                          0.01       0.29 f
  data arrival time                                                  0.29

  clock CLK (rise edge)                                   0.00       0.00
  clock network delay (ideal)                             0.00       0.00
  clock uncertainty                                       0.05       0.05
  output external delay                                  -1.20      -1.15
  data required time                                                -1.15
  --------------------------------------------------------------------------
  data required time                                                -1.15
  data arrival time                                                 -0.29
  --------------------------------------------------------------------------
  slack (MET)                                                        1.44


  Startpoint: g_commit_arbs[0].commit_arb/g_input_select.g_arbiter.g_out_buf[0].out_buf/g_eb1.pipe_buffer/g_register.g_pipe_regs[0].pipe_register/g_shift_register/g_shift.pipe_reg[0][41]
              (rising edge-triggered flip-flop clocked by CLK)
  Endpoint: writeback_if[0].data[41]
            (output port clocked by CLK)
  Path Group: REGOUT
  Path Type: min

  Des/Clust/Port     Wire Load Model       Library
  ------------------------------------------------
  VX_commit          5K_hvratio_1_1        NangateOpenCellLibrary_ss0p95v125c

  Point                                                   Incr       Path
  --------------------------------------------------------------------------
  clock CLK (rise edge)                                   0.00       0.00
  clock network delay (ideal)                             0.00       0.00
  g_commit_arbs[0].commit_arb/g_input_select.g_arbiter.g_out_buf[0].out_buf/g_eb1.pipe_buffer/g_register.g_pipe_regs[0].pipe_register/g_shift_register/g_shift.pipe_reg[0][41]/CK (DFF_X1)
                                                          0.00       0.00 r
  g_commit_arbs[0].commit_arb/g_input_select.g_arbiter.g_out_buf[0].out_buf/g_eb1.pipe_buffer/g_register.g_pipe_regs[0].pipe_register/g_shift_register/g_shift.pipe_reg[0][41]/Q (DFF_X1)
                                                          0.28       0.28 f
  writeback_if[0].data[41] (out)                          0.01       0.29 f
  data arrival time                                                  0.29

  clock CLK (rise edge)                                   0.00       0.00
  clock network delay (ideal)                             0.00       0.00
  clock uncertainty                                       0.05       0.05
  output external delay                                  -1.20      -1.15
  data required time                                                -1.15
  --------------------------------------------------------------------------
  data required time                                                -1.15
  data arrival time                                                 -0.29
  --------------------------------------------------------------------------
  slack (MET)                                                        1.44


  Startpoint: g_commit_arbs[0].commit_arb/g_input_select.g_arbiter.g_out_buf[0].out_buf/g_eb1.pipe_buffer/g_register.g_pipe_regs[0].pipe_register/g_shift_register/g_shift.pipe_reg[0][40]
              (rising edge-triggered flip-flop clocked by CLK)
  Endpoint: writeback_if[0].data[40]
            (output port clocked by CLK)
  Path Group: REGOUT
  Path Type: min

  Des/Clust/Port     Wire Load Model       Library
  ------------------------------------------------
  VX_commit          5K_hvratio_1_1        NangateOpenCellLibrary_ss0p95v125c

  Point                                                   Incr       Path
  --------------------------------------------------------------------------
  clock CLK (rise edge)                                   0.00       0.00
  clock network delay (ideal)                             0.00       0.00
  g_commit_arbs[0].commit_arb/g_input_select.g_arbiter.g_out_buf[0].out_buf/g_eb1.pipe_buffer/g_register.g_pipe_regs[0].pipe_register/g_shift_register/g_shift.pipe_reg[0][40]/CK (DFF_X1)
                                                          0.00       0.00 r
  g_commit_arbs[0].commit_arb/g_input_select.g_arbiter.g_out_buf[0].out_buf/g_eb1.pipe_buffer/g_register.g_pipe_regs[0].pipe_register/g_shift_register/g_shift.pipe_reg[0][40]/Q (DFF_X1)
                                                          0.28       0.28 f
  writeback_if[0].data[40] (out)                          0.01       0.29 f
  data arrival time                                                  0.29

  clock CLK (rise edge)                                   0.00       0.00
  clock network delay (ideal)                             0.00       0.00
  clock uncertainty                                       0.05       0.05
  output external delay                                  -1.20      -1.15
  data required time                                                -1.15
  --------------------------------------------------------------------------
  data required time                                                -1.15
  data arrival time                                                 -0.29
  --------------------------------------------------------------------------
  slack (MET)                                                        1.44


  Startpoint: g_commit_arbs[0].commit_arb/g_input_select.g_arbiter.g_out_buf[0].out_buf/g_eb1.pipe_buffer/g_register.g_pipe_regs[0].pipe_register/g_shift_register/g_shift.pipe_reg[0][39]
              (rising edge-triggered flip-flop clocked by CLK)
  Endpoint: writeback_if[0].data[39]
            (output port clocked by CLK)
  Path Group: REGOUT
  Path Type: min

  Des/Clust/Port     Wire Load Model       Library
  ------------------------------------------------
  VX_commit          5K_hvratio_1_1        NangateOpenCellLibrary_ss0p95v125c

  Point                                                   Incr       Path
  --------------------------------------------------------------------------
  clock CLK (rise edge)                                   0.00       0.00
  clock network delay (ideal)                             0.00       0.00
  g_commit_arbs[0].commit_arb/g_input_select.g_arbiter.g_out_buf[0].out_buf/g_eb1.pipe_buffer/g_register.g_pipe_regs[0].pipe_register/g_shift_register/g_shift.pipe_reg[0][39]/CK (DFF_X1)
                                                          0.00       0.00 r
  g_commit_arbs[0].commit_arb/g_input_select.g_arbiter.g_out_buf[0].out_buf/g_eb1.pipe_buffer/g_register.g_pipe_regs[0].pipe_register/g_shift_register/g_shift.pipe_reg[0][39]/Q (DFF_X1)
                                                          0.28       0.28 f
  writeback_if[0].data[39] (out)                          0.01       0.29 f
  data arrival time                                                  0.29

  clock CLK (rise edge)                                   0.00       0.00
  clock network delay (ideal)                             0.00       0.00
  clock uncertainty                                       0.05       0.05
  output external delay                                  -1.20      -1.15
  data required time                                                -1.15
  --------------------------------------------------------------------------
  data required time                                                -1.15
  data arrival time                                                 -0.29
  --------------------------------------------------------------------------
  slack (MET)                                                        1.44


  Startpoint: g_commit_arbs[0].commit_arb/g_input_select.g_arbiter.g_out_buf[0].out_buf/g_eb1.pipe_buffer/g_register.g_pipe_regs[0].pipe_register/g_shift_register/g_shift.pipe_reg[0][38]
              (rising edge-triggered flip-flop clocked by CLK)
  Endpoint: writeback_if[0].data[38]
            (output port clocked by CLK)
  Path Group: REGOUT
  Path Type: min

  Des/Clust/Port     Wire Load Model       Library
  ------------------------------------------------
  VX_commit          5K_hvratio_1_1        NangateOpenCellLibrary_ss0p95v125c

  Point                                                   Incr       Path
  --------------------------------------------------------------------------
  clock CLK (rise edge)                                   0.00       0.00
  clock network delay (ideal)                             0.00       0.00
  g_commit_arbs[0].commit_arb/g_input_select.g_arbiter.g_out_buf[0].out_buf/g_eb1.pipe_buffer/g_register.g_pipe_regs[0].pipe_register/g_shift_register/g_shift.pipe_reg[0][38]/CK (DFF_X1)
                                                          0.00       0.00 r
  g_commit_arbs[0].commit_arb/g_input_select.g_arbiter.g_out_buf[0].out_buf/g_eb1.pipe_buffer/g_register.g_pipe_regs[0].pipe_register/g_shift_register/g_shift.pipe_reg[0][38]/Q (DFF_X1)
                                                          0.28       0.28 f
  writeback_if[0].data[38] (out)                          0.01       0.29 f
  data arrival time                                                  0.29

  clock CLK (rise edge)                                   0.00       0.00
  clock network delay (ideal)                             0.00       0.00
  clock uncertainty                                       0.05       0.05
  output external delay                                  -1.20      -1.15
  data required time                                                -1.15
  --------------------------------------------------------------------------
  data required time                                                -1.15
  data arrival time                                                 -0.29
  --------------------------------------------------------------------------
  slack (MET)                                                        1.44


  Startpoint: g_commit_arbs[0].commit_arb/g_input_select.g_arbiter.g_out_buf[0].out_buf/g_eb1.pipe_buffer/g_register.g_pipe_regs[0].pipe_register/g_shift_register/g_shift.pipe_reg[0][37]
              (rising edge-triggered flip-flop clocked by CLK)
  Endpoint: writeback_if[0].data[37]
            (output port clocked by CLK)
  Path Group: REGOUT
  Path Type: min

  Des/Clust/Port     Wire Load Model       Library
  ------------------------------------------------
  VX_commit          5K_hvratio_1_1        NangateOpenCellLibrary_ss0p95v125c

  Point                                                   Incr       Path
  --------------------------------------------------------------------------
  clock CLK (rise edge)                                   0.00       0.00
  clock network delay (ideal)                             0.00       0.00
  g_commit_arbs[0].commit_arb/g_input_select.g_arbiter.g_out_buf[0].out_buf/g_eb1.pipe_buffer/g_register.g_pipe_regs[0].pipe_register/g_shift_register/g_shift.pipe_reg[0][37]/CK (DFF_X1)
                                                          0.00       0.00 r
  g_commit_arbs[0].commit_arb/g_input_select.g_arbiter.g_out_buf[0].out_buf/g_eb1.pipe_buffer/g_register.g_pipe_regs[0].pipe_register/g_shift_register/g_shift.pipe_reg[0][37]/Q (DFF_X1)
                                                          0.28       0.28 f
  writeback_if[0].data[37] (out)                          0.01       0.29 f
  data arrival time                                                  0.29

  clock CLK (rise edge)                                   0.00       0.00
  clock network delay (ideal)                             0.00       0.00
  clock uncertainty                                       0.05       0.05
  output external delay                                  -1.20      -1.15
  data required time                                                -1.15
  --------------------------------------------------------------------------
  data required time                                                -1.15
  data arrival time                                                 -0.29
  --------------------------------------------------------------------------
  slack (MET)                                                        1.44


  Startpoint: g_commit_arbs[0].commit_arb/g_input_select.g_arbiter.g_out_buf[0].out_buf/g_eb1.pipe_buffer/g_register.g_pipe_regs[0].pipe_register/g_shift_register/g_shift.pipe_reg[0][36]
              (rising edge-triggered flip-flop clocked by CLK)
  Endpoint: writeback_if[0].data[36]
            (output port clocked by CLK)
  Path Group: REGOUT
  Path Type: min

  Des/Clust/Port     Wire Load Model       Library
  ------------------------------------------------
  VX_commit          5K_hvratio_1_1        NangateOpenCellLibrary_ss0p95v125c

  Point                                                   Incr       Path
  --------------------------------------------------------------------------
  clock CLK (rise edge)                                   0.00       0.00
  clock network delay (ideal)                             0.00       0.00
  g_commit_arbs[0].commit_arb/g_input_select.g_arbiter.g_out_buf[0].out_buf/g_eb1.pipe_buffer/g_register.g_pipe_regs[0].pipe_register/g_shift_register/g_shift.pipe_reg[0][36]/CK (DFF_X1)
                                                          0.00       0.00 r
  g_commit_arbs[0].commit_arb/g_input_select.g_arbiter.g_out_buf[0].out_buf/g_eb1.pipe_buffer/g_register.g_pipe_regs[0].pipe_register/g_shift_register/g_shift.pipe_reg[0][36]/Q (DFF_X1)
                                                          0.28       0.28 f
  writeback_if[0].data[36] (out)                          0.01       0.29 f
  data arrival time                                                  0.29

  clock CLK (rise edge)                                   0.00       0.00
  clock network delay (ideal)                             0.00       0.00
  clock uncertainty                                       0.05       0.05
  output external delay                                  -1.20      -1.15
  data required time                                                -1.15
  --------------------------------------------------------------------------
  data required time                                                -1.15
  data arrival time                                                 -0.29
  --------------------------------------------------------------------------
  slack (MET)                                                        1.44


  Startpoint: g_commit_arbs[0].commit_arb/g_input_select.g_arbiter.g_out_buf[0].out_buf/g_eb1.pipe_buffer/g_register.g_pipe_regs[0].pipe_register/g_shift_register/g_shift.pipe_reg[0][35]
              (rising edge-triggered flip-flop clocked by CLK)
  Endpoint: writeback_if[0].data[35]
            (output port clocked by CLK)
  Path Group: REGOUT
  Path Type: min

  Des/Clust/Port     Wire Load Model       Library
  ------------------------------------------------
  VX_commit          5K_hvratio_1_1        NangateOpenCellLibrary_ss0p95v125c

  Point                                                   Incr       Path
  --------------------------------------------------------------------------
  clock CLK (rise edge)                                   0.00       0.00
  clock network delay (ideal)                             0.00       0.00
  g_commit_arbs[0].commit_arb/g_input_select.g_arbiter.g_out_buf[0].out_buf/g_eb1.pipe_buffer/g_register.g_pipe_regs[0].pipe_register/g_shift_register/g_shift.pipe_reg[0][35]/CK (DFF_X1)
                                                          0.00       0.00 r
  g_commit_arbs[0].commit_arb/g_input_select.g_arbiter.g_out_buf[0].out_buf/g_eb1.pipe_buffer/g_register.g_pipe_regs[0].pipe_register/g_shift_register/g_shift.pipe_reg[0][35]/Q (DFF_X1)
                                                          0.28       0.28 f
  writeback_if[0].data[35] (out)                          0.01       0.29 f
  data arrival time                                                  0.29

  clock CLK (rise edge)                                   0.00       0.00
  clock network delay (ideal)                             0.00       0.00
  clock uncertainty                                       0.05       0.05
  output external delay                                  -1.20      -1.15
  data required time                                                -1.15
  --------------------------------------------------------------------------
  data required time                                                -1.15
  data arrival time                                                 -0.29
  --------------------------------------------------------------------------
  slack (MET)                                                        1.44


  Startpoint: g_commit_arbs[0].commit_arb/g_input_select.g_arbiter.g_out_buf[0].out_buf/g_eb1.pipe_buffer/g_register.g_pipe_regs[0].pipe_register/g_shift_register/g_shift.pipe_reg[0][34]
              (rising edge-triggered flip-flop clocked by CLK)
  Endpoint: writeback_if[0].data[34]
            (output port clocked by CLK)
  Path Group: REGOUT
  Path Type: min

  Des/Clust/Port     Wire Load Model       Library
  ------------------------------------------------
  VX_commit          5K_hvratio_1_1        NangateOpenCellLibrary_ss0p95v125c

  Point                                                   Incr       Path
  --------------------------------------------------------------------------
  clock CLK (rise edge)                                   0.00       0.00
  clock network delay (ideal)                             0.00       0.00
  g_commit_arbs[0].commit_arb/g_input_select.g_arbiter.g_out_buf[0].out_buf/g_eb1.pipe_buffer/g_register.g_pipe_regs[0].pipe_register/g_shift_register/g_shift.pipe_reg[0][34]/CK (DFF_X1)
                                                          0.00       0.00 r
  g_commit_arbs[0].commit_arb/g_input_select.g_arbiter.g_out_buf[0].out_buf/g_eb1.pipe_buffer/g_register.g_pipe_regs[0].pipe_register/g_shift_register/g_shift.pipe_reg[0][34]/Q (DFF_X1)
                                                          0.28       0.28 f
  writeback_if[0].data[34] (out)                          0.01       0.29 f
  data arrival time                                                  0.29

  clock CLK (rise edge)                                   0.00       0.00
  clock network delay (ideal)                             0.00       0.00
  clock uncertainty                                       0.05       0.05
  output external delay                                  -1.20      -1.15
  data required time                                                -1.15
  --------------------------------------------------------------------------
  data required time                                                -1.15
  data arrival time                                                 -0.29
  --------------------------------------------------------------------------
  slack (MET)                                                        1.44


  Startpoint: g_commit_arbs[0].commit_arb/g_input_select.g_arbiter.g_out_buf[0].out_buf/g_eb1.pipe_buffer/g_register.g_pipe_regs[0].pipe_register/g_shift_register/g_shift.pipe_reg[0][33]
              (rising edge-triggered flip-flop clocked by CLK)
  Endpoint: writeback_if[0].data[33]
            (output port clocked by CLK)
  Path Group: REGOUT
  Path Type: min

  Des/Clust/Port     Wire Load Model       Library
  ------------------------------------------------
  VX_commit          5K_hvratio_1_1        NangateOpenCellLibrary_ss0p95v125c

  Point                                                   Incr       Path
  --------------------------------------------------------------------------
  clock CLK (rise edge)                                   0.00       0.00
  clock network delay (ideal)                             0.00       0.00
  g_commit_arbs[0].commit_arb/g_input_select.g_arbiter.g_out_buf[0].out_buf/g_eb1.pipe_buffer/g_register.g_pipe_regs[0].pipe_register/g_shift_register/g_shift.pipe_reg[0][33]/CK (DFF_X1)
                                                          0.00       0.00 r
  g_commit_arbs[0].commit_arb/g_input_select.g_arbiter.g_out_buf[0].out_buf/g_eb1.pipe_buffer/g_register.g_pipe_regs[0].pipe_register/g_shift_register/g_shift.pipe_reg[0][33]/Q (DFF_X1)
                                                          0.28       0.28 f
  writeback_if[0].data[33] (out)                          0.01       0.29 f
  data arrival time                                                  0.29

  clock CLK (rise edge)                                   0.00       0.00
  clock network delay (ideal)                             0.00       0.00
  clock uncertainty                                       0.05       0.05
  output external delay                                  -1.20      -1.15
  data required time                                                -1.15
  --------------------------------------------------------------------------
  data required time                                                -1.15
  data arrival time                                                 -0.29
  --------------------------------------------------------------------------
  slack (MET)                                                        1.44


  Startpoint: g_commit_arbs[0].commit_arb/g_input_select.g_arbiter.g_out_buf[0].out_buf/g_eb1.pipe_buffer/g_register.g_pipe_regs[0].pipe_register/g_shift_register/g_shift.pipe_reg[0][32]
              (rising edge-triggered flip-flop clocked by CLK)
  Endpoint: writeback_if[0].data[32]
            (output port clocked by CLK)
  Path Group: REGOUT
  Path Type: min

  Des/Clust/Port     Wire Load Model       Library
  ------------------------------------------------
  VX_commit          5K_hvratio_1_1        NangateOpenCellLibrary_ss0p95v125c

  Point                                                   Incr       Path
  --------------------------------------------------------------------------
  clock CLK (rise edge)                                   0.00       0.00
  clock network delay (ideal)                             0.00       0.00
  g_commit_arbs[0].commit_arb/g_input_select.g_arbiter.g_out_buf[0].out_buf/g_eb1.pipe_buffer/g_register.g_pipe_regs[0].pipe_register/g_shift_register/g_shift.pipe_reg[0][32]/CK (DFF_X1)
                                                          0.00       0.00 r
  g_commit_arbs[0].commit_arb/g_input_select.g_arbiter.g_out_buf[0].out_buf/g_eb1.pipe_buffer/g_register.g_pipe_regs[0].pipe_register/g_shift_register/g_shift.pipe_reg[0][32]/Q (DFF_X1)
                                                          0.28       0.28 f
  writeback_if[0].data[32] (out)                          0.01       0.29 f
  data arrival time                                                  0.29

  clock CLK (rise edge)                                   0.00       0.00
  clock network delay (ideal)                             0.00       0.00
  clock uncertainty                                       0.05       0.05
  output external delay                                  -1.20      -1.15
  data required time                                                -1.15
  --------------------------------------------------------------------------
  data required time                                                -1.15
  data arrival time                                                 -0.29
  --------------------------------------------------------------------------
  slack (MET)                                                        1.44


  Startpoint: g_commit_arbs[0].commit_arb/g_input_select.g_arbiter.g_out_buf[0].out_buf/g_eb1.pipe_buffer/g_register.g_pipe_regs[0].pipe_register/g_shift_register/g_shift.pipe_reg[0][31]
              (rising edge-triggered flip-flop clocked by CLK)
  Endpoint: writeback_if[0].data[31]
            (output port clocked by CLK)
  Path Group: REGOUT
  Path Type: min

  Des/Clust/Port     Wire Load Model       Library
  ------------------------------------------------
  VX_commit          5K_hvratio_1_1        NangateOpenCellLibrary_ss0p95v125c

  Point                                                   Incr       Path
  --------------------------------------------------------------------------
  clock CLK (rise edge)                                   0.00       0.00
  clock network delay (ideal)                             0.00       0.00
  g_commit_arbs[0].commit_arb/g_input_select.g_arbiter.g_out_buf[0].out_buf/g_eb1.pipe_buffer/g_register.g_pipe_regs[0].pipe_register/g_shift_register/g_shift.pipe_reg[0][31]/CK (DFF_X1)
                                                          0.00       0.00 r
  g_commit_arbs[0].commit_arb/g_input_select.g_arbiter.g_out_buf[0].out_buf/g_eb1.pipe_buffer/g_register.g_pipe_regs[0].pipe_register/g_shift_register/g_shift.pipe_reg[0][31]/Q (DFF_X1)
                                                          0.28       0.28 f
  writeback_if[0].data[31] (out)                          0.01       0.29 f
  data arrival time                                                  0.29

  clock CLK (rise edge)                                   0.00       0.00
  clock network delay (ideal)                             0.00       0.00
  clock uncertainty                                       0.05       0.05
  output external delay                                  -1.20      -1.15
  data required time                                                -1.15
  --------------------------------------------------------------------------
  data required time                                                -1.15
  data arrival time                                                 -0.29
  --------------------------------------------------------------------------
  slack (MET)                                                        1.44


  Startpoint: g_commit_arbs[0].commit_arb/g_input_select.g_arbiter.g_out_buf[0].out_buf/g_eb1.pipe_buffer/g_register.g_pipe_regs[0].pipe_register/g_shift_register/g_shift.pipe_reg[0][30]
              (rising edge-triggered flip-flop clocked by CLK)
  Endpoint: writeback_if[0].data[30]
            (output port clocked by CLK)
  Path Group: REGOUT
  Path Type: min

  Des/Clust/Port     Wire Load Model       Library
  ------------------------------------------------
  VX_commit          5K_hvratio_1_1        NangateOpenCellLibrary_ss0p95v125c

  Point                                                   Incr       Path
  --------------------------------------------------------------------------
  clock CLK (rise edge)                                   0.00       0.00
  clock network delay (ideal)                             0.00       0.00
  g_commit_arbs[0].commit_arb/g_input_select.g_arbiter.g_out_buf[0].out_buf/g_eb1.pipe_buffer/g_register.g_pipe_regs[0].pipe_register/g_shift_register/g_shift.pipe_reg[0][30]/CK (DFF_X1)
                                                          0.00       0.00 r
  g_commit_arbs[0].commit_arb/g_input_select.g_arbiter.g_out_buf[0].out_buf/g_eb1.pipe_buffer/g_register.g_pipe_regs[0].pipe_register/g_shift_register/g_shift.pipe_reg[0][30]/Q (DFF_X1)
                                                          0.28       0.28 f
  writeback_if[0].data[30] (out)                          0.01       0.29 f
  data arrival time                                                  0.29

  clock CLK (rise edge)                                   0.00       0.00
  clock network delay (ideal)                             0.00       0.00
  clock uncertainty                                       0.05       0.05
  output external delay                                  -1.20      -1.15
  data required time                                                -1.15
  --------------------------------------------------------------------------
  data required time                                                -1.15
  data arrival time                                                 -0.29
  --------------------------------------------------------------------------
  slack (MET)                                                        1.44


  Startpoint: g_commit_arbs[0].commit_arb/g_input_select.g_arbiter.g_out_buf[0].out_buf/g_eb1.pipe_buffer/g_register.g_pipe_regs[0].pipe_register/g_shift_register/g_shift.pipe_reg[0][29]
              (rising edge-triggered flip-flop clocked by CLK)
  Endpoint: writeback_if[0].data[29]
            (output port clocked by CLK)
  Path Group: REGOUT
  Path Type: min

  Des/Clust/Port     Wire Load Model       Library
  ------------------------------------------------
  VX_commit          5K_hvratio_1_1        NangateOpenCellLibrary_ss0p95v125c

  Point                                                   Incr       Path
  --------------------------------------------------------------------------
  clock CLK (rise edge)                                   0.00       0.00
  clock network delay (ideal)                             0.00       0.00
  g_commit_arbs[0].commit_arb/g_input_select.g_arbiter.g_out_buf[0].out_buf/g_eb1.pipe_buffer/g_register.g_pipe_regs[0].pipe_register/g_shift_register/g_shift.pipe_reg[0][29]/CK (DFF_X1)
                                                          0.00       0.00 r
  g_commit_arbs[0].commit_arb/g_input_select.g_arbiter.g_out_buf[0].out_buf/g_eb1.pipe_buffer/g_register.g_pipe_regs[0].pipe_register/g_shift_register/g_shift.pipe_reg[0][29]/Q (DFF_X1)
                                                          0.28       0.28 f
  writeback_if[0].data[29] (out)                          0.01       0.29 f
  data arrival time                                                  0.29

  clock CLK (rise edge)                                   0.00       0.00
  clock network delay (ideal)                             0.00       0.00
  clock uncertainty                                       0.05       0.05
  output external delay                                  -1.20      -1.15
  data required time                                                -1.15
  --------------------------------------------------------------------------
  data required time                                                -1.15
  data arrival time                                                 -0.29
  --------------------------------------------------------------------------
  slack (MET)                                                        1.44


  Startpoint: g_commit_arbs[0].commit_arb/g_input_select.g_arbiter.g_out_buf[0].out_buf/g_eb1.pipe_buffer/g_register.g_pipe_regs[0].pipe_register/g_shift_register/g_shift.pipe_reg[0][28]
              (rising edge-triggered flip-flop clocked by CLK)
  Endpoint: writeback_if[0].data[28]
            (output port clocked by CLK)
  Path Group: REGOUT
  Path Type: min

  Des/Clust/Port     Wire Load Model       Library
  ------------------------------------------------
  VX_commit          5K_hvratio_1_1        NangateOpenCellLibrary_ss0p95v125c

  Point                                                   Incr       Path
  --------------------------------------------------------------------------
  clock CLK (rise edge)                                   0.00       0.00
  clock network delay (ideal)                             0.00       0.00
  g_commit_arbs[0].commit_arb/g_input_select.g_arbiter.g_out_buf[0].out_buf/g_eb1.pipe_buffer/g_register.g_pipe_regs[0].pipe_register/g_shift_register/g_shift.pipe_reg[0][28]/CK (DFF_X1)
                                                          0.00       0.00 r
  g_commit_arbs[0].commit_arb/g_input_select.g_arbiter.g_out_buf[0].out_buf/g_eb1.pipe_buffer/g_register.g_pipe_regs[0].pipe_register/g_shift_register/g_shift.pipe_reg[0][28]/Q (DFF_X1)
                                                          0.28       0.28 f
  writeback_if[0].data[28] (out)                          0.01       0.29 f
  data arrival time                                                  0.29

  clock CLK (rise edge)                                   0.00       0.00
  clock network delay (ideal)                             0.00       0.00
  clock uncertainty                                       0.05       0.05
  output external delay                                  -1.20      -1.15
  data required time                                                -1.15
  --------------------------------------------------------------------------
  data required time                                                -1.15
  data arrival time                                                 -0.29
  --------------------------------------------------------------------------
  slack (MET)                                                        1.44


  Startpoint: g_commit_arbs[0].commit_arb/g_input_select.g_arbiter.g_out_buf[0].out_buf/g_eb1.pipe_buffer/g_register.g_pipe_regs[0].pipe_register/g_shift_register/g_shift.pipe_reg[0][27]
              (rising edge-triggered flip-flop clocked by CLK)
  Endpoint: writeback_if[0].data[27]
            (output port clocked by CLK)
  Path Group: REGOUT
  Path Type: min

  Des/Clust/Port     Wire Load Model       Library
  ------------------------------------------------
  VX_commit          5K_hvratio_1_1        NangateOpenCellLibrary_ss0p95v125c

  Point                                                   Incr       Path
  --------------------------------------------------------------------------
  clock CLK (rise edge)                                   0.00       0.00
  clock network delay (ideal)                             0.00       0.00
  g_commit_arbs[0].commit_arb/g_input_select.g_arbiter.g_out_buf[0].out_buf/g_eb1.pipe_buffer/g_register.g_pipe_regs[0].pipe_register/g_shift_register/g_shift.pipe_reg[0][27]/CK (DFF_X1)
                                                          0.00       0.00 r
  g_commit_arbs[0].commit_arb/g_input_select.g_arbiter.g_out_buf[0].out_buf/g_eb1.pipe_buffer/g_register.g_pipe_regs[0].pipe_register/g_shift_register/g_shift.pipe_reg[0][27]/Q (DFF_X1)
                                                          0.28       0.28 f
  writeback_if[0].data[27] (out)                          0.01       0.29 f
  data arrival time                                                  0.29

  clock CLK (rise edge)                                   0.00       0.00
  clock network delay (ideal)                             0.00       0.00
  clock uncertainty                                       0.05       0.05
  output external delay                                  -1.20      -1.15
  data required time                                                -1.15
  --------------------------------------------------------------------------
  data required time                                                -1.15
  data arrival time                                                 -0.29
  --------------------------------------------------------------------------
  slack (MET)                                                        1.44


  Startpoint: g_commit_arbs[0].commit_arb/g_input_select.g_arbiter.g_out_buf[0].out_buf/g_eb1.pipe_buffer/g_register.g_pipe_regs[0].pipe_register/g_shift_register/g_shift.pipe_reg[0][26]
              (rising edge-triggered flip-flop clocked by CLK)
  Endpoint: writeback_if[0].data[26]
            (output port clocked by CLK)
  Path Group: REGOUT
  Path Type: min

  Des/Clust/Port     Wire Load Model       Library
  ------------------------------------------------
  VX_commit          5K_hvratio_1_1        NangateOpenCellLibrary_ss0p95v125c

  Point                                                   Incr       Path
  --------------------------------------------------------------------------
  clock CLK (rise edge)                                   0.00       0.00
  clock network delay (ideal)                             0.00       0.00
  g_commit_arbs[0].commit_arb/g_input_select.g_arbiter.g_out_buf[0].out_buf/g_eb1.pipe_buffer/g_register.g_pipe_regs[0].pipe_register/g_shift_register/g_shift.pipe_reg[0][26]/CK (DFF_X1)
                                                          0.00       0.00 r
  g_commit_arbs[0].commit_arb/g_input_select.g_arbiter.g_out_buf[0].out_buf/g_eb1.pipe_buffer/g_register.g_pipe_regs[0].pipe_register/g_shift_register/g_shift.pipe_reg[0][26]/Q (DFF_X1)
                                                          0.28       0.28 f
  writeback_if[0].data[26] (out)                          0.01       0.29 f
  data arrival time                                                  0.29

  clock CLK (rise edge)                                   0.00       0.00
  clock network delay (ideal)                             0.00       0.00
  clock uncertainty                                       0.05       0.05
  output external delay                                  -1.20      -1.15
  data required time                                                -1.15
  --------------------------------------------------------------------------
  data required time                                                -1.15
  data arrival time                                                 -0.29
  --------------------------------------------------------------------------
  slack (MET)                                                        1.44


  Startpoint: g_commit_arbs[0].commit_arb/g_input_select.g_arbiter.g_out_buf[0].out_buf/g_eb1.pipe_buffer/g_register.g_pipe_regs[0].pipe_register/g_shift_register/g_shift.pipe_reg[0][25]
              (rising edge-triggered flip-flop clocked by CLK)
  Endpoint: writeback_if[0].data[25]
            (output port clocked by CLK)
  Path Group: REGOUT
  Path Type: min

  Des/Clust/Port     Wire Load Model       Library
  ------------------------------------------------
  VX_commit          5K_hvratio_1_1        NangateOpenCellLibrary_ss0p95v125c

  Point                                                   Incr       Path
  --------------------------------------------------------------------------
  clock CLK (rise edge)                                   0.00       0.00
  clock network delay (ideal)                             0.00       0.00
  g_commit_arbs[0].commit_arb/g_input_select.g_arbiter.g_out_buf[0].out_buf/g_eb1.pipe_buffer/g_register.g_pipe_regs[0].pipe_register/g_shift_register/g_shift.pipe_reg[0][25]/CK (DFF_X1)
                                                          0.00       0.00 r
  g_commit_arbs[0].commit_arb/g_input_select.g_arbiter.g_out_buf[0].out_buf/g_eb1.pipe_buffer/g_register.g_pipe_regs[0].pipe_register/g_shift_register/g_shift.pipe_reg[0][25]/Q (DFF_X1)
                                                          0.28       0.28 f
  writeback_if[0].data[25] (out)                          0.01       0.29 f
  data arrival time                                                  0.29

  clock CLK (rise edge)                                   0.00       0.00
  clock network delay (ideal)                             0.00       0.00
  clock uncertainty                                       0.05       0.05
  output external delay                                  -1.20      -1.15
  data required time                                                -1.15
  --------------------------------------------------------------------------
  data required time                                                -1.15
  data arrival time                                                 -0.29
  --------------------------------------------------------------------------
  slack (MET)                                                        1.44


  Startpoint: g_commit_arbs[0].commit_arb/g_input_select.g_arbiter.g_out_buf[0].out_buf/g_eb1.pipe_buffer/g_register.g_pipe_regs[0].pipe_register/g_shift_register/g_shift.pipe_reg[0][24]
              (rising edge-triggered flip-flop clocked by CLK)
  Endpoint: writeback_if[0].data[24]
            (output port clocked by CLK)
  Path Group: REGOUT
  Path Type: min

  Des/Clust/Port     Wire Load Model       Library
  ------------------------------------------------
  VX_commit          5K_hvratio_1_1        NangateOpenCellLibrary_ss0p95v125c

  Point                                                   Incr       Path
  --------------------------------------------------------------------------
  clock CLK (rise edge)                                   0.00       0.00
  clock network delay (ideal)                             0.00       0.00
  g_commit_arbs[0].commit_arb/g_input_select.g_arbiter.g_out_buf[0].out_buf/g_eb1.pipe_buffer/g_register.g_pipe_regs[0].pipe_register/g_shift_register/g_shift.pipe_reg[0][24]/CK (DFF_X1)
                                                          0.00       0.00 r
  g_commit_arbs[0].commit_arb/g_input_select.g_arbiter.g_out_buf[0].out_buf/g_eb1.pipe_buffer/g_register.g_pipe_regs[0].pipe_register/g_shift_register/g_shift.pipe_reg[0][24]/Q (DFF_X1)
                                                          0.28       0.28 f
  writeback_if[0].data[24] (out)                          0.01       0.29 f
  data arrival time                                                  0.29

  clock CLK (rise edge)                                   0.00       0.00
  clock network delay (ideal)                             0.00       0.00
  clock uncertainty                                       0.05       0.05
  output external delay                                  -1.20      -1.15
  data required time                                                -1.15
  --------------------------------------------------------------------------
  data required time                                                -1.15
  data arrival time                                                 -0.29
  --------------------------------------------------------------------------
  slack (MET)                                                        1.44


  Startpoint: g_commit_arbs[0].commit_arb/g_input_select.g_arbiter.g_out_buf[0].out_buf/g_eb1.pipe_buffer/g_register.g_pipe_regs[0].pipe_register/g_shift_register/g_shift.pipe_reg[0][23]
              (rising edge-triggered flip-flop clocked by CLK)
  Endpoint: writeback_if[0].data[23]
            (output port clocked by CLK)
  Path Group: REGOUT
  Path Type: min

  Des/Clust/Port     Wire Load Model       Library
  ------------------------------------------------
  VX_commit          5K_hvratio_1_1        NangateOpenCellLibrary_ss0p95v125c

  Point                                                   Incr       Path
  --------------------------------------------------------------------------
  clock CLK (rise edge)                                   0.00       0.00
  clock network delay (ideal)                             0.00       0.00
  g_commit_arbs[0].commit_arb/g_input_select.g_arbiter.g_out_buf[0].out_buf/g_eb1.pipe_buffer/g_register.g_pipe_regs[0].pipe_register/g_shift_register/g_shift.pipe_reg[0][23]/CK (DFF_X1)
                                                          0.00       0.00 r
  g_commit_arbs[0].commit_arb/g_input_select.g_arbiter.g_out_buf[0].out_buf/g_eb1.pipe_buffer/g_register.g_pipe_regs[0].pipe_register/g_shift_register/g_shift.pipe_reg[0][23]/Q (DFF_X1)
                                                          0.28       0.28 f
  writeback_if[0].data[23] (out)                          0.01       0.29 f
  data arrival time                                                  0.29

  clock CLK (rise edge)                                   0.00       0.00
  clock network delay (ideal)                             0.00       0.00
  clock uncertainty                                       0.05       0.05
  output external delay                                  -1.20      -1.15
  data required time                                                -1.15
  --------------------------------------------------------------------------
  data required time                                                -1.15
  data arrival time                                                 -0.29
  --------------------------------------------------------------------------
  slack (MET)                                                        1.44


  Startpoint: g_commit_arbs[0].commit_arb/g_input_select.g_arbiter.g_out_buf[0].out_buf/g_eb1.pipe_buffer/g_register.g_pipe_regs[0].pipe_register/g_shift_register/g_shift.pipe_reg[0][22]
              (rising edge-triggered flip-flop clocked by CLK)
  Endpoint: writeback_if[0].data[22]
            (output port clocked by CLK)
  Path Group: REGOUT
  Path Type: min

  Des/Clust/Port     Wire Load Model       Library
  ------------------------------------------------
  VX_commit          5K_hvratio_1_1        NangateOpenCellLibrary_ss0p95v125c

  Point                                                   Incr       Path
  --------------------------------------------------------------------------
  clock CLK (rise edge)                                   0.00       0.00
  clock network delay (ideal)                             0.00       0.00
  g_commit_arbs[0].commit_arb/g_input_select.g_arbiter.g_out_buf[0].out_buf/g_eb1.pipe_buffer/g_register.g_pipe_regs[0].pipe_register/g_shift_register/g_shift.pipe_reg[0][22]/CK (DFF_X1)
                                                          0.00       0.00 r
  g_commit_arbs[0].commit_arb/g_input_select.g_arbiter.g_out_buf[0].out_buf/g_eb1.pipe_buffer/g_register.g_pipe_regs[0].pipe_register/g_shift_register/g_shift.pipe_reg[0][22]/Q (DFF_X1)
                                                          0.28       0.28 f
  writeback_if[0].data[22] (out)                          0.01       0.29 f
  data arrival time                                                  0.29

  clock CLK (rise edge)                                   0.00       0.00
  clock network delay (ideal)                             0.00       0.00
  clock uncertainty                                       0.05       0.05
  output external delay                                  -1.20      -1.15
  data required time                                                -1.15
  --------------------------------------------------------------------------
  data required time                                                -1.15
  data arrival time                                                 -0.29
  --------------------------------------------------------------------------
  slack (MET)                                                        1.44


  Startpoint: g_commit_arbs[0].commit_arb/g_input_select.g_arbiter.g_out_buf[0].out_buf/g_eb1.pipe_buffer/g_register.g_pipe_regs[0].pipe_register/g_shift_register/g_shift.pipe_reg[0][21]
              (rising edge-triggered flip-flop clocked by CLK)
  Endpoint: writeback_if[0].data[21]
            (output port clocked by CLK)
  Path Group: REGOUT
  Path Type: min

  Des/Clust/Port     Wire Load Model       Library
  ------------------------------------------------
  VX_commit          5K_hvratio_1_1        NangateOpenCellLibrary_ss0p95v125c

  Point                                                   Incr       Path
  --------------------------------------------------------------------------
  clock CLK (rise edge)                                   0.00       0.00
  clock network delay (ideal)                             0.00       0.00
  g_commit_arbs[0].commit_arb/g_input_select.g_arbiter.g_out_buf[0].out_buf/g_eb1.pipe_buffer/g_register.g_pipe_regs[0].pipe_register/g_shift_register/g_shift.pipe_reg[0][21]/CK (DFF_X1)
                                                          0.00       0.00 r
  g_commit_arbs[0].commit_arb/g_input_select.g_arbiter.g_out_buf[0].out_buf/g_eb1.pipe_buffer/g_register.g_pipe_regs[0].pipe_register/g_shift_register/g_shift.pipe_reg[0][21]/Q (DFF_X1)
                                                          0.28       0.28 f
  writeback_if[0].data[21] (out)                          0.01       0.29 f
  data arrival time                                                  0.29

  clock CLK (rise edge)                                   0.00       0.00
  clock network delay (ideal)                             0.00       0.00
  clock uncertainty                                       0.05       0.05
  output external delay                                  -1.20      -1.15
  data required time                                                -1.15
  --------------------------------------------------------------------------
  data required time                                                -1.15
  data arrival time                                                 -0.29
  --------------------------------------------------------------------------
  slack (MET)                                                        1.44


  Startpoint: g_commit_arbs[0].commit_arb/g_input_select.g_arbiter.g_out_buf[0].out_buf/g_eb1.pipe_buffer/g_register.g_pipe_regs[0].pipe_register/g_shift_register/g_shift.pipe_reg[0][20]
              (rising edge-triggered flip-flop clocked by CLK)
  Endpoint: writeback_if[0].data[20]
            (output port clocked by CLK)
  Path Group: REGOUT
  Path Type: min

  Des/Clust/Port     Wire Load Model       Library
  ------------------------------------------------
  VX_commit          5K_hvratio_1_1        NangateOpenCellLibrary_ss0p95v125c

  Point                                                   Incr       Path
  --------------------------------------------------------------------------
  clock CLK (rise edge)                                   0.00       0.00
  clock network delay (ideal)                             0.00       0.00
  g_commit_arbs[0].commit_arb/g_input_select.g_arbiter.g_out_buf[0].out_buf/g_eb1.pipe_buffer/g_register.g_pipe_regs[0].pipe_register/g_shift_register/g_shift.pipe_reg[0][20]/CK (DFF_X1)
                                                          0.00       0.00 r
  g_commit_arbs[0].commit_arb/g_input_select.g_arbiter.g_out_buf[0].out_buf/g_eb1.pipe_buffer/g_register.g_pipe_regs[0].pipe_register/g_shift_register/g_shift.pipe_reg[0][20]/Q (DFF_X1)
                                                          0.28       0.28 f
  writeback_if[0].data[20] (out)                          0.01       0.29 f
  data arrival time                                                  0.29

  clock CLK (rise edge)                                   0.00       0.00
  clock network delay (ideal)                             0.00       0.00
  clock uncertainty                                       0.05       0.05
  output external delay                                  -1.20      -1.15
  data required time                                                -1.15
  --------------------------------------------------------------------------
  data required time                                                -1.15
  data arrival time                                                 -0.29
  --------------------------------------------------------------------------
  slack (MET)                                                        1.44


  Startpoint: g_commit_arbs[0].commit_arb/g_input_select.g_arbiter.g_out_buf[0].out_buf/g_eb1.pipe_buffer/g_register.g_pipe_regs[0].pipe_register/g_shift_register/g_shift.pipe_reg[0][19]
              (rising edge-triggered flip-flop clocked by CLK)
  Endpoint: writeback_if[0].data[19]
            (output port clocked by CLK)
  Path Group: REGOUT
  Path Type: min

  Des/Clust/Port     Wire Load Model       Library
  ------------------------------------------------
  VX_commit          5K_hvratio_1_1        NangateOpenCellLibrary_ss0p95v125c

  Point                                                   Incr       Path
  --------------------------------------------------------------------------
  clock CLK (rise edge)                                   0.00       0.00
  clock network delay (ideal)                             0.00       0.00
  g_commit_arbs[0].commit_arb/g_input_select.g_arbiter.g_out_buf[0].out_buf/g_eb1.pipe_buffer/g_register.g_pipe_regs[0].pipe_register/g_shift_register/g_shift.pipe_reg[0][19]/CK (DFF_X1)
                                                          0.00       0.00 r
  g_commit_arbs[0].commit_arb/g_input_select.g_arbiter.g_out_buf[0].out_buf/g_eb1.pipe_buffer/g_register.g_pipe_regs[0].pipe_register/g_shift_register/g_shift.pipe_reg[0][19]/Q (DFF_X1)
                                                          0.28       0.28 f
  writeback_if[0].data[19] (out)                          0.01       0.29 f
  data arrival time                                                  0.29

  clock CLK (rise edge)                                   0.00       0.00
  clock network delay (ideal)                             0.00       0.00
  clock uncertainty                                       0.05       0.05
  output external delay                                  -1.20      -1.15
  data required time                                                -1.15
  --------------------------------------------------------------------------
  data required time                                                -1.15
  data arrival time                                                 -0.29
  --------------------------------------------------------------------------
  slack (MET)                                                        1.44


  Startpoint: g_commit_arbs[0].commit_arb/g_input_select.g_arbiter.g_out_buf[0].out_buf/g_eb1.pipe_buffer/g_register.g_pipe_regs[0].pipe_register/g_shift_register/g_shift.pipe_reg[0][18]
              (rising edge-triggered flip-flop clocked by CLK)
  Endpoint: writeback_if[0].data[18]
            (output port clocked by CLK)
  Path Group: REGOUT
  Path Type: min

  Des/Clust/Port     Wire Load Model       Library
  ------------------------------------------------
  VX_commit          5K_hvratio_1_1        NangateOpenCellLibrary_ss0p95v125c

  Point                                                   Incr       Path
  --------------------------------------------------------------------------
  clock CLK (rise edge)                                   0.00       0.00
  clock network delay (ideal)                             0.00       0.00
  g_commit_arbs[0].commit_arb/g_input_select.g_arbiter.g_out_buf[0].out_buf/g_eb1.pipe_buffer/g_register.g_pipe_regs[0].pipe_register/g_shift_register/g_shift.pipe_reg[0][18]/CK (DFF_X1)
                                                          0.00       0.00 r
  g_commit_arbs[0].commit_arb/g_input_select.g_arbiter.g_out_buf[0].out_buf/g_eb1.pipe_buffer/g_register.g_pipe_regs[0].pipe_register/g_shift_register/g_shift.pipe_reg[0][18]/Q (DFF_X1)
                                                          0.28       0.28 f
  writeback_if[0].data[18] (out)                          0.01       0.29 f
  data arrival time                                                  0.29

  clock CLK (rise edge)                                   0.00       0.00
  clock network delay (ideal)                             0.00       0.00
  clock uncertainty                                       0.05       0.05
  output external delay                                  -1.20      -1.15
  data required time                                                -1.15
  --------------------------------------------------------------------------
  data required time                                                -1.15
  data arrival time                                                 -0.29
  --------------------------------------------------------------------------
  slack (MET)                                                        1.44


  Startpoint: g_commit_arbs[0].commit_arb/g_input_select.g_arbiter.g_out_buf[0].out_buf/g_eb1.pipe_buffer/g_register.g_pipe_regs[0].pipe_register/g_shift_register/g_shift.pipe_reg[0][17]
              (rising edge-triggered flip-flop clocked by CLK)
  Endpoint: writeback_if[0].data[17]
            (output port clocked by CLK)
  Path Group: REGOUT
  Path Type: min

  Des/Clust/Port     Wire Load Model       Library
  ------------------------------------------------
  VX_commit          5K_hvratio_1_1        NangateOpenCellLibrary_ss0p95v125c

  Point                                                   Incr       Path
  --------------------------------------------------------------------------
  clock CLK (rise edge)                                   0.00       0.00
  clock network delay (ideal)                             0.00       0.00
  g_commit_arbs[0].commit_arb/g_input_select.g_arbiter.g_out_buf[0].out_buf/g_eb1.pipe_buffer/g_register.g_pipe_regs[0].pipe_register/g_shift_register/g_shift.pipe_reg[0][17]/CK (DFF_X1)
                                                          0.00       0.00 r
  g_commit_arbs[0].commit_arb/g_input_select.g_arbiter.g_out_buf[0].out_buf/g_eb1.pipe_buffer/g_register.g_pipe_regs[0].pipe_register/g_shift_register/g_shift.pipe_reg[0][17]/Q (DFF_X1)
                                                          0.28       0.28 f
  writeback_if[0].data[17] (out)                          0.01       0.29 f
  data arrival time                                                  0.29

  clock CLK (rise edge)                                   0.00       0.00
  clock network delay (ideal)                             0.00       0.00
  clock uncertainty                                       0.05       0.05
  output external delay                                  -1.20      -1.15
  data required time                                                -1.15
  --------------------------------------------------------------------------
  data required time                                                -1.15
  data arrival time                                                 -0.29
  --------------------------------------------------------------------------
  slack (MET)                                                        1.44


  Startpoint: g_commit_arbs[0].commit_arb/g_input_select.g_arbiter.g_out_buf[0].out_buf/g_eb1.pipe_buffer/g_register.g_pipe_regs[0].pipe_register/g_shift_register/g_shift.pipe_reg[0][16]
              (rising edge-triggered flip-flop clocked by CLK)
  Endpoint: writeback_if[0].data[16]
            (output port clocked by CLK)
  Path Group: REGOUT
  Path Type: min

  Des/Clust/Port     Wire Load Model       Library
  ------------------------------------------------
  VX_commit          5K_hvratio_1_1        NangateOpenCellLibrary_ss0p95v125c

  Point                                                   Incr       Path
  --------------------------------------------------------------------------
  clock CLK (rise edge)                                   0.00       0.00
  clock network delay (ideal)                             0.00       0.00
  g_commit_arbs[0].commit_arb/g_input_select.g_arbiter.g_out_buf[0].out_buf/g_eb1.pipe_buffer/g_register.g_pipe_regs[0].pipe_register/g_shift_register/g_shift.pipe_reg[0][16]/CK (DFF_X1)
                                                          0.00       0.00 r
  g_commit_arbs[0].commit_arb/g_input_select.g_arbiter.g_out_buf[0].out_buf/g_eb1.pipe_buffer/g_register.g_pipe_regs[0].pipe_register/g_shift_register/g_shift.pipe_reg[0][16]/Q (DFF_X1)
                                                          0.28       0.28 f
  writeback_if[0].data[16] (out)                          0.01       0.29 f
  data arrival time                                                  0.29

  clock CLK (rise edge)                                   0.00       0.00
  clock network delay (ideal)                             0.00       0.00
  clock uncertainty                                       0.05       0.05
  output external delay                                  -1.20      -1.15
  data required time                                                -1.15
  --------------------------------------------------------------------------
  data required time                                                -1.15
  data arrival time                                                 -0.29
  --------------------------------------------------------------------------
  slack (MET)                                                        1.44


  Startpoint: g_commit_arbs[0].commit_arb/g_input_select.g_arbiter.g_out_buf[0].out_buf/g_eb1.pipe_buffer/g_register.g_pipe_regs[0].pipe_register/g_shift_register/g_shift.pipe_reg[0][15]
              (rising edge-triggered flip-flop clocked by CLK)
  Endpoint: writeback_if[0].data[15]
            (output port clocked by CLK)
  Path Group: REGOUT
  Path Type: min

  Des/Clust/Port     Wire Load Model       Library
  ------------------------------------------------
  VX_commit          5K_hvratio_1_1        NangateOpenCellLibrary_ss0p95v125c

  Point                                                   Incr       Path
  --------------------------------------------------------------------------
  clock CLK (rise edge)                                   0.00       0.00
  clock network delay (ideal)                             0.00       0.00
  g_commit_arbs[0].commit_arb/g_input_select.g_arbiter.g_out_buf[0].out_buf/g_eb1.pipe_buffer/g_register.g_pipe_regs[0].pipe_register/g_shift_register/g_shift.pipe_reg[0][15]/CK (DFF_X1)
                                                          0.00       0.00 r
  g_commit_arbs[0].commit_arb/g_input_select.g_arbiter.g_out_buf[0].out_buf/g_eb1.pipe_buffer/g_register.g_pipe_regs[0].pipe_register/g_shift_register/g_shift.pipe_reg[0][15]/Q (DFF_X1)
                                                          0.28       0.28 f
  writeback_if[0].data[15] (out)                          0.01       0.29 f
  data arrival time                                                  0.29

  clock CLK (rise edge)                                   0.00       0.00
  clock network delay (ideal)                             0.00       0.00
  clock uncertainty                                       0.05       0.05
  output external delay                                  -1.20      -1.15
  data required time                                                -1.15
  --------------------------------------------------------------------------
  data required time                                                -1.15
  data arrival time                                                 -0.29
  --------------------------------------------------------------------------
  slack (MET)                                                        1.44


  Startpoint: g_commit_arbs[0].commit_arb/g_input_select.g_arbiter.g_out_buf[0].out_buf/g_eb1.pipe_buffer/g_register.g_pipe_regs[0].pipe_register/g_shift_register/g_shift.pipe_reg[0][14]
              (rising edge-triggered flip-flop clocked by CLK)
  Endpoint: writeback_if[0].data[14]
            (output port clocked by CLK)
  Path Group: REGOUT
  Path Type: min

  Des/Clust/Port     Wire Load Model       Library
  ------------------------------------------------
  VX_commit          5K_hvratio_1_1        NangateOpenCellLibrary_ss0p95v125c

  Point                                                   Incr       Path
  --------------------------------------------------------------------------
  clock CLK (rise edge)                                   0.00       0.00
  clock network delay (ideal)                             0.00       0.00
  g_commit_arbs[0].commit_arb/g_input_select.g_arbiter.g_out_buf[0].out_buf/g_eb1.pipe_buffer/g_register.g_pipe_regs[0].pipe_register/g_shift_register/g_shift.pipe_reg[0][14]/CK (DFF_X1)
                                                          0.00       0.00 r
  g_commit_arbs[0].commit_arb/g_input_select.g_arbiter.g_out_buf[0].out_buf/g_eb1.pipe_buffer/g_register.g_pipe_regs[0].pipe_register/g_shift_register/g_shift.pipe_reg[0][14]/Q (DFF_X1)
                                                          0.28       0.28 f
  writeback_if[0].data[14] (out)                          0.01       0.29 f
  data arrival time                                                  0.29

  clock CLK (rise edge)                                   0.00       0.00
  clock network delay (ideal)                             0.00       0.00
  clock uncertainty                                       0.05       0.05
  output external delay                                  -1.20      -1.15
  data required time                                                -1.15
  --------------------------------------------------------------------------
  data required time                                                -1.15
  data arrival time                                                 -0.29
  --------------------------------------------------------------------------
  slack (MET)                                                        1.44


  Startpoint: g_commit_arbs[0].commit_arb/g_input_select.g_arbiter.g_out_buf[0].out_buf/g_eb1.pipe_buffer/g_register.g_pipe_regs[0].pipe_register/g_shift_register/g_shift.pipe_reg[0][13]
              (rising edge-triggered flip-flop clocked by CLK)
  Endpoint: writeback_if[0].data[13]
            (output port clocked by CLK)
  Path Group: REGOUT
  Path Type: min

  Des/Clust/Port     Wire Load Model       Library
  ------------------------------------------------
  VX_commit          5K_hvratio_1_1        NangateOpenCellLibrary_ss0p95v125c

  Point                                                   Incr       Path
  --------------------------------------------------------------------------
  clock CLK (rise edge)                                   0.00       0.00
  clock network delay (ideal)                             0.00       0.00
  g_commit_arbs[0].commit_arb/g_input_select.g_arbiter.g_out_buf[0].out_buf/g_eb1.pipe_buffer/g_register.g_pipe_regs[0].pipe_register/g_shift_register/g_shift.pipe_reg[0][13]/CK (DFF_X1)
                                                          0.00       0.00 r
  g_commit_arbs[0].commit_arb/g_input_select.g_arbiter.g_out_buf[0].out_buf/g_eb1.pipe_buffer/g_register.g_pipe_regs[0].pipe_register/g_shift_register/g_shift.pipe_reg[0][13]/Q (DFF_X1)
                                                          0.28       0.28 f
  writeback_if[0].data[13] (out)                          0.01       0.29 f
  data arrival time                                                  0.29

  clock CLK (rise edge)                                   0.00       0.00
  clock network delay (ideal)                             0.00       0.00
  clock uncertainty                                       0.05       0.05
  output external delay                                  -1.20      -1.15
  data required time                                                -1.15
  --------------------------------------------------------------------------
  data required time                                                -1.15
  data arrival time                                                 -0.29
  --------------------------------------------------------------------------
  slack (MET)                                                        1.44


  Startpoint: g_commit_arbs[0].commit_arb/g_input_select.g_arbiter.g_out_buf[0].out_buf/g_eb1.pipe_buffer/g_register.g_pipe_regs[0].pipe_register/g_shift_register/g_shift.pipe_reg[0][12]
              (rising edge-triggered flip-flop clocked by CLK)
  Endpoint: writeback_if[0].data[12]
            (output port clocked by CLK)
  Path Group: REGOUT
  Path Type: min

  Des/Clust/Port     Wire Load Model       Library
  ------------------------------------------------
  VX_commit          5K_hvratio_1_1        NangateOpenCellLibrary_ss0p95v125c

  Point                                                   Incr       Path
  --------------------------------------------------------------------------
  clock CLK (rise edge)                                   0.00       0.00
  clock network delay (ideal)                             0.00       0.00
  g_commit_arbs[0].commit_arb/g_input_select.g_arbiter.g_out_buf[0].out_buf/g_eb1.pipe_buffer/g_register.g_pipe_regs[0].pipe_register/g_shift_register/g_shift.pipe_reg[0][12]/CK (DFF_X1)
                                                          0.00       0.00 r
  g_commit_arbs[0].commit_arb/g_input_select.g_arbiter.g_out_buf[0].out_buf/g_eb1.pipe_buffer/g_register.g_pipe_regs[0].pipe_register/g_shift_register/g_shift.pipe_reg[0][12]/Q (DFF_X1)
                                                          0.28       0.28 f
  writeback_if[0].data[12] (out)                          0.01       0.29 f
  data arrival time                                                  0.29

  clock CLK (rise edge)                                   0.00       0.00
  clock network delay (ideal)                             0.00       0.00
  clock uncertainty                                       0.05       0.05
  output external delay                                  -1.20      -1.15
  data required time                                                -1.15
  --------------------------------------------------------------------------
  data required time                                                -1.15
  data arrival time                                                 -0.29
  --------------------------------------------------------------------------
  slack (MET)                                                        1.44


  Startpoint: g_commit_arbs[0].commit_arb/g_input_select.g_arbiter.g_out_buf[0].out_buf/g_eb1.pipe_buffer/g_register.g_pipe_regs[0].pipe_register/g_shift_register/g_shift.pipe_reg[0][11]
              (rising edge-triggered flip-flop clocked by CLK)
  Endpoint: writeback_if[0].data[11]
            (output port clocked by CLK)
  Path Group: REGOUT
  Path Type: min

  Des/Clust/Port     Wire Load Model       Library
  ------------------------------------------------
  VX_commit          5K_hvratio_1_1        NangateOpenCellLibrary_ss0p95v125c

  Point                                                   Incr       Path
  --------------------------------------------------------------------------
  clock CLK (rise edge)                                   0.00       0.00
  clock network delay (ideal)                             0.00       0.00
  g_commit_arbs[0].commit_arb/g_input_select.g_arbiter.g_out_buf[0].out_buf/g_eb1.pipe_buffer/g_register.g_pipe_regs[0].pipe_register/g_shift_register/g_shift.pipe_reg[0][11]/CK (DFF_X1)
                                                          0.00       0.00 r
  g_commit_arbs[0].commit_arb/g_input_select.g_arbiter.g_out_buf[0].out_buf/g_eb1.pipe_buffer/g_register.g_pipe_regs[0].pipe_register/g_shift_register/g_shift.pipe_reg[0][11]/Q (DFF_X1)
                                                          0.28       0.28 f
  writeback_if[0].data[11] (out)                          0.01       0.29 f
  data arrival time                                                  0.29

  clock CLK (rise edge)                                   0.00       0.00
  clock network delay (ideal)                             0.00       0.00
  clock uncertainty                                       0.05       0.05
  output external delay                                  -1.20      -1.15
  data required time                                                -1.15
  --------------------------------------------------------------------------
  data required time                                                -1.15
  data arrival time                                                 -0.29
  --------------------------------------------------------------------------
  slack (MET)                                                        1.44


  Startpoint: g_commit_arbs[0].commit_arb/g_input_select.g_arbiter.g_out_buf[0].out_buf/g_eb1.pipe_buffer/g_register.g_pipe_regs[0].pipe_register/g_shift_register/g_shift.pipe_reg[0][10]
              (rising edge-triggered flip-flop clocked by CLK)
  Endpoint: writeback_if[0].data[10]
            (output port clocked by CLK)
  Path Group: REGOUT
  Path Type: min

  Des/Clust/Port     Wire Load Model       Library
  ------------------------------------------------
  VX_commit          5K_hvratio_1_1        NangateOpenCellLibrary_ss0p95v125c

  Point                                                   Incr       Path
  --------------------------------------------------------------------------
  clock CLK (rise edge)                                   0.00       0.00
  clock network delay (ideal)                             0.00       0.00
  g_commit_arbs[0].commit_arb/g_input_select.g_arbiter.g_out_buf[0].out_buf/g_eb1.pipe_buffer/g_register.g_pipe_regs[0].pipe_register/g_shift_register/g_shift.pipe_reg[0][10]/CK (DFF_X1)
                                                          0.00       0.00 r
  g_commit_arbs[0].commit_arb/g_input_select.g_arbiter.g_out_buf[0].out_buf/g_eb1.pipe_buffer/g_register.g_pipe_regs[0].pipe_register/g_shift_register/g_shift.pipe_reg[0][10]/Q (DFF_X1)
                                                          0.28       0.28 f
  writeback_if[0].data[10] (out)                          0.01       0.29 f
  data arrival time                                                  0.29

  clock CLK (rise edge)                                   0.00       0.00
  clock network delay (ideal)                             0.00       0.00
  clock uncertainty                                       0.05       0.05
  output external delay                                  -1.20      -1.15
  data required time                                                -1.15
  --------------------------------------------------------------------------
  data required time                                                -1.15
  data arrival time                                                 -0.29
  --------------------------------------------------------------------------
  slack (MET)                                                        1.44


  Startpoint: g_commit_arbs[0].commit_arb/g_input_select.g_arbiter.g_out_buf[0].out_buf/g_eb1.pipe_buffer/g_register.g_pipe_regs[0].pipe_register/g_shift_register/g_shift.pipe_reg[0][9]
              (rising edge-triggered flip-flop clocked by CLK)
  Endpoint: writeback_if[0].data[9]
            (output port clocked by CLK)
  Path Group: REGOUT
  Path Type: min

  Des/Clust/Port     Wire Load Model       Library
  ------------------------------------------------
  VX_commit          5K_hvratio_1_1        NangateOpenCellLibrary_ss0p95v125c

  Point                                                   Incr       Path
  --------------------------------------------------------------------------
  clock CLK (rise edge)                                   0.00       0.00
  clock network delay (ideal)                             0.00       0.00
  g_commit_arbs[0].commit_arb/g_input_select.g_arbiter.g_out_buf[0].out_buf/g_eb1.pipe_buffer/g_register.g_pipe_regs[0].pipe_register/g_shift_register/g_shift.pipe_reg[0][9]/CK (DFF_X1)
                                                          0.00       0.00 r
  g_commit_arbs[0].commit_arb/g_input_select.g_arbiter.g_out_buf[0].out_buf/g_eb1.pipe_buffer/g_register.g_pipe_regs[0].pipe_register/g_shift_register/g_shift.pipe_reg[0][9]/Q (DFF_X1)
                                                          0.28       0.28 f
  writeback_if[0].data[9] (out)                           0.01       0.29 f
  data arrival time                                                  0.29

  clock CLK (rise edge)                                   0.00       0.00
  clock network delay (ideal)                             0.00       0.00
  clock uncertainty                                       0.05       0.05
  output external delay                                  -1.20      -1.15
  data required time                                                -1.15
  --------------------------------------------------------------------------
  data required time                                                -1.15
  data arrival time                                                 -0.29
  --------------------------------------------------------------------------
  slack (MET)                                                        1.44


  Startpoint: g_commit_arbs[0].commit_arb/g_input_select.g_arbiter.g_out_buf[0].out_buf/g_eb1.pipe_buffer/g_register.g_pipe_regs[0].pipe_register/g_shift_register/g_shift.pipe_reg[0][8]
              (rising edge-triggered flip-flop clocked by CLK)
  Endpoint: writeback_if[0].data[8]
            (output port clocked by CLK)
  Path Group: REGOUT
  Path Type: min

  Des/Clust/Port     Wire Load Model       Library
  ------------------------------------------------
  VX_commit          5K_hvratio_1_1        NangateOpenCellLibrary_ss0p95v125c

  Point                                                   Incr       Path
  --------------------------------------------------------------------------
  clock CLK (rise edge)                                   0.00       0.00
  clock network delay (ideal)                             0.00       0.00
  g_commit_arbs[0].commit_arb/g_input_select.g_arbiter.g_out_buf[0].out_buf/g_eb1.pipe_buffer/g_register.g_pipe_regs[0].pipe_register/g_shift_register/g_shift.pipe_reg[0][8]/CK (DFF_X1)
                                                          0.00       0.00 r
  g_commit_arbs[0].commit_arb/g_input_select.g_arbiter.g_out_buf[0].out_buf/g_eb1.pipe_buffer/g_register.g_pipe_regs[0].pipe_register/g_shift_register/g_shift.pipe_reg[0][8]/Q (DFF_X1)
                                                          0.28       0.28 f
  writeback_if[0].data[8] (out)                           0.01       0.29 f
  data arrival time                                                  0.29

  clock CLK (rise edge)                                   0.00       0.00
  clock network delay (ideal)                             0.00       0.00
  clock uncertainty                                       0.05       0.05
  output external delay                                  -1.20      -1.15
  data required time                                                -1.15
  --------------------------------------------------------------------------
  data required time                                                -1.15
  data arrival time                                                 -0.29
  --------------------------------------------------------------------------
  slack (MET)                                                        1.44


  Startpoint: g_commit_arbs[0].commit_arb/g_input_select.g_arbiter.g_out_buf[0].out_buf/g_eb1.pipe_buffer/g_register.g_pipe_regs[0].pipe_register/g_shift_register/g_shift.pipe_reg[0][7]
              (rising edge-triggered flip-flop clocked by CLK)
  Endpoint: writeback_if[0].data[7]
            (output port clocked by CLK)
  Path Group: REGOUT
  Path Type: min

  Des/Clust/Port     Wire Load Model       Library
  ------------------------------------------------
  VX_commit          5K_hvratio_1_1        NangateOpenCellLibrary_ss0p95v125c

  Point                                                   Incr       Path
  --------------------------------------------------------------------------
  clock CLK (rise edge)                                   0.00       0.00
  clock network delay (ideal)                             0.00       0.00
  g_commit_arbs[0].commit_arb/g_input_select.g_arbiter.g_out_buf[0].out_buf/g_eb1.pipe_buffer/g_register.g_pipe_regs[0].pipe_register/g_shift_register/g_shift.pipe_reg[0][7]/CK (DFF_X1)
                                                          0.00       0.00 r
  g_commit_arbs[0].commit_arb/g_input_select.g_arbiter.g_out_buf[0].out_buf/g_eb1.pipe_buffer/g_register.g_pipe_regs[0].pipe_register/g_shift_register/g_shift.pipe_reg[0][7]/Q (DFF_X1)
                                                          0.28       0.28 f
  writeback_if[0].data[7] (out)                           0.01       0.29 f
  data arrival time                                                  0.29

  clock CLK (rise edge)                                   0.00       0.00
  clock network delay (ideal)                             0.00       0.00
  clock uncertainty                                       0.05       0.05
  output external delay                                  -1.20      -1.15
  data required time                                                -1.15
  --------------------------------------------------------------------------
  data required time                                                -1.15
  data arrival time                                                 -0.29
  --------------------------------------------------------------------------
  slack (MET)                                                        1.44


  Startpoint: g_commit_arbs[0].commit_arb/g_input_select.g_arbiter.g_out_buf[0].out_buf/g_eb1.pipe_buffer/g_register.g_pipe_regs[0].pipe_register/g_shift_register/g_shift.pipe_reg[0][6]
              (rising edge-triggered flip-flop clocked by CLK)
  Endpoint: writeback_if[0].data[6]
            (output port clocked by CLK)
  Path Group: REGOUT
  Path Type: min

  Des/Clust/Port     Wire Load Model       Library
  ------------------------------------------------
  VX_commit          5K_hvratio_1_1        NangateOpenCellLibrary_ss0p95v125c

  Point                                                   Incr       Path
  --------------------------------------------------------------------------
  clock CLK (rise edge)                                   0.00       0.00
  clock network delay (ideal)                             0.00       0.00
  g_commit_arbs[0].commit_arb/g_input_select.g_arbiter.g_out_buf[0].out_buf/g_eb1.pipe_buffer/g_register.g_pipe_regs[0].pipe_register/g_shift_register/g_shift.pipe_reg[0][6]/CK (DFF_X1)
                                                          0.00       0.00 r
  g_commit_arbs[0].commit_arb/g_input_select.g_arbiter.g_out_buf[0].out_buf/g_eb1.pipe_buffer/g_register.g_pipe_regs[0].pipe_register/g_shift_register/g_shift.pipe_reg[0][6]/Q (DFF_X1)
                                                          0.28       0.28 f
  writeback_if[0].data[6] (out)                           0.01       0.29 f
  data arrival time                                                  0.29

  clock CLK (rise edge)                                   0.00       0.00
  clock network delay (ideal)                             0.00       0.00
  clock uncertainty                                       0.05       0.05
  output external delay                                  -1.20      -1.15
  data required time                                                -1.15
  --------------------------------------------------------------------------
  data required time                                                -1.15
  data arrival time                                                 -0.29
  --------------------------------------------------------------------------
  slack (MET)                                                        1.44


  Startpoint: g_commit_arbs[0].commit_arb/g_input_select.g_arbiter.g_out_buf[0].out_buf/g_eb1.pipe_buffer/g_register.g_pipe_regs[0].pipe_register/g_shift_register/g_shift.pipe_reg[0][5]
              (rising edge-triggered flip-flop clocked by CLK)
  Endpoint: writeback_if[0].data[5]
            (output port clocked by CLK)
  Path Group: REGOUT
  Path Type: min

  Des/Clust/Port     Wire Load Model       Library
  ------------------------------------------------
  VX_commit          5K_hvratio_1_1        NangateOpenCellLibrary_ss0p95v125c

  Point                                                   Incr       Path
  --------------------------------------------------------------------------
  clock CLK (rise edge)                                   0.00       0.00
  clock network delay (ideal)                             0.00       0.00
  g_commit_arbs[0].commit_arb/g_input_select.g_arbiter.g_out_buf[0].out_buf/g_eb1.pipe_buffer/g_register.g_pipe_regs[0].pipe_register/g_shift_register/g_shift.pipe_reg[0][5]/CK (DFF_X1)
                                                          0.00       0.00 r
  g_commit_arbs[0].commit_arb/g_input_select.g_arbiter.g_out_buf[0].out_buf/g_eb1.pipe_buffer/g_register.g_pipe_regs[0].pipe_register/g_shift_register/g_shift.pipe_reg[0][5]/Q (DFF_X1)
                                                          0.28       0.28 f
  writeback_if[0].data[5] (out)                           0.01       0.29 f
  data arrival time                                                  0.29

  clock CLK (rise edge)                                   0.00       0.00
  clock network delay (ideal)                             0.00       0.00
  clock uncertainty                                       0.05       0.05
  output external delay                                  -1.20      -1.15
  data required time                                                -1.15
  --------------------------------------------------------------------------
  data required time                                                -1.15
  data arrival time                                                 -0.29
  --------------------------------------------------------------------------
  slack (MET)                                                        1.44


  Startpoint: g_commit_arbs[0].commit_arb/g_input_select.g_arbiter.g_out_buf[0].out_buf/g_eb1.pipe_buffer/g_register.g_pipe_regs[0].pipe_register/g_shift_register/g_shift.pipe_reg[0][4]
              (rising edge-triggered flip-flop clocked by CLK)
  Endpoint: writeback_if[0].data[4]
            (output port clocked by CLK)
  Path Group: REGOUT
  Path Type: min

  Des/Clust/Port     Wire Load Model       Library
  ------------------------------------------------
  VX_commit          5K_hvratio_1_1        NangateOpenCellLibrary_ss0p95v125c

  Point                                                   Incr       Path
  --------------------------------------------------------------------------
  clock CLK (rise edge)                                   0.00       0.00
  clock network delay (ideal)                             0.00       0.00
  g_commit_arbs[0].commit_arb/g_input_select.g_arbiter.g_out_buf[0].out_buf/g_eb1.pipe_buffer/g_register.g_pipe_regs[0].pipe_register/g_shift_register/g_shift.pipe_reg[0][4]/CK (DFF_X1)
                                                          0.00       0.00 r
  g_commit_arbs[0].commit_arb/g_input_select.g_arbiter.g_out_buf[0].out_buf/g_eb1.pipe_buffer/g_register.g_pipe_regs[0].pipe_register/g_shift_register/g_shift.pipe_reg[0][4]/Q (DFF_X1)
                                                          0.28       0.28 f
  writeback_if[0].data[4] (out)                           0.01       0.29 f
  data arrival time                                                  0.29

  clock CLK (rise edge)                                   0.00       0.00
  clock network delay (ideal)                             0.00       0.00
  clock uncertainty                                       0.05       0.05
  output external delay                                  -1.20      -1.15
  data required time                                                -1.15
  --------------------------------------------------------------------------
  data required time                                                -1.15
  data arrival time                                                 -0.29
  --------------------------------------------------------------------------
  slack (MET)                                                        1.44


  Startpoint: g_commit_arbs[0].commit_arb/g_input_select.g_arbiter.g_out_buf[0].out_buf/g_eb1.pipe_buffer/g_register.g_pipe_regs[0].pipe_register/g_shift_register/g_shift.pipe_reg[0][3]
              (rising edge-triggered flip-flop clocked by CLK)
  Endpoint: writeback_if[0].data[3]
            (output port clocked by CLK)
  Path Group: REGOUT
  Path Type: min

  Des/Clust/Port     Wire Load Model       Library
  ------------------------------------------------
  VX_commit          5K_hvratio_1_1        NangateOpenCellLibrary_ss0p95v125c

  Point                                                   Incr       Path
  --------------------------------------------------------------------------
  clock CLK (rise edge)                                   0.00       0.00
  clock network delay (ideal)                             0.00       0.00
  g_commit_arbs[0].commit_arb/g_input_select.g_arbiter.g_out_buf[0].out_buf/g_eb1.pipe_buffer/g_register.g_pipe_regs[0].pipe_register/g_shift_register/g_shift.pipe_reg[0][3]/CK (DFF_X1)
                                                          0.00       0.00 r
  g_commit_arbs[0].commit_arb/g_input_select.g_arbiter.g_out_buf[0].out_buf/g_eb1.pipe_buffer/g_register.g_pipe_regs[0].pipe_register/g_shift_register/g_shift.pipe_reg[0][3]/Q (DFF_X1)
                                                          0.28       0.28 f
  writeback_if[0].data[3] (out)                           0.01       0.29 f
  data arrival time                                                  0.29

  clock CLK (rise edge)                                   0.00       0.00
  clock network delay (ideal)                             0.00       0.00
  clock uncertainty                                       0.05       0.05
  output external delay                                  -1.20      -1.15
  data required time                                                -1.15
  --------------------------------------------------------------------------
  data required time                                                -1.15
  data arrival time                                                 -0.29
  --------------------------------------------------------------------------
  slack (MET)                                                        1.44


  Startpoint: g_commit_arbs[0].commit_arb/g_input_select.g_arbiter.g_out_buf[0].out_buf/g_eb1.pipe_buffer/g_register.g_pipe_regs[0].pipe_register/g_shift_register/g_shift.pipe_reg[0][2]
              (rising edge-triggered flip-flop clocked by CLK)
  Endpoint: writeback_if[0].data[2]
            (output port clocked by CLK)
  Path Group: REGOUT
  Path Type: min

  Des/Clust/Port     Wire Load Model       Library
  ------------------------------------------------
  VX_commit          5K_hvratio_1_1        NangateOpenCellLibrary_ss0p95v125c

  Point                                                   Incr       Path
  --------------------------------------------------------------------------
  clock CLK (rise edge)                                   0.00       0.00
  clock network delay (ideal)                             0.00       0.00
  g_commit_arbs[0].commit_arb/g_input_select.g_arbiter.g_out_buf[0].out_buf/g_eb1.pipe_buffer/g_register.g_pipe_regs[0].pipe_register/g_shift_register/g_shift.pipe_reg[0][2]/CK (DFF_X1)
                                                          0.00       0.00 r
  g_commit_arbs[0].commit_arb/g_input_select.g_arbiter.g_out_buf[0].out_buf/g_eb1.pipe_buffer/g_register.g_pipe_regs[0].pipe_register/g_shift_register/g_shift.pipe_reg[0][2]/Q (DFF_X1)
                                                          0.28       0.28 f
  writeback_if[0].data[2] (out)                           0.01       0.29 f
  data arrival time                                                  0.29

  clock CLK (rise edge)                                   0.00       0.00
  clock network delay (ideal)                             0.00       0.00
  clock uncertainty                                       0.05       0.05
  output external delay                                  -1.20      -1.15
  data required time                                                -1.15
  --------------------------------------------------------------------------
  data required time                                                -1.15
  data arrival time                                                 -0.29
  --------------------------------------------------------------------------
  slack (MET)                                                        1.44


  Startpoint: g_commit_arbs[0].commit_arb/g_input_select.g_arbiter.g_out_buf[0].out_buf/g_eb1.pipe_buffer/g_register.g_pipe_regs[0].pipe_register/g_shift_register/g_shift.pipe_reg[0][1]
              (rising edge-triggered flip-flop clocked by CLK)
  Endpoint: writeback_if[0].data[1]
            (output port clocked by CLK)
  Path Group: REGOUT
  Path Type: min

  Des/Clust/Port     Wire Load Model       Library
  ------------------------------------------------
  VX_commit          5K_hvratio_1_1        NangateOpenCellLibrary_ss0p95v125c

  Point                                                   Incr       Path
  --------------------------------------------------------------------------
  clock CLK (rise edge)                                   0.00       0.00
  clock network delay (ideal)                             0.00       0.00
  g_commit_arbs[0].commit_arb/g_input_select.g_arbiter.g_out_buf[0].out_buf/g_eb1.pipe_buffer/g_register.g_pipe_regs[0].pipe_register/g_shift_register/g_shift.pipe_reg[0][1]/CK (DFF_X1)
                                                          0.00       0.00 r
  g_commit_arbs[0].commit_arb/g_input_select.g_arbiter.g_out_buf[0].out_buf/g_eb1.pipe_buffer/g_register.g_pipe_regs[0].pipe_register/g_shift_register/g_shift.pipe_reg[0][1]/Q (DFF_X1)
                                                          0.28       0.28 f
  writeback_if[0].data[1] (out)                           0.01       0.29 f
  data arrival time                                                  0.29

  clock CLK (rise edge)                                   0.00       0.00
  clock network delay (ideal)                             0.00       0.00
  clock uncertainty                                       0.05       0.05
  output external delay                                  -1.20      -1.15
  data required time                                                -1.15
  --------------------------------------------------------------------------
  data required time                                                -1.15
  data arrival time                                                 -0.29
  --------------------------------------------------------------------------
  slack (MET)                                                        1.44


  Startpoint: committed_pipe_reg/g_shift_register/g_shift.pipe_reg[0][3]
              (rising edge-triggered flip-flop clocked by CLK)
  Endpoint: commit_sched_if.committed_warps[3]
            (output port clocked by CLK)
  Path Group: REGOUT
  Path Type: min

  Des/Clust/Port     Wire Load Model       Library
  ------------------------------------------------
  VX_commit          5K_hvratio_1_1        NangateOpenCellLibrary_ss0p95v125c

  Point                                                   Incr       Path
  --------------------------------------------------------------------------
  clock CLK (rise edge)                                   0.00       0.00
  clock network delay (ideal)                             0.00       0.00
  committed_pipe_reg/g_shift_register/g_shift.pipe_reg[0][3]/CK (DFF_X1)
                                                          0.00       0.00 r
  committed_pipe_reg/g_shift_register/g_shift.pipe_reg[0][3]/Q (DFF_X1)
                                                          0.28       0.28 f
  commit_sched_if.committed_warps[3] (out)                0.01       0.29 f
  data arrival time                                                  0.29

  clock CLK (rise edge)                                   0.00       0.00
  clock network delay (ideal)                             0.00       0.00
  clock uncertainty                                       0.05       0.05
  output external delay                                  -1.20      -1.15
  data required time                                                -1.15
  --------------------------------------------------------------------------
  data required time                                                -1.15
  data arrival time                                                 -0.29
  --------------------------------------------------------------------------
  slack (MET)                                                        1.44


  Startpoint: committed_pipe_reg/g_shift_register/g_shift.pipe_reg[0][2]
              (rising edge-triggered flip-flop clocked by CLK)
  Endpoint: commit_sched_if.committed_warps[2]
            (output port clocked by CLK)
  Path Group: REGOUT
  Path Type: min

  Des/Clust/Port     Wire Load Model       Library
  ------------------------------------------------
  VX_commit          5K_hvratio_1_1        NangateOpenCellLibrary_ss0p95v125c

  Point                                                   Incr       Path
  --------------------------------------------------------------------------
  clock CLK (rise edge)                                   0.00       0.00
  clock network delay (ideal)                             0.00       0.00
  committed_pipe_reg/g_shift_register/g_shift.pipe_reg[0][2]/CK (DFF_X1)
                                                          0.00       0.00 r
  committed_pipe_reg/g_shift_register/g_shift.pipe_reg[0][2]/Q (DFF_X1)
                                                          0.28       0.28 f
  commit_sched_if.committed_warps[2] (out)                0.01       0.29 f
  data arrival time                                                  0.29

  clock CLK (rise edge)                                   0.00       0.00
  clock network delay (ideal)                             0.00       0.00
  clock uncertainty                                       0.05       0.05
  output external delay                                  -1.20      -1.15
  data required time                                                -1.15
  --------------------------------------------------------------------------
  data required time                                                -1.15
  data arrival time                                                 -0.29
  --------------------------------------------------------------------------
  slack (MET)                                                        1.44


  Startpoint: committed_pipe_reg/g_shift_register/g_shift.pipe_reg[0][1]
              (rising edge-triggered flip-flop clocked by CLK)
  Endpoint: commit_sched_if.committed_warps[1]
            (output port clocked by CLK)
  Path Group: REGOUT
  Path Type: min

  Des/Clust/Port     Wire Load Model       Library
  ------------------------------------------------
  VX_commit          5K_hvratio_1_1        NangateOpenCellLibrary_ss0p95v125c

  Point                                                   Incr       Path
  --------------------------------------------------------------------------
  clock CLK (rise edge)                                   0.00       0.00
  clock network delay (ideal)                             0.00       0.00
  committed_pipe_reg/g_shift_register/g_shift.pipe_reg[0][1]/CK (DFF_X1)
                                                          0.00       0.00 r
  committed_pipe_reg/g_shift_register/g_shift.pipe_reg[0][1]/Q (DFF_X1)
                                                          0.28       0.28 f
  commit_sched_if.committed_warps[1] (out)                0.01       0.29 f
  data arrival time                                                  0.29

  clock CLK (rise edge)                                   0.00       0.00
  clock network delay (ideal)                             0.00       0.00
  clock uncertainty                                       0.05       0.05
  output external delay                                  -1.20      -1.15
  data required time                                                -1.15
  --------------------------------------------------------------------------
  data required time                                                -1.15
  data arrival time                                                 -0.29
  --------------------------------------------------------------------------
  slack (MET)                                                        1.44


  Startpoint: committed_pipe_reg/g_shift_register/g_shift.pipe_reg[0][0]
              (rising edge-triggered flip-flop clocked by CLK)
  Endpoint: commit_sched_if.committed_warps[0]
            (output port clocked by CLK)
  Path Group: REGOUT
  Path Type: min

  Des/Clust/Port     Wire Load Model       Library
  ------------------------------------------------
  VX_commit          5K_hvratio_1_1        NangateOpenCellLibrary_ss0p95v125c

  Point                                                   Incr       Path
  --------------------------------------------------------------------------
  clock CLK (rise edge)                                   0.00       0.00
  clock network delay (ideal)                             0.00       0.00
  committed_pipe_reg/g_shift_register/g_shift.pipe_reg[0][0]/CK (DFF_X1)
                                                          0.00       0.00 r
  committed_pipe_reg/g_shift_register/g_shift.pipe_reg[0][0]/Q (DFF_X1)
                                                          0.28       0.28 f
  commit_sched_if.committed_warps[0] (out)                0.01       0.29 f
  data arrival time                                                  0.29

  clock CLK (rise edge)                                   0.00       0.00
  clock network delay (ideal)                             0.00       0.00
  clock uncertainty                                       0.05       0.05
  output external delay                                  -1.20      -1.15
  data required time                                                -1.15
  --------------------------------------------------------------------------
  data required time                                                -1.15
  data arrival time                                                 -0.29
  --------------------------------------------------------------------------
  slack (MET)                                                        1.44


1
