 
****************************************
Report : timing
        -path full
        -delay max
        -max_paths 100
Design : VX_commit
Version: K-2015.06
Date   : Wed Jun  3 01:09:58 2026
****************************************

Operating Conditions: slow   Library: NangateOpenCellLibrary_ss0p95v125c
Wire Load Model Mode: top

  Startpoint: instret_reg[0]
              (rising edge-triggered flip-flop clocked by CLK)
  Endpoint: instret_reg[43]
            (rising edge-triggered flip-flop clocked by CLK)
  Path Group: CLK
  Path Type: max

  Des/Clust/Port     Wire Load Model       Library
  ------------------------------------------------
  VX_commit          5K_hvratio_1_1        NangateOpenCellLibrary_ss0p95v125c

  Point                                    Incr       Path
  -----------------------------------------------------------
  clock CLK (rise edge)                    0.00       0.00
  clock network delay (ideal)              0.00       0.00
  instret_reg[0]/CK (DFF_X1)               0.00       0.00 r
  instret_reg[0]/Q (DFF_X1)                0.38       0.38 r
  U671/ZN (NAND2_X1)                       0.09       0.47 f
  U693/ZN (OAI21_X1)                       0.18       0.65 r
  U696/ZN (AOI21_X1)                       0.09       0.74 f
  U704/ZN (NOR2_X1)                        0.15       0.89 r
  U705/ZN (NAND2_X1)                       0.09       0.98 f
  U711/ZN (NOR2_X1)                        0.14       1.12 r
  U720/CO (HA_X1)                          0.16       1.28 r
  U719/CO (HA_X1)                          0.14       1.42 r
  U718/CO (HA_X1)                          0.14       1.56 r
  U717/CO (HA_X1)                          0.14       1.70 r
  U716/CO (HA_X1)                          0.14       1.84 r
  U715/CO (HA_X1)                          0.14       1.98 r
  U714/CO (HA_X1)                          0.14       2.12 r
  U713/CO (HA_X1)                          0.13       2.25 r
  U712/Z (XOR2_X1)                         0.17       2.42 r
  U1360/ZN (AOI22_X1)                      0.07       2.49 f
  U1361/ZN (INV_X1)                        0.07       2.56 r
  instret_reg[43]/D (DFF_X1)               0.01       2.57 r
  data arrival time                                   2.57

  clock CLK (rise edge)                    4.00       4.00
  clock network delay (ideal)              0.00       4.00
  clock uncertainty                       -0.25       3.75
  instret_reg[43]/CK (DFF_X1)              0.00       3.75 r
  library setup time                      -0.05       3.70
  data required time                                  3.70
  -----------------------------------------------------------
  data required time                                  3.70
  data arrival time                                  -2.57
  -----------------------------------------------------------
  slack (MET)                                         1.13


  Startpoint: instret_reg[0]
              (rising edge-triggered flip-flop clocked by CLK)
  Endpoint: instret_reg[42]
            (rising edge-triggered flip-flop clocked by CLK)
  Path Group: CLK
  Path Type: max

  Des/Clust/Port     Wire Load Model       Library
  ------------------------------------------------
  VX_commit          5K_hvratio_1_1        NangateOpenCellLibrary_ss0p95v125c

  Point                                    Incr       Path
  -----------------------------------------------------------
  clock CLK (rise edge)                    0.00       0.00
  clock network delay (ideal)              0.00       0.00
  instret_reg[0]/CK (DFF_X1)               0.00       0.00 r
  instret_reg[0]/Q (DFF_X1)                0.38       0.38 r
  U671/ZN (NAND2_X1)                       0.09       0.47 f
  U693/ZN (OAI21_X1)                       0.18       0.65 r
  U696/ZN (AOI21_X1)                       0.09       0.74 f
  U704/ZN (NOR2_X1)                        0.15       0.89 r
  U705/ZN (NAND2_X1)                       0.09       0.98 f
  U711/ZN (NOR2_X1)                        0.14       1.12 r
  U720/CO (HA_X1)                          0.16       1.28 r
  U719/CO (HA_X1)                          0.14       1.42 r
  U718/CO (HA_X1)                          0.14       1.56 r
  U717/CO (HA_X1)                          0.14       1.70 r
  U716/CO (HA_X1)                          0.14       1.84 r
  U715/CO (HA_X1)                          0.14       1.98 r
  U714/CO (HA_X1)                          0.14       2.12 r
  U713/S (HA_X1)                           0.19       2.30 r
  U1362/ZN (AOI22_X1)                      0.07       2.38 f
  U1363/ZN (INV_X1)                        0.07       2.45 r
  instret_reg[42]/D (DFF_X1)               0.01       2.46 r
  data arrival time                                   2.46

  clock CLK (rise edge)                    4.00       4.00
  clock network delay (ideal)              0.00       4.00
  clock uncertainty                       -0.25       3.75
  instret_reg[42]/CK (DFF_X1)              0.00       3.75 r
  library setup time                      -0.05       3.70
  data required time                                  3.70
  -----------------------------------------------------------
  data required time                                  3.70
  data arrival time                                  -2.46
  -----------------------------------------------------------
  slack (MET)                                         1.24


  Startpoint: instret_reg[0]
              (rising edge-triggered flip-flop clocked by CLK)
  Endpoint: instret_reg[41]
            (rising edge-triggered flip-flop clocked by CLK)
  Path Group: CLK
  Path Type: max

  Des/Clust/Port     Wire Load Model       Library
  ------------------------------------------------
  VX_commit          5K_hvratio_1_1        NangateOpenCellLibrary_ss0p95v125c

  Point                                    Incr       Path
  -----------------------------------------------------------
  clock CLK (rise edge)                    0.00       0.00
  clock network delay (ideal)              0.00       0.00
  instret_reg[0]/CK (DFF_X1)               0.00       0.00 r
  instret_reg[0]/Q (DFF_X1)                0.38       0.38 r
  U671/ZN (NAND2_X1)                       0.09       0.47 f
  U693/ZN (OAI21_X1)                       0.18       0.65 r
  U696/ZN (AOI21_X1)                       0.09       0.74 f
  U704/ZN (NOR2_X1)                        0.15       0.89 r
  U705/ZN (NAND2_X1)                       0.09       0.98 f
  U711/ZN (NOR2_X1)                        0.14       1.12 r
  U720/CO (HA_X1)                          0.16       1.28 r
  U719/CO (HA_X1)                          0.14       1.42 r
  U718/CO (HA_X1)                          0.14       1.56 r
  U717/CO (HA_X1)                          0.14       1.70 r
  U716/CO (HA_X1)                          0.14       1.84 r
  U715/CO (HA_X1)                          0.14       1.98 r
  U714/S (HA_X1)                           0.19       2.16 r
  U1364/ZN (AOI22_X1)                      0.07       2.24 f
  U1365/ZN (INV_X1)                        0.07       2.31 r
  instret_reg[41]/D (DFF_X1)               0.01       2.32 r
  data arrival time                                   2.32

  clock CLK (rise edge)                    4.00       4.00
  clock network delay (ideal)              0.00       4.00
  clock uncertainty                       -0.25       3.75
  instret_reg[41]/CK (DFF_X1)              0.00       3.75 r
  library setup time                      -0.05       3.70
  data required time                                  3.70
  -----------------------------------------------------------
  data required time                                  3.70
  data arrival time                                  -2.32
  -----------------------------------------------------------
  slack (MET)                                         1.38


  Startpoint: instret_reg[0]
              (rising edge-triggered flip-flop clocked by CLK)
  Endpoint: instret_reg[40]
            (rising edge-triggered flip-flop clocked by CLK)
  Path Group: CLK
  Path Type: max

  Des/Clust/Port     Wire Load Model       Library
  ------------------------------------------------
  VX_commit          5K_hvratio_1_1        NangateOpenCellLibrary_ss0p95v125c

  Point                                    Incr       Path
  -----------------------------------------------------------
  clock CLK (rise edge)                    0.00       0.00
  clock network delay (ideal)              0.00       0.00
  instret_reg[0]/CK (DFF_X1)               0.00       0.00 r
  instret_reg[0]/Q (DFF_X1)                0.38       0.38 r
  U671/ZN (NAND2_X1)                       0.09       0.47 f
  U693/ZN (OAI21_X1)                       0.18       0.65 r
  U696/ZN (AOI21_X1)                       0.09       0.74 f
  U704/ZN (NOR2_X1)                        0.15       0.89 r
  U705/ZN (NAND2_X1)                       0.09       0.98 f
  U711/ZN (NOR2_X1)                        0.14       1.12 r
  U720/CO (HA_X1)                          0.16       1.28 r
  U719/CO (HA_X1)                          0.14       1.42 r
  U718/CO (HA_X1)                          0.14       1.56 r
  U717/CO (HA_X1)                          0.14       1.70 r
  U716/CO (HA_X1)                          0.14       1.84 r
  U715/S (HA_X1)                           0.19       2.03 r
  U1366/ZN (AOI22_X1)                      0.07       2.10 f
  U1367/ZN (INV_X1)                        0.07       2.17 r
  instret_reg[40]/D (DFF_X1)               0.01       2.18 r
  data arrival time                                   2.18

  clock CLK (rise edge)                    4.00       4.00
  clock network delay (ideal)              0.00       4.00
  clock uncertainty                       -0.25       3.75
  instret_reg[40]/CK (DFF_X1)              0.00       3.75 r
  library setup time                      -0.05       3.70
  data required time                                  3.70
  -----------------------------------------------------------
  data required time                                  3.70
  data arrival time                                  -2.18
  -----------------------------------------------------------
  slack (MET)                                         1.52


  Startpoint: instret_reg[0]
              (rising edge-triggered flip-flop clocked by CLK)
  Endpoint: instret_reg[28]
            (rising edge-triggered flip-flop clocked by CLK)
  Path Group: CLK
  Path Type: max

  Des/Clust/Port     Wire Load Model       Library
  ------------------------------------------------
  VX_commit          5K_hvratio_1_1        NangateOpenCellLibrary_ss0p95v125c

  Point                                    Incr       Path
  -----------------------------------------------------------
  clock CLK (rise edge)                    0.00       0.00
  clock network delay (ideal)              0.00       0.00
  instret_reg[0]/CK (DFF_X1)               0.00       0.00 r
  instret_reg[0]/Q (DFF_X1)                0.38       0.38 r
  U671/ZN (NAND2_X1)                       0.09       0.47 f
  U693/ZN (OAI21_X1)                       0.18       0.65 r
  U696/ZN (AOI21_X1)                       0.09       0.74 f
  U704/ZN (NOR2_X1)                        0.15       0.89 r
  U735/ZN (INV_X1)                         0.09       0.98 f
  U736/ZN (NOR2_X1)                        0.15       1.14 r
  U737/ZN (INV_X1)                         0.08       1.21 f
  U739/ZN (NOR2_X1)                        0.15       1.36 r
  U740/ZN (INV_X1)                         0.07       1.43 f
  U741/ZN (NOR2_X1)                        0.16       1.58 r
  U742/ZN (NAND2_X1)                       0.08       1.66 f
  U743/Z (XOR2_X1)                         0.20       1.86 f
  U1390/ZN (AOI22_X1)                      0.14       2.00 r
  U1391/ZN (INV_X1)                        0.05       2.05 f
  instret_reg[28]/D (DFF_X1)               0.01       2.05 f
  data arrival time                                   2.05

  clock CLK (rise edge)                    4.00       4.00
  clock network delay (ideal)              0.00       4.00
  clock uncertainty                       -0.25       3.75
  instret_reg[28]/CK (DFF_X1)              0.00       3.75 r
  library setup time                      -0.11       3.64
  data required time                                  3.64
  -----------------------------------------------------------
  data required time                                  3.64
  data arrival time                                  -2.05
  -----------------------------------------------------------
  slack (MET)                                         1.59


  Startpoint: instret_reg[0]
              (rising edge-triggered flip-flop clocked by CLK)
  Endpoint: instret_reg[39]
            (rising edge-triggered flip-flop clocked by CLK)
  Path Group: CLK
  Path Type: max

  Des/Clust/Port     Wire Load Model       Library
  ------------------------------------------------
  VX_commit          5K_hvratio_1_1        NangateOpenCellLibrary_ss0p95v125c

  Point                                    Incr       Path
  -----------------------------------------------------------
  clock CLK (rise edge)                    0.00       0.00
  clock network delay (ideal)              0.00       0.00
  instret_reg[0]/CK (DFF_X1)               0.00       0.00 r
  instret_reg[0]/Q (DFF_X1)                0.38       0.38 r
  U671/ZN (NAND2_X1)                       0.09       0.47 f
  U693/ZN (OAI21_X1)                       0.18       0.65 r
  U696/ZN (AOI21_X1)                       0.09       0.74 f
  U704/ZN (NOR2_X1)                        0.15       0.89 r
  U705/ZN (NAND2_X1)                       0.09       0.98 f
  U711/ZN (NOR2_X1)                        0.14       1.12 r
  U720/CO (HA_X1)                          0.16       1.28 r
  U719/CO (HA_X1)                          0.14       1.42 r
  U718/CO (HA_X1)                          0.14       1.56 r
  U717/CO (HA_X1)                          0.14       1.70 r
  U716/S (HA_X1)                           0.19       1.89 r
  U1368/ZN (AOI22_X1)                      0.07       1.96 f
  U1369/ZN (INV_X1)                        0.07       2.03 r
  instret_reg[39]/D (DFF_X1)               0.01       2.04 r
  data arrival time                                   2.04

  clock CLK (rise edge)                    4.00       4.00
  clock network delay (ideal)              0.00       4.00
  clock uncertainty                       -0.25       3.75
  instret_reg[39]/CK (DFF_X1)              0.00       3.75 r
  library setup time                      -0.05       3.70
  data required time                                  3.70
  -----------------------------------------------------------
  data required time                                  3.70
  data arrival time                                  -2.04
  -----------------------------------------------------------
  slack (MET)                                         1.66


  Startpoint: instret_reg[0]
              (rising edge-triggered flip-flop clocked by CLK)
  Endpoint: instret_reg[27]
            (rising edge-triggered flip-flop clocked by CLK)
  Path Group: CLK
  Path Type: max

  Des/Clust/Port     Wire Load Model       Library
  ------------------------------------------------
  VX_commit          5K_hvratio_1_1        NangateOpenCellLibrary_ss0p95v125c

  Point                                    Incr       Path
  -----------------------------------------------------------
  clock CLK (rise edge)                    0.00       0.00
  clock network delay (ideal)              0.00       0.00
  instret_reg[0]/CK (DFF_X1)               0.00       0.00 r
  instret_reg[0]/Q (DFF_X1)                0.38       0.38 r
  U671/ZN (NAND2_X1)                       0.09       0.47 f
  U693/ZN (OAI21_X1)                       0.18       0.65 r
  U696/ZN (AOI21_X1)                       0.09       0.74 f
  U704/ZN (NOR2_X1)                        0.15       0.89 r
  U735/ZN (INV_X1)                         0.09       0.98 f
  U736/ZN (NOR2_X1)                        0.15       1.14 r
  U737/ZN (INV_X1)                         0.08       1.21 f
  U739/ZN (NOR2_X1)                        0.15       1.36 r
  U740/ZN (INV_X1)                         0.07       1.43 f
  U741/ZN (NOR2_X1)                        0.16       1.58 r
  U744/ZN (XNOR2_X1)                       0.08       1.67 f
  U1392/ZN (AOI22_X1)                      0.14       1.80 r
  U1393/ZN (INV_X1)                        0.05       1.85 f
  instret_reg[27]/D (DFF_X1)               0.01       1.86 f
  data arrival time                                   1.86

  clock CLK (rise edge)                    4.00       4.00
  clock network delay (ideal)              0.00       4.00
  clock uncertainty                       -0.25       3.75
  instret_reg[27]/CK (DFF_X1)              0.00       3.75 r
  library setup time                      -0.11       3.64
  data required time                                  3.64
  -----------------------------------------------------------
  data required time                                  3.64
  data arrival time                                  -1.86
  -----------------------------------------------------------
  slack (MET)                                         1.79


  Startpoint: instret_reg[0]
              (rising edge-triggered flip-flop clocked by CLK)
  Endpoint: instret_reg[38]
            (rising edge-triggered flip-flop clocked by CLK)
  Path Group: CLK
  Path Type: max

  Des/Clust/Port     Wire Load Model       Library
  ------------------------------------------------
  VX_commit          5K_hvratio_1_1        NangateOpenCellLibrary_ss0p95v125c

  Point                                    Incr       Path
  -----------------------------------------------------------
  clock CLK (rise edge)                    0.00       0.00
  clock network delay (ideal)              0.00       0.00
  instret_reg[0]/CK (DFF_X1)               0.00       0.00 r
  instret_reg[0]/Q (DFF_X1)                0.38       0.38 r
  U671/ZN (NAND2_X1)                       0.09       0.47 f
  U693/ZN (OAI21_X1)                       0.18       0.65 r
  U696/ZN (AOI21_X1)                       0.09       0.74 f
  U704/ZN (NOR2_X1)                        0.15       0.89 r
  U705/ZN (NAND2_X1)                       0.09       0.98 f
  U711/ZN (NOR2_X1)                        0.14       1.12 r
  U720/CO (HA_X1)                          0.16       1.28 r
  U719/CO (HA_X1)                          0.14       1.42 r
  U718/CO (HA_X1)                          0.14       1.56 r
  U717/S (HA_X1)                           0.19       1.75 r
  U1370/ZN (AOI22_X1)                      0.07       1.82 f
  U1371/ZN (INV_X1)                        0.07       1.89 r
  instret_reg[38]/D (DFF_X1)               0.01       1.90 r
  data arrival time                                   1.90

  clock CLK (rise edge)                    4.00       4.00
  clock network delay (ideal)              0.00       4.00
  clock uncertainty                       -0.25       3.75
  instret_reg[38]/CK (DFF_X1)              0.00       3.75 r
  library setup time                      -0.05       3.70
  data required time                                  3.70
  -----------------------------------------------------------
  data required time                                  3.70
  data arrival time                                  -1.90
  -----------------------------------------------------------
  slack (MET)                                         1.80


  Startpoint: instret_reg[0]
              (rising edge-triggered flip-flop clocked by CLK)
  Endpoint: instret_reg[24]
            (rising edge-triggered flip-flop clocked by CLK)
  Path Group: CLK
  Path Type: max

  Des/Clust/Port     Wire Load Model       Library
  ------------------------------------------------
  VX_commit          5K_hvratio_1_1        NangateOpenCellLibrary_ss0p95v125c

  Point                                    Incr       Path
  -----------------------------------------------------------
  clock CLK (rise edge)                    0.00       0.00
  clock network delay (ideal)              0.00       0.00
  instret_reg[0]/CK (DFF_X1)               0.00       0.00 r
  instret_reg[0]/Q (DFF_X1)                0.38       0.38 r
  U671/ZN (NAND2_X1)                       0.09       0.47 f
  U693/ZN (OAI21_X1)                       0.18       0.65 r
  U696/ZN (AOI21_X1)                       0.09       0.74 f
  U704/ZN (NOR2_X1)                        0.15       0.89 r
  U735/ZN (INV_X1)                         0.09       0.98 f
  U736/ZN (NOR2_X1)                        0.15       1.14 r
  U737/ZN (INV_X1)                         0.08       1.21 f
  U748/ZN (NOR2_X1)                        0.16       1.37 r
  U749/ZN (NAND2_X1)                       0.08       1.45 f
  U750/Z (XOR2_X1)                         0.20       1.65 f
  U1398/ZN (AOI22_X1)                      0.14       1.79 r
  U1399/ZN (INV_X1)                        0.05       1.83 f
  instret_reg[24]/D (DFF_X1)               0.01       1.84 f
  data arrival time                                   1.84

  clock CLK (rise edge)                    4.00       4.00
  clock network delay (ideal)              0.00       4.00
  clock uncertainty                       -0.25       3.75
  instret_reg[24]/CK (DFF_X1)              0.00       3.75 r
  library setup time                      -0.11       3.64
  data required time                                  3.64
  -----------------------------------------------------------
  data required time                                  3.64
  data arrival time                                  -1.84
  -----------------------------------------------------------
  slack (MET)                                         1.80


  Startpoint: instret_reg[0]
              (rising edge-triggered flip-flop clocked by CLK)
  Endpoint: instret_reg[20]
            (rising edge-triggered flip-flop clocked by CLK)
  Path Group: CLK
  Path Type: max

  Des/Clust/Port     Wire Load Model       Library
  ------------------------------------------------
  VX_commit          5K_hvratio_1_1        NangateOpenCellLibrary_ss0p95v125c

  Point                                    Incr       Path
  -----------------------------------------------------------
  clock CLK (rise edge)                    0.00       0.00
  clock network delay (ideal)              0.00       0.00
  instret_reg[0]/CK (DFF_X1)               0.00       0.00 r
  instret_reg[0]/Q (DFF_X1)                0.38       0.38 r
  U671/ZN (NAND2_X1)                       0.09       0.47 f
  U693/ZN (OAI21_X1)                       0.18       0.65 r
  U696/ZN (AOI21_X1)                       0.09       0.74 f
  U704/ZN (NOR2_X1)                        0.15       0.89 r
  U735/ZN (INV_X1)                         0.09       0.98 f
  U756/ZN (NOR2_X1)                        0.15       1.14 r
  U757/ZN (INV_X1)                         0.07       1.20 f
  U758/ZN (NOR2_X1)                        0.16       1.36 r
  U759/ZN (NAND2_X1)                       0.08       1.44 f
  U760/Z (XOR2_X1)                         0.20       1.64 f
  U1406/ZN (AOI22_X1)                      0.14       1.78 r
  U1407/ZN (INV_X1)                        0.05       1.82 f
  instret_reg[20]/D (DFF_X1)               0.01       1.83 f
  data arrival time                                   1.83

  clock CLK (rise edge)                    4.00       4.00
  clock network delay (ideal)              0.00       4.00
  clock uncertainty                       -0.25       3.75
  instret_reg[20]/CK (DFF_X1)              0.00       3.75 r
  library setup time                      -0.11       3.64
  data required time                                  3.64
  -----------------------------------------------------------
  data required time                                  3.64
  data arrival time                                  -1.83
  -----------------------------------------------------------
  slack (MET)                                         1.81


  Startpoint: instret_reg[0]
              (rising edge-triggered flip-flop clocked by CLK)
  Endpoint: instret_reg[26]
            (rising edge-triggered flip-flop clocked by CLK)
  Path Group: CLK
  Path Type: max

  Des/Clust/Port     Wire Load Model       Library
  ------------------------------------------------
  VX_commit          5K_hvratio_1_1        NangateOpenCellLibrary_ss0p95v125c

  Point                                    Incr       Path
  -----------------------------------------------------------
  clock CLK (rise edge)                    0.00       0.00
  clock network delay (ideal)              0.00       0.00
  instret_reg[0]/CK (DFF_X1)               0.00       0.00 r
  instret_reg[0]/Q (DFF_X1)                0.38       0.38 r
  U671/ZN (NAND2_X1)                       0.09       0.47 f
  U693/ZN (OAI21_X1)                       0.18       0.65 r
  U696/ZN (AOI21_X1)                       0.09       0.74 f
  U704/ZN (NOR2_X1)                        0.15       0.89 r
  U735/ZN (INV_X1)                         0.09       0.98 f
  U736/ZN (NOR2_X1)                        0.15       1.14 r
  U737/ZN (INV_X1)                         0.08       1.21 f
  U739/ZN (NOR2_X1)                        0.15       1.36 r
  U745/ZN (NAND2_X1)                       0.08       1.44 f
  U746/Z (XOR2_X1)                         0.20       1.64 f
  U1394/ZN (AOI22_X1)                      0.14       1.77 r
  U1395/ZN (INV_X1)                        0.05       1.82 f
  instret_reg[26]/D (DFF_X1)               0.01       1.83 f
  data arrival time                                   1.83

  clock CLK (rise edge)                    4.00       4.00
  clock network delay (ideal)              0.00       4.00
  clock uncertainty                       -0.25       3.75
  instret_reg[26]/CK (DFF_X1)              0.00       3.75 r
  library setup time                      -0.11       3.64
  data required time                                  3.64
  -----------------------------------------------------------
  data required time                                  3.64
  data arrival time                                  -1.83
  -----------------------------------------------------------
  slack (MET)                                         1.82


  Startpoint: instret_reg[0]
              (rising edge-triggered flip-flop clocked by CLK)
  Endpoint: instret_reg[25]
            (rising edge-triggered flip-flop clocked by CLK)
  Path Group: CLK
  Path Type: max

  Des/Clust/Port     Wire Load Model       Library
  ------------------------------------------------
  VX_commit          5K_hvratio_1_1        NangateOpenCellLibrary_ss0p95v125c

  Point                                    Incr       Path
  -----------------------------------------------------------
  clock CLK (rise edge)                    0.00       0.00
  clock network delay (ideal)              0.00       0.00
  instret_reg[0]/CK (DFF_X1)               0.00       0.00 r
  instret_reg[0]/Q (DFF_X1)                0.38       0.38 r
  U671/ZN (NAND2_X1)                       0.09       0.47 f
  U693/ZN (OAI21_X1)                       0.18       0.65 r
  U696/ZN (AOI21_X1)                       0.09       0.74 f
  U704/ZN (NOR2_X1)                        0.15       0.89 r
  U735/ZN (INV_X1)                         0.09       0.98 f
  U736/ZN (NOR2_X1)                        0.15       1.14 r
  U737/ZN (INV_X1)                         0.08       1.21 f
  U739/ZN (NOR2_X1)                        0.15       1.36 r
  U740/ZN (INV_X1)                         0.07       1.43 f
  U747/Z (XOR2_X1)                         0.20       1.63 f
  U1396/ZN (AOI22_X1)                      0.14       1.76 r
  U1397/ZN (INV_X1)                        0.05       1.81 f
  instret_reg[25]/D (DFF_X1)               0.01       1.82 f
  data arrival time                                   1.82

  clock CLK (rise edge)                    4.00       4.00
  clock network delay (ideal)              0.00       4.00
  clock uncertainty                       -0.25       3.75
  instret_reg[25]/CK (DFF_X1)              0.00       3.75 r
  library setup time                      -0.11       3.64
  data required time                                  3.64
  -----------------------------------------------------------
  data required time                                  3.64
  data arrival time                                  -1.82
  -----------------------------------------------------------
  slack (MET)                                         1.83


  Startpoint: instret_reg[0]
              (rising edge-triggered flip-flop clocked by CLK)
  Endpoint: instret_reg[37]
            (rising edge-triggered flip-flop clocked by CLK)
  Path Group: CLK
  Path Type: max

  Des/Clust/Port     Wire Load Model       Library
  ------------------------------------------------
  VX_commit          5K_hvratio_1_1        NangateOpenCellLibrary_ss0p95v125c

  Point                                    Incr       Path
  -----------------------------------------------------------
  clock CLK (rise edge)                    0.00       0.00
  clock network delay (ideal)              0.00       0.00
  instret_reg[0]/CK (DFF_X1)               0.00       0.00 r
  instret_reg[0]/Q (DFF_X1)                0.38       0.38 r
  U671/ZN (NAND2_X1)                       0.09       0.47 f
  U693/ZN (OAI21_X1)                       0.18       0.65 r
  U696/ZN (AOI21_X1)                       0.09       0.74 f
  U704/ZN (NOR2_X1)                        0.15       0.89 r
  U705/ZN (NAND2_X1)                       0.09       0.98 f
  U711/ZN (NOR2_X1)                        0.14       1.12 r
  U720/CO (HA_X1)                          0.16       1.28 r
  U719/CO (HA_X1)                          0.14       1.42 r
  U718/S (HA_X1)                           0.19       1.61 r
  U1372/ZN (AOI22_X1)                      0.07       1.68 f
  U1373/ZN (INV_X1)                        0.07       1.75 r
  instret_reg[37]/D (DFF_X1)               0.01       1.76 r
  data arrival time                                   1.76

  clock CLK (rise edge)                    4.00       4.00
  clock network delay (ideal)              0.00       4.00
  clock uncertainty                       -0.25       3.75
  instret_reg[37]/CK (DFF_X1)              0.00       3.75 r
  library setup time                      -0.05       3.70
  data required time                                  3.70
  -----------------------------------------------------------
  data required time                                  3.70
  data arrival time                                  -1.76
  -----------------------------------------------------------
  slack (MET)                                         1.94


  Startpoint: instret_reg[0]
              (rising edge-triggered flip-flop clocked by CLK)
  Endpoint: instret_reg[23]
            (rising edge-triggered flip-flop clocked by CLK)
  Path Group: CLK
  Path Type: max

  Des/Clust/Port     Wire Load Model       Library
  ------------------------------------------------
  VX_commit          5K_hvratio_1_1        NangateOpenCellLibrary_ss0p95v125c

  Point                                    Incr       Path
  -----------------------------------------------------------
  clock CLK (rise edge)                    0.00       0.00
  clock network delay (ideal)              0.00       0.00
  instret_reg[0]/CK (DFF_X1)               0.00       0.00 r
  instret_reg[0]/Q (DFF_X1)                0.38       0.38 r
  U671/ZN (NAND2_X1)                       0.09       0.47 f
  U693/ZN (OAI21_X1)                       0.18       0.65 r
  U696/ZN (AOI21_X1)                       0.09       0.74 f
  U704/ZN (NOR2_X1)                        0.15       0.89 r
  U735/ZN (INV_X1)                         0.09       0.98 f
  U736/ZN (NOR2_X1)                        0.15       1.14 r
  U737/ZN (INV_X1)                         0.08       1.21 f
  U748/ZN (NOR2_X1)                        0.16       1.37 r
  U751/ZN (XNOR2_X1)                       0.08       1.45 f
  U1400/ZN (AOI22_X1)                      0.14       1.59 r
  U1401/ZN (INV_X1)                        0.05       1.64 f
  instret_reg[23]/D (DFF_X1)               0.01       1.64 f
  data arrival time                                   1.64

  clock CLK (rise edge)                    4.00       4.00
  clock network delay (ideal)              0.00       4.00
  clock uncertainty                       -0.25       3.75
  instret_reg[23]/CK (DFF_X1)              0.00       3.75 r
  library setup time                      -0.11       3.64
  data required time                                  3.64
  -----------------------------------------------------------
  data required time                                  3.64
  data arrival time                                  -1.64
  -----------------------------------------------------------
  slack (MET)                                         2.00


  Startpoint: instret_reg[0]
              (rising edge-triggered flip-flop clocked by CLK)
  Endpoint: instret_reg[19]
            (rising edge-triggered flip-flop clocked by CLK)
  Path Group: CLK
  Path Type: max

  Des/Clust/Port     Wire Load Model       Library
  ------------------------------------------------
  VX_commit          5K_hvratio_1_1        NangateOpenCellLibrary_ss0p95v125c

  Point                                    Incr       Path
  -----------------------------------------------------------
  clock CLK (rise edge)                    0.00       0.00
  clock network delay (ideal)              0.00       0.00
  instret_reg[0]/CK (DFF_X1)               0.00       0.00 r
  instret_reg[0]/Q (DFF_X1)                0.38       0.38 r
  U671/ZN (NAND2_X1)                       0.09       0.47 f
  U693/ZN (OAI21_X1)                       0.18       0.65 r
  U696/ZN (AOI21_X1)                       0.09       0.74 f
  U704/ZN (NOR2_X1)                        0.15       0.89 r
  U735/ZN (INV_X1)                         0.09       0.98 f
  U756/ZN (NOR2_X1)                        0.15       1.14 r
  U757/ZN (INV_X1)                         0.07       1.20 f
  U758/ZN (NOR2_X1)                        0.16       1.36 r
  U761/ZN (XNOR2_X1)                       0.08       1.44 f
  U1408/ZN (AOI22_X1)                      0.14       1.58 r
  U1409/ZN (INV_X1)                        0.05       1.62 f
  instret_reg[19]/D (DFF_X1)               0.01       1.63 f
  data arrival time                                   1.63

  clock CLK (rise edge)                    4.00       4.00
  clock network delay (ideal)              0.00       4.00
  clock uncertainty                       -0.25       3.75
  instret_reg[19]/CK (DFF_X1)              0.00       3.75 r
  library setup time                      -0.11       3.64
  data required time                                  3.64
  -----------------------------------------------------------
  data required time                                  3.64
  data arrival time                                  -1.63
  -----------------------------------------------------------
  slack (MET)                                         2.01


  Startpoint: instret_reg[0]
              (rising edge-triggered flip-flop clocked by CLK)
  Endpoint: instret_reg[16]
            (rising edge-triggered flip-flop clocked by CLK)
  Path Group: CLK
  Path Type: max

  Des/Clust/Port     Wire Load Model       Library
  ------------------------------------------------
  VX_commit          5K_hvratio_1_1        NangateOpenCellLibrary_ss0p95v125c

  Point                                    Incr       Path
  -----------------------------------------------------------
  clock CLK (rise edge)                    0.00       0.00
  clock network delay (ideal)              0.00       0.00
  instret_reg[0]/CK (DFF_X1)               0.00       0.00 r
  instret_reg[0]/Q (DFF_X1)                0.38       0.38 r
  U671/ZN (NAND2_X1)                       0.09       0.47 f
  U693/ZN (OAI21_X1)                       0.18       0.65 r
  U696/ZN (AOI21_X1)                       0.09       0.74 f
  U704/ZN (NOR2_X1)                        0.15       0.89 r
  U735/ZN (INV_X1)                         0.09       0.98 f
  U765/ZN (NOR2_X1)                        0.16       1.15 r
  U766/ZN (NAND2_X1)                       0.08       1.23 f
  U767/Z (XOR2_X1)                         0.20       1.43 f
  U1414/ZN (AOI22_X1)                      0.14       1.56 r
  U1415/ZN (INV_X1)                        0.05       1.61 f
  instret_reg[16]/D (DFF_X1)               0.01       1.62 f
  data arrival time                                   1.62

  clock CLK (rise edge)                    4.00       4.00
  clock network delay (ideal)              0.00       4.00
  clock uncertainty                       -0.25       3.75
  instret_reg[16]/CK (DFF_X1)              0.00       3.75 r
  library setup time                      -0.11       3.64
  data required time                                  3.64
  -----------------------------------------------------------
  data required time                                  3.64
  data arrival time                                  -1.62
  -----------------------------------------------------------
  slack (MET)                                         2.03


  Startpoint: instret_reg[0]
              (rising edge-triggered flip-flop clocked by CLK)
  Endpoint: instret_reg[30]
            (rising edge-triggered flip-flop clocked by CLK)
  Path Group: CLK
  Path Type: max

  Des/Clust/Port     Wire Load Model       Library
  ------------------------------------------------
  VX_commit          5K_hvratio_1_1        NangateOpenCellLibrary_ss0p95v125c

  Point                                    Incr       Path
  -----------------------------------------------------------
  clock CLK (rise edge)                    0.00       0.00
  clock network delay (ideal)              0.00       0.00
  instret_reg[0]/CK (DFF_X1)               0.00       0.00 r
  instret_reg[0]/Q (DFF_X1)                0.38       0.38 r
  U671/ZN (NAND2_X1)                       0.09       0.47 f
  U693/ZN (OAI21_X1)                       0.18       0.65 r
  U696/ZN (AOI21_X1)                       0.09       0.74 f
  U704/ZN (NOR2_X1)                        0.15       0.89 r
  U705/ZN (NAND2_X1)                       0.09       0.98 f
  U721/ZN (INV_X1)                         0.15       1.13 r
  U732/ZN (NAND2_X1)                       0.08       1.22 f
  U733/Z (XOR2_X1)                         0.20       1.42 f
  U1386/ZN (AOI22_X1)                      0.14       1.55 r
  U1387/ZN (INV_X1)                        0.05       1.60 f
  instret_reg[30]/D (DFF_X1)               0.01       1.61 f
  data arrival time                                   1.61

  clock CLK (rise edge)                    4.00       4.00
  clock network delay (ideal)              0.00       4.00
  clock uncertainty                       -0.25       3.75
  instret_reg[30]/CK (DFF_X1)              0.00       3.75 r
  library setup time                      -0.11       3.64
  data required time                                  3.64
  -----------------------------------------------------------
  data required time                                  3.64
  data arrival time                                  -1.61
  -----------------------------------------------------------
  slack (MET)                                         2.04


  Startpoint: instret_reg[0]
              (rising edge-triggered flip-flop clocked by CLK)
  Endpoint: instret_reg[32]
            (rising edge-triggered flip-flop clocked by CLK)
  Path Group: CLK
  Path Type: max

  Des/Clust/Port     Wire Load Model       Library
  ------------------------------------------------
  VX_commit          5K_hvratio_1_1        NangateOpenCellLibrary_ss0p95v125c

  Point                                    Incr       Path
  -----------------------------------------------------------
  clock CLK (rise edge)                    0.00       0.00
  clock network delay (ideal)              0.00       0.00
  instret_reg[0]/CK (DFF_X1)               0.00       0.00 r
  instret_reg[0]/Q (DFF_X1)                0.38       0.38 r
  U671/ZN (NAND2_X1)                       0.09       0.47 f
  U693/ZN (OAI21_X1)                       0.18       0.65 r
  U696/ZN (AOI21_X1)                       0.09       0.74 f
  U704/ZN (NOR2_X1)                        0.15       0.89 r
  U705/ZN (NAND2_X1)                       0.09       0.98 f
  U721/ZN (INV_X1)                         0.15       1.13 r
  U727/ZN (NAND2_X1)                       0.08       1.22 f
  U728/Z (XOR2_X1)                         0.20       1.42 f
  U1382/ZN (AOI22_X1)                      0.14       1.55 r
  U1383/ZN (INV_X1)                        0.05       1.60 f
  instret_reg[32]/D (DFF_X1)               0.01       1.61 f
  data arrival time                                   1.61

  clock CLK (rise edge)                    4.00       4.00
  clock network delay (ideal)              0.00       4.00
  clock uncertainty                       -0.25       3.75
  instret_reg[32]/CK (DFF_X1)              0.00       3.75 r
  library setup time                      -0.11       3.64
  data required time                                  3.64
  -----------------------------------------------------------
  data required time                                  3.64
  data arrival time                                  -1.61
  -----------------------------------------------------------
  slack (MET)                                         2.04


  Startpoint: instret_reg[0]
              (rising edge-triggered flip-flop clocked by CLK)
  Endpoint: instret_reg[34]
            (rising edge-triggered flip-flop clocked by CLK)
  Path Group: CLK
  Path Type: max

  Des/Clust/Port     Wire Load Model       Library
  ------------------------------------------------
  VX_commit          5K_hvratio_1_1        NangateOpenCellLibrary_ss0p95v125c

  Point                                    Incr       Path
  -----------------------------------------------------------
  clock CLK (rise edge)                    0.00       0.00
  clock network delay (ideal)              0.00       0.00
  instret_reg[0]/CK (DFF_X1)               0.00       0.00 r
  instret_reg[0]/Q (DFF_X1)                0.38       0.38 r
  U671/ZN (NAND2_X1)                       0.09       0.47 f
  U693/ZN (OAI21_X1)                       0.18       0.65 r
  U696/ZN (AOI21_X1)                       0.09       0.74 f
  U704/ZN (NOR2_X1)                        0.15       0.89 r
  U705/ZN (NAND2_X1)                       0.09       0.98 f
  U721/ZN (INV_X1)                         0.15       1.13 r
  U722/ZN (NAND2_X1)                       0.08       1.22 f
  U723/Z (XOR2_X1)                         0.20       1.42 f
  U1378/ZN (AOI22_X1)                      0.14       1.55 r
  U1379/ZN (INV_X1)                        0.05       1.60 f
  instret_reg[34]/D (DFF_X1)               0.01       1.61 f
  data arrival time                                   1.61

  clock CLK (rise edge)                    4.00       4.00
  clock network delay (ideal)              0.00       4.00
  clock uncertainty                       -0.25       3.75
  instret_reg[34]/CK (DFF_X1)              0.00       3.75 r
  library setup time                      -0.11       3.64
  data required time                                  3.64
  -----------------------------------------------------------
  data required time                                  3.64
  data arrival time                                  -1.61
  -----------------------------------------------------------
  slack (MET)                                         2.04


  Startpoint: instret_reg[0]
              (rising edge-triggered flip-flop clocked by CLK)
  Endpoint: instret_reg[31]
            (rising edge-triggered flip-flop clocked by CLK)
  Path Group: CLK
  Path Type: max

  Des/Clust/Port     Wire Load Model       Library
  ------------------------------------------------
  VX_commit          5K_hvratio_1_1        NangateOpenCellLibrary_ss0p95v125c

  Point                                    Incr       Path
  -----------------------------------------------------------
  clock CLK (rise edge)                    0.00       0.00
  clock network delay (ideal)              0.00       0.00
  instret_reg[0]/CK (DFF_X1)               0.00       0.00 r
  instret_reg[0]/Q (DFF_X1)                0.38       0.38 r
  U671/ZN (NAND2_X1)                       0.09       0.47 f
  U693/ZN (OAI21_X1)                       0.18       0.65 r
  U696/ZN (AOI21_X1)                       0.09       0.74 f
  U704/ZN (NOR2_X1)                        0.15       0.89 r
  U705/ZN (NAND2_X1)                       0.09       0.98 f
  U721/ZN (INV_X1)                         0.15       1.13 r
  U730/ZN (NAND2_X1)                       0.08       1.22 f
  U731/Z (XOR2_X1)                         0.20       1.42 f
  U1384/ZN (AOI22_X1)                      0.14       1.55 r
  U1385/ZN (INV_X1)                        0.05       1.60 f
  instret_reg[31]/D (DFF_X1)               0.01       1.61 f
  data arrival time                                   1.61

  clock CLK (rise edge)                    4.00       4.00
  clock network delay (ideal)              0.00       4.00
  clock uncertainty                       -0.25       3.75
  instret_reg[31]/CK (DFF_X1)              0.00       3.75 r
  library setup time                      -0.11       3.64
  data required time                                  3.64
  -----------------------------------------------------------
  data required time                                  3.64
  data arrival time                                  -1.61
  -----------------------------------------------------------
  slack (MET)                                         2.04


  Startpoint: instret_reg[0]
              (rising edge-triggered flip-flop clocked by CLK)
  Endpoint: instret_reg[33]
            (rising edge-triggered flip-flop clocked by CLK)
  Path Group: CLK
  Path Type: max

  Des/Clust/Port     Wire Load Model       Library
  ------------------------------------------------
  VX_commit          5K_hvratio_1_1        NangateOpenCellLibrary_ss0p95v125c

  Point                                    Incr       Path
  -----------------------------------------------------------
  clock CLK (rise edge)                    0.00       0.00
  clock network delay (ideal)              0.00       0.00
  instret_reg[0]/CK (DFF_X1)               0.00       0.00 r
  instret_reg[0]/Q (DFF_X1)                0.38       0.38 r
  U671/ZN (NAND2_X1)                       0.09       0.47 f
  U693/ZN (OAI21_X1)                       0.18       0.65 r
  U696/ZN (AOI21_X1)                       0.09       0.74 f
  U704/ZN (NOR2_X1)                        0.15       0.89 r
  U705/ZN (NAND2_X1)                       0.09       0.98 f
  U721/ZN (INV_X1)                         0.15       1.13 r
  U725/ZN (NAND2_X1)                       0.08       1.22 f
  U726/Z (XOR2_X1)                         0.20       1.42 f
  U1380/ZN (AOI22_X1)                      0.14       1.55 r
  U1381/ZN (INV_X1)                        0.05       1.60 f
  instret_reg[33]/D (DFF_X1)               0.01       1.61 f
  data arrival time                                   1.61

  clock CLK (rise edge)                    4.00       4.00
  clock network delay (ideal)              0.00       4.00
  clock uncertainty                       -0.25       3.75
  instret_reg[33]/CK (DFF_X1)              0.00       3.75 r
  library setup time                      -0.11       3.64
  data required time                                  3.64
  -----------------------------------------------------------
  data required time                                  3.64
  data arrival time                                  -1.61
  -----------------------------------------------------------
  slack (MET)                                         2.04


  Startpoint: instret_reg[0]
              (rising edge-triggered flip-flop clocked by CLK)
  Endpoint: instret_reg[21]
            (rising edge-triggered flip-flop clocked by CLK)
  Path Group: CLK
  Path Type: max

  Des/Clust/Port     Wire Load Model       Library
  ------------------------------------------------
  VX_commit          5K_hvratio_1_1        NangateOpenCellLibrary_ss0p95v125c

  Point                                    Incr       Path
  -----------------------------------------------------------
  clock CLK (rise edge)                    0.00       0.00
  clock network delay (ideal)              0.00       0.00
  instret_reg[0]/CK (DFF_X1)               0.00       0.00 r
  instret_reg[0]/Q (DFF_X1)                0.38       0.38 r
  U671/ZN (NAND2_X1)                       0.09       0.47 f
  U693/ZN (OAI21_X1)                       0.18       0.65 r
  U696/ZN (AOI21_X1)                       0.09       0.74 f
  U704/ZN (NOR2_X1)                        0.15       0.89 r
  U735/ZN (INV_X1)                         0.09       0.98 f
  U736/ZN (NOR2_X1)                        0.15       1.14 r
  U737/ZN (INV_X1)                         0.08       1.21 f
  U754/Z (XOR2_X1)                         0.20       1.42 f
  U1404/ZN (AOI22_X1)                      0.14       1.55 r
  U1405/ZN (INV_X1)                        0.05       1.60 f
  instret_reg[21]/D (DFF_X1)               0.01       1.61 f
  data arrival time                                   1.61

  clock CLK (rise edge)                    4.00       4.00
  clock network delay (ideal)              0.00       4.00
  clock uncertainty                       -0.25       3.75
  instret_reg[21]/CK (DFF_X1)              0.00       3.75 r
  library setup time                      -0.11       3.64
  data required time                                  3.64
  -----------------------------------------------------------
  data required time                                  3.64
  data arrival time                                  -1.61
  -----------------------------------------------------------
  slack (MET)                                         2.04


  Startpoint: instret_reg[0]
              (rising edge-triggered flip-flop clocked by CLK)
  Endpoint: instret_reg[18]
            (rising edge-triggered flip-flop clocked by CLK)
  Path Group: CLK
  Path Type: max

  Des/Clust/Port     Wire Load Model       Library
  ------------------------------------------------
  VX_commit          5K_hvratio_1_1        NangateOpenCellLibrary_ss0p95v125c

  Point                                    Incr       Path
  -----------------------------------------------------------
  clock CLK (rise edge)                    0.00       0.00
  clock network delay (ideal)              0.00       0.00
  instret_reg[0]/CK (DFF_X1)               0.00       0.00 r
  instret_reg[0]/Q (DFF_X1)                0.38       0.38 r
  U671/ZN (NAND2_X1)                       0.09       0.47 f
  U693/ZN (OAI21_X1)                       0.18       0.65 r
  U696/ZN (AOI21_X1)                       0.09       0.74 f
  U704/ZN (NOR2_X1)                        0.15       0.89 r
  U735/ZN (INV_X1)                         0.09       0.98 f
  U756/ZN (NOR2_X1)                        0.15       1.14 r
  U762/ZN (NAND2_X1)                       0.08       1.21 f
  U763/Z (XOR2_X1)                         0.20       1.41 f
  U1410/ZN (AOI22_X1)                      0.14       1.55 r
  U1411/ZN (INV_X1)                        0.05       1.59 f
  instret_reg[18]/D (DFF_X1)               0.01       1.60 f
  data arrival time                                   1.60

  clock CLK (rise edge)                    4.00       4.00
  clock network delay (ideal)              0.00       4.00
  clock uncertainty                       -0.25       3.75
  instret_reg[18]/CK (DFF_X1)              0.00       3.75 r
  library setup time                      -0.11       3.64
  data required time                                  3.64
  -----------------------------------------------------------
  data required time                                  3.64
  data arrival time                                  -1.60
  -----------------------------------------------------------
  slack (MET)                                         2.04


  Startpoint: instret_reg[0]
              (rising edge-triggered flip-flop clocked by CLK)
  Endpoint: instret_reg[22]
            (rising edge-triggered flip-flop clocked by CLK)
  Path Group: CLK
  Path Type: max

  Des/Clust/Port     Wire Load Model       Library
  ------------------------------------------------
  VX_commit          5K_hvratio_1_1        NangateOpenCellLibrary_ss0p95v125c

  Point                                    Incr       Path
  -----------------------------------------------------------
  clock CLK (rise edge)                    0.00       0.00
  clock network delay (ideal)              0.00       0.00
  instret_reg[0]/CK (DFF_X1)               0.00       0.00 r
  instret_reg[0]/Q (DFF_X1)                0.38       0.38 r
  U671/ZN (NAND2_X1)                       0.09       0.47 f
  U693/ZN (OAI21_X1)                       0.18       0.65 r
  U696/ZN (AOI21_X1)                       0.09       0.74 f
  U704/ZN (NOR2_X1)                        0.15       0.89 r
  U735/ZN (INV_X1)                         0.09       0.98 f
  U736/ZN (NOR2_X1)                        0.15       1.14 r
  U752/ZN (NAND2_X1)                       0.08       1.21 f
  U753/Z (XOR2_X1)                         0.20       1.41 f
  U1402/ZN (AOI22_X1)                      0.14       1.55 r
  U1403/ZN (INV_X1)                        0.05       1.59 f
  instret_reg[22]/D (DFF_X1)               0.01       1.60 f
  data arrival time                                   1.60

  clock CLK (rise edge)                    4.00       4.00
  clock network delay (ideal)              0.00       4.00
  clock uncertainty                       -0.25       3.75
  instret_reg[22]/CK (DFF_X1)              0.00       3.75 r
  library setup time                      -0.11       3.64
  data required time                                  3.64
  -----------------------------------------------------------
  data required time                                  3.64
  data arrival time                                  -1.60
  -----------------------------------------------------------
  slack (MET)                                         2.04


  Startpoint: instret_reg[0]
              (rising edge-triggered flip-flop clocked by CLK)
  Endpoint: instret_reg[17]
            (rising edge-triggered flip-flop clocked by CLK)
  Path Group: CLK
  Path Type: max

  Des/Clust/Port     Wire Load Model       Library
  ------------------------------------------------
  VX_commit          5K_hvratio_1_1        NangateOpenCellLibrary_ss0p95v125c

  Point                                    Incr       Path
  -----------------------------------------------------------
  clock CLK (rise edge)                    0.00       0.00
  clock network delay (ideal)              0.00       0.00
  instret_reg[0]/CK (DFF_X1)               0.00       0.00 r
  instret_reg[0]/Q (DFF_X1)                0.38       0.38 r
  U671/ZN (NAND2_X1)                       0.09       0.47 f
  U693/ZN (OAI21_X1)                       0.18       0.65 r
  U696/ZN (AOI21_X1)                       0.09       0.74 f
  U704/ZN (NOR2_X1)                        0.15       0.89 r
  U735/ZN (INV_X1)                         0.09       0.98 f
  U756/ZN (NOR2_X1)                        0.15       1.14 r
  U757/ZN (INV_X1)                         0.07       1.20 f
  U764/Z (XOR2_X1)                         0.20       1.40 f
  U1412/ZN (AOI22_X1)                      0.14       1.54 r
  U1413/ZN (INV_X1)                        0.05       1.59 f
  instret_reg[17]/D (DFF_X1)               0.01       1.59 f
  data arrival time                                   1.59

  clock CLK (rise edge)                    4.00       4.00
  clock network delay (ideal)              0.00       4.00
  clock uncertainty                       -0.25       3.75
  instret_reg[17]/CK (DFF_X1)              0.00       3.75 r
  library setup time                      -0.11       3.64
  data required time                                  3.64
  -----------------------------------------------------------
  data required time                                  3.64
  data arrival time                                  -1.59
  -----------------------------------------------------------
  slack (MET)                                         2.05


  Startpoint: instret_reg[0]
              (rising edge-triggered flip-flop clocked by CLK)
  Endpoint: instret_reg[36]
            (rising edge-triggered flip-flop clocked by CLK)
  Path Group: CLK
  Path Type: max

  Des/Clust/Port     Wire Load Model       Library
  ------------------------------------------------
  VX_commit          5K_hvratio_1_1        NangateOpenCellLibrary_ss0p95v125c

  Point                                    Incr       Path
  -----------------------------------------------------------
  clock CLK (rise edge)                    0.00       0.00
  clock network delay (ideal)              0.00       0.00
  instret_reg[0]/CK (DFF_X1)               0.00       0.00 r
  instret_reg[0]/Q (DFF_X1)                0.38       0.38 r
  U671/ZN (NAND2_X1)                       0.09       0.47 f
  U693/ZN (OAI21_X1)                       0.18       0.65 r
  U696/ZN (AOI21_X1)                       0.09       0.74 f
  U704/ZN (NOR2_X1)                        0.15       0.89 r
  U705/ZN (NAND2_X1)                       0.09       0.98 f
  U711/ZN (NOR2_X1)                        0.14       1.12 r
  U720/CO (HA_X1)                          0.16       1.28 r
  U719/S (HA_X1)                           0.19       1.47 r
  U1374/ZN (AOI22_X1)                      0.07       1.54 f
  U1375/ZN (INV_X1)                        0.07       1.61 r
  instret_reg[36]/D (DFF_X1)               0.01       1.62 r
  data arrival time                                   1.62

  clock CLK (rise edge)                    4.00       4.00
  clock network delay (ideal)              0.00       4.00
  clock uncertainty                       -0.25       3.75
  instret_reg[36]/CK (DFF_X1)              0.00       3.75 r
  library setup time                      -0.05       3.70
  data required time                                  3.70
  -----------------------------------------------------------
  data required time                                  3.70
  data arrival time                                  -1.62
  -----------------------------------------------------------
  slack (MET)                                         2.08


  Startpoint: instret_reg[0]
              (rising edge-triggered flip-flop clocked by CLK)
  Endpoint: instret_reg[11]
            (rising edge-triggered flip-flop clocked by CLK)
  Path Group: CLK
  Path Type: max

  Des/Clust/Port     Wire Load Model       Library
  ------------------------------------------------
  VX_commit          5K_hvratio_1_1        NangateOpenCellLibrary_ss0p95v125c

  Point                                    Incr       Path
  -----------------------------------------------------------
  clock CLK (rise edge)                    0.00       0.00
  clock network delay (ideal)              0.00       0.00
  instret_reg[0]/CK (DFF_X1)               0.00       0.00 r
  instret_reg[0]/Q (DFF_X1)                0.38       0.38 r
  U671/ZN (NAND2_X1)                       0.09       0.47 f
  U693/ZN (OAI21_X1)                       0.18       0.65 r
  U696/ZN (AOI21_X1)                       0.09       0.74 f
  U772/ZN (INV_X1)                         0.12       0.86 r
  U773/ZN (NAND2_X1)                       0.08       0.95 f
  U774/ZN (INV_X1)                         0.08       1.03 r
  U776/ZN (NAND2_X1)                       0.07       1.10 f
  U779/Z (XOR2_X1)                         0.20       1.30 f
  U1424/ZN (AOI22_X1)                      0.14       1.44 r
  U1425/ZN (INV_X1)                        0.05       1.48 f
  instret_reg[11]/D (DFF_X1)               0.01       1.49 f
  data arrival time                                   1.49

  clock CLK (rise edge)                    4.00       4.00
  clock network delay (ideal)              0.00       4.00
  clock uncertainty                       -0.25       3.75
  instret_reg[11]/CK (DFF_X1)              0.00       3.75 r
  library setup time                      -0.11       3.64
  data required time                                  3.64
  -----------------------------------------------------------
  data required time                                  3.64
  data arrival time                                  -1.49
  -----------------------------------------------------------
  slack (MET)                                         2.15


  Startpoint: instret_reg[0]
              (rising edge-triggered flip-flop clocked by CLK)
  Endpoint: instret_reg[12]
            (rising edge-triggered flip-flop clocked by CLK)
  Path Group: CLK
  Path Type: max

  Des/Clust/Port     Wire Load Model       Library
  ------------------------------------------------
  VX_commit          5K_hvratio_1_1        NangateOpenCellLibrary_ss0p95v125c

  Point                                    Incr       Path
  -----------------------------------------------------------
  clock CLK (rise edge)                    0.00       0.00
  clock network delay (ideal)              0.00       0.00
  instret_reg[0]/CK (DFF_X1)               0.00       0.00 r
  instret_reg[0]/Q (DFF_X1)                0.38       0.38 r
  U671/ZN (NAND2_X1)                       0.09       0.47 f
  U693/ZN (OAI21_X1)                       0.18       0.65 r
  U696/ZN (AOI21_X1)                       0.09       0.74 f
  U772/ZN (INV_X1)                         0.12       0.86 r
  U773/ZN (NAND2_X1)                       0.08       0.95 f
  U774/ZN (INV_X1)                         0.08       1.03 r
  U776/ZN (NAND2_X1)                       0.07       1.10 f
  U777/ZN (NOR2_X1)                        0.12       1.22 r
  U778/ZN (XNOR2_X1)                       0.07       1.29 f
  U1422/ZN (AOI22_X1)                      0.13       1.42 r
  U1423/ZN (INV_X1)                        0.05       1.47 f
  instret_reg[12]/D (DFF_X1)               0.01       1.47 f
  data arrival time                                   1.47

  clock CLK (rise edge)                    4.00       4.00
  clock network delay (ideal)              0.00       4.00
  clock uncertainty                       -0.25       3.75
  instret_reg[12]/CK (DFF_X1)              0.00       3.75 r
  library setup time                      -0.11       3.64
  data required time                                  3.64
  -----------------------------------------------------------
  data required time                                  3.64
  data arrival time                                  -1.47
  -----------------------------------------------------------
  slack (MET)                                         2.17


  Startpoint: instret_reg[0]
              (rising edge-triggered flip-flop clocked by CLK)
  Endpoint: instret_reg[35]
            (rising edge-triggered flip-flop clocked by CLK)
  Path Group: CLK
  Path Type: max

  Des/Clust/Port     Wire Load Model       Library
  ------------------------------------------------
  VX_commit          5K_hvratio_1_1        NangateOpenCellLibrary_ss0p95v125c

  Point                                    Incr       Path
  -----------------------------------------------------------
  clock CLK (rise edge)                    0.00       0.00
  clock network delay (ideal)              0.00       0.00
  instret_reg[0]/CK (DFF_X1)               0.00       0.00 r
  instret_reg[0]/Q (DFF_X1)                0.38       0.38 r
  U671/ZN (NAND2_X1)                       0.09       0.47 f
  U693/ZN (OAI21_X1)                       0.18       0.65 r
  U696/ZN (AOI21_X1)                       0.09       0.74 f
  U704/ZN (NOR2_X1)                        0.15       0.89 r
  U705/ZN (NAND2_X1)                       0.09       0.98 f
  U711/ZN (NOR2_X1)                        0.14       1.12 r
  U720/S (HA_X1)                           0.21       1.33 r
  U1376/ZN (AOI22_X1)                      0.07       1.40 f
  U1377/ZN (INV_X1)                        0.07       1.47 r
  instret_reg[35]/D (DFF_X1)               0.01       1.48 r
  data arrival time                                   1.48

  clock CLK (rise edge)                    4.00       4.00
  clock network delay (ideal)              0.00       4.00
  clock uncertainty                       -0.25       3.75
  instret_reg[35]/CK (DFF_X1)              0.00       3.75 r
  library setup time                      -0.05       3.70
  data required time                                  3.70
  -----------------------------------------------------------
  data required time                                  3.70
  data arrival time                                  -1.48
  -----------------------------------------------------------
  slack (MET)                                         2.22


  Startpoint: instret_reg[0]
              (rising edge-triggered flip-flop clocked by CLK)
  Endpoint: instret_reg[15]
            (rising edge-triggered flip-flop clocked by CLK)
  Path Group: CLK
  Path Type: max

  Des/Clust/Port     Wire Load Model       Library
  ------------------------------------------------
  VX_commit          5K_hvratio_1_1        NangateOpenCellLibrary_ss0p95v125c

  Point                                    Incr       Path
  -----------------------------------------------------------
  clock CLK (rise edge)                    0.00       0.00
  clock network delay (ideal)              0.00       0.00
  instret_reg[0]/CK (DFF_X1)               0.00       0.00 r
  instret_reg[0]/Q (DFF_X1)                0.38       0.38 r
  U671/ZN (NAND2_X1)                       0.09       0.47 f
  U693/ZN (OAI21_X1)                       0.18       0.65 r
  U696/ZN (AOI21_X1)                       0.09       0.74 f
  U704/ZN (NOR2_X1)                        0.15       0.89 r
  U735/ZN (INV_X1)                         0.09       0.98 f
  U765/ZN (NOR2_X1)                        0.16       1.15 r
  U768/ZN (XNOR2_X1)                       0.08       1.23 f
  U1416/ZN (AOI22_X1)                      0.14       1.37 r
  U1417/ZN (INV_X1)                        0.05       1.41 f
  instret_reg[15]/D (DFF_X1)               0.01       1.42 f
  data arrival time                                   1.42

  clock CLK (rise edge)                    4.00       4.00
  clock network delay (ideal)              0.00       4.00
  clock uncertainty                       -0.25       3.75
  instret_reg[15]/CK (DFF_X1)              0.00       3.75 r
  library setup time                      -0.11       3.64
  data required time                                  3.64
  -----------------------------------------------------------
  data required time                                  3.64
  data arrival time                                  -1.42
  -----------------------------------------------------------
  slack (MET)                                         2.22


  Startpoint: instret_reg[0]
              (rising edge-triggered flip-flop clocked by CLK)
  Endpoint: instret_reg[29]
            (rising edge-triggered flip-flop clocked by CLK)
  Path Group: CLK
  Path Type: max

  Des/Clust/Port     Wire Load Model       Library
  ------------------------------------------------
  VX_commit          5K_hvratio_1_1        NangateOpenCellLibrary_ss0p95v125c

  Point                                    Incr       Path
  -----------------------------------------------------------
  clock CLK (rise edge)                    0.00       0.00
  clock network delay (ideal)              0.00       0.00
  instret_reg[0]/CK (DFF_X1)               0.00       0.00 r
  instret_reg[0]/Q (DFF_X1)                0.38       0.38 r
  U671/ZN (NAND2_X1)                       0.09       0.47 f
  U693/ZN (OAI21_X1)                       0.18       0.65 r
  U696/ZN (AOI21_X1)                       0.09       0.74 f
  U704/ZN (NOR2_X1)                        0.15       0.89 r
  U705/ZN (NAND2_X1)                       0.09       0.98 f
  U721/ZN (INV_X1)                         0.15       1.13 r
  U734/ZN (XNOR2_X1)                       0.09       1.22 f
  U1388/ZN (AOI22_X1)                      0.14       1.36 r
  U1389/ZN (INV_X1)                        0.05       1.40 f
  instret_reg[29]/D (DFF_X1)               0.01       1.41 f
  data arrival time                                   1.41

  clock CLK (rise edge)                    4.00       4.00
  clock network delay (ideal)              0.00       4.00
  clock uncertainty                       -0.25       3.75
  instret_reg[29]/CK (DFF_X1)              0.00       3.75 r
  library setup time                      -0.11       3.64
  data required time                                  3.64
  -----------------------------------------------------------
  data required time                                  3.64
  data arrival time                                  -1.41
  -----------------------------------------------------------
  slack (MET)                                         2.23


  Startpoint: instret_reg[0]
              (rising edge-triggered flip-flop clocked by CLK)
  Endpoint: instret_reg[13]
            (rising edge-triggered flip-flop clocked by CLK)
  Path Group: CLK
  Path Type: max

  Des/Clust/Port     Wire Load Model       Library
  ------------------------------------------------
  VX_commit          5K_hvratio_1_1        NangateOpenCellLibrary_ss0p95v125c

  Point                                    Incr       Path
  -----------------------------------------------------------
  clock CLK (rise edge)                    0.00       0.00
  clock network delay (ideal)              0.00       0.00
  instret_reg[0]/CK (DFF_X1)               0.00       0.00 r
  instret_reg[0]/Q (DFF_X1)                0.38       0.38 r
  U671/ZN (NAND2_X1)                       0.09       0.47 f
  U693/ZN (OAI21_X1)                       0.18       0.65 r
  U696/ZN (AOI21_X1)                       0.09       0.74 f
  U704/ZN (NOR2_X1)                        0.15       0.89 r
  U735/ZN (INV_X1)                         0.09       0.98 f
  U771/Z (XOR2_X1)                         0.21       1.19 f
  U1420/ZN (AOI22_X1)                      0.14       1.33 r
  U1421/ZN (INV_X1)                        0.05       1.37 f
  instret_reg[13]/D (DFF_X1)               0.01       1.38 f
  data arrival time                                   1.38

  clock CLK (rise edge)                    4.00       4.00
  clock network delay (ideal)              0.00       4.00
  clock uncertainty                       -0.25       3.75
  instret_reg[13]/CK (DFF_X1)              0.00       3.75 r
  library setup time                      -0.11       3.64
  data required time                                  3.64
  -----------------------------------------------------------
  data required time                                  3.64
  data arrival time                                  -1.38
  -----------------------------------------------------------
  slack (MET)                                         2.26


  Startpoint: instret_reg[0]
              (rising edge-triggered flip-flop clocked by CLK)
  Endpoint: instret_reg[14]
            (rising edge-triggered flip-flop clocked by CLK)
  Path Group: CLK
  Path Type: max

  Des/Clust/Port     Wire Load Model       Library
  ------------------------------------------------
  VX_commit          5K_hvratio_1_1        NangateOpenCellLibrary_ss0p95v125c

  Point                                    Incr       Path
  -----------------------------------------------------------
  clock CLK (rise edge)                    0.00       0.00
  clock network delay (ideal)              0.00       0.00
  instret_reg[0]/CK (DFF_X1)               0.00       0.00 r
  instret_reg[0]/Q (DFF_X1)                0.38       0.38 r
  U671/ZN (NAND2_X1)                       0.09       0.47 f
  U693/ZN (OAI21_X1)                       0.18       0.65 r
  U696/ZN (AOI21_X1)                       0.09       0.74 f
  U704/ZN (NOR2_X1)                        0.15       0.89 r
  U735/ZN (INV_X1)                         0.09       0.98 f
  U769/ZN (NOR2_X1)                        0.12       1.11 r
  U770/ZN (XNOR2_X1)                       0.07       1.18 f
  U1418/ZN (AOI22_X1)                      0.13       1.31 r
  U1419/ZN (INV_X1)                        0.05       1.36 f
  instret_reg[14]/D (DFF_X1)               0.01       1.37 f
  data arrival time                                   1.37

  clock CLK (rise edge)                    4.00       4.00
  clock network delay (ideal)              0.00       4.00
  clock uncertainty                       -0.25       3.75
  instret_reg[14]/CK (DFF_X1)              0.00       3.75 r
  library setup time                      -0.11       3.64
  data required time                                  3.64
  -----------------------------------------------------------
  data required time                                  3.64
  data arrival time                                  -1.37
  -----------------------------------------------------------
  slack (MET)                                         2.28


  Startpoint: instret_reg[0]
              (rising edge-triggered flip-flop clocked by CLK)
  Endpoint: instret_reg[4]
            (rising edge-triggered flip-flop clocked by CLK)
  Path Group: CLK
  Path Type: max

  Des/Clust/Port     Wire Load Model       Library
  ------------------------------------------------
  VX_commit          5K_hvratio_1_1        NangateOpenCellLibrary_ss0p95v125c

  Point                                    Incr       Path
  -----------------------------------------------------------
  clock CLK (rise edge)                    0.00       0.00
  clock network delay (ideal)              0.00       0.00
  instret_reg[0]/CK (DFF_X1)               0.00       0.00 r
  instret_reg[0]/Q (DFF_X1)                0.38       0.38 r
  U671/ZN (NAND2_X1)                       0.09       0.47 f
  U693/ZN (OAI21_X1)                       0.18       0.65 r
  U791/ZN (INV_X1)                         0.07       0.72 f
  U792/ZN (OAI21_X1)                       0.17       0.89 r
  U793/ZN (NAND2_X1)                       0.08       0.97 f
  U794/Z (XOR2_X1)                         0.20       1.17 f
  U1438/ZN (AOI22_X1)                      0.14       1.31 r
  U1439/ZN (INV_X1)                        0.05       1.36 f
  instret_reg[4]/D (DFF_X1)                0.01       1.36 f
  data arrival time                                   1.36

  clock CLK (rise edge)                    4.00       4.00
  clock network delay (ideal)              0.00       4.00
  clock uncertainty                       -0.25       3.75
  instret_reg[4]/CK (DFF_X1)               0.00       3.75 r
  library setup time                      -0.11       3.64
  data required time                                  3.64
  -----------------------------------------------------------
  data required time                                  3.64
  data arrival time                                  -1.36
  -----------------------------------------------------------
  slack (MET)                                         2.28


  Startpoint: instret_reg[0]
              (rising edge-triggered flip-flop clocked by CLK)
  Endpoint: instret_reg[7]
            (rising edge-triggered flip-flop clocked by CLK)
  Path Group: CLK
  Path Type: max

  Des/Clust/Port     Wire Load Model       Library
  ------------------------------------------------
  VX_commit          5K_hvratio_1_1        NangateOpenCellLibrary_ss0p95v125c

  Point                                    Incr       Path
  -----------------------------------------------------------
  clock CLK (rise edge)                    0.00       0.00
  clock network delay (ideal)              0.00       0.00
  instret_reg[0]/CK (DFF_X1)               0.00       0.00 r
  instret_reg[0]/Q (DFF_X1)                0.38       0.38 r
  U671/ZN (NAND2_X1)                       0.09       0.47 f
  U693/ZN (OAI21_X1)                       0.18       0.65 r
  U696/ZN (AOI21_X1)                       0.09       0.74 f
  U772/ZN (INV_X1)                         0.12       0.86 r
  U784/ZN (NAND2_X1)                       0.09       0.95 f
  U787/Z (XOR2_X1)                         0.20       1.15 f
  U1432/ZN (AOI22_X1)                      0.14       1.29 r
  U1433/ZN (INV_X1)                        0.05       1.33 f
  instret_reg[7]/D (DFF_X1)                0.01       1.34 f
  data arrival time                                   1.34

  clock CLK (rise edge)                    4.00       4.00
  clock network delay (ideal)              0.00       4.00
  clock uncertainty                       -0.25       3.75
  instret_reg[7]/CK (DFF_X1)               0.00       3.75 r
  library setup time                      -0.11       3.64
  data required time                                  3.64
  -----------------------------------------------------------
  data required time                                  3.64
  data arrival time                                  -1.34
  -----------------------------------------------------------
  slack (MET)                                         2.30


  Startpoint: instret_reg[0]
              (rising edge-triggered flip-flop clocked by CLK)
  Endpoint: instret_reg[8]
            (rising edge-triggered flip-flop clocked by CLK)
  Path Group: CLK
  Path Type: max

  Des/Clust/Port     Wire Load Model       Library
  ------------------------------------------------
  VX_commit          5K_hvratio_1_1        NangateOpenCellLibrary_ss0p95v125c

  Point                                    Incr       Path
  -----------------------------------------------------------
  clock CLK (rise edge)                    0.00       0.00
  clock network delay (ideal)              0.00       0.00
  instret_reg[0]/CK (DFF_X1)               0.00       0.00 r
  instret_reg[0]/Q (DFF_X1)                0.38       0.38 r
  U671/ZN (NAND2_X1)                       0.09       0.47 f
  U693/ZN (OAI21_X1)                       0.18       0.65 r
  U696/ZN (AOI21_X1)                       0.09       0.74 f
  U772/ZN (INV_X1)                         0.12       0.86 r
  U784/ZN (NAND2_X1)                       0.09       0.95 f
  U785/ZN (NOR2_X1)                        0.12       1.07 r
  U786/ZN (XNOR2_X1)                       0.07       1.14 f
  U1430/ZN (AOI22_X1)                      0.13       1.27 r
  U1431/ZN (INV_X1)                        0.05       1.32 f
  instret_reg[8]/D (DFF_X1)                0.01       1.33 f
  data arrival time                                   1.33

  clock CLK (rise edge)                    4.00       4.00
  clock network delay (ideal)              0.00       4.00
  clock uncertainty                       -0.25       3.75
  instret_reg[8]/CK (DFF_X1)               0.00       3.75 r
  library setup time                      -0.11       3.64
  data required time                                  3.64
  -----------------------------------------------------------
  data required time                                  3.64
  data arrival time                                  -1.33
  -----------------------------------------------------------
  slack (MET)                                         2.32


  Startpoint: instret_reg[0]
              (rising edge-triggered flip-flop clocked by CLK)
  Endpoint: instret_reg[6]
            (rising edge-triggered flip-flop clocked by CLK)
  Path Group: CLK
  Path Type: max

  Des/Clust/Port     Wire Load Model       Library
  ------------------------------------------------
  VX_commit          5K_hvratio_1_1        NangateOpenCellLibrary_ss0p95v125c

  Point                                    Incr       Path
  -----------------------------------------------------------
  clock CLK (rise edge)                    0.00       0.00
  clock network delay (ideal)              0.00       0.00
  instret_reg[0]/CK (DFF_X1)               0.00       0.00 r
  instret_reg[0]/Q (DFF_X1)                0.38       0.38 r
  U671/ZN (NAND2_X1)                       0.09       0.47 f
  U693/ZN (OAI21_X1)                       0.18       0.65 r
  U696/ZN (AOI21_X1)                       0.09       0.74 f
  U772/ZN (INV_X1)                         0.12       0.86 r
  U788/ZN (NAND2_X1)                       0.07       0.94 f
  U789/Z (XOR2_X1)                         0.20       1.14 f
  U1434/ZN (AOI22_X1)                      0.14       1.27 r
  U1435/ZN (INV_X1)                        0.05       1.32 f
  instret_reg[6]/D (DFF_X1)                0.01       1.33 f
  data arrival time                                   1.33

  clock CLK (rise edge)                    4.00       4.00
  clock network delay (ideal)              0.00       4.00
  clock uncertainty                       -0.25       3.75
  instret_reg[6]/CK (DFF_X1)               0.00       3.75 r
  library setup time                      -0.11       3.64
  data required time                                  3.64
  -----------------------------------------------------------
  data required time                                  3.64
  data arrival time                                  -1.33
  -----------------------------------------------------------
  slack (MET)                                         2.32


  Startpoint: instret_reg[0]
              (rising edge-triggered flip-flop clocked by CLK)
  Endpoint: instret_reg[10]
            (rising edge-triggered flip-flop clocked by CLK)
  Path Group: CLK
  Path Type: max

  Des/Clust/Port     Wire Load Model       Library
  ------------------------------------------------
  VX_commit          5K_hvratio_1_1        NangateOpenCellLibrary_ss0p95v125c

  Point                                    Incr       Path
  -----------------------------------------------------------
  clock CLK (rise edge)                    0.00       0.00
  clock network delay (ideal)              0.00       0.00
  instret_reg[0]/CK (DFF_X1)               0.00       0.00 r
  instret_reg[0]/Q (DFF_X1)                0.38       0.38 r
  U671/ZN (NAND2_X1)                       0.09       0.47 f
  U693/ZN (OAI21_X1)                       0.18       0.65 r
  U696/ZN (AOI21_X1)                       0.09       0.74 f
  U772/ZN (INV_X1)                         0.12       0.86 r
  U773/ZN (NAND2_X1)                       0.08       0.95 f
  U780/ZN (NOR2_X1)                        0.12       1.06 r
  U781/ZN (XNOR2_X1)                       0.07       1.14 f
  U1426/ZN (AOI22_X1)                      0.13       1.27 r
  U1427/ZN (INV_X1)                        0.05       1.31 f
  instret_reg[10]/D (DFF_X1)               0.01       1.32 f
  data arrival time                                   1.32

  clock CLK (rise edge)                    4.00       4.00
  clock network delay (ideal)              0.00       4.00
  clock uncertainty                       -0.25       3.75
  instret_reg[10]/CK (DFF_X1)              0.00       3.75 r
  library setup time                      -0.11       3.64
  data required time                                  3.64
  -----------------------------------------------------------
  data required time                                  3.64
  data arrival time                                  -1.32
  -----------------------------------------------------------
  slack (MET)                                         2.32


  Startpoint: commit_size_reg2/g_shift_register/g_shift.pipe_reg[0][1]
              (rising edge-triggered flip-flop clocked by CLK)
  Endpoint: instret_reg[9]
            (rising edge-triggered flip-flop clocked by CLK)
  Path Group: CLK
  Path Type: max

  Des/Clust/Port     Wire Load Model       Library
  ------------------------------------------------
  VX_commit          5K_hvratio_1_1        NangateOpenCellLibrary_ss0p95v125c

  Point                                                   Incr       Path
  --------------------------------------------------------------------------
  clock CLK (rise edge)                                   0.00       0.00
  clock network delay (ideal)                             0.00       0.00
  commit_size_reg2/g_shift_register/g_shift.pipe_reg[0][1]/CK (DFF_X1)
                                                          0.00       0.00 r
  commit_size_reg2/g_shift_register/g_shift.pipe_reg[0][1]/Q (DFF_X1)
                                                          0.30       0.30 f
  U691/ZN (NOR2_X1)                                       0.16       0.46 r
  U693/ZN (OAI21_X1)                                      0.09       0.55 f
  U696/ZN (AOI21_X1)                                      0.18       0.73 r
  U772/ZN (INV_X1)                                        0.09       0.82 f
  U773/ZN (NAND2_X1)                                      0.09       0.91 r
  U774/ZN (INV_X1)                                        0.05       0.97 f
  U782/ZN (XNOR2_X1)                                      0.13       1.10 f
  U1428/ZN (AOI22_X1)                                     0.13       1.24 r
  U1429/ZN (INV_X1)                                       0.05       1.28 f
  instret_reg[9]/D (DFF_X1)                               0.01       1.29 f
  data arrival time                                                  1.29

  clock CLK (rise edge)                                   4.00       4.00
  clock network delay (ideal)                             0.00       4.00
  clock uncertainty                                      -0.25       3.75
  instret_reg[9]/CK (DFF_X1)                              0.00       3.75 r
  library setup time                                     -0.11       3.64
  data required time                                                 3.64
  --------------------------------------------------------------------------
  data required time                                                 3.64
  data arrival time                                                 -1.29
  --------------------------------------------------------------------------
  slack (MET)                                                        2.35


  Startpoint: instret_reg[0]
              (rising edge-triggered flip-flop clocked by CLK)
  Endpoint: instret_reg[3]
            (rising edge-triggered flip-flop clocked by CLK)
  Path Group: CLK
  Path Type: max

  Des/Clust/Port     Wire Load Model       Library
  ------------------------------------------------
  VX_commit          5K_hvratio_1_1        NangateOpenCellLibrary_ss0p95v125c

  Point                                    Incr       Path
  -----------------------------------------------------------
  clock CLK (rise edge)                    0.00       0.00
  clock network delay (ideal)              0.00       0.00
  instret_reg[0]/CK (DFF_X1)               0.00       0.00 r
  instret_reg[0]/Q (DFF_X1)                0.38       0.38 r
  U671/ZN (NAND2_X1)                       0.09       0.47 f
  U693/ZN (OAI21_X1)                       0.18       0.65 r
  U791/ZN (INV_X1)                         0.07       0.72 f
  U792/ZN (OAI21_X1)                       0.17       0.89 r
  U795/ZN (XNOR2_X1)                       0.08       0.97 f
  U1440/ZN (AOI22_X1)                      0.14       1.11 r
  U1441/ZN (INV_X1)                        0.05       1.16 f
  instret_reg[3]/D (DFF_X1)                0.01       1.17 f
  data arrival time                                   1.17

  clock CLK (rise edge)                    4.00       4.00
  clock network delay (ideal)              0.00       4.00
  clock uncertainty                       -0.25       3.75
  instret_reg[3]/CK (DFF_X1)               0.00       3.75 r
  library setup time                      -0.11       3.64
  data required time                                  3.64
  -----------------------------------------------------------
  data required time                                  3.64
  data arrival time                                  -1.17
  -----------------------------------------------------------
  slack (MET)                                         2.48


  Startpoint: commit_size_reg2/g_shift_register/g_shift.pipe_reg[0][1]
              (rising edge-triggered flip-flop clocked by CLK)
  Endpoint: instret_reg[5]
            (rising edge-triggered flip-flop clocked by CLK)
  Path Group: CLK
  Path Type: max

  Des/Clust/Port     Wire Load Model       Library
  ------------------------------------------------
  VX_commit          5K_hvratio_1_1        NangateOpenCellLibrary_ss0p95v125c

  Point                                                   Incr       Path
  --------------------------------------------------------------------------
  clock CLK (rise edge)                                   0.00       0.00
  clock network delay (ideal)                             0.00       0.00
  commit_size_reg2/g_shift_register/g_shift.pipe_reg[0][1]/CK (DFF_X1)
                                                          0.00       0.00 r
  commit_size_reg2/g_shift_register/g_shift.pipe_reg[0][1]/Q (DFF_X1)
                                                          0.30       0.30 f
  U691/ZN (NOR2_X1)                                       0.16       0.46 r
  U693/ZN (OAI21_X1)                                      0.09       0.55 f
  U696/ZN (AOI21_X1)                                      0.18       0.73 r
  U772/ZN (INV_X1)                                        0.09       0.82 f
  U790/ZN (XNOR2_X1)                                      0.15       0.97 f
  U1436/ZN (AOI22_X1)                                     0.13       1.11 r
  U1437/ZN (INV_X1)                                       0.05       1.15 f
  instret_reg[5]/D (DFF_X1)                               0.01       1.16 f
  data arrival time                                                  1.16

  clock CLK (rise edge)                                   4.00       4.00
  clock network delay (ideal)                             0.00       4.00
  clock uncertainty                                      -0.25       3.75
  instret_reg[5]/CK (DFF_X1)                              0.00       3.75 r
  library setup time                                     -0.11       3.64
  data required time                                                 3.64
  --------------------------------------------------------------------------
  data required time                                                 3.64
  data arrival time                                                 -1.16
  --------------------------------------------------------------------------
  slack (MET)                                                        2.48


  Startpoint: instret_reg[0]
              (rising edge-triggered flip-flop clocked by CLK)
  Endpoint: instret_reg[2]
            (rising edge-triggered flip-flop clocked by CLK)
  Path Group: CLK
  Path Type: max

  Des/Clust/Port     Wire Load Model       Library
  ------------------------------------------------
  VX_commit          5K_hvratio_1_1        NangateOpenCellLibrary_ss0p95v125c

  Point                                    Incr       Path
  -----------------------------------------------------------
  clock CLK (rise edge)                    0.00       0.00
  clock network delay (ideal)              0.00       0.00
  instret_reg[0]/CK (DFF_X1)               0.00       0.00 r
  instret_reg[0]/Q (DFF_X1)                0.38       0.38 r
  U671/ZN (NAND2_X1)                       0.09       0.47 f
  U693/ZN (OAI21_X1)                       0.18       0.65 r
  U791/ZN (INV_X1)                         0.07       0.72 f
  U798/Z (XOR2_X1)                         0.20       0.92 f
  U1442/ZN (AOI22_X1)                      0.14       1.06 r
  U1443/ZN (INV_X1)                        0.05       1.10 f
  instret_reg[2]/D (DFF_X1)                0.01       1.11 f
  data arrival time                                   1.11

  clock CLK (rise edge)                    4.00       4.00
  clock network delay (ideal)              0.00       4.00
  clock uncertainty                       -0.25       3.75
  instret_reg[2]/CK (DFF_X1)               0.00       3.75 r
  library setup time                      -0.11       3.64
  data required time                                  3.64
  -----------------------------------------------------------
  data required time                                  3.64
  data arrival time                                  -1.11
  -----------------------------------------------------------
  slack (MET)                                         2.53


  Startpoint: instret_reg[1]
              (rising edge-triggered flip-flop clocked by CLK)
  Endpoint: instret_reg[1]
            (rising edge-triggered flip-flop clocked by CLK)
  Path Group: CLK
  Path Type: max

  Des/Clust/Port     Wire Load Model       Library
  ------------------------------------------------
  VX_commit          5K_hvratio_1_1        NangateOpenCellLibrary_ss0p95v125c

  Point                                    Incr       Path
  -----------------------------------------------------------
  clock CLK (rise edge)                    0.00       0.00
  clock network delay (ideal)              0.00       0.00
  instret_reg[1]/CK (DFF_X1)               0.00       0.00 r
  instret_reg[1]/Q (DFF_X1)                0.38       0.38 r
  U691/ZN (NOR2_X1)                        0.06       0.44 f
  U799/ZN (INV_X1)                         0.06       0.50 r
  U800/ZN (NAND2_X1)                       0.05       0.55 f
  U801/Z (XOR2_X1)                         0.20       0.74 f
  U1444/ZN (AOI22_X1)                      0.14       0.88 r
  U1445/ZN (INV_X1)                        0.05       0.93 f
  instret_reg[1]/D (DFF_X1)                0.01       0.93 f
  data arrival time                                   0.93

  clock CLK (rise edge)                    4.00       4.00
  clock network delay (ideal)              0.00       4.00
  clock uncertainty                       -0.25       3.75
  instret_reg[1]/CK (DFF_X1)               0.00       3.75 r
  library setup time                      -0.11       3.64
  data required time                                  3.64
  -----------------------------------------------------------
  data required time                                  3.64
  data arrival time                                  -0.93
  -----------------------------------------------------------
  slack (MET)                                         2.71


  Startpoint: commit_size_reg2/g_shift_register/g_shift.pipe_reg[0][3]
              (rising edge-triggered flip-flop clocked by CLK)
  Endpoint: instret_reg[0]
            (rising edge-triggered flip-flop clocked by CLK)
  Path Group: CLK
  Path Type: max

  Des/Clust/Port     Wire Load Model       Library
  ------------------------------------------------
  VX_commit          5K_hvratio_1_1        NangateOpenCellLibrary_ss0p95v125c

  Point                                                   Incr       Path
  --------------------------------------------------------------------------
  clock CLK (rise edge)                                   0.00       0.00
  clock network delay (ideal)                             0.00       0.00
  commit_size_reg2/g_shift_register/g_shift.pipe_reg[0][3]/CK (DFF_X1)
                                                          0.00       0.00 r
  commit_size_reg2/g_shift_register/g_shift.pipe_reg[0][3]/Q (DFF_X1)
                                                          0.35       0.35 r
  U1358/ZN (OR2_X1)                                       0.08       0.42 r
  U1355/ZN (INV_X1)                                       0.04       0.46 f
  U1349/Z (CLKBUF_X1)                                     0.18       0.64 f
  U1446/ZN (AOI22_X1)                                     0.21       0.85 r
  U1447/ZN (INV_X1)                                       0.05       0.89 f
  instret_reg[0]/D (DFF_X1)                               0.01       0.90 f
  data arrival time                                                  0.90

  clock CLK (rise edge)                                   4.00       4.00
  clock network delay (ideal)                             0.00       4.00
  clock uncertainty                                      -0.25       3.75
  instret_reg[0]/CK (DFF_X1)                              0.00       3.75 r
  library setup time                                     -0.11       3.64
  data required time                                                 3.64
  --------------------------------------------------------------------------
  data required time                                                 3.64
  data arrival time                                                 -0.90
  --------------------------------------------------------------------------
  slack (MET)                                                        2.74


  Startpoint: g_commit_arbs[0].commit_arb/g_input_select.g_arbiter.g_out_buf[0].out_buf/g_eb1.pipe_buffer/g_register.g_pipe_regs[0].pipe_register/g_shift_register/g_shift.pipe_reg[0][177]
              (rising edge-triggered flip-flop clocked by CLK)
  Endpoint: commit_size_reg1/g_shift_register/g_shift.pipe_reg[0][0]
            (rising edge-triggered flip-flop clocked by CLK)
  Path Group: CLK
  Path Type: max

  Des/Clust/Port     Wire Load Model       Library
  ------------------------------------------------
  VX_commit          5K_hvratio_1_1        NangateOpenCellLibrary_ss0p95v125c

  Point                                                   Incr       Path
  --------------------------------------------------------------------------
  clock CLK (rise edge)                                   0.00       0.00
  clock network delay (ideal)                             0.00       0.00
  g_commit_arbs[0].commit_arb/g_input_select.g_arbiter.g_out_buf[0].out_buf/g_eb1.pipe_buffer/g_register.g_pipe_regs[0].pipe_register/g_shift_register/g_shift.pipe_reg[0][177]/CK (DFF_X1)
                                                          0.00       0.00 r
  g_commit_arbs[0].commit_arb/g_input_select.g_arbiter.g_out_buf[0].out_buf/g_eb1.pipe_buffer/g_register.g_pipe_regs[0].pipe_register/g_shift_register/g_shift.pipe_reg[0][177]/Q (DFF_X1)
                                                          0.40       0.40 r
  U806/ZN (OAI21_X1)                                      0.10       0.50 f
  U810/ZN (INV_X1)                                        0.08       0.58 r
  U814/ZN (NAND2_X1)                                      0.06       0.64 f
  U815/Z (XOR2_X1)                                        0.22       0.86 f
  commit_size_reg1/g_shift_register/g_shift.pipe_reg[0][0]/D (DFF_X1)
                                                          0.01       0.86 f
  data arrival time                                                  0.86

  clock CLK (rise edge)                                   4.00       4.00
  clock network delay (ideal)                             0.00       4.00
  clock uncertainty                                      -0.25       3.75
  commit_size_reg1/g_shift_register/g_shift.pipe_reg[0][0]/CK (DFF_X1)
                                                          0.00       3.75 r
  library setup time                                     -0.11       3.64
  data required time                                                 3.64
  --------------------------------------------------------------------------
  data required time                                                 3.64
  data arrival time                                                 -0.86
  --------------------------------------------------------------------------
  slack (MET)                                                        2.77


  Startpoint: g_commit_arbs[0].commit_arb/g_input_select.g_arbiter.g_out_buf[0].out_buf/g_eb1.pipe_buffer/g_register.g_pipe_regs[0].pipe_register/g_shift_register/g_shift.pipe_reg[0][177]
              (rising edge-triggered flip-flop clocked by CLK)
  Endpoint: commit_size_reg1/g_shift_register/g_shift.pipe_reg[0][1]
            (rising edge-triggered flip-flop clocked by CLK)
  Path Group: CLK
  Path Type: max

  Des/Clust/Port     Wire Load Model       Library
  ------------------------------------------------
  VX_commit          5K_hvratio_1_1        NangateOpenCellLibrary_ss0p95v125c

  Point                                                   Incr       Path
  --------------------------------------------------------------------------
  clock CLK (rise edge)                                   0.00       0.00
  clock network delay (ideal)                             0.00       0.00
  g_commit_arbs[0].commit_arb/g_input_select.g_arbiter.g_out_buf[0].out_buf/g_eb1.pipe_buffer/g_register.g_pipe_regs[0].pipe_register/g_shift_register/g_shift.pipe_reg[0][177]/CK (DFF_X1)
                                                          0.00       0.00 r
  g_commit_arbs[0].commit_arb/g_input_select.g_arbiter.g_out_buf[0].out_buf/g_eb1.pipe_buffer/g_register.g_pipe_regs[0].pipe_register/g_shift_register/g_shift.pipe_reg[0][177]/Q (DFF_X1)
                                                          0.40       0.40 r
  U803/ZN (NAND3_X1)                                      0.14       0.54 f
  U811/ZN (NAND3_X1)                                      0.09       0.63 r
  U812/ZN (OAI211_X1)                                     0.09       0.72 f
  commit_size_reg1/g_shift_register/g_shift.pipe_reg[0][1]/D (DFF_X1)
                                                          0.01       0.73 f
  data arrival time                                                  0.73

  clock CLK (rise edge)                                   4.00       4.00
  clock network delay (ideal)                             0.00       4.00
  clock uncertainty                                      -0.25       3.75
  commit_size_reg1/g_shift_register/g_shift.pipe_reg[0][1]/CK (DFF_X1)
                                                          0.00       3.75 r
  library setup time                                     -0.12       3.63
  data required time                                                 3.63
  --------------------------------------------------------------------------
  data required time                                                 3.63
  data arrival time                                                 -0.73
  --------------------------------------------------------------------------
  slack (MET)                                                        2.91


  Startpoint: g_commit_arbs[0].commit_arb/g_input_select.g_arbiter.g_out_buf[0].out_buf/g_eb1.pipe_buffer/g_register.g_pipe_regs[0].pipe_register/g_shift_register/g_shift.pipe_reg[0][177]
              (rising edge-triggered flip-flop clocked by CLK)
  Endpoint: committed_pipe_reg/g_shift_register/g_shift.pipe_reg[0][3]
            (rising edge-triggered flip-flop clocked by CLK)
  Path Group: CLK
  Path Type: max

  Des/Clust/Port     Wire Load Model       Library
  ------------------------------------------------
  VX_commit          5K_hvratio_1_1        NangateOpenCellLibrary_ss0p95v125c

  Point                                                   Incr       Path
  --------------------------------------------------------------------------
  clock CLK (rise edge)                                   0.00       0.00
  clock network delay (ideal)                             0.00       0.00
  g_commit_arbs[0].commit_arb/g_input_select.g_arbiter.g_out_buf[0].out_buf/g_eb1.pipe_buffer/g_register.g_pipe_regs[0].pipe_register/g_shift_register/g_shift.pipe_reg[0][177]/CK (DFF_X1)
                                                          0.00       0.00 r
  g_commit_arbs[0].commit_arb/g_input_select.g_arbiter.g_out_buf[0].out_buf/g_eb1.pipe_buffer/g_register.g_pipe_regs[0].pipe_register/g_shift_register/g_shift.pipe_reg[0][177]/QN (DFF_X1)
                                                          0.27       0.27 f
  U107/ZN (NOR2_X1)                                       0.16       0.43 r
  U109/ZN (NAND2_X1)                                      0.10       0.52 f
  U110/ZN (INV_X1)                                        0.07       0.59 r
  U111/ZN (NAND2_X1)                                      0.06       0.65 f
  U112/ZN (NOR2_X1)                                       0.11       0.76 r
  committed_pipe_reg/g_shift_register/g_shift.pipe_reg[0][3]/D (DFF_X1)
                                                          0.01       0.77 r
  data arrival time                                                  0.77

  clock CLK (rise edge)                                   4.00       4.00
  clock network delay (ideal)                             0.00       4.00
  clock uncertainty                                      -0.25       3.75
  committed_pipe_reg/g_shift_register/g_shift.pipe_reg[0][3]/CK (DFF_X1)
                                                          0.00       3.75 r
  library setup time                                     -0.06       3.69
  data required time                                                 3.69
  --------------------------------------------------------------------------
  data required time                                                 3.69
  data arrival time                                                 -0.77
  --------------------------------------------------------------------------
  slack (MET)                                                        2.92


  Startpoint: g_commit_arbs[0].commit_arb/g_input_select.g_arbiter.g_out_buf[0].out_buf/g_eb1.pipe_buffer/g_register.g_pipe_regs[0].pipe_register/g_shift_register/g_shift.pipe_reg[0][177]
              (rising edge-triggered flip-flop clocked by CLK)
  Endpoint: committed_pipe_reg/g_shift_register/g_shift.pipe_reg[0][2]
            (rising edge-triggered flip-flop clocked by CLK)
  Path Group: CLK
  Path Type: max

  Des/Clust/Port     Wire Load Model       Library
  ------------------------------------------------
  VX_commit          5K_hvratio_1_1        NangateOpenCellLibrary_ss0p95v125c

  Point                                                   Incr       Path
  --------------------------------------------------------------------------
  clock CLK (rise edge)                                   0.00       0.00
  clock network delay (ideal)                             0.00       0.00
  g_commit_arbs[0].commit_arb/g_input_select.g_arbiter.g_out_buf[0].out_buf/g_eb1.pipe_buffer/g_register.g_pipe_regs[0].pipe_register/g_shift_register/g_shift.pipe_reg[0][177]/CK (DFF_X1)
                                                          0.00       0.00 r
  g_commit_arbs[0].commit_arb/g_input_select.g_arbiter.g_out_buf[0].out_buf/g_eb1.pipe_buffer/g_register.g_pipe_regs[0].pipe_register/g_shift_register/g_shift.pipe_reg[0][177]/QN (DFF_X1)
                                                          0.27       0.27 f
  U107/ZN (NOR2_X1)                                       0.16       0.43 r
  U109/ZN (NAND2_X1)                                      0.10       0.52 f
  U110/ZN (INV_X1)                                        0.07       0.59 r
  U111/ZN (NAND2_X1)                                      0.06       0.65 f
  U113/ZN (NOR2_X1)                                       0.11       0.76 r
  committed_pipe_reg/g_shift_register/g_shift.pipe_reg[0][2]/D (DFF_X1)
                                                          0.01       0.77 r
  data arrival time                                                  0.77

  clock CLK (rise edge)                                   4.00       4.00
  clock network delay (ideal)                             0.00       4.00
  clock uncertainty                                      -0.25       3.75
  committed_pipe_reg/g_shift_register/g_shift.pipe_reg[0][2]/CK (DFF_X1)
                                                          0.00       3.75 r
  library setup time                                     -0.06       3.69
  data required time                                                 3.69
  --------------------------------------------------------------------------
  data required time                                                 3.69
  data arrival time                                                 -0.77
  --------------------------------------------------------------------------
  slack (MET)                                                        2.92


  Startpoint: g_commit_arbs[0].commit_arb/g_input_select.g_arbiter.g_out_buf[0].out_buf/g_eb1.pipe_buffer/g_register.g_pipe_regs[0].pipe_register/g_shift_register/g_shift.pipe_reg[0][177]
              (rising edge-triggered flip-flop clocked by CLK)
  Endpoint: committed_pipe_reg/g_shift_register/g_shift.pipe_reg[0][0]
            (rising edge-triggered flip-flop clocked by CLK)
  Path Group: CLK
  Path Type: max

  Des/Clust/Port     Wire Load Model       Library
  ------------------------------------------------
  VX_commit          5K_hvratio_1_1        NangateOpenCellLibrary_ss0p95v125c

  Point                                                   Incr       Path
  --------------------------------------------------------------------------
  clock CLK (rise edge)                                   0.00       0.00
  clock network delay (ideal)                             0.00       0.00
  g_commit_arbs[0].commit_arb/g_input_select.g_arbiter.g_out_buf[0].out_buf/g_eb1.pipe_buffer/g_register.g_pipe_regs[0].pipe_register/g_shift_register/g_shift.pipe_reg[0][177]/CK (DFF_X1)
                                                          0.00       0.00 r
  g_commit_arbs[0].commit_arb/g_input_select.g_arbiter.g_out_buf[0].out_buf/g_eb1.pipe_buffer/g_register.g_pipe_regs[0].pipe_register/g_shift_register/g_shift.pipe_reg[0][177]/QN (DFF_X1)
                                                          0.27       0.27 f
  U107/ZN (NOR2_X1)                                       0.16       0.43 r
  U109/ZN (NAND2_X1)                                      0.10       0.52 f
  U115/ZN (NOR3_X1)                                       0.21       0.73 r
  committed_pipe_reg/g_shift_register/g_shift.pipe_reg[0][0]/D (DFF_X1)
                                                          0.01       0.74 r
  data arrival time                                                  0.74

  clock CLK (rise edge)                                   4.00       4.00
  clock network delay (ideal)                             0.00       4.00
  clock uncertainty                                      -0.25       3.75
  committed_pipe_reg/g_shift_register/g_shift.pipe_reg[0][0]/CK (DFF_X1)
                                                          0.00       3.75 r
  library setup time                                     -0.08       3.67
  data required time                                                 3.67
  --------------------------------------------------------------------------
  data required time                                                 3.67
  data arrival time                                                 -0.74
  --------------------------------------------------------------------------
  slack (MET)                                                        2.93


  Startpoint: g_commit_arbs[0].commit_arb/g_input_select.g_arbiter.g_out_buf[0].out_buf/g_eb1.pipe_buffer/g_register.g_pipe_regs[0].pipe_register/g_shift_register/g_shift.pipe_reg[0][177]
              (rising edge-triggered flip-flop clocked by CLK)
  Endpoint: committed_pipe_reg/g_shift_register/g_shift.pipe_reg[0][1]
            (rising edge-triggered flip-flop clocked by CLK)
  Path Group: CLK
  Path Type: max

  Des/Clust/Port     Wire Load Model       Library
  ------------------------------------------------
  VX_commit          5K_hvratio_1_1        NangateOpenCellLibrary_ss0p95v125c

  Point                                                   Incr       Path
  --------------------------------------------------------------------------
  clock CLK (rise edge)                                   0.00       0.00
  clock network delay (ideal)                             0.00       0.00
  g_commit_arbs[0].commit_arb/g_input_select.g_arbiter.g_out_buf[0].out_buf/g_eb1.pipe_buffer/g_register.g_pipe_regs[0].pipe_register/g_shift_register/g_shift.pipe_reg[0][177]/CK (DFF_X1)
                                                          0.00       0.00 r
  g_commit_arbs[0].commit_arb/g_input_select.g_arbiter.g_out_buf[0].out_buf/g_eb1.pipe_buffer/g_register.g_pipe_regs[0].pipe_register/g_shift_register/g_shift.pipe_reg[0][177]/QN (DFF_X1)
                                                          0.27       0.27 f
  U107/ZN (NOR2_X1)                                       0.16       0.43 r
  U109/ZN (NAND2_X1)                                      0.10       0.52 f
  U114/ZN (NOR3_X1)                                       0.21       0.73 r
  committed_pipe_reg/g_shift_register/g_shift.pipe_reg[0][1]/D (DFF_X1)
                                                          0.01       0.74 r
  data arrival time                                                  0.74

  clock CLK (rise edge)                                   4.00       4.00
  clock network delay (ideal)                             0.00       4.00
  clock uncertainty                                      -0.25       3.75
  committed_pipe_reg/g_shift_register/g_shift.pipe_reg[0][1]/CK (DFF_X1)
                                                          0.00       3.75 r
  library setup time                                     -0.08       3.67
  data required time                                                 3.67
  --------------------------------------------------------------------------
  data required time                                                 3.67
  data arrival time                                                 -0.74
  --------------------------------------------------------------------------
  slack (MET)                                                        2.93


  Startpoint: g_commit_arbs[0].commit_arb/g_input_select.g_arbiter.g_out_buf[0].out_buf/g_eb1.pipe_buffer/g_register.g_pipe_regs[0].pipe_register/g_shift_register/g_shift.pipe_reg[0][177]
              (rising edge-triggered flip-flop clocked by CLK)
  Endpoint: commit_size_reg1/g_shift_register/g_shift.pipe_reg[0][2]
            (rising edge-triggered flip-flop clocked by CLK)
  Path Group: CLK
  Path Type: max

  Des/Clust/Port     Wire Load Model       Library
  ------------------------------------------------
  VX_commit          5K_hvratio_1_1        NangateOpenCellLibrary_ss0p95v125c

  Point                                                   Incr       Path
  --------------------------------------------------------------------------
  clock CLK (rise edge)                                   0.00       0.00
  clock network delay (ideal)                             0.00       0.00
  g_commit_arbs[0].commit_arb/g_input_select.g_arbiter.g_out_buf[0].out_buf/g_eb1.pipe_buffer/g_register.g_pipe_regs[0].pipe_register/g_shift_register/g_shift.pipe_reg[0][177]/CK (DFF_X1)
                                                          0.00       0.00 r
  g_commit_arbs[0].commit_arb/g_input_select.g_arbiter.g_out_buf[0].out_buf/g_eb1.pipe_buffer/g_register.g_pipe_regs[0].pipe_register/g_shift_register/g_shift.pipe_reg[0][177]/Q (DFF_X1)
                                                          0.40       0.40 r
  U803/ZN (NAND3_X1)                                      0.14       0.54 f
  U804/ZN (NOR2_X1)                                       0.14       0.68 r
  commit_size_reg1/g_shift_register/g_shift.pipe_reg[0][2]/D (DFF_X1)
                                                          0.01       0.68 r
  data arrival time                                                  0.68

  clock CLK (rise edge)                                   4.00       4.00
  clock network delay (ideal)                             0.00       4.00
  clock uncertainty                                      -0.25       3.75
  commit_size_reg1/g_shift_register/g_shift.pipe_reg[0][2]/CK (DFF_X1)
                                                          0.00       3.75 r
  library setup time                                     -0.06       3.69
  data required time                                                 3.69
  --------------------------------------------------------------------------
  data required time                                                 3.69
  data arrival time                                                 -0.68
  --------------------------------------------------------------------------
  slack (MET)                                                        3.00


  Startpoint: g_commit_arbs[0].commit_arb/g_input_select.g_arbiter.g_out_buf[0].out_buf/g_eb1.pipe_buffer/g_register.g_pipe_regs[0].pipe_register/g_shift_register/g_shift.pipe_reg[0][177]
              (rising edge-triggered flip-flop clocked by CLK)
  Endpoint: commit_size_reg1/g_shift_register/g_shift.pipe_reg[0][3]
            (rising edge-triggered flip-flop clocked by CLK)
  Path Group: CLK
  Path Type: max

  Des/Clust/Port     Wire Load Model       Library
  ------------------------------------------------
  VX_commit          5K_hvratio_1_1        NangateOpenCellLibrary_ss0p95v125c

  Point                                                   Incr       Path
  --------------------------------------------------------------------------
  clock CLK (rise edge)                                   0.00       0.00
  clock network delay (ideal)                             0.00       0.00
  g_commit_arbs[0].commit_arb/g_input_select.g_arbiter.g_out_buf[0].out_buf/g_eb1.pipe_buffer/g_register.g_pipe_regs[0].pipe_register/g_shift_register/g_shift.pipe_reg[0][177]/CK (DFF_X1)
                                                          0.00       0.00 r
  g_commit_arbs[0].commit_arb/g_input_select.g_arbiter.g_out_buf[0].out_buf/g_eb1.pipe_buffer/g_register.g_pipe_regs[0].pipe_register/g_shift_register/g_shift.pipe_reg[0][177]/QN (DFF_X1)
                                                          0.27       0.27 f
  U107/ZN (NOR2_X1)                                       0.16       0.43 r
  commit_size_reg1/g_shift_register/g_shift.pipe_reg[0][3]/D (DFF_X1)
                                                          0.01       0.44 r
  data arrival time                                                  0.44

  clock CLK (rise edge)                                   4.00       4.00
  clock network delay (ideal)                             0.00       4.00
  clock uncertainty                                      -0.25       3.75
  commit_size_reg1/g_shift_register/g_shift.pipe_reg[0][3]/CK (DFF_X1)
                                                          0.00       3.75 r
  library setup time                                     -0.08       3.67
  data required time                                                 3.67
  --------------------------------------------------------------------------
  data required time                                                 3.67
  data arrival time                                                 -0.44
  --------------------------------------------------------------------------
  slack (MET)                                                        3.24


  Startpoint: commit_size_reg1/g_shift_register/g_shift.pipe_reg[0][3]
              (rising edge-triggered flip-flop clocked by CLK)
  Endpoint: commit_size_reg2/g_shift_register/g_shift.pipe_reg[0][3]
            (rising edge-triggered flip-flop clocked by CLK)
  Path Group: CLK
  Path Type: max

  Des/Clust/Port     Wire Load Model       Library
  ------------------------------------------------
  VX_commit          5K_hvratio_1_1        NangateOpenCellLibrary_ss0p95v125c

  Point                                                   Incr       Path
  --------------------------------------------------------------------------
  clock CLK (rise edge)                                   0.00       0.00
  clock network delay (ideal)                             0.00       0.00
  commit_size_reg1/g_shift_register/g_shift.pipe_reg[0][3]/CK (DFF_X1)
                                                          0.00       0.00 r
  commit_size_reg1/g_shift_register/g_shift.pipe_reg[0][3]/QN (DFF_X1)
                                                          0.27       0.27 f
  U117/ZN (NOR2_X1)                                       0.10       0.37 r
  commit_size_reg2/g_shift_register/g_shift.pipe_reg[0][3]/D (DFF_X1)
                                                          0.01       0.38 r
  data arrival time                                                  0.38

  clock CLK (rise edge)                                   4.00       4.00
  clock network delay (ideal)                             0.00       4.00
  clock uncertainty                                      -0.25       3.75
  commit_size_reg2/g_shift_register/g_shift.pipe_reg[0][3]/CK (DFF_X1)
                                                          0.00       3.75 r
  library setup time                                     -0.06       3.69
  data required time                                                 3.69
  --------------------------------------------------------------------------
  data required time                                                 3.69
  data arrival time                                                 -0.38
  --------------------------------------------------------------------------
  slack (MET)                                                        3.31


  Startpoint: commit_size_reg1/g_shift_register/g_shift.pipe_reg[0][0]
              (rising edge-triggered flip-flop clocked by CLK)
  Endpoint: commit_size_reg2/g_shift_register/g_shift.pipe_reg[0][0]
            (rising edge-triggered flip-flop clocked by CLK)
  Path Group: CLK
  Path Type: max

  Des/Clust/Port     Wire Load Model       Library
  ------------------------------------------------
  VX_commit          5K_hvratio_1_1        NangateOpenCellLibrary_ss0p95v125c

  Point                                                   Incr       Path
  --------------------------------------------------------------------------
  clock CLK (rise edge)                                   0.00       0.00
  clock network delay (ideal)                             0.00       0.00
  commit_size_reg1/g_shift_register/g_shift.pipe_reg[0][0]/CK (DFF_X1)
                                                          0.00       0.00 r
  commit_size_reg1/g_shift_register/g_shift.pipe_reg[0][0]/Q (DFF_X1)
                                                          0.35       0.35 r
  commit_size_reg2/g_shift_register/g_shift.pipe_reg[0][0]/D (DFF_X1)
                                                          0.01       0.36 r
  data arrival time                                                  0.36

  clock CLK (rise edge)                                   4.00       4.00
  clock network delay (ideal)                             0.00       4.00
  clock uncertainty                                      -0.25       3.75
  commit_size_reg2/g_shift_register/g_shift.pipe_reg[0][0]/CK (DFF_X1)
                                                          0.00       3.75 r
  library setup time                                     -0.05       3.70
  data required time                                                 3.70
  --------------------------------------------------------------------------
  data required time                                                 3.70
  data arrival time                                                 -0.36
  --------------------------------------------------------------------------
  slack (MET)                                                        3.34


  Startpoint: commit_size_reg1/g_shift_register/g_shift.pipe_reg[0][1]
              (rising edge-triggered flip-flop clocked by CLK)
  Endpoint: commit_size_reg2/g_shift_register/g_shift.pipe_reg[0][1]
            (rising edge-triggered flip-flop clocked by CLK)
  Path Group: CLK
  Path Type: max

  Des/Clust/Port     Wire Load Model       Library
  ------------------------------------------------
  VX_commit          5K_hvratio_1_1        NangateOpenCellLibrary_ss0p95v125c

  Point                                                   Incr       Path
  --------------------------------------------------------------------------
  clock CLK (rise edge)                                   0.00       0.00
  clock network delay (ideal)                             0.00       0.00
  commit_size_reg1/g_shift_register/g_shift.pipe_reg[0][1]/CK (DFF_X1)
                                                          0.00       0.00 r
  commit_size_reg1/g_shift_register/g_shift.pipe_reg[0][1]/Q (DFF_X1)
                                                          0.35       0.35 r
  commit_size_reg2/g_shift_register/g_shift.pipe_reg[0][1]/D (DFF_X1)
                                                          0.01       0.36 r
  data arrival time                                                  0.36

  clock CLK (rise edge)                                   4.00       4.00
  clock network delay (ideal)                             0.00       4.00
  clock uncertainty                                      -0.25       3.75
  commit_size_reg2/g_shift_register/g_shift.pipe_reg[0][1]/CK (DFF_X1)
                                                          0.00       3.75 r
  library setup time                                     -0.05       3.70
  data required time                                                 3.70
  --------------------------------------------------------------------------
  data required time                                                 3.70
  data arrival time                                                 -0.36
  --------------------------------------------------------------------------
  slack (MET)                                                        3.34


  Startpoint: commit_size_reg1/g_shift_register/g_shift.pipe_reg[0][2]
              (rising edge-triggered flip-flop clocked by CLK)
  Endpoint: commit_size_reg2/g_shift_register/g_shift.pipe_reg[0][2]
            (rising edge-triggered flip-flop clocked by CLK)
  Path Group: CLK
  Path Type: max

  Des/Clust/Port     Wire Load Model       Library
  ------------------------------------------------
  VX_commit          5K_hvratio_1_1        NangateOpenCellLibrary_ss0p95v125c

  Point                                                   Incr       Path
  --------------------------------------------------------------------------
  clock CLK (rise edge)                                   0.00       0.00
  clock network delay (ideal)                             0.00       0.00
  commit_size_reg1/g_shift_register/g_shift.pipe_reg[0][2]/CK (DFF_X1)
                                                          0.00       0.00 r
  commit_size_reg1/g_shift_register/g_shift.pipe_reg[0][2]/Q (DFF_X1)
                                                          0.35       0.35 r
  commit_size_reg2/g_shift_register/g_shift.pipe_reg[0][2]/D (DFF_X1)
                                                          0.01       0.36 r
  data arrival time                                                  0.36

  clock CLK (rise edge)                                   4.00       4.00
  clock network delay (ideal)                             0.00       4.00
  clock uncertainty                                      -0.25       3.75
  commit_size_reg2/g_shift_register/g_shift.pipe_reg[0][2]/CK (DFF_X1)
                                                          0.00       3.75 r
  library setup time                                     -0.05       3.70
  data required time                                                 3.70
  --------------------------------------------------------------------------
  data required time                                                 3.70
  data arrival time                                                 -0.36
  --------------------------------------------------------------------------
  slack (MET)                                                        3.34


  Startpoint: commit_if[0].valid
              (input port clocked by CLK)
  Endpoint: commit_if[1].ready
            (output port clocked by CLK)
  Path Group: INOUT
  Path Type: max

  Des/Clust/Port     Wire Load Model       Library
  ------------------------------------------------
  VX_commit          5K_hvratio_1_1        NangateOpenCellLibrary_ss0p95v125c

  Point                                    Incr       Path
  -----------------------------------------------------------
  clock CLK (rise edge)                    0.00       0.00
  clock network delay (ideal)              0.00       0.00
  input external delay                     1.20       1.20 r
  commit_if[0].valid (in)                  0.49       1.69 r
  U654/Z (CLKBUF_X1)                       0.62       2.31 r
  U660/ZN (NOR2_X2)                        0.19       2.51 f
  commit_if[1].ready (out)                 0.01       2.52 f
  data arrival time                                   2.52

  clock CLK (rise edge)                    4.00       4.00
  clock network delay (ideal)              0.00       4.00
  clock uncertainty                       -0.25       3.75
  output external delay                   -1.20       2.55
  data required time                                  2.55
  -----------------------------------------------------------
  data required time                                  2.55
  data arrival time                                  -2.52
  -----------------------------------------------------------
  slack (MET)                                         0.03


  Startpoint: commit_if[0].valid
              (input port clocked by CLK)
  Endpoint: commit_if[3].ready
            (output port clocked by CLK)
  Path Group: INOUT
  Path Type: max

  Des/Clust/Port     Wire Load Model       Library
  ------------------------------------------------
  VX_commit          5K_hvratio_1_1        NangateOpenCellLibrary_ss0p95v125c

  Point                                    Incr       Path
  -----------------------------------------------------------
  clock CLK (rise edge)                    0.00       0.00
  clock network delay (ideal)              0.00       0.00
  input external delay                     1.20       1.20 r
  commit_if[0].valid (in)                  0.49       1.69 r
  U656/Z (CLKBUF_X1)                       0.57       2.27 r
  U668/ZN (NOR3_X1)                        0.09       2.36 f
  U817/ZN (AND2_X1)                        0.13       2.49 f
  commit_if[3].ready (out)                 0.01       2.49 f
  data arrival time                                   2.49

  clock CLK (rise edge)                    4.00       4.00
  clock network delay (ideal)              0.00       4.00
  clock uncertainty                       -0.25       3.75
  output external delay                   -1.20       2.55
  data required time                                  2.55
  -----------------------------------------------------------
  data required time                                  2.55
  data arrival time                                  -2.49
  -----------------------------------------------------------
  slack (MET)                                         0.06


  Startpoint: commit_if[0].valid
              (input port clocked by CLK)
  Endpoint: commit_if[2].ready
            (output port clocked by CLK)
  Path Group: INOUT
  Path Type: max

  Des/Clust/Port     Wire Load Model       Library
  ------------------------------------------------
  VX_commit          5K_hvratio_1_1        NangateOpenCellLibrary_ss0p95v125c

  Point                                    Incr       Path
  -----------------------------------------------------------
  clock CLK (rise edge)                    0.00       0.00
  clock network delay (ideal)              0.00       0.00
  input external delay                     1.20       1.20 r
  commit_if[0].valid (in)                  0.49       1.69 r
  U656/Z (CLKBUF_X1)                       0.57       2.27 r
  U666/ZN (NOR3_X1)                        0.11       2.38 f
  commit_if[2].ready (out)                 0.01       2.38 f
  data arrival time                                   2.38

  clock CLK (rise edge)                    4.00       4.00
  clock network delay (ideal)              0.00       4.00
  clock uncertainty                       -0.25       3.75
  output external delay                   -1.20       2.55
  data required time                                  2.55
  -----------------------------------------------------------
  data required time                                  2.55
  data arrival time                                  -2.38
  -----------------------------------------------------------
  slack (MET)                                         0.17


  Startpoint: commit_if[0].valid
              (input port clocked by CLK)
  Endpoint: commit_if[0].ready
            (output port clocked by CLK)
  Path Group: INOUT
  Path Type: max

  Des/Clust/Port     Wire Load Model       Library
  ------------------------------------------------
  VX_commit          5K_hvratio_1_1        NangateOpenCellLibrary_ss0p95v125c

  Point                                    Incr       Path
  -----------------------------------------------------------
  clock CLK (rise edge)                    0.00       0.00
  clock network delay (ideal)              0.00       0.00
  input external delay                     1.20       1.20 r
  commit_if[0].valid (in)                  0.49       1.69 r
  U654/Z (CLKBUF_X1)                       0.62       2.31 r
  commit_if[0].ready (out)                 0.01       2.33 r
  data arrival time                                   2.33

  clock CLK (rise edge)                    4.00       4.00
  clock network delay (ideal)              0.00       4.00
  clock uncertainty                       -0.25       3.75
  output external delay                   -1.20       2.55
  data required time                                  2.55
  -----------------------------------------------------------
  data required time                                  2.55
  data arrival time                                  -2.33
  -----------------------------------------------------------
  slack (MET)                                         0.22


  Startpoint: commit_if[0].valid
              (input port clocked by CLK)
  Endpoint: g_commit_arbs[0].commit_arb/g_input_select.g_arbiter.g_out_buf[0].out_buf/g_eb1.pipe_buffer/g_register.g_pipe_regs[0].pipe_register/g_shift_register/g_shift.pipe_reg[0][11]
            (rising edge-triggered flip-flop clocked by CLK)
  Path Group: INREG
  Path Type: max

  Des/Clust/Port     Wire Load Model       Library
  ------------------------------------------------
  VX_commit          5K_hvratio_1_1        NangateOpenCellLibrary_ss0p95v125c

  Point                                                   Incr       Path
  --------------------------------------------------------------------------
  clock CLK (rise edge)                                   0.00       0.00
  clock network delay (ideal)                             0.00       0.00
  input external delay                                    1.20       1.20 r
  commit_if[0].valid (in)                                 0.49       1.69 r
  U656/Z (CLKBUF_X1)                                      0.57       2.27 r
  U666/ZN (NOR3_X1)                                       0.11       2.38 f
  U653/Z (CLKBUF_X2)                                      0.43       2.80 f
  U655/Z (CLKBUF_X2)                                      0.45       3.26 f
  U1312/ZN (AOI22_X1)                                     0.28       3.53 r
  U1314/ZN (NAND2_X1)                                     0.07       3.60 f
  g_commit_arbs[0].commit_arb/g_input_select.g_arbiter.g_out_buf[0].out_buf/g_eb1.pipe_buffer/g_register.g_pipe_regs[0].pipe_register/g_shift_register/g_shift.pipe_reg[0][11]/D (DFF_X1)
                                                          0.01       3.61 f
  data arrival time                                                  3.61

  clock CLK (rise edge)                                   4.00       4.00
  clock network delay (ideal)                             0.00       4.00
  clock uncertainty                                      -0.25       3.75
  g_commit_arbs[0].commit_arb/g_input_select.g_arbiter.g_out_buf[0].out_buf/g_eb1.pipe_buffer/g_register.g_pipe_regs[0].pipe_register/g_shift_register/g_shift.pipe_reg[0][11]/CK (DFF_X1)
                                                          0.00       3.75 r
  library setup time                                     -0.11       3.64
  data required time                                                 3.64
  --------------------------------------------------------------------------
  data required time                                                 3.64
  data arrival time                                                 -3.61
  --------------------------------------------------------------------------
  slack (MET)                                                        0.03


  Startpoint: commit_if[0].valid
              (input port clocked by CLK)
  Endpoint: g_commit_arbs[0].commit_arb/g_input_select.g_arbiter.g_out_buf[0].out_buf/g_eb1.pipe_buffer/g_register.g_pipe_regs[0].pipe_register/g_shift_register/g_shift.pipe_reg[0][13]
            (rising edge-triggered flip-flop clocked by CLK)
  Path Group: INREG
  Path Type: max

  Des/Clust/Port     Wire Load Model       Library
  ------------------------------------------------
  VX_commit          5K_hvratio_1_1        NangateOpenCellLibrary_ss0p95v125c

  Point                                                   Incr       Path
  --------------------------------------------------------------------------
  clock CLK (rise edge)                                   0.00       0.00
  clock network delay (ideal)                             0.00       0.00
  input external delay                                    1.20       1.20 r
  commit_if[0].valid (in)                                 0.49       1.69 r
  U656/Z (CLKBUF_X1)                                      0.57       2.27 r
  U666/ZN (NOR3_X1)                                       0.11       2.38 f
  U653/Z (CLKBUF_X2)                                      0.43       2.80 f
  U655/Z (CLKBUF_X2)                                      0.45       3.26 f
  U1306/ZN (AOI22_X1)                                     0.28       3.53 r
  U1308/ZN (NAND2_X1)                                     0.07       3.60 f
  g_commit_arbs[0].commit_arb/g_input_select.g_arbiter.g_out_buf[0].out_buf/g_eb1.pipe_buffer/g_register.g_pipe_regs[0].pipe_register/g_shift_register/g_shift.pipe_reg[0][13]/D (DFF_X1)
                                                          0.01       3.61 f
  data arrival time                                                  3.61

  clock CLK (rise edge)                                   4.00       4.00
  clock network delay (ideal)                             0.00       4.00
  clock uncertainty                                      -0.25       3.75
  g_commit_arbs[0].commit_arb/g_input_select.g_arbiter.g_out_buf[0].out_buf/g_eb1.pipe_buffer/g_register.g_pipe_regs[0].pipe_register/g_shift_register/g_shift.pipe_reg[0][13]/CK (DFF_X1)
                                                          0.00       3.75 r
  library setup time                                     -0.11       3.64
  data required time                                                 3.64
  --------------------------------------------------------------------------
  data required time                                                 3.64
  data arrival time                                                 -3.61
  --------------------------------------------------------------------------
  slack (MET)                                                        0.03


  Startpoint: commit_if[0].valid
              (input port clocked by CLK)
  Endpoint: g_commit_arbs[0].commit_arb/g_input_select.g_arbiter.g_out_buf[0].out_buf/g_eb1.pipe_buffer/g_register.g_pipe_regs[0].pipe_register/g_shift_register/g_shift.pipe_reg[0][15]
            (rising edge-triggered flip-flop clocked by CLK)
  Path Group: INREG
  Path Type: max

  Des/Clust/Port     Wire Load Model       Library
  ------------------------------------------------
  VX_commit          5K_hvratio_1_1        NangateOpenCellLibrary_ss0p95v125c

  Point                                                   Incr       Path
  --------------------------------------------------------------------------
  clock CLK (rise edge)                                   0.00       0.00
  clock network delay (ideal)                             0.00       0.00
  input external delay                                    1.20       1.20 r
  commit_if[0].valid (in)                                 0.49       1.69 r
  U656/Z (CLKBUF_X1)                                      0.57       2.27 r
  U666/ZN (NOR3_X1)                                       0.11       2.38 f
  U653/Z (CLKBUF_X2)                                      0.43       2.80 f
  U655/Z (CLKBUF_X2)                                      0.45       3.26 f
  U1300/ZN (AOI22_X1)                                     0.28       3.53 r
  U1302/ZN (NAND2_X1)                                     0.07       3.60 f
  g_commit_arbs[0].commit_arb/g_input_select.g_arbiter.g_out_buf[0].out_buf/g_eb1.pipe_buffer/g_register.g_pipe_regs[0].pipe_register/g_shift_register/g_shift.pipe_reg[0][15]/D (DFF_X1)
                                                          0.01       3.61 f
  data arrival time                                                  3.61

  clock CLK (rise edge)                                   4.00       4.00
  clock network delay (ideal)                             0.00       4.00
  clock uncertainty                                      -0.25       3.75
  g_commit_arbs[0].commit_arb/g_input_select.g_arbiter.g_out_buf[0].out_buf/g_eb1.pipe_buffer/g_register.g_pipe_regs[0].pipe_register/g_shift_register/g_shift.pipe_reg[0][15]/CK (DFF_X1)
                                                          0.00       3.75 r
  library setup time                                     -0.11       3.64
  data required time                                                 3.64
  --------------------------------------------------------------------------
  data required time                                                 3.64
  data arrival time                                                 -3.61
  --------------------------------------------------------------------------
  slack (MET)                                                        0.03


  Startpoint: commit_if[0].valid
              (input port clocked by CLK)
  Endpoint: g_commit_arbs[0].commit_arb/g_input_select.g_arbiter.g_out_buf[0].out_buf/g_eb1.pipe_buffer/g_register.g_pipe_regs[0].pipe_register/g_shift_register/g_shift.pipe_reg[0][16]
            (rising edge-triggered flip-flop clocked by CLK)
  Path Group: INREG
  Path Type: max

  Des/Clust/Port     Wire Load Model       Library
  ------------------------------------------------
  VX_commit          5K_hvratio_1_1        NangateOpenCellLibrary_ss0p95v125c

  Point                                                   Incr       Path
  --------------------------------------------------------------------------
  clock CLK (rise edge)                                   0.00       0.00
  clock network delay (ideal)                             0.00       0.00
  input external delay                                    1.20       1.20 r
  commit_if[0].valid (in)                                 0.49       1.69 r
  U656/Z (CLKBUF_X1)                                      0.57       2.27 r
  U666/ZN (NOR3_X1)                                       0.11       2.38 f
  U653/Z (CLKBUF_X2)                                      0.43       2.80 f
  U655/Z (CLKBUF_X2)                                      0.45       3.26 f
  U1297/ZN (AOI22_X1)                                     0.28       3.53 r
  U1299/ZN (NAND2_X1)                                     0.07       3.60 f
  g_commit_arbs[0].commit_arb/g_input_select.g_arbiter.g_out_buf[0].out_buf/g_eb1.pipe_buffer/g_register.g_pipe_regs[0].pipe_register/g_shift_register/g_shift.pipe_reg[0][16]/D (DFF_X1)
                                                          0.01       3.61 f
  data arrival time                                                  3.61

  clock CLK (rise edge)                                   4.00       4.00
  clock network delay (ideal)                             0.00       4.00
  clock uncertainty                                      -0.25       3.75
  g_commit_arbs[0].commit_arb/g_input_select.g_arbiter.g_out_buf[0].out_buf/g_eb1.pipe_buffer/g_register.g_pipe_regs[0].pipe_register/g_shift_register/g_shift.pipe_reg[0][16]/CK (DFF_X1)
                                                          0.00       3.75 r
  library setup time                                     -0.11       3.64
  data required time                                                 3.64
  --------------------------------------------------------------------------
  data required time                                                 3.64
  data arrival time                                                 -3.61
  --------------------------------------------------------------------------
  slack (MET)                                                        0.03


  Startpoint: commit_if[0].valid
              (input port clocked by CLK)
  Endpoint: g_commit_arbs[0].commit_arb/g_input_select.g_arbiter.g_out_buf[0].out_buf/g_eb1.pipe_buffer/g_register.g_pipe_regs[0].pipe_register/g_shift_register/g_shift.pipe_reg[0][19]
            (rising edge-triggered flip-flop clocked by CLK)
  Path Group: INREG
  Path Type: max

  Des/Clust/Port     Wire Load Model       Library
  ------------------------------------------------
  VX_commit          5K_hvratio_1_1        NangateOpenCellLibrary_ss0p95v125c

  Point                                                   Incr       Path
  --------------------------------------------------------------------------
  clock CLK (rise edge)                                   0.00       0.00
  clock network delay (ideal)                             0.00       0.00
  input external delay                                    1.20       1.20 r
  commit_if[0].valid (in)                                 0.49       1.69 r
  U656/Z (CLKBUF_X1)                                      0.57       2.27 r
  U666/ZN (NOR3_X1)                                       0.11       2.38 f
  U653/Z (CLKBUF_X2)                                      0.43       2.80 f
  U655/Z (CLKBUF_X2)                                      0.45       3.26 f
  U1288/ZN (AOI22_X1)                                     0.28       3.53 r
  U1290/ZN (NAND2_X1)                                     0.07       3.60 f
  g_commit_arbs[0].commit_arb/g_input_select.g_arbiter.g_out_buf[0].out_buf/g_eb1.pipe_buffer/g_register.g_pipe_regs[0].pipe_register/g_shift_register/g_shift.pipe_reg[0][19]/D (DFF_X1)
                                                          0.01       3.61 f
  data arrival time                                                  3.61

  clock CLK (rise edge)                                   4.00       4.00
  clock network delay (ideal)                             0.00       4.00
  clock uncertainty                                      -0.25       3.75
  g_commit_arbs[0].commit_arb/g_input_select.g_arbiter.g_out_buf[0].out_buf/g_eb1.pipe_buffer/g_register.g_pipe_regs[0].pipe_register/g_shift_register/g_shift.pipe_reg[0][19]/CK (DFF_X1)
                                                          0.00       3.75 r
  library setup time                                     -0.11       3.64
  data required time                                                 3.64
  --------------------------------------------------------------------------
  data required time                                                 3.64
  data arrival time                                                 -3.61
  --------------------------------------------------------------------------
  slack (MET)                                                        0.03


  Startpoint: commit_if[0].valid
              (input port clocked by CLK)
  Endpoint: g_commit_arbs[0].commit_arb/g_input_select.g_arbiter.g_out_buf[0].out_buf/g_eb1.pipe_buffer/g_register.g_pipe_regs[0].pipe_register/g_shift_register/g_shift.pipe_reg[0][27]
            (rising edge-triggered flip-flop clocked by CLK)
  Path Group: INREG
  Path Type: max

  Des/Clust/Port     Wire Load Model       Library
  ------------------------------------------------
  VX_commit          5K_hvratio_1_1        NangateOpenCellLibrary_ss0p95v125c

  Point                                                   Incr       Path
  --------------------------------------------------------------------------
  clock CLK (rise edge)                                   0.00       0.00
  clock network delay (ideal)                             0.00       0.00
  input external delay                                    1.20       1.20 r
  commit_if[0].valid (in)                                 0.49       1.69 r
  U656/Z (CLKBUF_X1)                                      0.57       2.27 r
  U666/ZN (NOR3_X1)                                       0.11       2.38 f
  U653/Z (CLKBUF_X2)                                      0.43       2.80 f
  U655/Z (CLKBUF_X2)                                      0.45       3.26 f
  U1264/ZN (AOI22_X1)                                     0.28       3.53 r
  U1266/ZN (NAND2_X1)                                     0.07       3.60 f
  g_commit_arbs[0].commit_arb/g_input_select.g_arbiter.g_out_buf[0].out_buf/g_eb1.pipe_buffer/g_register.g_pipe_regs[0].pipe_register/g_shift_register/g_shift.pipe_reg[0][27]/D (DFF_X1)
                                                          0.01       3.61 f
  data arrival time                                                  3.61

  clock CLK (rise edge)                                   4.00       4.00
  clock network delay (ideal)                             0.00       4.00
  clock uncertainty                                      -0.25       3.75
  g_commit_arbs[0].commit_arb/g_input_select.g_arbiter.g_out_buf[0].out_buf/g_eb1.pipe_buffer/g_register.g_pipe_regs[0].pipe_register/g_shift_register/g_shift.pipe_reg[0][27]/CK (DFF_X1)
                                                          0.00       3.75 r
  library setup time                                     -0.11       3.64
  data required time                                                 3.64
  --------------------------------------------------------------------------
  data required time                                                 3.64
  data arrival time                                                 -3.61
  --------------------------------------------------------------------------
  slack (MET)                                                        0.03


  Startpoint: commit_if[0].valid
              (input port clocked by CLK)
  Endpoint: g_commit_arbs[0].commit_arb/g_input_select.g_arbiter.g_out_buf[0].out_buf/g_eb1.pipe_buffer/g_register.g_pipe_regs[0].pipe_register/g_shift_register/g_shift.pipe_reg[0][28]
            (rising edge-triggered flip-flop clocked by CLK)
  Path Group: INREG
  Path Type: max

  Des/Clust/Port     Wire Load Model       Library
  ------------------------------------------------
  VX_commit          5K_hvratio_1_1        NangateOpenCellLibrary_ss0p95v125c

  Point                                                   Incr       Path
  --------------------------------------------------------------------------
  clock CLK (rise edge)                                   0.00       0.00
  clock network delay (ideal)                             0.00       0.00
  input external delay                                    1.20       1.20 r
  commit_if[0].valid (in)                                 0.49       1.69 r
  U656/Z (CLKBUF_X1)                                      0.57       2.27 r
  U666/ZN (NOR3_X1)                                       0.11       2.38 f
  U653/Z (CLKBUF_X2)                                      0.43       2.80 f
  U655/Z (CLKBUF_X2)                                      0.45       3.26 f
  U1261/ZN (AOI22_X1)                                     0.28       3.53 r
  U1263/ZN (NAND2_X1)                                     0.07       3.60 f
  g_commit_arbs[0].commit_arb/g_input_select.g_arbiter.g_out_buf[0].out_buf/g_eb1.pipe_buffer/g_register.g_pipe_regs[0].pipe_register/g_shift_register/g_shift.pipe_reg[0][28]/D (DFF_X1)
                                                          0.01       3.61 f
  data arrival time                                                  3.61

  clock CLK (rise edge)                                   4.00       4.00
  clock network delay (ideal)                             0.00       4.00
  clock uncertainty                                      -0.25       3.75
  g_commit_arbs[0].commit_arb/g_input_select.g_arbiter.g_out_buf[0].out_buf/g_eb1.pipe_buffer/g_register.g_pipe_regs[0].pipe_register/g_shift_register/g_shift.pipe_reg[0][28]/CK (DFF_X1)
                                                          0.00       3.75 r
  library setup time                                     -0.11       3.64
  data required time                                                 3.64
  --------------------------------------------------------------------------
  data required time                                                 3.64
  data arrival time                                                 -3.61
  --------------------------------------------------------------------------
  slack (MET)                                                        0.03


  Startpoint: commit_if[0].valid
              (input port clocked by CLK)
  Endpoint: g_commit_arbs[0].commit_arb/g_input_select.g_arbiter.g_out_buf[0].out_buf/g_eb1.pipe_buffer/g_register.g_pipe_regs[0].pipe_register/g_shift_register/g_shift.pipe_reg[0][44]
            (rising edge-triggered flip-flop clocked by CLK)
  Path Group: INREG
  Path Type: max

  Des/Clust/Port     Wire Load Model       Library
  ------------------------------------------------
  VX_commit          5K_hvratio_1_1        NangateOpenCellLibrary_ss0p95v125c

  Point                                                   Incr       Path
  --------------------------------------------------------------------------
  clock CLK (rise edge)                                   0.00       0.00
  clock network delay (ideal)                             0.00       0.00
  input external delay                                    1.20       1.20 r
  commit_if[0].valid (in)                                 0.49       1.69 r
  U656/Z (CLKBUF_X1)                                      0.57       2.27 r
  U666/ZN (NOR3_X1)                                       0.11       2.38 f
  U653/Z (CLKBUF_X2)                                      0.43       2.80 f
  U655/Z (CLKBUF_X2)                                      0.45       3.26 f
  U1213/ZN (AOI22_X1)                                     0.28       3.53 r
  U1215/ZN (NAND2_X1)                                     0.07       3.60 f
  g_commit_arbs[0].commit_arb/g_input_select.g_arbiter.g_out_buf[0].out_buf/g_eb1.pipe_buffer/g_register.g_pipe_regs[0].pipe_register/g_shift_register/g_shift.pipe_reg[0][44]/D (DFF_X1)
                                                          0.01       3.61 f
  data arrival time                                                  3.61

  clock CLK (rise edge)                                   4.00       4.00
  clock network delay (ideal)                             0.00       4.00
  clock uncertainty                                      -0.25       3.75
  g_commit_arbs[0].commit_arb/g_input_select.g_arbiter.g_out_buf[0].out_buf/g_eb1.pipe_buffer/g_register.g_pipe_regs[0].pipe_register/g_shift_register/g_shift.pipe_reg[0][44]/CK (DFF_X1)
                                                          0.00       3.75 r
  library setup time                                     -0.11       3.64
  data required time                                                 3.64
  --------------------------------------------------------------------------
  data required time                                                 3.64
  data arrival time                                                 -3.61
  --------------------------------------------------------------------------
  slack (MET)                                                        0.03


  Startpoint: commit_if[0].valid
              (input port clocked by CLK)
  Endpoint: g_commit_arbs[0].commit_arb/g_input_select.g_arbiter.g_out_buf[0].out_buf/g_eb1.pipe_buffer/g_register.g_pipe_regs[0].pipe_register/g_shift_register/g_shift.pipe_reg[0][48]
            (rising edge-triggered flip-flop clocked by CLK)
  Path Group: INREG
  Path Type: max

  Des/Clust/Port     Wire Load Model       Library
  ------------------------------------------------
  VX_commit          5K_hvratio_1_1        NangateOpenCellLibrary_ss0p95v125c

  Point                                                   Incr       Path
  --------------------------------------------------------------------------
  clock CLK (rise edge)                                   0.00       0.00
  clock network delay (ideal)                             0.00       0.00
  input external delay                                    1.20       1.20 r
  commit_if[0].valid (in)                                 0.49       1.69 r
  U656/Z (CLKBUF_X1)                                      0.57       2.27 r
  U666/ZN (NOR3_X1)                                       0.11       2.38 f
  U653/Z (CLKBUF_X2)                                      0.43       2.80 f
  U655/Z (CLKBUF_X2)                                      0.45       3.26 f
  U1201/ZN (AOI22_X1)                                     0.28       3.53 r
  U1203/ZN (NAND2_X1)                                     0.07       3.60 f
  g_commit_arbs[0].commit_arb/g_input_select.g_arbiter.g_out_buf[0].out_buf/g_eb1.pipe_buffer/g_register.g_pipe_regs[0].pipe_register/g_shift_register/g_shift.pipe_reg[0][48]/D (DFF_X1)
                                                          0.01       3.61 f
  data arrival time                                                  3.61

  clock CLK (rise edge)                                   4.00       4.00
  clock network delay (ideal)                             0.00       4.00
  clock uncertainty                                      -0.25       3.75
  g_commit_arbs[0].commit_arb/g_input_select.g_arbiter.g_out_buf[0].out_buf/g_eb1.pipe_buffer/g_register.g_pipe_regs[0].pipe_register/g_shift_register/g_shift.pipe_reg[0][48]/CK (DFF_X1)
                                                          0.00       3.75 r
  library setup time                                     -0.11       3.64
  data required time                                                 3.64
  --------------------------------------------------------------------------
  data required time                                                 3.64
  data arrival time                                                 -3.61
  --------------------------------------------------------------------------
  slack (MET)                                                        0.03


  Startpoint: commit_if[0].valid
              (input port clocked by CLK)
  Endpoint: g_commit_arbs[0].commit_arb/g_input_select.g_arbiter.g_out_buf[0].out_buf/g_eb1.pipe_buffer/g_register.g_pipe_regs[0].pipe_register/g_shift_register/g_shift.pipe_reg[0][52]
            (rising edge-triggered flip-flop clocked by CLK)
  Path Group: INREG
  Path Type: max

  Des/Clust/Port     Wire Load Model       Library
  ------------------------------------------------
  VX_commit          5K_hvratio_1_1        NangateOpenCellLibrary_ss0p95v125c

  Point                                                   Incr       Path
  --------------------------------------------------------------------------
  clock CLK (rise edge)                                   0.00       0.00
  clock network delay (ideal)                             0.00       0.00
  input external delay                                    1.20       1.20 r
  commit_if[0].valid (in)                                 0.49       1.69 r
  U656/Z (CLKBUF_X1)                                      0.57       2.27 r
  U666/ZN (NOR3_X1)                                       0.11       2.38 f
  U653/Z (CLKBUF_X2)                                      0.43       2.80 f
  U655/Z (CLKBUF_X2)                                      0.45       3.26 f
  U1189/ZN (AOI22_X1)                                     0.28       3.53 r
  U1191/ZN (NAND2_X1)                                     0.07       3.60 f
  g_commit_arbs[0].commit_arb/g_input_select.g_arbiter.g_out_buf[0].out_buf/g_eb1.pipe_buffer/g_register.g_pipe_regs[0].pipe_register/g_shift_register/g_shift.pipe_reg[0][52]/D (DFF_X1)
                                                          0.01       3.61 f
  data arrival time                                                  3.61

  clock CLK (rise edge)                                   4.00       4.00
  clock network delay (ideal)                             0.00       4.00
  clock uncertainty                                      -0.25       3.75
  g_commit_arbs[0].commit_arb/g_input_select.g_arbiter.g_out_buf[0].out_buf/g_eb1.pipe_buffer/g_register.g_pipe_regs[0].pipe_register/g_shift_register/g_shift.pipe_reg[0][52]/CK (DFF_X1)
                                                          0.00       3.75 r
  library setup time                                     -0.11       3.64
  data required time                                                 3.64
  --------------------------------------------------------------------------
  data required time                                                 3.64
  data arrival time                                                 -3.61
  --------------------------------------------------------------------------
  slack (MET)                                                        0.03


  Startpoint: commit_if[0].valid
              (input port clocked by CLK)
  Endpoint: g_commit_arbs[0].commit_arb/g_input_select.g_arbiter.g_out_buf[0].out_buf/g_eb1.pipe_buffer/g_register.g_pipe_regs[0].pipe_register/g_shift_register/g_shift.pipe_reg[0][53]
            (rising edge-triggered flip-flop clocked by CLK)
  Path Group: INREG
  Path Type: max

  Des/Clust/Port     Wire Load Model       Library
  ------------------------------------------------
  VX_commit          5K_hvratio_1_1        NangateOpenCellLibrary_ss0p95v125c

  Point                                                   Incr       Path
  --------------------------------------------------------------------------
  clock CLK (rise edge)                                   0.00       0.00
  clock network delay (ideal)                             0.00       0.00
  input external delay                                    1.20       1.20 r
  commit_if[0].valid (in)                                 0.49       1.69 r
  U656/Z (CLKBUF_X1)                                      0.57       2.27 r
  U666/ZN (NOR3_X1)                                       0.11       2.38 f
  U653/Z (CLKBUF_X2)                                      0.43       2.80 f
  U655/Z (CLKBUF_X2)                                      0.45       3.26 f
  U1186/ZN (AOI22_X1)                                     0.28       3.53 r
  U1188/ZN (NAND2_X1)                                     0.07       3.60 f
  g_commit_arbs[0].commit_arb/g_input_select.g_arbiter.g_out_buf[0].out_buf/g_eb1.pipe_buffer/g_register.g_pipe_regs[0].pipe_register/g_shift_register/g_shift.pipe_reg[0][53]/D (DFF_X1)
                                                          0.01       3.61 f
  data arrival time                                                  3.61

  clock CLK (rise edge)                                   4.00       4.00
  clock network delay (ideal)                             0.00       4.00
  clock uncertainty                                      -0.25       3.75
  g_commit_arbs[0].commit_arb/g_input_select.g_arbiter.g_out_buf[0].out_buf/g_eb1.pipe_buffer/g_register.g_pipe_regs[0].pipe_register/g_shift_register/g_shift.pipe_reg[0][53]/CK (DFF_X1)
                                                          0.00       3.75 r
  library setup time                                     -0.11       3.64
  data required time                                                 3.64
  --------------------------------------------------------------------------
  data required time                                                 3.64
  data arrival time                                                 -3.61
  --------------------------------------------------------------------------
  slack (MET)                                                        0.03


  Startpoint: commit_if[0].valid
              (input port clocked by CLK)
  Endpoint: g_commit_arbs[0].commit_arb/g_input_select.g_arbiter.g_out_buf[0].out_buf/g_eb1.pipe_buffer/g_register.g_pipe_regs[0].pipe_register/g_shift_register/g_shift.pipe_reg[0][116]
            (rising edge-triggered flip-flop clocked by CLK)
  Path Group: INREG
  Path Type: max

  Des/Clust/Port     Wire Load Model       Library
  ------------------------------------------------
  VX_commit          5K_hvratio_1_1        NangateOpenCellLibrary_ss0p95v125c

  Point                                                   Incr       Path
  --------------------------------------------------------------------------
  clock CLK (rise edge)                                   0.00       0.00
  clock network delay (ideal)                             0.00       0.00
  input external delay                                    1.20       1.20 r
  commit_if[0].valid (in)                                 0.49       1.69 r
  U656/Z (CLKBUF_X1)                                      0.57       2.27 r
  U666/ZN (NOR3_X1)                                       0.11       2.38 f
  U653/Z (CLKBUF_X2)                                      0.43       2.80 f
  U655/Z (CLKBUF_X2)                                      0.45       3.26 f
  U996/ZN (AOI22_X1)                                      0.28       3.53 r
  U998/ZN (NAND2_X1)                                      0.07       3.60 f
  g_commit_arbs[0].commit_arb/g_input_select.g_arbiter.g_out_buf[0].out_buf/g_eb1.pipe_buffer/g_register.g_pipe_regs[0].pipe_register/g_shift_register/g_shift.pipe_reg[0][116]/D (DFF_X1)
                                                          0.01       3.61 f
  data arrival time                                                  3.61

  clock CLK (rise edge)                                   4.00       4.00
  clock network delay (ideal)                             0.00       4.00
  clock uncertainty                                      -0.25       3.75
  g_commit_arbs[0].commit_arb/g_input_select.g_arbiter.g_out_buf[0].out_buf/g_eb1.pipe_buffer/g_register.g_pipe_regs[0].pipe_register/g_shift_register/g_shift.pipe_reg[0][116]/CK (DFF_X1)
                                                          0.00       3.75 r
  library setup time                                     -0.11       3.64
  data required time                                                 3.64
  --------------------------------------------------------------------------
  data required time                                                 3.64
  data arrival time                                                 -3.61
  --------------------------------------------------------------------------
  slack (MET)                                                        0.03


  Startpoint: commit_if[0].valid
              (input port clocked by CLK)
  Endpoint: g_commit_arbs[0].commit_arb/g_input_select.g_arbiter.g_out_buf[0].out_buf/g_eb1.pipe_buffer/g_register.g_pipe_regs[0].pipe_register/g_shift_register/g_shift.pipe_reg[0][118]
            (rising edge-triggered flip-flop clocked by CLK)
  Path Group: INREG
  Path Type: max

  Des/Clust/Port     Wire Load Model       Library
  ------------------------------------------------
  VX_commit          5K_hvratio_1_1        NangateOpenCellLibrary_ss0p95v125c

  Point                                                   Incr       Path
  --------------------------------------------------------------------------
  clock CLK (rise edge)                                   0.00       0.00
  clock network delay (ideal)                             0.00       0.00
  input external delay                                    1.20       1.20 r
  commit_if[0].valid (in)                                 0.49       1.69 r
  U656/Z (CLKBUF_X1)                                      0.57       2.27 r
  U666/ZN (NOR3_X1)                                       0.11       2.38 f
  U653/Z (CLKBUF_X2)                                      0.43       2.80 f
  U655/Z (CLKBUF_X2)                                      0.45       3.26 f
  U990/ZN (AOI22_X1)                                      0.28       3.53 r
  U992/ZN (NAND2_X1)                                      0.07       3.60 f
  g_commit_arbs[0].commit_arb/g_input_select.g_arbiter.g_out_buf[0].out_buf/g_eb1.pipe_buffer/g_register.g_pipe_regs[0].pipe_register/g_shift_register/g_shift.pipe_reg[0][118]/D (DFF_X1)
                                                          0.01       3.61 f
  data arrival time                                                  3.61

  clock CLK (rise edge)                                   4.00       4.00
  clock network delay (ideal)                             0.00       4.00
  clock uncertainty                                      -0.25       3.75
  g_commit_arbs[0].commit_arb/g_input_select.g_arbiter.g_out_buf[0].out_buf/g_eb1.pipe_buffer/g_register.g_pipe_regs[0].pipe_register/g_shift_register/g_shift.pipe_reg[0][118]/CK (DFF_X1)
                                                          0.00       3.75 r
  library setup time                                     -0.11       3.64
  data required time                                                 3.64
  --------------------------------------------------------------------------
  data required time                                                 3.64
  data arrival time                                                 -3.61
  --------------------------------------------------------------------------
  slack (MET)                                                        0.03


  Startpoint: commit_if[0].valid
              (input port clocked by CLK)
  Endpoint: g_commit_arbs[0].commit_arb/g_input_select.g_arbiter.g_out_buf[0].out_buf/g_eb1.pipe_buffer/g_register.g_pipe_regs[0].pipe_register/g_shift_register/g_shift.pipe_reg[0][119]
            (rising edge-triggered flip-flop clocked by CLK)
  Path Group: INREG
  Path Type: max

  Des/Clust/Port     Wire Load Model       Library
  ------------------------------------------------
  VX_commit          5K_hvratio_1_1        NangateOpenCellLibrary_ss0p95v125c

  Point                                                   Incr       Path
  --------------------------------------------------------------------------
  clock CLK (rise edge)                                   0.00       0.00
  clock network delay (ideal)                             0.00       0.00
  input external delay                                    1.20       1.20 r
  commit_if[0].valid (in)                                 0.49       1.69 r
  U656/Z (CLKBUF_X1)                                      0.57       2.27 r
  U666/ZN (NOR3_X1)                                       0.11       2.38 f
  U653/Z (CLKBUF_X2)                                      0.43       2.80 f
  U655/Z (CLKBUF_X2)                                      0.45       3.26 f
  U987/ZN (AOI22_X1)                                      0.28       3.53 r
  U989/ZN (NAND2_X1)                                      0.07       3.60 f
  g_commit_arbs[0].commit_arb/g_input_select.g_arbiter.g_out_buf[0].out_buf/g_eb1.pipe_buffer/g_register.g_pipe_regs[0].pipe_register/g_shift_register/g_shift.pipe_reg[0][119]/D (DFF_X1)
                                                          0.01       3.61 f
  data arrival time                                                  3.61

  clock CLK (rise edge)                                   4.00       4.00
  clock network delay (ideal)                             0.00       4.00
  clock uncertainty                                      -0.25       3.75
  g_commit_arbs[0].commit_arb/g_input_select.g_arbiter.g_out_buf[0].out_buf/g_eb1.pipe_buffer/g_register.g_pipe_regs[0].pipe_register/g_shift_register/g_shift.pipe_reg[0][119]/CK (DFF_X1)
                                                          0.00       3.75 r
  library setup time                                     -0.11       3.64
  data required time                                                 3.64
  --------------------------------------------------------------------------
  data required time                                                 3.64
  data arrival time                                                 -3.61
  --------------------------------------------------------------------------
  slack (MET)                                                        0.03


  Startpoint: commit_if[0].valid
              (input port clocked by CLK)
  Endpoint: g_commit_arbs[0].commit_arb/g_input_select.g_arbiter.g_out_buf[0].out_buf/g_eb1.pipe_buffer/g_register.g_pipe_regs[0].pipe_register/g_shift_register/g_shift.pipe_reg[0][120]
            (rising edge-triggered flip-flop clocked by CLK)
  Path Group: INREG
  Path Type: max

  Des/Clust/Port     Wire Load Model       Library
  ------------------------------------------------
  VX_commit          5K_hvratio_1_1        NangateOpenCellLibrary_ss0p95v125c

  Point                                                   Incr       Path
  --------------------------------------------------------------------------
  clock CLK (rise edge)                                   0.00       0.00
  clock network delay (ideal)                             0.00       0.00
  input external delay                                    1.20       1.20 r
  commit_if[0].valid (in)                                 0.49       1.69 r
  U656/Z (CLKBUF_X1)                                      0.57       2.27 r
  U666/ZN (NOR3_X1)                                       0.11       2.38 f
  U653/Z (CLKBUF_X2)                                      0.43       2.80 f
  U655/Z (CLKBUF_X2)                                      0.45       3.26 f
  U984/ZN (AOI22_X1)                                      0.28       3.53 r
  U986/ZN (NAND2_X1)                                      0.07       3.60 f
  g_commit_arbs[0].commit_arb/g_input_select.g_arbiter.g_out_buf[0].out_buf/g_eb1.pipe_buffer/g_register.g_pipe_regs[0].pipe_register/g_shift_register/g_shift.pipe_reg[0][120]/D (DFF_X1)
                                                          0.01       3.61 f
  data arrival time                                                  3.61

  clock CLK (rise edge)                                   4.00       4.00
  clock network delay (ideal)                             0.00       4.00
  clock uncertainty                                      -0.25       3.75
  g_commit_arbs[0].commit_arb/g_input_select.g_arbiter.g_out_buf[0].out_buf/g_eb1.pipe_buffer/g_register.g_pipe_regs[0].pipe_register/g_shift_register/g_shift.pipe_reg[0][120]/CK (DFF_X1)
                                                          0.00       3.75 r
  library setup time                                     -0.11       3.64
  data required time                                                 3.64
  --------------------------------------------------------------------------
  data required time                                                 3.64
  data arrival time                                                 -3.61
  --------------------------------------------------------------------------
  slack (MET)                                                        0.03


  Startpoint: commit_if[0].valid
              (input port clocked by CLK)
  Endpoint: g_commit_arbs[0].commit_arb/g_input_select.g_arbiter.g_out_buf[0].out_buf/g_eb1.pipe_buffer/g_register.g_pipe_regs[0].pipe_register/g_shift_register/g_shift.pipe_reg[0][122]
            (rising edge-triggered flip-flop clocked by CLK)
  Path Group: INREG
  Path Type: max

  Des/Clust/Port     Wire Load Model       Library
  ------------------------------------------------
  VX_commit          5K_hvratio_1_1        NangateOpenCellLibrary_ss0p95v125c

  Point                                                   Incr       Path
  --------------------------------------------------------------------------
  clock CLK (rise edge)                                   0.00       0.00
  clock network delay (ideal)                             0.00       0.00
  input external delay                                    1.20       1.20 r
  commit_if[0].valid (in)                                 0.49       1.69 r
  U656/Z (CLKBUF_X1)                                      0.57       2.27 r
  U666/ZN (NOR3_X1)                                       0.11       2.38 f
  U653/Z (CLKBUF_X2)                                      0.43       2.80 f
  U655/Z (CLKBUF_X2)                                      0.45       3.26 f
  U978/ZN (AOI22_X1)                                      0.28       3.53 r
  U980/ZN (NAND2_X1)                                      0.07       3.60 f
  g_commit_arbs[0].commit_arb/g_input_select.g_arbiter.g_out_buf[0].out_buf/g_eb1.pipe_buffer/g_register.g_pipe_regs[0].pipe_register/g_shift_register/g_shift.pipe_reg[0][122]/D (DFF_X1)
                                                          0.01       3.61 f
  data arrival time                                                  3.61

  clock CLK (rise edge)                                   4.00       4.00
  clock network delay (ideal)                             0.00       4.00
  clock uncertainty                                      -0.25       3.75
  g_commit_arbs[0].commit_arb/g_input_select.g_arbiter.g_out_buf[0].out_buf/g_eb1.pipe_buffer/g_register.g_pipe_regs[0].pipe_register/g_shift_register/g_shift.pipe_reg[0][122]/CK (DFF_X1)
                                                          0.00       3.75 r
  library setup time                                     -0.11       3.64
  data required time                                                 3.64
  --------------------------------------------------------------------------
  data required time                                                 3.64
  data arrival time                                                 -3.61
  --------------------------------------------------------------------------
  slack (MET)                                                        0.03


  Startpoint: commit_if[0].valid
              (input port clocked by CLK)
  Endpoint: g_commit_arbs[0].commit_arb/g_input_select.g_arbiter.g_out_buf[0].out_buf/g_eb1.pipe_buffer/g_register.g_pipe_regs[0].pipe_register/g_shift_register/g_shift.pipe_reg[0][125]
            (rising edge-triggered flip-flop clocked by CLK)
  Path Group: INREG
  Path Type: max

  Des/Clust/Port     Wire Load Model       Library
  ------------------------------------------------
  VX_commit          5K_hvratio_1_1        NangateOpenCellLibrary_ss0p95v125c

  Point                                                   Incr       Path
  --------------------------------------------------------------------------
  clock CLK (rise edge)                                   0.00       0.00
  clock network delay (ideal)                             0.00       0.00
  input external delay                                    1.20       1.20 r
  commit_if[0].valid (in)                                 0.49       1.69 r
  U656/Z (CLKBUF_X1)                                      0.57       2.27 r
  U666/ZN (NOR3_X1)                                       0.11       2.38 f
  U653/Z (CLKBUF_X2)                                      0.43       2.80 f
  U655/Z (CLKBUF_X2)                                      0.45       3.26 f
  U969/ZN (AOI22_X1)                                      0.28       3.53 r
  U971/ZN (NAND2_X1)                                      0.07       3.60 f
  g_commit_arbs[0].commit_arb/g_input_select.g_arbiter.g_out_buf[0].out_buf/g_eb1.pipe_buffer/g_register.g_pipe_regs[0].pipe_register/g_shift_register/g_shift.pipe_reg[0][125]/D (DFF_X1)
                                                          0.01       3.61 f
  data arrival time                                                  3.61

  clock CLK (rise edge)                                   4.00       4.00
  clock network delay (ideal)                             0.00       4.00
  clock uncertainty                                      -0.25       3.75
  g_commit_arbs[0].commit_arb/g_input_select.g_arbiter.g_out_buf[0].out_buf/g_eb1.pipe_buffer/g_register.g_pipe_regs[0].pipe_register/g_shift_register/g_shift.pipe_reg[0][125]/CK (DFF_X1)
                                                          0.00       3.75 r
  library setup time                                     -0.11       3.64
  data required time                                                 3.64
  --------------------------------------------------------------------------
  data required time                                                 3.64
  data arrival time                                                 -3.61
  --------------------------------------------------------------------------
  slack (MET)                                                        0.03


  Startpoint: commit_if[0].valid
              (input port clocked by CLK)
  Endpoint: g_commit_arbs[0].commit_arb/g_input_select.g_arbiter.g_out_buf[0].out_buf/g_eb1.pipe_buffer/g_register.g_pipe_regs[0].pipe_register/g_shift_register/g_shift.pipe_reg[0][117]
            (rising edge-triggered flip-flop clocked by CLK)
  Path Group: INREG
  Path Type: max

  Des/Clust/Port     Wire Load Model       Library
  ------------------------------------------------
  VX_commit          5K_hvratio_1_1        NangateOpenCellLibrary_ss0p95v125c

  Point                                                   Incr       Path
  --------------------------------------------------------------------------
  clock CLK (rise edge)                                   0.00       0.00
  clock network delay (ideal)                             0.00       0.00
  input external delay                                    1.20       1.20 r
  commit_if[0].valid (in)                                 0.49       1.69 r
  U656/Z (CLKBUF_X1)                                      0.57       2.27 r
  U666/ZN (NOR3_X1)                                       0.11       2.38 f
  U653/Z (CLKBUF_X2)                                      0.43       2.80 f
  U655/Z (CLKBUF_X2)                                      0.45       3.26 f
  U993/ZN (AOI22_X1)                                      0.28       3.53 r
  U995/ZN (NAND2_X1)                                      0.07       3.60 f
  g_commit_arbs[0].commit_arb/g_input_select.g_arbiter.g_out_buf[0].out_buf/g_eb1.pipe_buffer/g_register.g_pipe_regs[0].pipe_register/g_shift_register/g_shift.pipe_reg[0][117]/D (DFF_X1)
                                                          0.01       3.61 f
  data arrival time                                                  3.61

  clock CLK (rise edge)                                   4.00       4.00
  clock network delay (ideal)                             0.00       4.00
  clock uncertainty                                      -0.25       3.75
  g_commit_arbs[0].commit_arb/g_input_select.g_arbiter.g_out_buf[0].out_buf/g_eb1.pipe_buffer/g_register.g_pipe_regs[0].pipe_register/g_shift_register/g_shift.pipe_reg[0][117]/CK (DFF_X1)
                                                          0.00       3.75 r
  library setup time                                     -0.11       3.64
  data required time                                                 3.64
  --------------------------------------------------------------------------
  data required time                                                 3.64
  data arrival time                                                 -3.61
  --------------------------------------------------------------------------
  slack (MET)                                                        0.03


  Startpoint: commit_if[0].valid
              (input port clocked by CLK)
  Endpoint: g_commit_arbs[0].commit_arb/g_input_select.g_arbiter.g_out_buf[0].out_buf/g_eb1.pipe_buffer/g_register.g_pipe_regs[0].pipe_register/g_shift_register/g_shift.pipe_reg[0][123]
            (rising edge-triggered flip-flop clocked by CLK)
  Path Group: INREG
  Path Type: max

  Des/Clust/Port     Wire Load Model       Library
  ------------------------------------------------
  VX_commit          5K_hvratio_1_1        NangateOpenCellLibrary_ss0p95v125c

  Point                                                   Incr       Path
  --------------------------------------------------------------------------
  clock CLK (rise edge)                                   0.00       0.00
  clock network delay (ideal)                             0.00       0.00
  input external delay                                    1.20       1.20 r
  commit_if[0].valid (in)                                 0.49       1.69 r
  U656/Z (CLKBUF_X1)                                      0.57       2.27 r
  U666/ZN (NOR3_X1)                                       0.11       2.38 f
  U653/Z (CLKBUF_X2)                                      0.43       2.80 f
  U655/Z (CLKBUF_X2)                                      0.45       3.26 f
  U975/ZN (AOI22_X1)                                      0.28       3.53 r
  U977/ZN (NAND2_X1)                                      0.07       3.60 f
  g_commit_arbs[0].commit_arb/g_input_select.g_arbiter.g_out_buf[0].out_buf/g_eb1.pipe_buffer/g_register.g_pipe_regs[0].pipe_register/g_shift_register/g_shift.pipe_reg[0][123]/D (DFF_X1)
                                                          0.01       3.61 f
  data arrival time                                                  3.61

  clock CLK (rise edge)                                   4.00       4.00
  clock network delay (ideal)                             0.00       4.00
  clock uncertainty                                      -0.25       3.75
  g_commit_arbs[0].commit_arb/g_input_select.g_arbiter.g_out_buf[0].out_buf/g_eb1.pipe_buffer/g_register.g_pipe_regs[0].pipe_register/g_shift_register/g_shift.pipe_reg[0][123]/CK (DFF_X1)
                                                          0.00       3.75 r
  library setup time                                     -0.11       3.64
  data required time                                                 3.64
  --------------------------------------------------------------------------
  data required time                                                 3.64
  data arrival time                                                 -3.61
  --------------------------------------------------------------------------
  slack (MET)                                                        0.03


  Startpoint: commit_if[0].valid
              (input port clocked by CLK)
  Endpoint: g_commit_arbs[0].commit_arb/g_input_select.g_arbiter.g_out_buf[0].out_buf/g_eb1.pipe_buffer/g_register.g_pipe_regs[0].pipe_register/g_shift_register/g_shift.pipe_reg[0][126]
            (rising edge-triggered flip-flop clocked by CLK)
  Path Group: INREG
  Path Type: max

  Des/Clust/Port     Wire Load Model       Library
  ------------------------------------------------
  VX_commit          5K_hvratio_1_1        NangateOpenCellLibrary_ss0p95v125c

  Point                                                   Incr       Path
  --------------------------------------------------------------------------
  clock CLK (rise edge)                                   0.00       0.00
  clock network delay (ideal)                             0.00       0.00
  input external delay                                    1.20       1.20 r
  commit_if[0].valid (in)                                 0.49       1.69 r
  U656/Z (CLKBUF_X1)                                      0.57       2.27 r
  U666/ZN (NOR3_X1)                                       0.11       2.38 f
  U653/Z (CLKBUF_X2)                                      0.43       2.80 f
  U655/Z (CLKBUF_X2)                                      0.45       3.26 f
  U966/ZN (AOI22_X1)                                      0.28       3.53 r
  U968/ZN (NAND2_X1)                                      0.07       3.60 f
  g_commit_arbs[0].commit_arb/g_input_select.g_arbiter.g_out_buf[0].out_buf/g_eb1.pipe_buffer/g_register.g_pipe_regs[0].pipe_register/g_shift_register/g_shift.pipe_reg[0][126]/D (DFF_X1)
                                                          0.01       3.61 f
  data arrival time                                                  3.61

  clock CLK (rise edge)                                   4.00       4.00
  clock network delay (ideal)                             0.00       4.00
  clock uncertainty                                      -0.25       3.75
  g_commit_arbs[0].commit_arb/g_input_select.g_arbiter.g_out_buf[0].out_buf/g_eb1.pipe_buffer/g_register.g_pipe_regs[0].pipe_register/g_shift_register/g_shift.pipe_reg[0][126]/CK (DFF_X1)
                                                          0.00       3.75 r
  library setup time                                     -0.11       3.64
  data required time                                                 3.64
  --------------------------------------------------------------------------
  data required time                                                 3.64
  data arrival time                                                 -3.61
  --------------------------------------------------------------------------
  slack (MET)                                                        0.03


  Startpoint: commit_if[0].valid
              (input port clocked by CLK)
  Endpoint: g_commit_arbs[0].commit_arb/g_input_select.g_arbiter.g_out_buf[0].out_buf/g_eb1.pipe_buffer/g_register.g_pipe_regs[0].pipe_register/g_shift_register/g_shift.pipe_reg[0][163]
            (rising edge-triggered flip-flop clocked by CLK)
  Path Group: INREG
  Path Type: max

  Des/Clust/Port     Wire Load Model       Library
  ------------------------------------------------
  VX_commit          5K_hvratio_1_1        NangateOpenCellLibrary_ss0p95v125c

  Point                                                   Incr       Path
  --------------------------------------------------------------------------
  clock CLK (rise edge)                                   0.00       0.00
  clock network delay (ideal)                             0.00       0.00
  input external delay                                    1.20       1.20 r
  commit_if[0].valid (in)                                 0.49       1.69 r
  U656/Z (CLKBUF_X1)                                      0.57       2.27 r
  U666/ZN (NOR3_X1)                                       0.11       2.38 f
  U653/Z (CLKBUF_X2)                                      0.43       2.80 f
  U655/Z (CLKBUF_X2)                                      0.45       3.26 f
  U854/ZN (AOI22_X1)                                      0.28       3.53 r
  U856/ZN (NAND2_X1)                                      0.07       3.60 f
  g_commit_arbs[0].commit_arb/g_input_select.g_arbiter.g_out_buf[0].out_buf/g_eb1.pipe_buffer/g_register.g_pipe_regs[0].pipe_register/g_shift_register/g_shift.pipe_reg[0][163]/D (DFF_X1)
                                                          0.01       3.61 f
  data arrival time                                                  3.61

  clock CLK (rise edge)                                   4.00       4.00
  clock network delay (ideal)                             0.00       4.00
  clock uncertainty                                      -0.25       3.75
  g_commit_arbs[0].commit_arb/g_input_select.g_arbiter.g_out_buf[0].out_buf/g_eb1.pipe_buffer/g_register.g_pipe_regs[0].pipe_register/g_shift_register/g_shift.pipe_reg[0][163]/CK (DFF_X1)
                                                          0.00       3.75 r
  library setup time                                     -0.11       3.64
  data required time                                                 3.64
  --------------------------------------------------------------------------
  data required time                                                 3.64
  data arrival time                                                 -3.61
  --------------------------------------------------------------------------
  slack (MET)                                                        0.03


  Startpoint: commit_if[0].valid
              (input port clocked by CLK)
  Endpoint: g_commit_arbs[0].commit_arb/g_input_select.g_arbiter.g_out_buf[0].out_buf/g_eb1.pipe_buffer/g_register.g_pipe_regs[0].pipe_register/g_shift_register/g_shift.pipe_reg[0][164]
            (rising edge-triggered flip-flop clocked by CLK)
  Path Group: INREG
  Path Type: max

  Des/Clust/Port     Wire Load Model       Library
  ------------------------------------------------
  VX_commit          5K_hvratio_1_1        NangateOpenCellLibrary_ss0p95v125c

  Point                                                   Incr       Path
  --------------------------------------------------------------------------
  clock CLK (rise edge)                                   0.00       0.00
  clock network delay (ideal)                             0.00       0.00
  input external delay                                    1.20       1.20 r
  commit_if[0].valid (in)                                 0.49       1.69 r
  U656/Z (CLKBUF_X1)                                      0.57       2.27 r
  U666/ZN (NOR3_X1)                                       0.11       2.38 f
  U653/Z (CLKBUF_X2)                                      0.43       2.80 f
  U655/Z (CLKBUF_X2)                                      0.45       3.26 f
  U851/ZN (AOI22_X1)                                      0.28       3.53 r
  U853/ZN (NAND2_X1)                                      0.07       3.60 f
  g_commit_arbs[0].commit_arb/g_input_select.g_arbiter.g_out_buf[0].out_buf/g_eb1.pipe_buffer/g_register.g_pipe_regs[0].pipe_register/g_shift_register/g_shift.pipe_reg[0][164]/D (DFF_X1)
                                                          0.01       3.61 f
  data arrival time                                                  3.61

  clock CLK (rise edge)                                   4.00       4.00
  clock network delay (ideal)                             0.00       4.00
  clock uncertainty                                      -0.25       3.75
  g_commit_arbs[0].commit_arb/g_input_select.g_arbiter.g_out_buf[0].out_buf/g_eb1.pipe_buffer/g_register.g_pipe_regs[0].pipe_register/g_shift_register/g_shift.pipe_reg[0][164]/CK (DFF_X1)
                                                          0.00       3.75 r
  library setup time                                     -0.11       3.64
  data required time                                                 3.64
  --------------------------------------------------------------------------
  data required time                                                 3.64
  data arrival time                                                 -3.61
  --------------------------------------------------------------------------
  slack (MET)                                                        0.03


  Startpoint: commit_if[0].valid
              (input port clocked by CLK)
  Endpoint: g_commit_arbs[0].commit_arb/g_input_select.g_arbiter.g_out_buf[0].out_buf/g_eb1.pipe_buffer/g_register.g_pipe_regs[0].pipe_register/g_shift_register/g_shift.pipe_reg[0][21]
            (rising edge-triggered flip-flop clocked by CLK)
  Path Group: INREG
  Path Type: max

  Des/Clust/Port     Wire Load Model       Library
  ------------------------------------------------
  VX_commit          5K_hvratio_1_1        NangateOpenCellLibrary_ss0p95v125c

  Point                                                   Incr       Path
  --------------------------------------------------------------------------
  clock CLK (rise edge)                                   0.00       0.00
  clock network delay (ideal)                             0.00       0.00
  input external delay                                    1.20       1.20 r
  commit_if[0].valid (in)                                 0.49       1.69 r
  U656/Z (CLKBUF_X1)                                      0.57       2.27 r
  U666/ZN (NOR3_X1)                                       0.11       2.38 f
  U653/Z (CLKBUF_X2)                                      0.43       2.80 f
  U655/Z (CLKBUF_X2)                                      0.45       3.26 f
  U1282/ZN (AOI22_X1)                                     0.28       3.53 r
  U1284/ZN (NAND2_X1)                                     0.06       3.60 f
  g_commit_arbs[0].commit_arb/g_input_select.g_arbiter.g_out_buf[0].out_buf/g_eb1.pipe_buffer/g_register.g_pipe_regs[0].pipe_register/g_shift_register/g_shift.pipe_reg[0][21]/D (DFF_X1)
                                                          0.01       3.61 f
  data arrival time                                                  3.61

  clock CLK (rise edge)                                   4.00       4.00
  clock network delay (ideal)                             0.00       4.00
  clock uncertainty                                      -0.25       3.75
  g_commit_arbs[0].commit_arb/g_input_select.g_arbiter.g_out_buf[0].out_buf/g_eb1.pipe_buffer/g_register.g_pipe_regs[0].pipe_register/g_shift_register/g_shift.pipe_reg[0][21]/CK (DFF_X1)
                                                          0.00       3.75 r
  library setup time                                     -0.11       3.64
  data required time                                                 3.64
  --------------------------------------------------------------------------
  data required time                                                 3.64
  data arrival time                                                 -3.61
  --------------------------------------------------------------------------
  slack (MET)                                                        0.03


  Startpoint: commit_if[0].valid
              (input port clocked by CLK)
  Endpoint: g_commit_arbs[0].commit_arb/g_input_select.g_arbiter.g_out_buf[0].out_buf/g_eb1.pipe_buffer/g_register.g_pipe_regs[0].pipe_register/g_shift_register/g_shift.pipe_reg[0][47]
            (rising edge-triggered flip-flop clocked by CLK)
  Path Group: INREG
  Path Type: max

  Des/Clust/Port     Wire Load Model       Library
  ------------------------------------------------
  VX_commit          5K_hvratio_1_1        NangateOpenCellLibrary_ss0p95v125c

  Point                                                   Incr       Path
  --------------------------------------------------------------------------
  clock CLK (rise edge)                                   0.00       0.00
  clock network delay (ideal)                             0.00       0.00
  input external delay                                    1.20       1.20 r
  commit_if[0].valid (in)                                 0.49       1.69 r
  U656/Z (CLKBUF_X1)                                      0.57       2.27 r
  U666/ZN (NOR3_X1)                                       0.11       2.38 f
  U653/Z (CLKBUF_X2)                                      0.43       2.80 f
  U655/Z (CLKBUF_X2)                                      0.45       3.26 f
  U1204/ZN (AOI22_X1)                                     0.28       3.53 r
  U1206/ZN (NAND2_X1)                                     0.06       3.60 f
  g_commit_arbs[0].commit_arb/g_input_select.g_arbiter.g_out_buf[0].out_buf/g_eb1.pipe_buffer/g_register.g_pipe_regs[0].pipe_register/g_shift_register/g_shift.pipe_reg[0][47]/D (DFF_X1)
                                                          0.01       3.61 f
  data arrival time                                                  3.61

  clock CLK (rise edge)                                   4.00       4.00
  clock network delay (ideal)                             0.00       4.00
  clock uncertainty                                      -0.25       3.75
  g_commit_arbs[0].commit_arb/g_input_select.g_arbiter.g_out_buf[0].out_buf/g_eb1.pipe_buffer/g_register.g_pipe_regs[0].pipe_register/g_shift_register/g_shift.pipe_reg[0][47]/CK (DFF_X1)
                                                          0.00       3.75 r
  library setup time                                     -0.11       3.64
  data required time                                                 3.64
  --------------------------------------------------------------------------
  data required time                                                 3.64
  data arrival time                                                 -3.61
  --------------------------------------------------------------------------
  slack (MET)                                                        0.03


  Startpoint: commit_if[0].valid
              (input port clocked by CLK)
  Endpoint: g_commit_arbs[0].commit_arb/g_input_select.g_arbiter.g_out_buf[0].out_buf/g_eb1.pipe_buffer/g_register.g_pipe_regs[0].pipe_register/g_shift_register/g_shift.pipe_reg[0][115]
            (rising edge-triggered flip-flop clocked by CLK)
  Path Group: INREG
  Path Type: max

  Des/Clust/Port     Wire Load Model       Library
  ------------------------------------------------
  VX_commit          5K_hvratio_1_1        NangateOpenCellLibrary_ss0p95v125c

  Point                                                   Incr       Path
  --------------------------------------------------------------------------
  clock CLK (rise edge)                                   0.00       0.00
  clock network delay (ideal)                             0.00       0.00
  input external delay                                    1.20       1.20 r
  commit_if[0].valid (in)                                 0.49       1.69 r
  U656/Z (CLKBUF_X1)                                      0.57       2.27 r
  U666/ZN (NOR3_X1)                                       0.11       2.38 f
  U653/Z (CLKBUF_X2)                                      0.43       2.80 f
  U655/Z (CLKBUF_X2)                                      0.45       3.26 f
  U999/ZN (AOI22_X1)                                      0.28       3.53 r
  U1001/ZN (NAND2_X1)                                     0.06       3.60 f
  g_commit_arbs[0].commit_arb/g_input_select.g_arbiter.g_out_buf[0].out_buf/g_eb1.pipe_buffer/g_register.g_pipe_regs[0].pipe_register/g_shift_register/g_shift.pipe_reg[0][115]/D (DFF_X1)
                                                          0.01       3.61 f
  data arrival time                                                  3.61

  clock CLK (rise edge)                                   4.00       4.00
  clock network delay (ideal)                             0.00       4.00
  clock uncertainty                                      -0.25       3.75
  g_commit_arbs[0].commit_arb/g_input_select.g_arbiter.g_out_buf[0].out_buf/g_eb1.pipe_buffer/g_register.g_pipe_regs[0].pipe_register/g_shift_register/g_shift.pipe_reg[0][115]/CK (DFF_X1)
                                                          0.00       3.75 r
  library setup time                                     -0.11       3.64
  data required time                                                 3.64
  --------------------------------------------------------------------------
  data required time                                                 3.64
  data arrival time                                                 -3.61
  --------------------------------------------------------------------------
  slack (MET)                                                        0.03


  Startpoint: commit_if[0].valid
              (input port clocked by CLK)
  Endpoint: g_commit_arbs[0].commit_arb/g_input_select.g_arbiter.g_out_buf[0].out_buf/g_eb1.pipe_buffer/g_register.g_pipe_regs[0].pipe_register/g_shift_register/g_shift.pipe_reg[0][121]
            (rising edge-triggered flip-flop clocked by CLK)
  Path Group: INREG
  Path Type: max

  Des/Clust/Port     Wire Load Model       Library
  ------------------------------------------------
  VX_commit          5K_hvratio_1_1        NangateOpenCellLibrary_ss0p95v125c

  Point                                                   Incr       Path
  --------------------------------------------------------------------------
  clock CLK (rise edge)                                   0.00       0.00
  clock network delay (ideal)                             0.00       0.00
  input external delay                                    1.20       1.20 r
  commit_if[0].valid (in)                                 0.49       1.69 r
  U656/Z (CLKBUF_X1)                                      0.57       2.27 r
  U666/ZN (NOR3_X1)                                       0.11       2.38 f
  U653/Z (CLKBUF_X2)                                      0.43       2.80 f
  U655/Z (CLKBUF_X2)                                      0.45       3.26 f
  U981/ZN (AOI22_X1)                                      0.28       3.53 r
  U983/ZN (NAND2_X1)                                      0.06       3.60 f
  g_commit_arbs[0].commit_arb/g_input_select.g_arbiter.g_out_buf[0].out_buf/g_eb1.pipe_buffer/g_register.g_pipe_regs[0].pipe_register/g_shift_register/g_shift.pipe_reg[0][121]/D (DFF_X1)
                                                          0.01       3.61 f
  data arrival time                                                  3.61

  clock CLK (rise edge)                                   4.00       4.00
  clock network delay (ideal)                             0.00       4.00
  clock uncertainty                                      -0.25       3.75
  g_commit_arbs[0].commit_arb/g_input_select.g_arbiter.g_out_buf[0].out_buf/g_eb1.pipe_buffer/g_register.g_pipe_regs[0].pipe_register/g_shift_register/g_shift.pipe_reg[0][121]/CK (DFF_X1)
                                                          0.00       3.75 r
  library setup time                                     -0.11       3.64
  data required time                                                 3.64
  --------------------------------------------------------------------------
  data required time                                                 3.64
  data arrival time                                                 -3.61
  --------------------------------------------------------------------------
  slack (MET)                                                        0.03


  Startpoint: commit_if[0].valid
              (input port clocked by CLK)
  Endpoint: g_commit_arbs[0].commit_arb/g_input_select.g_arbiter.g_out_buf[0].out_buf/g_eb1.pipe_buffer/g_register.g_pipe_regs[0].pipe_register/g_shift_register/g_shift.pipe_reg[0][165]
            (rising edge-triggered flip-flop clocked by CLK)
  Path Group: INREG
  Path Type: max

  Des/Clust/Port     Wire Load Model       Library
  ------------------------------------------------
  VX_commit          5K_hvratio_1_1        NangateOpenCellLibrary_ss0p95v125c

  Point                                                   Incr       Path
  --------------------------------------------------------------------------
  clock CLK (rise edge)                                   0.00       0.00
  clock network delay (ideal)                             0.00       0.00
  input external delay                                    1.20       1.20 r
  commit_if[0].valid (in)                                 0.49       1.69 r
  U656/Z (CLKBUF_X1)                                      0.57       2.27 r
  U666/ZN (NOR3_X1)                                       0.11       2.38 f
  U653/Z (CLKBUF_X2)                                      0.43       2.80 f
  U655/Z (CLKBUF_X2)                                      0.45       3.26 f
  U847/ZN (AOI22_X1)                                      0.28       3.53 r
  U849/ZN (NAND2_X1)                                      0.06       3.60 f
  g_commit_arbs[0].commit_arb/g_input_select.g_arbiter.g_out_buf[0].out_buf/g_eb1.pipe_buffer/g_register.g_pipe_regs[0].pipe_register/g_shift_register/g_shift.pipe_reg[0][165]/D (DFF_X1)
                                                          0.01       3.61 f
  data arrival time                                                  3.61

  clock CLK (rise edge)                                   4.00       4.00
  clock network delay (ideal)                             0.00       4.00
  clock uncertainty                                      -0.25       3.75
  g_commit_arbs[0].commit_arb/g_input_select.g_arbiter.g_out_buf[0].out_buf/g_eb1.pipe_buffer/g_register.g_pipe_regs[0].pipe_register/g_shift_register/g_shift.pipe_reg[0][165]/CK (DFF_X1)
                                                          0.00       3.75 r
  library setup time                                     -0.11       3.64
  data required time                                                 3.64
  --------------------------------------------------------------------------
  data required time                                                 3.64
  data arrival time                                                 -3.61
  --------------------------------------------------------------------------
  slack (MET)                                                        0.03


  Startpoint: commit_if[0].valid
              (input port clocked by CLK)
  Endpoint: g_commit_arbs[0].commit_arb/g_input_select.g_arbiter.g_out_buf[0].out_buf/g_eb1.pipe_buffer/g_register.g_pipe_regs[0].pipe_register/g_shift_register/g_shift.pipe_reg[0][166]
            (rising edge-triggered flip-flop clocked by CLK)
  Path Group: INREG
  Path Type: max

  Des/Clust/Port     Wire Load Model       Library
  ------------------------------------------------
  VX_commit          5K_hvratio_1_1        NangateOpenCellLibrary_ss0p95v125c

  Point                                                   Incr       Path
  --------------------------------------------------------------------------
  clock CLK (rise edge)                                   0.00       0.00
  clock network delay (ideal)                             0.00       0.00
  input external delay                                    1.20       1.20 r
  commit_if[0].valid (in)                                 0.49       1.69 r
  U656/Z (CLKBUF_X1)                                      0.57       2.27 r
  U666/ZN (NOR3_X1)                                       0.11       2.38 f
  U653/Z (CLKBUF_X2)                                      0.43       2.80 f
  U655/Z (CLKBUF_X2)                                      0.45       3.26 f
  U844/ZN (AOI22_X1)                                      0.28       3.53 r
  U846/ZN (NAND2_X1)                                      0.06       3.60 f
  g_commit_arbs[0].commit_arb/g_input_select.g_arbiter.g_out_buf[0].out_buf/g_eb1.pipe_buffer/g_register.g_pipe_regs[0].pipe_register/g_shift_register/g_shift.pipe_reg[0][166]/D (DFF_X1)
                                                          0.01       3.61 f
  data arrival time                                                  3.61

  clock CLK (rise edge)                                   4.00       4.00
  clock network delay (ideal)                             0.00       4.00
  clock uncertainty                                      -0.25       3.75
  g_commit_arbs[0].commit_arb/g_input_select.g_arbiter.g_out_buf[0].out_buf/g_eb1.pipe_buffer/g_register.g_pipe_regs[0].pipe_register/g_shift_register/g_shift.pipe_reg[0][166]/CK (DFF_X1)
                                                          0.00       3.75 r
  library setup time                                     -0.11       3.64
  data required time                                                 3.64
  --------------------------------------------------------------------------
  data required time                                                 3.64
  data arrival time                                                 -3.61
  --------------------------------------------------------------------------
  slack (MET)                                                        0.03


  Startpoint: commit_if[0].valid
              (input port clocked by CLK)
  Endpoint: g_commit_arbs[0].commit_arb/g_input_select.g_arbiter.g_out_buf[0].out_buf/g_eb1.pipe_buffer/g_register.g_pipe_regs[0].pipe_register/g_shift_register/g_shift.pipe_reg[0][167]
            (rising edge-triggered flip-flop clocked by CLK)
  Path Group: INREG
  Path Type: max

  Des/Clust/Port     Wire Load Model       Library
  ------------------------------------------------
  VX_commit          5K_hvratio_1_1        NangateOpenCellLibrary_ss0p95v125c

  Point                                                   Incr       Path
  --------------------------------------------------------------------------
  clock CLK (rise edge)                                   0.00       0.00
  clock network delay (ideal)                             0.00       0.00
  input external delay                                    1.20       1.20 r
  commit_if[0].valid (in)                                 0.49       1.69 r
  U656/Z (CLKBUF_X1)                                      0.57       2.27 r
  U666/ZN (NOR3_X1)                                       0.11       2.38 f
  U653/Z (CLKBUF_X2)                                      0.43       2.80 f
  U655/Z (CLKBUF_X2)                                      0.45       3.26 f
  U841/ZN (AOI22_X1)                                      0.28       3.53 r
  U843/ZN (NAND2_X1)                                      0.06       3.60 f
  g_commit_arbs[0].commit_arb/g_input_select.g_arbiter.g_out_buf[0].out_buf/g_eb1.pipe_buffer/g_register.g_pipe_regs[0].pipe_register/g_shift_register/g_shift.pipe_reg[0][167]/D (DFF_X1)
                                                          0.01       3.61 f
  data arrival time                                                  3.61

  clock CLK (rise edge)                                   4.00       4.00
  clock network delay (ideal)                             0.00       4.00
  clock uncertainty                                      -0.25       3.75
  g_commit_arbs[0].commit_arb/g_input_select.g_arbiter.g_out_buf[0].out_buf/g_eb1.pipe_buffer/g_register.g_pipe_regs[0].pipe_register/g_shift_register/g_shift.pipe_reg[0][167]/CK (DFF_X1)
                                                          0.00       3.75 r
  library setup time                                     -0.11       3.64
  data required time                                                 3.64
  --------------------------------------------------------------------------
  data required time                                                 3.64
  data arrival time                                                 -3.61
  --------------------------------------------------------------------------
  slack (MET)                                                        0.03


  Startpoint: commit_if[0].valid
              (input port clocked by CLK)
  Endpoint: g_commit_arbs[0].commit_arb/g_input_select.g_arbiter.g_out_buf[0].out_buf/g_eb1.pipe_buffer/g_register.g_pipe_regs[0].pipe_register/g_shift_register/g_shift.pipe_reg[0][168]
            (rising edge-triggered flip-flop clocked by CLK)
  Path Group: INREG
  Path Type: max

  Des/Clust/Port     Wire Load Model       Library
  ------------------------------------------------
  VX_commit          5K_hvratio_1_1        NangateOpenCellLibrary_ss0p95v125c

  Point                                                   Incr       Path
  --------------------------------------------------------------------------
  clock CLK (rise edge)                                   0.00       0.00
  clock network delay (ideal)                             0.00       0.00
  input external delay                                    1.20       1.20 r
  commit_if[0].valid (in)                                 0.49       1.69 r
  U656/Z (CLKBUF_X1)                                      0.57       2.27 r
  U666/ZN (NOR3_X1)                                       0.11       2.38 f
  U653/Z (CLKBUF_X2)                                      0.43       2.80 f
  U655/Z (CLKBUF_X2)                                      0.45       3.26 f
  U838/ZN (AOI22_X1)                                      0.28       3.53 r
  U840/ZN (NAND2_X1)                                      0.06       3.60 f
  g_commit_arbs[0].commit_arb/g_input_select.g_arbiter.g_out_buf[0].out_buf/g_eb1.pipe_buffer/g_register.g_pipe_regs[0].pipe_register/g_shift_register/g_shift.pipe_reg[0][168]/D (DFF_X1)
                                                          0.01       3.61 f
  data arrival time                                                  3.61

  clock CLK (rise edge)                                   4.00       4.00
  clock network delay (ideal)                             0.00       4.00
  clock uncertainty                                      -0.25       3.75
  g_commit_arbs[0].commit_arb/g_input_select.g_arbiter.g_out_buf[0].out_buf/g_eb1.pipe_buffer/g_register.g_pipe_regs[0].pipe_register/g_shift_register/g_shift.pipe_reg[0][168]/CK (DFF_X1)
                                                          0.00       3.75 r
  library setup time                                     -0.11       3.64
  data required time                                                 3.64
  --------------------------------------------------------------------------
  data required time                                                 3.64
  data arrival time                                                 -3.61
  --------------------------------------------------------------------------
  slack (MET)                                                        0.03


  Startpoint: commit_if[0].valid
              (input port clocked by CLK)
  Endpoint: g_commit_arbs[0].commit_arb/g_input_select.g_arbiter.g_out_buf[0].out_buf/g_eb1.pipe_buffer/g_register.g_pipe_regs[0].pipe_register/g_shift_register/g_shift.pipe_reg[0][169]
            (rising edge-triggered flip-flop clocked by CLK)
  Path Group: INREG
  Path Type: max

  Des/Clust/Port     Wire Load Model       Library
  ------------------------------------------------
  VX_commit          5K_hvratio_1_1        NangateOpenCellLibrary_ss0p95v125c

  Point                                                   Incr       Path
  --------------------------------------------------------------------------
  clock CLK (rise edge)                                   0.00       0.00
  clock network delay (ideal)                             0.00       0.00
  input external delay                                    1.20       1.20 r
  commit_if[0].valid (in)                                 0.49       1.69 r
  U656/Z (CLKBUF_X1)                                      0.57       2.27 r
  U666/ZN (NOR3_X1)                                       0.11       2.38 f
  U653/Z (CLKBUF_X2)                                      0.43       2.80 f
  U655/Z (CLKBUF_X2)                                      0.45       3.26 f
  U835/ZN (AOI22_X1)                                      0.28       3.53 r
  U837/ZN (NAND2_X1)                                      0.06       3.60 f
  g_commit_arbs[0].commit_arb/g_input_select.g_arbiter.g_out_buf[0].out_buf/g_eb1.pipe_buffer/g_register.g_pipe_regs[0].pipe_register/g_shift_register/g_shift.pipe_reg[0][169]/D (DFF_X1)
                                                          0.01       3.61 f
  data arrival time                                                  3.61

  clock CLK (rise edge)                                   4.00       4.00
  clock network delay (ideal)                             0.00       4.00
  clock uncertainty                                      -0.25       3.75
  g_commit_arbs[0].commit_arb/g_input_select.g_arbiter.g_out_buf[0].out_buf/g_eb1.pipe_buffer/g_register.g_pipe_regs[0].pipe_register/g_shift_register/g_shift.pipe_reg[0][169]/CK (DFF_X1)
                                                          0.00       3.75 r
  library setup time                                     -0.11       3.64
  data required time                                                 3.64
  --------------------------------------------------------------------------
  data required time                                                 3.64
  data arrival time                                                 -3.61
  --------------------------------------------------------------------------
  slack (MET)                                                        0.03


  Startpoint: commit_if[0].valid
              (input port clocked by CLK)
  Endpoint: g_commit_arbs[0].commit_arb/g_input_select.g_arbiter.g_out_buf[0].out_buf/g_eb1.pipe_buffer/g_register.g_pipe_regs[0].pipe_register/g_shift_register/g_shift.pipe_reg[0][170]
            (rising edge-triggered flip-flop clocked by CLK)
  Path Group: INREG
  Path Type: max

  Des/Clust/Port     Wire Load Model       Library
  ------------------------------------------------
  VX_commit          5K_hvratio_1_1        NangateOpenCellLibrary_ss0p95v125c

  Point                                                   Incr       Path
  --------------------------------------------------------------------------
  clock CLK (rise edge)                                   0.00       0.00
  clock network delay (ideal)                             0.00       0.00
  input external delay                                    1.20       1.20 r
  commit_if[0].valid (in)                                 0.49       1.69 r
  U656/Z (CLKBUF_X1)                                      0.57       2.27 r
  U666/ZN (NOR3_X1)                                       0.11       2.38 f
  U653/Z (CLKBUF_X2)                                      0.43       2.80 f
  U655/Z (CLKBUF_X2)                                      0.45       3.26 f
  U832/ZN (AOI22_X1)                                      0.28       3.53 r
  U834/ZN (NAND2_X1)                                      0.06       3.60 f
  g_commit_arbs[0].commit_arb/g_input_select.g_arbiter.g_out_buf[0].out_buf/g_eb1.pipe_buffer/g_register.g_pipe_regs[0].pipe_register/g_shift_register/g_shift.pipe_reg[0][170]/D (DFF_X1)
                                                          0.01       3.61 f
  data arrival time                                                  3.61

  clock CLK (rise edge)                                   4.00       4.00
  clock network delay (ideal)                             0.00       4.00
  clock uncertainty                                      -0.25       3.75
  g_commit_arbs[0].commit_arb/g_input_select.g_arbiter.g_out_buf[0].out_buf/g_eb1.pipe_buffer/g_register.g_pipe_regs[0].pipe_register/g_shift_register/g_shift.pipe_reg[0][170]/CK (DFF_X1)
                                                          0.00       3.75 r
  library setup time                                     -0.11       3.64
  data required time                                                 3.64
  --------------------------------------------------------------------------
  data required time                                                 3.64
  data arrival time                                                 -3.61
  --------------------------------------------------------------------------
  slack (MET)                                                        0.03


  Startpoint: commit_if[0].valid
              (input port clocked by CLK)
  Endpoint: g_commit_arbs[0].commit_arb/g_input_select.g_arbiter.g_out_buf[0].out_buf/g_eb1.pipe_buffer/g_register.g_pipe_regs[0].pipe_register/g_shift_register/g_shift.pipe_reg[0][171]
            (rising edge-triggered flip-flop clocked by CLK)
  Path Group: INREG
  Path Type: max

  Des/Clust/Port     Wire Load Model       Library
  ------------------------------------------------
  VX_commit          5K_hvratio_1_1        NangateOpenCellLibrary_ss0p95v125c

  Point                                                   Incr       Path
  --------------------------------------------------------------------------
  clock CLK (rise edge)                                   0.00       0.00
  clock network delay (ideal)                             0.00       0.00
  input external delay                                    1.20       1.20 r
  commit_if[0].valid (in)                                 0.49       1.69 r
  U656/Z (CLKBUF_X1)                                      0.57       2.27 r
  U666/ZN (NOR3_X1)                                       0.11       2.38 f
  U653/Z (CLKBUF_X2)                                      0.43       2.80 f
  U655/Z (CLKBUF_X2)                                      0.45       3.26 f
  U828/ZN (AOI22_X1)                                      0.28       3.53 r
  U831/ZN (NAND2_X1)                                      0.06       3.60 f
  g_commit_arbs[0].commit_arb/g_input_select.g_arbiter.g_out_buf[0].out_buf/g_eb1.pipe_buffer/g_register.g_pipe_regs[0].pipe_register/g_shift_register/g_shift.pipe_reg[0][171]/D (DFF_X1)
                                                          0.01       3.61 f
  data arrival time                                                  3.61

  clock CLK (rise edge)                                   4.00       4.00
  clock network delay (ideal)                             0.00       4.00
  clock uncertainty                                      -0.25       3.75
  g_commit_arbs[0].commit_arb/g_input_select.g_arbiter.g_out_buf[0].out_buf/g_eb1.pipe_buffer/g_register.g_pipe_regs[0].pipe_register/g_shift_register/g_shift.pipe_reg[0][171]/CK (DFF_X1)
                                                          0.00       3.75 r
  library setup time                                     -0.11       3.64
  data required time                                                 3.64
  --------------------------------------------------------------------------
  data required time                                                 3.64
  data arrival time                                                 -3.61
  --------------------------------------------------------------------------
  slack (MET)                                                        0.03


  Startpoint: commit_if[0].valid
              (input port clocked by CLK)
  Endpoint: g_commit_arbs[0].commit_arb/g_input_select.g_arbiter.g_out_buf[0].out_buf/g_eb1.pipe_buffer/g_register.g_pipe_regs[0].pipe_register/g_shift_register/g_shift.pipe_reg[0][172]
            (rising edge-triggered flip-flop clocked by CLK)
  Path Group: INREG
  Path Type: max

  Des/Clust/Port     Wire Load Model       Library
  ------------------------------------------------
  VX_commit          5K_hvratio_1_1        NangateOpenCellLibrary_ss0p95v125c

  Point                                                   Incr       Path
  --------------------------------------------------------------------------
  clock CLK (rise edge)                                   0.00       0.00
  clock network delay (ideal)                             0.00       0.00
  input external delay                                    1.20       1.20 r
  commit_if[0].valid (in)                                 0.49       1.69 r
  U656/Z (CLKBUF_X1)                                      0.57       2.27 r
  U666/ZN (NOR3_X1)                                       0.11       2.38 f
  U653/Z (CLKBUF_X2)                                      0.43       2.80 f
  U655/Z (CLKBUF_X2)                                      0.45       3.26 f
  U825/ZN (AOI22_X1)                                      0.28       3.53 r
  U827/ZN (NAND2_X1)                                      0.06       3.60 f
  g_commit_arbs[0].commit_arb/g_input_select.g_arbiter.g_out_buf[0].out_buf/g_eb1.pipe_buffer/g_register.g_pipe_regs[0].pipe_register/g_shift_register/g_shift.pipe_reg[0][172]/D (DFF_X1)
                                                          0.01       3.61 f
  data arrival time                                                  3.61

  clock CLK (rise edge)                                   4.00       4.00
  clock network delay (ideal)                             0.00       4.00
  clock uncertainty                                      -0.25       3.75
  g_commit_arbs[0].commit_arb/g_input_select.g_arbiter.g_out_buf[0].out_buf/g_eb1.pipe_buffer/g_register.g_pipe_regs[0].pipe_register/g_shift_register/g_shift.pipe_reg[0][172]/CK (DFF_X1)
                                                          0.00       3.75 r
  library setup time                                     -0.11       3.64
  data required time                                                 3.64
  --------------------------------------------------------------------------
  data required time                                                 3.64
  data arrival time                                                 -3.61
  --------------------------------------------------------------------------
  slack (MET)                                                        0.03


  Startpoint: commit_if[0].valid
              (input port clocked by CLK)
  Endpoint: g_commit_arbs[0].commit_arb/g_input_select.g_arbiter.g_out_buf[0].out_buf/g_eb1.pipe_buffer/g_register.g_pipe_regs[0].pipe_register/g_shift_register/g_shift.pipe_reg[0][173]
            (rising edge-triggered flip-flop clocked by CLK)
  Path Group: INREG
  Path Type: max

  Des/Clust/Port     Wire Load Model       Library
  ------------------------------------------------
  VX_commit          5K_hvratio_1_1        NangateOpenCellLibrary_ss0p95v125c

  Point                                                   Incr       Path
  --------------------------------------------------------------------------
  clock CLK (rise edge)                                   0.00       0.00
  clock network delay (ideal)                             0.00       0.00
  input external delay                                    1.20       1.20 r
  commit_if[0].valid (in)                                 0.49       1.69 r
  U656/Z (CLKBUF_X1)                                      0.57       2.27 r
  U666/ZN (NOR3_X1)                                       0.11       2.38 f
  U653/Z (CLKBUF_X2)                                      0.43       2.80 f
  U655/Z (CLKBUF_X2)                                      0.45       3.26 f
  U821/ZN (AOI22_X1)                                      0.28       3.53 r
  U824/ZN (NAND2_X1)                                      0.06       3.60 f
  g_commit_arbs[0].commit_arb/g_input_select.g_arbiter.g_out_buf[0].out_buf/g_eb1.pipe_buffer/g_register.g_pipe_regs[0].pipe_register/g_shift_register/g_shift.pipe_reg[0][173]/D (DFF_X1)
                                                          0.01       3.61 f
  data arrival time                                                  3.61

  clock CLK (rise edge)                                   4.00       4.00
  clock network delay (ideal)                             0.00       4.00
  clock uncertainty                                      -0.25       3.75
  g_commit_arbs[0].commit_arb/g_input_select.g_arbiter.g_out_buf[0].out_buf/g_eb1.pipe_buffer/g_register.g_pipe_regs[0].pipe_register/g_shift_register/g_shift.pipe_reg[0][173]/CK (DFF_X1)
                                                          0.00       3.75 r
  library setup time                                     -0.11       3.64
  data required time                                                 3.64
  --------------------------------------------------------------------------
  data required time                                                 3.64
  data arrival time                                                 -3.61
  --------------------------------------------------------------------------
  slack (MET)                                                        0.03


  Startpoint: commit_if[0].valid
              (input port clocked by CLK)
  Endpoint: g_commit_arbs[0].commit_arb/g_input_select.g_arbiter.g_out_buf[0].out_buf/g_eb1.pipe_buffer/g_register.g_pipe_regs[0].pipe_register/g_shift_register/g_shift.pipe_reg[0][22]
            (rising edge-triggered flip-flop clocked by CLK)
  Path Group: INREG
  Path Type: max

  Des/Clust/Port     Wire Load Model       Library
  ------------------------------------------------
  VX_commit          5K_hvratio_1_1        NangateOpenCellLibrary_ss0p95v125c

  Point                                                   Incr       Path
  --------------------------------------------------------------------------
  clock CLK (rise edge)                                   0.00       0.00
  clock network delay (ideal)                             0.00       0.00
  input external delay                                    1.20       1.20 r
  commit_if[0].valid (in)                                 0.49       1.69 r
  U656/Z (CLKBUF_X1)                                      0.57       2.27 r
  U666/ZN (NOR3_X1)                                       0.11       2.38 f
  U653/Z (CLKBUF_X2)                                      0.43       2.80 f
  U655/Z (CLKBUF_X2)                                      0.45       3.26 f
  U1279/ZN (AOI22_X1)                                     0.28       3.53 r
  U1281/ZN (NAND2_X1)                                     0.06       3.60 f
  g_commit_arbs[0].commit_arb/g_input_select.g_arbiter.g_out_buf[0].out_buf/g_eb1.pipe_buffer/g_register.g_pipe_regs[0].pipe_register/g_shift_register/g_shift.pipe_reg[0][22]/D (DFF_X1)
                                                          0.01       3.61 f
  data arrival time                                                  3.61

  clock CLK (rise edge)                                   4.00       4.00
  clock network delay (ideal)                             0.00       4.00
  clock uncertainty                                      -0.25       3.75
  g_commit_arbs[0].commit_arb/g_input_select.g_arbiter.g_out_buf[0].out_buf/g_eb1.pipe_buffer/g_register.g_pipe_regs[0].pipe_register/g_shift_register/g_shift.pipe_reg[0][22]/CK (DFF_X1)
                                                          0.00       3.75 r
  library setup time                                     -0.11       3.64
  data required time                                                 3.64
  --------------------------------------------------------------------------
  data required time                                                 3.64
  data arrival time                                                 -3.61
  --------------------------------------------------------------------------
  slack (MET)                                                        0.03


  Startpoint: commit_if[0].valid
              (input port clocked by CLK)
  Endpoint: g_commit_arbs[0].commit_arb/g_input_select.g_arbiter.g_out_buf[0].out_buf/g_eb1.pipe_buffer/g_register.g_pipe_regs[0].pipe_register/g_shift_register/g_shift.pipe_reg[0][174]
            (rising edge-triggered flip-flop clocked by CLK)
  Path Group: INREG
  Path Type: max

  Des/Clust/Port     Wire Load Model       Library
  ------------------------------------------------
  VX_commit          5K_hvratio_1_1        NangateOpenCellLibrary_ss0p95v125c

  Point                                                   Incr       Path
  --------------------------------------------------------------------------
  clock CLK (rise edge)                                   0.00       0.00
  clock network delay (ideal)                             0.00       0.00
  input external delay                                    1.20       1.20 r
  commit_if[0].valid (in)                                 0.49       1.69 r
  U656/Z (CLKBUF_X1)                                      0.57       2.27 r
  U666/ZN (NOR3_X1)                                       0.11       2.38 f
  U653/Z (CLKBUF_X2)                                      0.43       2.80 f
  U655/Z (CLKBUF_X2)                                      0.45       3.26 f
  U818/ZN (AOI22_X1)                                      0.28       3.53 r
  U820/ZN (NAND2_X1)                                      0.06       3.60 f
  g_commit_arbs[0].commit_arb/g_input_select.g_arbiter.g_out_buf[0].out_buf/g_eb1.pipe_buffer/g_register.g_pipe_regs[0].pipe_register/g_shift_register/g_shift.pipe_reg[0][174]/D (DFF_X1)
                                                          0.01       3.61 f
  data arrival time                                                  3.61

  clock CLK (rise edge)                                   4.00       4.00
  clock network delay (ideal)                             0.00       4.00
  clock uncertainty                                      -0.25       3.75
  g_commit_arbs[0].commit_arb/g_input_select.g_arbiter.g_out_buf[0].out_buf/g_eb1.pipe_buffer/g_register.g_pipe_regs[0].pipe_register/g_shift_register/g_shift.pipe_reg[0][174]/CK (DFF_X1)
                                                          0.00       3.75 r
  library setup time                                     -0.11       3.64
  data required time                                                 3.64
  --------------------------------------------------------------------------
  data required time                                                 3.64
  data arrival time                                                 -3.61
  --------------------------------------------------------------------------
  slack (MET)                                                        0.03


  Startpoint: commit_if[0].valid
              (input port clocked by CLK)
  Endpoint: g_commit_arbs[0].commit_arb/g_input_select.g_arbiter.g_out_buf[0].out_buf/g_eb1.pipe_buffer/g_register.g_pipe_regs[0].pipe_register/g_shift_register/g_shift.pipe_reg[0][124]
            (rising edge-triggered flip-flop clocked by CLK)
  Path Group: INREG
  Path Type: max

  Des/Clust/Port     Wire Load Model       Library
  ------------------------------------------------
  VX_commit          5K_hvratio_1_1        NangateOpenCellLibrary_ss0p95v125c

  Point                                                   Incr       Path
  --------------------------------------------------------------------------
  clock CLK (rise edge)                                   0.00       0.00
  clock network delay (ideal)                             0.00       0.00
  input external delay                                    1.20       1.20 r
  commit_if[0].valid (in)                                 0.49       1.69 r
  U656/Z (CLKBUF_X1)                                      0.57       2.27 r
  U666/ZN (NOR3_X1)                                       0.11       2.38 f
  U653/Z (CLKBUF_X2)                                      0.43       2.80 f
  U655/Z (CLKBUF_X2)                                      0.45       3.26 f
  U972/ZN (AOI22_X1)                                      0.28       3.53 r
  U974/ZN (NAND2_X1)                                      0.06       3.60 f
  g_commit_arbs[0].commit_arb/g_input_select.g_arbiter.g_out_buf[0].out_buf/g_eb1.pipe_buffer/g_register.g_pipe_regs[0].pipe_register/g_shift_register/g_shift.pipe_reg[0][124]/D (DFF_X1)
                                                          0.01       3.61 f
  data arrival time                                                  3.61

  clock CLK (rise edge)                                   4.00       4.00
  clock network delay (ideal)                             0.00       4.00
  clock uncertainty                                      -0.25       3.75
  g_commit_arbs[0].commit_arb/g_input_select.g_arbiter.g_out_buf[0].out_buf/g_eb1.pipe_buffer/g_register.g_pipe_regs[0].pipe_register/g_shift_register/g_shift.pipe_reg[0][124]/CK (DFF_X1)
                                                          0.00       3.75 r
  library setup time                                     -0.11       3.64
  data required time                                                 3.64
  --------------------------------------------------------------------------
  data required time                                                 3.64
  data arrival time                                                 -3.61
  --------------------------------------------------------------------------
  slack (MET)                                                        0.03


  Startpoint: commit_if[0].valid
              (input port clocked by CLK)
  Endpoint: g_commit_arbs[0].commit_arb/g_input_select.g_arbiter.g_out_buf[0].out_buf/g_eb1.pipe_buffer/g_register.g_pipe_regs[0].pipe_register/g_shift_register/g_shift.pipe_reg[0][10]
            (rising edge-triggered flip-flop clocked by CLK)
  Path Group: INREG
  Path Type: max

  Des/Clust/Port     Wire Load Model       Library
  ------------------------------------------------
  VX_commit          5K_hvratio_1_1        NangateOpenCellLibrary_ss0p95v125c

  Point                                                   Incr       Path
  --------------------------------------------------------------------------
  clock CLK (rise edge)                                   0.00       0.00
  clock network delay (ideal)                             0.00       0.00
  input external delay                                    1.20       1.20 r
  commit_if[0].valid (in)                                 0.49       1.69 r
  U656/Z (CLKBUF_X1)                                      0.57       2.27 r
  U666/ZN (NOR3_X1)                                       0.11       2.38 f
  U653/Z (CLKBUF_X2)                                      0.43       2.80 f
  U1038/Z (CLKBUF_X2)                                     0.44       3.24 f
  U1315/ZN (AOI22_X1)                                     0.27       3.52 r
  U1317/ZN (NAND2_X1)                                     0.07       3.58 f
  g_commit_arbs[0].commit_arb/g_input_select.g_arbiter.g_out_buf[0].out_buf/g_eb1.pipe_buffer/g_register.g_pipe_regs[0].pipe_register/g_shift_register/g_shift.pipe_reg[0][10]/D (DFF_X1)
                                                          0.01       3.59 f
  data arrival time                                                  3.59

  clock CLK (rise edge)                                   4.00       4.00
  clock network delay (ideal)                             0.00       4.00
  clock uncertainty                                      -0.25       3.75
  g_commit_arbs[0].commit_arb/g_input_select.g_arbiter.g_out_buf[0].out_buf/g_eb1.pipe_buffer/g_register.g_pipe_regs[0].pipe_register/g_shift_register/g_shift.pipe_reg[0][10]/CK (DFF_X1)
                                                          0.00       3.75 r
  library setup time                                     -0.11       3.64
  data required time                                                 3.64
  --------------------------------------------------------------------------
  data required time                                                 3.64
  data arrival time                                                 -3.59
  --------------------------------------------------------------------------
  slack (MET)                                                        0.05


  Startpoint: commit_if[0].valid
              (input port clocked by CLK)
  Endpoint: g_commit_arbs[0].commit_arb/g_input_select.g_arbiter.g_out_buf[0].out_buf/g_eb1.pipe_buffer/g_register.g_pipe_regs[0].pipe_register/g_shift_register/g_shift.pipe_reg[0][12]
            (rising edge-triggered flip-flop clocked by CLK)
  Path Group: INREG
  Path Type: max

  Des/Clust/Port     Wire Load Model       Library
  ------------------------------------------------
  VX_commit          5K_hvratio_1_1        NangateOpenCellLibrary_ss0p95v125c

  Point                                                   Incr       Path
  --------------------------------------------------------------------------
  clock CLK (rise edge)                                   0.00       0.00
  clock network delay (ideal)                             0.00       0.00
  input external delay                                    1.20       1.20 r
  commit_if[0].valid (in)                                 0.49       1.69 r
  U656/Z (CLKBUF_X1)                                      0.57       2.27 r
  U666/ZN (NOR3_X1)                                       0.11       2.38 f
  U653/Z (CLKBUF_X2)                                      0.43       2.80 f
  U1038/Z (CLKBUF_X2)                                     0.44       3.24 f
  U1309/ZN (AOI22_X1)                                     0.27       3.52 r
  U1311/ZN (NAND2_X1)                                     0.07       3.58 f
  g_commit_arbs[0].commit_arb/g_input_select.g_arbiter.g_out_buf[0].out_buf/g_eb1.pipe_buffer/g_register.g_pipe_regs[0].pipe_register/g_shift_register/g_shift.pipe_reg[0][12]/D (DFF_X1)
                                                          0.01       3.59 f
  data arrival time                                                  3.59

  clock CLK (rise edge)                                   4.00       4.00
  clock network delay (ideal)                             0.00       4.00
  clock uncertainty                                      -0.25       3.75
  g_commit_arbs[0].commit_arb/g_input_select.g_arbiter.g_out_buf[0].out_buf/g_eb1.pipe_buffer/g_register.g_pipe_regs[0].pipe_register/g_shift_register/g_shift.pipe_reg[0][12]/CK (DFF_X1)
                                                          0.00       3.75 r
  library setup time                                     -0.11       3.64
  data required time                                                 3.64
  --------------------------------------------------------------------------
  data required time                                                 3.64
  data arrival time                                                 -3.59
  --------------------------------------------------------------------------
  slack (MET)                                                        0.05


  Startpoint: commit_if[0].valid
              (input port clocked by CLK)
  Endpoint: g_commit_arbs[0].commit_arb/g_input_select.g_arbiter.g_out_buf[0].out_buf/g_eb1.pipe_buffer/g_register.g_pipe_regs[0].pipe_register/g_shift_register/g_shift.pipe_reg[0][26]
            (rising edge-triggered flip-flop clocked by CLK)
  Path Group: INREG
  Path Type: max

  Des/Clust/Port     Wire Load Model       Library
  ------------------------------------------------
  VX_commit          5K_hvratio_1_1        NangateOpenCellLibrary_ss0p95v125c

  Point                                                   Incr       Path
  --------------------------------------------------------------------------
  clock CLK (rise edge)                                   0.00       0.00
  clock network delay (ideal)                             0.00       0.00
  input external delay                                    1.20       1.20 r
  commit_if[0].valid (in)                                 0.49       1.69 r
  U656/Z (CLKBUF_X1)                                      0.57       2.27 r
  U666/ZN (NOR3_X1)                                       0.11       2.38 f
  U653/Z (CLKBUF_X2)                                      0.43       2.80 f
  U1038/Z (CLKBUF_X2)                                     0.44       3.24 f
  U1267/ZN (AOI22_X1)                                     0.27       3.52 r
  U1269/ZN (NAND2_X1)                                     0.07       3.58 f
  g_commit_arbs[0].commit_arb/g_input_select.g_arbiter.g_out_buf[0].out_buf/g_eb1.pipe_buffer/g_register.g_pipe_regs[0].pipe_register/g_shift_register/g_shift.pipe_reg[0][26]/D (DFF_X1)
                                                          0.01       3.59 f
  data arrival time                                                  3.59

  clock CLK (rise edge)                                   4.00       4.00
  clock network delay (ideal)                             0.00       4.00
  clock uncertainty                                      -0.25       3.75
  g_commit_arbs[0].commit_arb/g_input_select.g_arbiter.g_out_buf[0].out_buf/g_eb1.pipe_buffer/g_register.g_pipe_regs[0].pipe_register/g_shift_register/g_shift.pipe_reg[0][26]/CK (DFF_X1)
                                                          0.00       3.75 r
  library setup time                                     -0.11       3.64
  data required time                                                 3.64
  --------------------------------------------------------------------------
  data required time                                                 3.64
  data arrival time                                                 -3.59
  --------------------------------------------------------------------------
  slack (MET)                                                        0.05


  Startpoint: commit_if[0].valid
              (input port clocked by CLK)
  Endpoint: g_commit_arbs[0].commit_arb/g_input_select.g_arbiter.g_out_buf[0].out_buf/g_eb1.pipe_buffer/g_register.g_pipe_regs[0].pipe_register/g_shift_register/g_shift.pipe_reg[0][29]
            (rising edge-triggered flip-flop clocked by CLK)
  Path Group: INREG
  Path Type: max

  Des/Clust/Port     Wire Load Model       Library
  ------------------------------------------------
  VX_commit          5K_hvratio_1_1        NangateOpenCellLibrary_ss0p95v125c

  Point                                                   Incr       Path
  --------------------------------------------------------------------------
  clock CLK (rise edge)                                   0.00       0.00
  clock network delay (ideal)                             0.00       0.00
  input external delay                                    1.20       1.20 r
  commit_if[0].valid (in)                                 0.49       1.69 r
  U656/Z (CLKBUF_X1)                                      0.57       2.27 r
  U666/ZN (NOR3_X1)                                       0.11       2.38 f
  U653/Z (CLKBUF_X2)                                      0.43       2.80 f
  U1038/Z (CLKBUF_X2)                                     0.44       3.24 f
  U1258/ZN (AOI22_X1)                                     0.27       3.52 r
  U1260/ZN (NAND2_X1)                                     0.07       3.58 f
  g_commit_arbs[0].commit_arb/g_input_select.g_arbiter.g_out_buf[0].out_buf/g_eb1.pipe_buffer/g_register.g_pipe_regs[0].pipe_register/g_shift_register/g_shift.pipe_reg[0][29]/D (DFF_X1)
                                                          0.01       3.59 f
  data arrival time                                                  3.59

  clock CLK (rise edge)                                   4.00       4.00
  clock network delay (ideal)                             0.00       4.00
  clock uncertainty                                      -0.25       3.75
  g_commit_arbs[0].commit_arb/g_input_select.g_arbiter.g_out_buf[0].out_buf/g_eb1.pipe_buffer/g_register.g_pipe_regs[0].pipe_register/g_shift_register/g_shift.pipe_reg[0][29]/CK (DFF_X1)
                                                          0.00       3.75 r
  library setup time                                     -0.11       3.64
  data required time                                                 3.64
  --------------------------------------------------------------------------
  data required time                                                 3.64
  data arrival time                                                 -3.59
  --------------------------------------------------------------------------
  slack (MET)                                                        0.05


  Startpoint: commit_if[0].valid
              (input port clocked by CLK)
  Endpoint: g_commit_arbs[0].commit_arb/g_input_select.g_arbiter.g_out_buf[0].out_buf/g_eb1.pipe_buffer/g_register.g_pipe_regs[0].pipe_register/g_shift_register/g_shift.pipe_reg[0][68]
            (rising edge-triggered flip-flop clocked by CLK)
  Path Group: INREG
  Path Type: max

  Des/Clust/Port     Wire Load Model       Library
  ------------------------------------------------
  VX_commit          5K_hvratio_1_1        NangateOpenCellLibrary_ss0p95v125c

  Point                                                   Incr       Path
  --------------------------------------------------------------------------
  clock CLK (rise edge)                                   0.00       0.00
  clock network delay (ideal)                             0.00       0.00
  input external delay                                    1.20       1.20 r
  commit_if[0].valid (in)                                 0.49       1.69 r
  U656/Z (CLKBUF_X1)                                      0.57       2.27 r
  U666/ZN (NOR3_X1)                                       0.11       2.38 f
  U653/Z (CLKBUF_X2)                                      0.43       2.80 f
  U1038/Z (CLKBUF_X2)                                     0.44       3.24 f
  U1141/ZN (AOI22_X1)                                     0.27       3.52 r
  U1143/ZN (NAND2_X1)                                     0.07       3.58 f
  g_commit_arbs[0].commit_arb/g_input_select.g_arbiter.g_out_buf[0].out_buf/g_eb1.pipe_buffer/g_register.g_pipe_regs[0].pipe_register/g_shift_register/g_shift.pipe_reg[0][68]/D (DFF_X1)
                                                          0.01       3.59 f
  data arrival time                                                  3.59

  clock CLK (rise edge)                                   4.00       4.00
  clock network delay (ideal)                             0.00       4.00
  clock uncertainty                                      -0.25       3.75
  g_commit_arbs[0].commit_arb/g_input_select.g_arbiter.g_out_buf[0].out_buf/g_eb1.pipe_buffer/g_register.g_pipe_regs[0].pipe_register/g_shift_register/g_shift.pipe_reg[0][68]/CK (DFF_X1)
                                                          0.00       3.75 r
  library setup time                                     -0.11       3.64
  data required time                                                 3.64
  --------------------------------------------------------------------------
  data required time                                                 3.64
  data arrival time                                                 -3.59
  --------------------------------------------------------------------------
  slack (MET)                                                        0.05


  Startpoint: commit_if[0].valid
              (input port clocked by CLK)
  Endpoint: g_commit_arbs[0].commit_arb/g_input_select.g_arbiter.g_out_buf[0].out_buf/g_eb1.pipe_buffer/g_register.g_pipe_regs[0].pipe_register/g_shift_register/g_shift.pipe_reg[0][69]
            (rising edge-triggered flip-flop clocked by CLK)
  Path Group: INREG
  Path Type: max

  Des/Clust/Port     Wire Load Model       Library
  ------------------------------------------------
  VX_commit          5K_hvratio_1_1        NangateOpenCellLibrary_ss0p95v125c

  Point                                                   Incr       Path
  --------------------------------------------------------------------------
  clock CLK (rise edge)                                   0.00       0.00
  clock network delay (ideal)                             0.00       0.00
  input external delay                                    1.20       1.20 r
  commit_if[0].valid (in)                                 0.49       1.69 r
  U656/Z (CLKBUF_X1)                                      0.57       2.27 r
  U666/ZN (NOR3_X1)                                       0.11       2.38 f
  U653/Z (CLKBUF_X2)                                      0.43       2.80 f
  U1038/Z (CLKBUF_X2)                                     0.44       3.24 f
  U1138/ZN (AOI22_X1)                                     0.27       3.52 r
  U1140/ZN (NAND2_X1)                                     0.07       3.58 f
  g_commit_arbs[0].commit_arb/g_input_select.g_arbiter.g_out_buf[0].out_buf/g_eb1.pipe_buffer/g_register.g_pipe_regs[0].pipe_register/g_shift_register/g_shift.pipe_reg[0][69]/D (DFF_X1)
                                                          0.01       3.59 f
  data arrival time                                                  3.59

  clock CLK (rise edge)                                   4.00       4.00
  clock network delay (ideal)                             0.00       4.00
  clock uncertainty                                      -0.25       3.75
  g_commit_arbs[0].commit_arb/g_input_select.g_arbiter.g_out_buf[0].out_buf/g_eb1.pipe_buffer/g_register.g_pipe_regs[0].pipe_register/g_shift_register/g_shift.pipe_reg[0][69]/CK (DFF_X1)
                                                          0.00       3.75 r
  library setup time                                     -0.11       3.64
  data required time                                                 3.64
  --------------------------------------------------------------------------
  data required time                                                 3.64
  data arrival time                                                 -3.59
  --------------------------------------------------------------------------
  slack (MET)                                                        0.05


  Startpoint: commit_if[0].valid
              (input port clocked by CLK)
  Endpoint: g_commit_arbs[0].commit_arb/g_input_select.g_arbiter.g_out_buf[0].out_buf/g_eb1.pipe_buffer/g_register.g_pipe_regs[0].pipe_register/g_shift_register/g_shift.pipe_reg[0][105]
            (rising edge-triggered flip-flop clocked by CLK)
  Path Group: INREG
  Path Type: max

  Des/Clust/Port     Wire Load Model       Library
  ------------------------------------------------
  VX_commit          5K_hvratio_1_1        NangateOpenCellLibrary_ss0p95v125c

  Point                                                   Incr       Path
  --------------------------------------------------------------------------
  clock CLK (rise edge)                                   0.00       0.00
  clock network delay (ideal)                             0.00       0.00
  input external delay                                    1.20       1.20 r
  commit_if[0].valid (in)                                 0.49       1.69 r
  U656/Z (CLKBUF_X1)                                      0.57       2.27 r
  U666/ZN (NOR3_X1)                                       0.11       2.38 f
  U653/Z (CLKBUF_X2)                                      0.43       2.80 f
  U1038/Z (CLKBUF_X2)                                     0.44       3.24 f
  U1029/ZN (AOI22_X1)                                     0.27       3.52 r
  U1031/ZN (NAND2_X1)                                     0.07       3.58 f
  g_commit_arbs[0].commit_arb/g_input_select.g_arbiter.g_out_buf[0].out_buf/g_eb1.pipe_buffer/g_register.g_pipe_regs[0].pipe_register/g_shift_register/g_shift.pipe_reg[0][105]/D (DFF_X1)
                                                          0.01       3.59 f
  data arrival time                                                  3.59

  clock CLK (rise edge)                                   4.00       4.00
  clock network delay (ideal)                             0.00       4.00
  clock uncertainty                                      -0.25       3.75
  g_commit_arbs[0].commit_arb/g_input_select.g_arbiter.g_out_buf[0].out_buf/g_eb1.pipe_buffer/g_register.g_pipe_regs[0].pipe_register/g_shift_register/g_shift.pipe_reg[0][105]/CK (DFF_X1)
                                                          0.00       3.75 r
  library setup time                                     -0.11       3.64
  data required time                                                 3.64
  --------------------------------------------------------------------------
  data required time                                                 3.64
  data arrival time                                                 -3.59
  --------------------------------------------------------------------------
  slack (MET)                                                        0.05


  Startpoint: commit_if[0].valid
              (input port clocked by CLK)
  Endpoint: g_commit_arbs[0].commit_arb/g_input_select.g_arbiter.g_out_buf[0].out_buf/g_eb1.pipe_buffer/g_register.g_pipe_regs[0].pipe_register/g_shift_register/g_shift.pipe_reg[0][111]
            (rising edge-triggered flip-flop clocked by CLK)
  Path Group: INREG
  Path Type: max

  Des/Clust/Port     Wire Load Model       Library
  ------------------------------------------------
  VX_commit          5K_hvratio_1_1        NangateOpenCellLibrary_ss0p95v125c

  Point                                                   Incr       Path
  --------------------------------------------------------------------------
  clock CLK (rise edge)                                   0.00       0.00
  clock network delay (ideal)                             0.00       0.00
  input external delay                                    1.20       1.20 r
  commit_if[0].valid (in)                                 0.49       1.69 r
  U656/Z (CLKBUF_X1)                                      0.57       2.27 r
  U666/ZN (NOR3_X1)                                       0.11       2.38 f
  U653/Z (CLKBUF_X2)                                      0.43       2.80 f
  U1038/Z (CLKBUF_X2)                                     0.44       3.24 f
  U1011/ZN (AOI22_X1)                                     0.27       3.52 r
  U1013/ZN (NAND2_X1)                                     0.07       3.58 f
  g_commit_arbs[0].commit_arb/g_input_select.g_arbiter.g_out_buf[0].out_buf/g_eb1.pipe_buffer/g_register.g_pipe_regs[0].pipe_register/g_shift_register/g_shift.pipe_reg[0][111]/D (DFF_X1)
                                                          0.01       3.59 f
  data arrival time                                                  3.59

  clock CLK (rise edge)                                   4.00       4.00
  clock network delay (ideal)                             0.00       4.00
  clock uncertainty                                      -0.25       3.75
  g_commit_arbs[0].commit_arb/g_input_select.g_arbiter.g_out_buf[0].out_buf/g_eb1.pipe_buffer/g_register.g_pipe_regs[0].pipe_register/g_shift_register/g_shift.pipe_reg[0][111]/CK (DFF_X1)
                                                          0.00       3.75 r
  library setup time                                     -0.11       3.64
  data required time                                                 3.64
  --------------------------------------------------------------------------
  data required time                                                 3.64
  data arrival time                                                 -3.59
  --------------------------------------------------------------------------
  slack (MET)                                                        0.05


  Startpoint: commit_if[0].valid
              (input port clocked by CLK)
  Endpoint: g_commit_arbs[0].commit_arb/g_input_select.g_arbiter.g_out_buf[0].out_buf/g_eb1.pipe_buffer/g_register.g_pipe_regs[0].pipe_register/g_shift_register/g_shift.pipe_reg[0][113]
            (rising edge-triggered flip-flop clocked by CLK)
  Path Group: INREG
  Path Type: max

  Des/Clust/Port     Wire Load Model       Library
  ------------------------------------------------
  VX_commit          5K_hvratio_1_1        NangateOpenCellLibrary_ss0p95v125c

  Point                                                   Incr       Path
  --------------------------------------------------------------------------
  clock CLK (rise edge)                                   0.00       0.00
  clock network delay (ideal)                             0.00       0.00
  input external delay                                    1.20       1.20 r
  commit_if[0].valid (in)                                 0.49       1.69 r
  U656/Z (CLKBUF_X1)                                      0.57       2.27 r
  U666/ZN (NOR3_X1)                                       0.11       2.38 f
  U653/Z (CLKBUF_X2)                                      0.43       2.80 f
  U1038/Z (CLKBUF_X2)                                     0.44       3.24 f
  U1005/ZN (AOI22_X1)                                     0.27       3.52 r
  U1007/ZN (NAND2_X1)                                     0.07       3.58 f
  g_commit_arbs[0].commit_arb/g_input_select.g_arbiter.g_out_buf[0].out_buf/g_eb1.pipe_buffer/g_register.g_pipe_regs[0].pipe_register/g_shift_register/g_shift.pipe_reg[0][113]/D (DFF_X1)
                                                          0.01       3.59 f
  data arrival time                                                  3.59

  clock CLK (rise edge)                                   4.00       4.00
  clock network delay (ideal)                             0.00       4.00
  clock uncertainty                                      -0.25       3.75
  g_commit_arbs[0].commit_arb/g_input_select.g_arbiter.g_out_buf[0].out_buf/g_eb1.pipe_buffer/g_register.g_pipe_regs[0].pipe_register/g_shift_register/g_shift.pipe_reg[0][113]/CK (DFF_X1)
                                                          0.00       3.75 r
  library setup time                                     -0.11       3.64
  data required time                                                 3.64
  --------------------------------------------------------------------------
  data required time                                                 3.64
  data arrival time                                                 -3.59
  --------------------------------------------------------------------------
  slack (MET)                                                        0.05


  Startpoint: commit_if[0].valid
              (input port clocked by CLK)
  Endpoint: g_commit_arbs[0].commit_arb/g_input_select.g_arbiter.g_out_buf[0].out_buf/g_eb1.pipe_buffer/g_register.g_pipe_regs[0].pipe_register/g_shift_register/g_shift.pipe_reg[0][108]
            (rising edge-triggered flip-flop clocked by CLK)
  Path Group: INREG
  Path Type: max

  Des/Clust/Port     Wire Load Model       Library
  ------------------------------------------------
  VX_commit          5K_hvratio_1_1        NangateOpenCellLibrary_ss0p95v125c

  Point                                                   Incr       Path
  --------------------------------------------------------------------------
  clock CLK (rise edge)                                   0.00       0.00
  clock network delay (ideal)                             0.00       0.00
  input external delay                                    1.20       1.20 r
  commit_if[0].valid (in)                                 0.49       1.69 r
  U656/Z (CLKBUF_X1)                                      0.57       2.27 r
  U666/ZN (NOR3_X1)                                       0.11       2.38 f
  U653/Z (CLKBUF_X2)                                      0.43       2.80 f
  U1038/Z (CLKBUF_X2)                                     0.44       3.24 f
  U1020/ZN (AOI22_X1)                                     0.27       3.52 r
  U1022/ZN (NAND2_X1)                                     0.07       3.58 f
  g_commit_arbs[0].commit_arb/g_input_select.g_arbiter.g_out_buf[0].out_buf/g_eb1.pipe_buffer/g_register.g_pipe_regs[0].pipe_register/g_shift_register/g_shift.pipe_reg[0][108]/D (DFF_X1)
                                                          0.01       3.59 f
  data arrival time                                                  3.59

  clock CLK (rise edge)                                   4.00       4.00
  clock network delay (ideal)                             0.00       4.00
  clock uncertainty                                      -0.25       3.75
  g_commit_arbs[0].commit_arb/g_input_select.g_arbiter.g_out_buf[0].out_buf/g_eb1.pipe_buffer/g_register.g_pipe_regs[0].pipe_register/g_shift_register/g_shift.pipe_reg[0][108]/CK (DFF_X1)
                                                          0.00       3.75 r
  library setup time                                     -0.11       3.64
  data required time                                                 3.64
  --------------------------------------------------------------------------
  data required time                                                 3.64
  data arrival time                                                 -3.59
  --------------------------------------------------------------------------
  slack (MET)                                                        0.05


  Startpoint: commit_if[0].valid
              (input port clocked by CLK)
  Endpoint: g_commit_arbs[0].commit_arb/g_input_select.g_arbiter.g_out_buf[0].out_buf/g_eb1.pipe_buffer/g_register.g_pipe_regs[0].pipe_register/g_shift_register/g_shift.pipe_reg[0][23]
            (rising edge-triggered flip-flop clocked by CLK)
  Path Group: INREG
  Path Type: max

  Des/Clust/Port     Wire Load Model       Library
  ------------------------------------------------
  VX_commit          5K_hvratio_1_1        NangateOpenCellLibrary_ss0p95v125c

  Point                                                   Incr       Path
  --------------------------------------------------------------------------
  clock CLK (rise edge)                                   0.00       0.00
  clock network delay (ideal)                             0.00       0.00
  input external delay                                    1.20       1.20 r
  commit_if[0].valid (in)                                 0.49       1.69 r
  U656/Z (CLKBUF_X1)                                      0.57       2.27 r
  U666/ZN (NOR3_X1)                                       0.11       2.38 f
  U653/Z (CLKBUF_X2)                                      0.43       2.80 f
  U1038/Z (CLKBUF_X2)                                     0.44       3.24 f
  U1276/ZN (AOI22_X1)                                     0.27       3.52 r
  U1278/ZN (NAND2_X1)                                     0.06       3.58 f
  g_commit_arbs[0].commit_arb/g_input_select.g_arbiter.g_out_buf[0].out_buf/g_eb1.pipe_buffer/g_register.g_pipe_regs[0].pipe_register/g_shift_register/g_shift.pipe_reg[0][23]/D (DFF_X1)
                                                          0.01       3.59 f
  data arrival time                                                  3.59

  clock CLK (rise edge)                                   4.00       4.00
  clock network delay (ideal)                             0.00       4.00
  clock uncertainty                                      -0.25       3.75
  g_commit_arbs[0].commit_arb/g_input_select.g_arbiter.g_out_buf[0].out_buf/g_eb1.pipe_buffer/g_register.g_pipe_regs[0].pipe_register/g_shift_register/g_shift.pipe_reg[0][23]/CK (DFF_X1)
                                                          0.00       3.75 r
  library setup time                                     -0.11       3.64
  data required time                                                 3.64
  --------------------------------------------------------------------------
  data required time                                                 3.64
  data arrival time                                                 -3.59
  --------------------------------------------------------------------------
  slack (MET)                                                        0.05


  Startpoint: commit_if[0].valid
              (input port clocked by CLK)
  Endpoint: g_commit_arbs[0].commit_arb/g_input_select.g_arbiter.g_out_buf[0].out_buf/g_eb1.pipe_buffer/g_register.g_pipe_regs[0].pipe_register/g_shift_register/g_shift.pipe_reg[0][0]
            (rising edge-triggered flip-flop clocked by CLK)
  Path Group: INREG
  Path Type: max

  Des/Clust/Port     Wire Load Model       Library
  ------------------------------------------------
  VX_commit          5K_hvratio_1_1        NangateOpenCellLibrary_ss0p95v125c

  Point                                                   Incr       Path
  --------------------------------------------------------------------------
  clock CLK (rise edge)                                   0.00       0.00
  clock network delay (ideal)                             0.00       0.00
  input external delay                                    1.20       1.20 r
  commit_if[0].valid (in)                                 0.49       1.69 r
  U656/Z (CLKBUF_X1)                                      0.57       2.27 r
  U666/ZN (NOR3_X1)                                       0.11       2.38 f
  U653/Z (CLKBUF_X2)                                      0.43       2.80 f
  U1038/Z (CLKBUF_X2)                                     0.44       3.24 f
  U1345/ZN (AOI22_X1)                                     0.27       3.52 r
  U1347/ZN (NAND2_X1)                                     0.06       3.58 f
  g_commit_arbs[0].commit_arb/g_input_select.g_arbiter.g_out_buf[0].out_buf/g_eb1.pipe_buffer/g_register.g_pipe_regs[0].pipe_register/g_shift_register/g_shift.pipe_reg[0][0]/D (DFF_X1)
                                                          0.01       3.59 f
  data arrival time                                                  3.59

  clock CLK (rise edge)                                   4.00       4.00
  clock network delay (ideal)                             0.00       4.00
  clock uncertainty                                      -0.25       3.75
  g_commit_arbs[0].commit_arb/g_input_select.g_arbiter.g_out_buf[0].out_buf/g_eb1.pipe_buffer/g_register.g_pipe_regs[0].pipe_register/g_shift_register/g_shift.pipe_reg[0][0]/CK (DFF_X1)
                                                          0.00       3.75 r
  library setup time                                     -0.11       3.64
  data required time                                                 3.64
  --------------------------------------------------------------------------
  data required time                                                 3.64
  data arrival time                                                 -3.59
  --------------------------------------------------------------------------
  slack (MET)                                                        0.05


  Startpoint: commit_if[0].valid
              (input port clocked by CLK)
  Endpoint: g_commit_arbs[0].commit_arb/g_input_select.g_arbiter.g_out_buf[0].out_buf/g_eb1.pipe_buffer/g_register.g_pipe_regs[0].pipe_register/g_shift_register/g_shift.pipe_reg[0][1]
            (rising edge-triggered flip-flop clocked by CLK)
  Path Group: INREG
  Path Type: max

  Des/Clust/Port     Wire Load Model       Library
  ------------------------------------------------
  VX_commit          5K_hvratio_1_1        NangateOpenCellLibrary_ss0p95v125c

  Point                                                   Incr       Path
  --------------------------------------------------------------------------
  clock CLK (rise edge)                                   0.00       0.00
  clock network delay (ideal)                             0.00       0.00
  input external delay                                    1.20       1.20 r
  commit_if[0].valid (in)                                 0.49       1.69 r
  U656/Z (CLKBUF_X1)                                      0.57       2.27 r
  U666/ZN (NOR3_X1)                                       0.11       2.38 f
  U653/Z (CLKBUF_X2)                                      0.43       2.80 f
  U1038/Z (CLKBUF_X2)                                     0.44       3.24 f
  U1342/ZN (AOI22_X1)                                     0.27       3.52 r
  U1344/ZN (NAND2_X1)                                     0.06       3.58 f
  g_commit_arbs[0].commit_arb/g_input_select.g_arbiter.g_out_buf[0].out_buf/g_eb1.pipe_buffer/g_register.g_pipe_regs[0].pipe_register/g_shift_register/g_shift.pipe_reg[0][1]/D (DFF_X1)
                                                          0.01       3.59 f
  data arrival time                                                  3.59

  clock CLK (rise edge)                                   4.00       4.00
  clock network delay (ideal)                             0.00       4.00
  clock uncertainty                                      -0.25       3.75
  g_commit_arbs[0].commit_arb/g_input_select.g_arbiter.g_out_buf[0].out_buf/g_eb1.pipe_buffer/g_register.g_pipe_regs[0].pipe_register/g_shift_register/g_shift.pipe_reg[0][1]/CK (DFF_X1)
                                                          0.00       3.75 r
  library setup time                                     -0.11       3.64
  data required time                                                 3.64
  --------------------------------------------------------------------------
  data required time                                                 3.64
  data arrival time                                                 -3.59
  --------------------------------------------------------------------------
  slack (MET)                                                        0.05


  Startpoint: commit_if[0].valid
              (input port clocked by CLK)
  Endpoint: g_commit_arbs[0].commit_arb/g_input_select.g_arbiter.g_out_buf[0].out_buf/g_eb1.pipe_buffer/g_register.g_pipe_regs[0].pipe_register/g_shift_register/g_shift.pipe_reg[0][2]
            (rising edge-triggered flip-flop clocked by CLK)
  Path Group: INREG
  Path Type: max

  Des/Clust/Port     Wire Load Model       Library
  ------------------------------------------------
  VX_commit          5K_hvratio_1_1        NangateOpenCellLibrary_ss0p95v125c

  Point                                                   Incr       Path
  --------------------------------------------------------------------------
  clock CLK (rise edge)                                   0.00       0.00
  clock network delay (ideal)                             0.00       0.00
  input external delay                                    1.20       1.20 r
  commit_if[0].valid (in)                                 0.49       1.69 r
  U656/Z (CLKBUF_X1)                                      0.57       2.27 r
  U666/ZN (NOR3_X1)                                       0.11       2.38 f
  U653/Z (CLKBUF_X2)                                      0.43       2.80 f
  U1038/Z (CLKBUF_X2)                                     0.44       3.24 f
  U1339/ZN (AOI22_X1)                                     0.27       3.52 r
  U1341/ZN (NAND2_X1)                                     0.06       3.58 f
  g_commit_arbs[0].commit_arb/g_input_select.g_arbiter.g_out_buf[0].out_buf/g_eb1.pipe_buffer/g_register.g_pipe_regs[0].pipe_register/g_shift_register/g_shift.pipe_reg[0][2]/D (DFF_X1)
                                                          0.01       3.59 f
  data arrival time                                                  3.59

  clock CLK (rise edge)                                   4.00       4.00
  clock network delay (ideal)                             0.00       4.00
  clock uncertainty                                      -0.25       3.75
  g_commit_arbs[0].commit_arb/g_input_select.g_arbiter.g_out_buf[0].out_buf/g_eb1.pipe_buffer/g_register.g_pipe_regs[0].pipe_register/g_shift_register/g_shift.pipe_reg[0][2]/CK (DFF_X1)
                                                          0.00       3.75 r
  library setup time                                     -0.11       3.64
  data required time                                                 3.64
  --------------------------------------------------------------------------
  data required time                                                 3.64
  data arrival time                                                 -3.59
  --------------------------------------------------------------------------
  slack (MET)                                                        0.05


  Startpoint: commit_if[0].valid
              (input port clocked by CLK)
  Endpoint: g_commit_arbs[0].commit_arb/g_input_select.g_arbiter.g_out_buf[0].out_buf/g_eb1.pipe_buffer/g_register.g_pipe_regs[0].pipe_register/g_shift_register/g_shift.pipe_reg[0][3]
            (rising edge-triggered flip-flop clocked by CLK)
  Path Group: INREG
  Path Type: max

  Des/Clust/Port     Wire Load Model       Library
  ------------------------------------------------
  VX_commit          5K_hvratio_1_1        NangateOpenCellLibrary_ss0p95v125c

  Point                                                   Incr       Path
  --------------------------------------------------------------------------
  clock CLK (rise edge)                                   0.00       0.00
  clock network delay (ideal)                             0.00       0.00
  input external delay                                    1.20       1.20 r
  commit_if[0].valid (in)                                 0.49       1.69 r
  U656/Z (CLKBUF_X1)                                      0.57       2.27 r
  U666/ZN (NOR3_X1)                                       0.11       2.38 f
  U653/Z (CLKBUF_X2)                                      0.43       2.80 f
  U1038/Z (CLKBUF_X2)                                     0.44       3.24 f
  U1336/ZN (AOI22_X1)                                     0.27       3.52 r
  U1338/ZN (NAND2_X1)                                     0.06       3.58 f
  g_commit_arbs[0].commit_arb/g_input_select.g_arbiter.g_out_buf[0].out_buf/g_eb1.pipe_buffer/g_register.g_pipe_regs[0].pipe_register/g_shift_register/g_shift.pipe_reg[0][3]/D (DFF_X1)
                                                          0.01       3.59 f
  data arrival time                                                  3.59

  clock CLK (rise edge)                                   4.00       4.00
  clock network delay (ideal)                             0.00       4.00
  clock uncertainty                                      -0.25       3.75
  g_commit_arbs[0].commit_arb/g_input_select.g_arbiter.g_out_buf[0].out_buf/g_eb1.pipe_buffer/g_register.g_pipe_regs[0].pipe_register/g_shift_register/g_shift.pipe_reg[0][3]/CK (DFF_X1)
                                                          0.00       3.75 r
  library setup time                                     -0.11       3.64
  data required time                                                 3.64
  --------------------------------------------------------------------------
  data required time                                                 3.64
  data arrival time                                                 -3.59
  --------------------------------------------------------------------------
  slack (MET)                                                        0.05


  Startpoint: commit_if[0].valid
              (input port clocked by CLK)
  Endpoint: g_commit_arbs[0].commit_arb/g_input_select.g_arbiter.g_out_buf[0].out_buf/g_eb1.pipe_buffer/g_register.g_pipe_regs[0].pipe_register/g_shift_register/g_shift.pipe_reg[0][5]
            (rising edge-triggered flip-flop clocked by CLK)
  Path Group: INREG
  Path Type: max

  Des/Clust/Port     Wire Load Model       Library
  ------------------------------------------------
  VX_commit          5K_hvratio_1_1        NangateOpenCellLibrary_ss0p95v125c

  Point                                                   Incr       Path
  --------------------------------------------------------------------------
  clock CLK (rise edge)                                   0.00       0.00
  clock network delay (ideal)                             0.00       0.00
  input external delay                                    1.20       1.20 r
  commit_if[0].valid (in)                                 0.49       1.69 r
  U656/Z (CLKBUF_X1)                                      0.57       2.27 r
  U666/ZN (NOR3_X1)                                       0.11       2.38 f
  U653/Z (CLKBUF_X2)                                      0.43       2.80 f
  U1038/Z (CLKBUF_X2)                                     0.44       3.24 f
  U1330/ZN (AOI22_X1)                                     0.27       3.52 r
  U1332/ZN (NAND2_X1)                                     0.06       3.58 f
  g_commit_arbs[0].commit_arb/g_input_select.g_arbiter.g_out_buf[0].out_buf/g_eb1.pipe_buffer/g_register.g_pipe_regs[0].pipe_register/g_shift_register/g_shift.pipe_reg[0][5]/D (DFF_X1)
                                                          0.01       3.59 f
  data arrival time                                                  3.59

  clock CLK (rise edge)                                   4.00       4.00
  clock network delay (ideal)                             0.00       4.00
  clock uncertainty                                      -0.25       3.75
  g_commit_arbs[0].commit_arb/g_input_select.g_arbiter.g_out_buf[0].out_buf/g_eb1.pipe_buffer/g_register.g_pipe_regs[0].pipe_register/g_shift_register/g_shift.pipe_reg[0][5]/CK (DFF_X1)
                                                          0.00       3.75 r
  library setup time                                     -0.11       3.64
  data required time                                                 3.64
  --------------------------------------------------------------------------
  data required time                                                 3.64
  data arrival time                                                 -3.59
  --------------------------------------------------------------------------
  slack (MET)                                                        0.05


  Startpoint: commit_if[0].valid
              (input port clocked by CLK)
  Endpoint: g_commit_arbs[0].commit_arb/g_input_select.g_arbiter.g_out_buf[0].out_buf/g_eb1.pipe_buffer/g_register.g_pipe_regs[0].pipe_register/g_shift_register/g_shift.pipe_reg[0][109]
            (rising edge-triggered flip-flop clocked by CLK)
  Path Group: INREG
  Path Type: max

  Des/Clust/Port     Wire Load Model       Library
  ------------------------------------------------
  VX_commit          5K_hvratio_1_1        NangateOpenCellLibrary_ss0p95v125c

  Point                                                   Incr       Path
  --------------------------------------------------------------------------
  clock CLK (rise edge)                                   0.00       0.00
  clock network delay (ideal)                             0.00       0.00
  input external delay                                    1.20       1.20 r
  commit_if[0].valid (in)                                 0.49       1.69 r
  U656/Z (CLKBUF_X1)                                      0.57       2.27 r
  U666/ZN (NOR3_X1)                                       0.11       2.38 f
  U653/Z (CLKBUF_X2)                                      0.43       2.80 f
  U1038/Z (CLKBUF_X2)                                     0.44       3.24 f
  U1017/ZN (AOI22_X1)                                     0.27       3.52 r
  U1019/ZN (NAND2_X1)                                     0.06       3.58 f
  g_commit_arbs[0].commit_arb/g_input_select.g_arbiter.g_out_buf[0].out_buf/g_eb1.pipe_buffer/g_register.g_pipe_regs[0].pipe_register/g_shift_register/g_shift.pipe_reg[0][109]/D (DFF_X1)
                                                          0.01       3.59 f
  data arrival time                                                  3.59

  clock CLK (rise edge)                                   4.00       4.00
  clock network delay (ideal)                             0.00       4.00
  clock uncertainty                                      -0.25       3.75
  g_commit_arbs[0].commit_arb/g_input_select.g_arbiter.g_out_buf[0].out_buf/g_eb1.pipe_buffer/g_register.g_pipe_regs[0].pipe_register/g_shift_register/g_shift.pipe_reg[0][109]/CK (DFF_X1)
                                                          0.00       3.75 r
  library setup time                                     -0.11       3.64
  data required time                                                 3.64
  --------------------------------------------------------------------------
  data required time                                                 3.64
  data arrival time                                                 -3.59
  --------------------------------------------------------------------------
  slack (MET)                                                        0.05


  Startpoint: commit_if[0].valid
              (input port clocked by CLK)
  Endpoint: g_commit_arbs[0].commit_arb/g_input_select.g_arbiter.g_out_buf[0].out_buf/g_eb1.pipe_buffer/g_register.g_pipe_regs[0].pipe_register/g_shift_register/g_shift.pipe_reg[0][80]
            (rising edge-triggered flip-flop clocked by CLK)
  Path Group: INREG
  Path Type: max

  Des/Clust/Port     Wire Load Model       Library
  ------------------------------------------------
  VX_commit          5K_hvratio_1_1        NangateOpenCellLibrary_ss0p95v125c

  Point                                                   Incr       Path
  --------------------------------------------------------------------------
  clock CLK (rise edge)                                   0.00       0.00
  clock network delay (ideal)                             0.00       0.00
  input external delay                                    1.20       1.20 r
  commit_if[0].valid (in)                                 0.49       1.69 r
  U656/Z (CLKBUF_X1)                                      0.57       2.27 r
  U666/ZN (NOR3_X1)                                       0.11       2.38 f
  U653/Z (CLKBUF_X2)                                      0.43       2.80 f
  U1038/Z (CLKBUF_X2)                                     0.44       3.24 f
  U1105/ZN (AOI22_X1)                                     0.27       3.52 r
  U1107/ZN (NAND2_X1)                                     0.06       3.58 f
  g_commit_arbs[0].commit_arb/g_input_select.g_arbiter.g_out_buf[0].out_buf/g_eb1.pipe_buffer/g_register.g_pipe_regs[0].pipe_register/g_shift_register/g_shift.pipe_reg[0][80]/D (DFF_X1)
                                                          0.01       3.59 f
  data arrival time                                                  3.59

  clock CLK (rise edge)                                   4.00       4.00
  clock network delay (ideal)                             0.00       4.00
  clock uncertainty                                      -0.25       3.75
  g_commit_arbs[0].commit_arb/g_input_select.g_arbiter.g_out_buf[0].out_buf/g_eb1.pipe_buffer/g_register.g_pipe_regs[0].pipe_register/g_shift_register/g_shift.pipe_reg[0][80]/CK (DFF_X1)
                                                          0.00       3.75 r
  library setup time                                     -0.11       3.64
  data required time                                                 3.64
  --------------------------------------------------------------------------
  data required time                                                 3.64
  data arrival time                                                 -3.59
  --------------------------------------------------------------------------
  slack (MET)                                                        0.05


  Startpoint: commit_if[0].valid
              (input port clocked by CLK)
  Endpoint: g_commit_arbs[0].commit_arb/g_input_select.g_arbiter.g_out_buf[0].out_buf/g_eb1.pipe_buffer/g_register.g_pipe_regs[0].pipe_register/g_shift_register/g_shift.pipe_reg[0][82]
            (rising edge-triggered flip-flop clocked by CLK)
  Path Group: INREG
  Path Type: max

  Des/Clust/Port     Wire Load Model       Library
  ------------------------------------------------
  VX_commit          5K_hvratio_1_1        NangateOpenCellLibrary_ss0p95v125c

  Point                                                   Incr       Path
  --------------------------------------------------------------------------
  clock CLK (rise edge)                                   0.00       0.00
  clock network delay (ideal)                             0.00       0.00
  input external delay                                    1.20       1.20 r
  commit_if[0].valid (in)                                 0.49       1.69 r
  U656/Z (CLKBUF_X1)                                      0.57       2.27 r
  U666/ZN (NOR3_X1)                                       0.11       2.38 f
  U653/Z (CLKBUF_X2)                                      0.43       2.80 f
  U1038/Z (CLKBUF_X2)                                     0.44       3.24 f
  U1099/ZN (AOI22_X1)                                     0.27       3.52 r
  U1101/ZN (NAND2_X1)                                     0.06       3.58 f
  g_commit_arbs[0].commit_arb/g_input_select.g_arbiter.g_out_buf[0].out_buf/g_eb1.pipe_buffer/g_register.g_pipe_regs[0].pipe_register/g_shift_register/g_shift.pipe_reg[0][82]/D (DFF_X1)
                                                          0.01       3.59 f
  data arrival time                                                  3.59

  clock CLK (rise edge)                                   4.00       4.00
  clock network delay (ideal)                             0.00       4.00
  clock uncertainty                                      -0.25       3.75
  g_commit_arbs[0].commit_arb/g_input_select.g_arbiter.g_out_buf[0].out_buf/g_eb1.pipe_buffer/g_register.g_pipe_regs[0].pipe_register/g_shift_register/g_shift.pipe_reg[0][82]/CK (DFF_X1)
                                                          0.00       3.75 r
  library setup time                                     -0.11       3.64
  data required time                                                 3.64
  --------------------------------------------------------------------------
  data required time                                                 3.64
  data arrival time                                                 -3.59
  --------------------------------------------------------------------------
  slack (MET)                                                        0.05


  Startpoint: commit_if[0].valid
              (input port clocked by CLK)
  Endpoint: g_commit_arbs[0].commit_arb/g_input_select.g_arbiter.g_out_buf[0].out_buf/g_eb1.pipe_buffer/g_register.g_pipe_regs[0].pipe_register/g_shift_register/g_shift.pipe_reg[0][84]
            (rising edge-triggered flip-flop clocked by CLK)
  Path Group: INREG
  Path Type: max

  Des/Clust/Port     Wire Load Model       Library
  ------------------------------------------------
  VX_commit          5K_hvratio_1_1        NangateOpenCellLibrary_ss0p95v125c

  Point                                                   Incr       Path
  --------------------------------------------------------------------------
  clock CLK (rise edge)                                   0.00       0.00
  clock network delay (ideal)                             0.00       0.00
  input external delay                                    1.20       1.20 r
  commit_if[0].valid (in)                                 0.49       1.69 r
  U656/Z (CLKBUF_X1)                                      0.57       2.27 r
  U666/ZN (NOR3_X1)                                       0.11       2.38 f
  U653/Z (CLKBUF_X2)                                      0.43       2.80 f
  U1038/Z (CLKBUF_X2)                                     0.44       3.24 f
  U1093/ZN (AOI22_X1)                                     0.27       3.52 r
  U1095/ZN (NAND2_X1)                                     0.06       3.58 f
  g_commit_arbs[0].commit_arb/g_input_select.g_arbiter.g_out_buf[0].out_buf/g_eb1.pipe_buffer/g_register.g_pipe_regs[0].pipe_register/g_shift_register/g_shift.pipe_reg[0][84]/D (DFF_X1)
                                                          0.01       3.59 f
  data arrival time                                                  3.59

  clock CLK (rise edge)                                   4.00       4.00
  clock network delay (ideal)                             0.00       4.00
  clock uncertainty                                      -0.25       3.75
  g_commit_arbs[0].commit_arb/g_input_select.g_arbiter.g_out_buf[0].out_buf/g_eb1.pipe_buffer/g_register.g_pipe_regs[0].pipe_register/g_shift_register/g_shift.pipe_reg[0][84]/CK (DFF_X1)
                                                          0.00       3.75 r
  library setup time                                     -0.11       3.64
  data required time                                                 3.64
  --------------------------------------------------------------------------
  data required time                                                 3.64
  data arrival time                                                 -3.59
  --------------------------------------------------------------------------
  slack (MET)                                                        0.05


  Startpoint: commit_if[0].valid
              (input port clocked by CLK)
  Endpoint: g_commit_arbs[0].commit_arb/g_input_select.g_arbiter.g_out_buf[0].out_buf/g_eb1.pipe_buffer/g_register.g_pipe_regs[0].pipe_register/g_shift_register/g_shift.pipe_reg[0][86]
            (rising edge-triggered flip-flop clocked by CLK)
  Path Group: INREG
  Path Type: max

  Des/Clust/Port     Wire Load Model       Library
  ------------------------------------------------
  VX_commit          5K_hvratio_1_1        NangateOpenCellLibrary_ss0p95v125c

  Point                                                   Incr       Path
  --------------------------------------------------------------------------
  clock CLK (rise edge)                                   0.00       0.00
  clock network delay (ideal)                             0.00       0.00
  input external delay                                    1.20       1.20 r
  commit_if[0].valid (in)                                 0.49       1.69 r
  U656/Z (CLKBUF_X1)                                      0.57       2.27 r
  U666/ZN (NOR3_X1)                                       0.11       2.38 f
  U653/Z (CLKBUF_X2)                                      0.43       2.80 f
  U1038/Z (CLKBUF_X2)                                     0.44       3.24 f
  U1087/ZN (AOI22_X1)                                     0.27       3.52 r
  U1089/ZN (NAND2_X1)                                     0.06       3.58 f
  g_commit_arbs[0].commit_arb/g_input_select.g_arbiter.g_out_buf[0].out_buf/g_eb1.pipe_buffer/g_register.g_pipe_regs[0].pipe_register/g_shift_register/g_shift.pipe_reg[0][86]/D (DFF_X1)
                                                          0.01       3.59 f
  data arrival time                                                  3.59

  clock CLK (rise edge)                                   4.00       4.00
  clock network delay (ideal)                             0.00       4.00
  clock uncertainty                                      -0.25       3.75
  g_commit_arbs[0].commit_arb/g_input_select.g_arbiter.g_out_buf[0].out_buf/g_eb1.pipe_buffer/g_register.g_pipe_regs[0].pipe_register/g_shift_register/g_shift.pipe_reg[0][86]/CK (DFF_X1)
                                                          0.00       3.75 r
  library setup time                                     -0.11       3.64
  data required time                                                 3.64
  --------------------------------------------------------------------------
  data required time                                                 3.64
  data arrival time                                                 -3.59
  --------------------------------------------------------------------------
  slack (MET)                                                        0.05


  Startpoint: commit_if[0].valid
              (input port clocked by CLK)
  Endpoint: g_commit_arbs[0].commit_arb/g_input_select.g_arbiter.g_out_buf[0].out_buf/g_eb1.pipe_buffer/g_register.g_pipe_regs[0].pipe_register/g_shift_register/g_shift.pipe_reg[0][88]
            (rising edge-triggered flip-flop clocked by CLK)
  Path Group: INREG
  Path Type: max

  Des/Clust/Port     Wire Load Model       Library
  ------------------------------------------------
  VX_commit          5K_hvratio_1_1        NangateOpenCellLibrary_ss0p95v125c

  Point                                                   Incr       Path
  --------------------------------------------------------------------------
  clock CLK (rise edge)                                   0.00       0.00
  clock network delay (ideal)                             0.00       0.00
  input external delay                                    1.20       1.20 r
  commit_if[0].valid (in)                                 0.49       1.69 r
  U656/Z (CLKBUF_X1)                                      0.57       2.27 r
  U666/ZN (NOR3_X1)                                       0.11       2.38 f
  U653/Z (CLKBUF_X2)                                      0.43       2.80 f
  U1038/Z (CLKBUF_X2)                                     0.44       3.24 f
  U1081/ZN (AOI22_X1)                                     0.27       3.52 r
  U1083/ZN (NAND2_X1)                                     0.06       3.58 f
  g_commit_arbs[0].commit_arb/g_input_select.g_arbiter.g_out_buf[0].out_buf/g_eb1.pipe_buffer/g_register.g_pipe_regs[0].pipe_register/g_shift_register/g_shift.pipe_reg[0][88]/D (DFF_X1)
                                                          0.01       3.59 f
  data arrival time                                                  3.59

  clock CLK (rise edge)                                   4.00       4.00
  clock network delay (ideal)                             0.00       4.00
  clock uncertainty                                      -0.25       3.75
  g_commit_arbs[0].commit_arb/g_input_select.g_arbiter.g_out_buf[0].out_buf/g_eb1.pipe_buffer/g_register.g_pipe_regs[0].pipe_register/g_shift_register/g_shift.pipe_reg[0][88]/CK (DFF_X1)
                                                          0.00       3.75 r
  library setup time                                     -0.11       3.64
  data required time                                                 3.64
  --------------------------------------------------------------------------
  data required time                                                 3.64
  data arrival time                                                 -3.59
  --------------------------------------------------------------------------
  slack (MET)                                                        0.05


  Startpoint: commit_if[0].valid
              (input port clocked by CLK)
  Endpoint: g_commit_arbs[0].commit_arb/g_input_select.g_arbiter.g_out_buf[0].out_buf/g_eb1.pipe_buffer/g_register.g_pipe_regs[0].pipe_register/g_shift_register/g_shift.pipe_reg[0][90]
            (rising edge-triggered flip-flop clocked by CLK)
  Path Group: INREG
  Path Type: max

  Des/Clust/Port     Wire Load Model       Library
  ------------------------------------------------
  VX_commit          5K_hvratio_1_1        NangateOpenCellLibrary_ss0p95v125c

  Point                                                   Incr       Path
  --------------------------------------------------------------------------
  clock CLK (rise edge)                                   0.00       0.00
  clock network delay (ideal)                             0.00       0.00
  input external delay                                    1.20       1.20 r
  commit_if[0].valid (in)                                 0.49       1.69 r
  U656/Z (CLKBUF_X1)                                      0.57       2.27 r
  U666/ZN (NOR3_X1)                                       0.11       2.38 f
  U653/Z (CLKBUF_X2)                                      0.43       2.80 f
  U1038/Z (CLKBUF_X2)                                     0.44       3.24 f
  U1075/ZN (AOI22_X1)                                     0.27       3.52 r
  U1077/ZN (NAND2_X1)                                     0.06       3.58 f
  g_commit_arbs[0].commit_arb/g_input_select.g_arbiter.g_out_buf[0].out_buf/g_eb1.pipe_buffer/g_register.g_pipe_regs[0].pipe_register/g_shift_register/g_shift.pipe_reg[0][90]/D (DFF_X1)
                                                          0.01       3.59 f
  data arrival time                                                  3.59

  clock CLK (rise edge)                                   4.00       4.00
  clock network delay (ideal)                             0.00       4.00
  clock uncertainty                                      -0.25       3.75
  g_commit_arbs[0].commit_arb/g_input_select.g_arbiter.g_out_buf[0].out_buf/g_eb1.pipe_buffer/g_register.g_pipe_regs[0].pipe_register/g_shift_register/g_shift.pipe_reg[0][90]/CK (DFF_X1)
                                                          0.00       3.75 r
  library setup time                                     -0.11       3.64
  data required time                                                 3.64
  --------------------------------------------------------------------------
  data required time                                                 3.64
  data arrival time                                                 -3.59
  --------------------------------------------------------------------------
  slack (MET)                                                        0.05


  Startpoint: commit_if[0].valid
              (input port clocked by CLK)
  Endpoint: g_commit_arbs[0].commit_arb/g_input_select.g_arbiter.g_out_buf[0].out_buf/g_eb1.pipe_buffer/g_register.g_pipe_regs[0].pipe_register/g_shift_register/g_shift.pipe_reg[0][91]
            (rising edge-triggered flip-flop clocked by CLK)
  Path Group: INREG
  Path Type: max

  Des/Clust/Port     Wire Load Model       Library
  ------------------------------------------------
  VX_commit          5K_hvratio_1_1        NangateOpenCellLibrary_ss0p95v125c

  Point                                                   Incr       Path
  --------------------------------------------------------------------------
  clock CLK (rise edge)                                   0.00       0.00
  clock network delay (ideal)                             0.00       0.00
  input external delay                                    1.20       1.20 r
  commit_if[0].valid (in)                                 0.49       1.69 r
  U656/Z (CLKBUF_X1)                                      0.57       2.27 r
  U666/ZN (NOR3_X1)                                       0.11       2.38 f
  U653/Z (CLKBUF_X2)                                      0.43       2.80 f
  U1038/Z (CLKBUF_X2)                                     0.44       3.24 f
  U1072/ZN (AOI22_X1)                                     0.27       3.52 r
  U1074/ZN (NAND2_X1)                                     0.06       3.58 f
  g_commit_arbs[0].commit_arb/g_input_select.g_arbiter.g_out_buf[0].out_buf/g_eb1.pipe_buffer/g_register.g_pipe_regs[0].pipe_register/g_shift_register/g_shift.pipe_reg[0][91]/D (DFF_X1)
                                                          0.01       3.59 f
  data arrival time                                                  3.59

  clock CLK (rise edge)                                   4.00       4.00
  clock network delay (ideal)                             0.00       4.00
  clock uncertainty                                      -0.25       3.75
  g_commit_arbs[0].commit_arb/g_input_select.g_arbiter.g_out_buf[0].out_buf/g_eb1.pipe_buffer/g_register.g_pipe_regs[0].pipe_register/g_shift_register/g_shift.pipe_reg[0][91]/CK (DFF_X1)
                                                          0.00       3.75 r
  library setup time                                     -0.11       3.64
  data required time                                                 3.64
  --------------------------------------------------------------------------
  data required time                                                 3.64
  data arrival time                                                 -3.59
  --------------------------------------------------------------------------
  slack (MET)                                                        0.05


  Startpoint: commit_if[0].valid
              (input port clocked by CLK)
  Endpoint: g_commit_arbs[0].commit_arb/g_input_select.g_arbiter.g_out_buf[0].out_buf/g_eb1.pipe_buffer/g_register.g_pipe_regs[0].pipe_register/g_shift_register/g_shift.pipe_reg[0][92]
            (rising edge-triggered flip-flop clocked by CLK)
  Path Group: INREG
  Path Type: max

  Des/Clust/Port     Wire Load Model       Library
  ------------------------------------------------
  VX_commit          5K_hvratio_1_1        NangateOpenCellLibrary_ss0p95v125c

  Point                                                   Incr       Path
  --------------------------------------------------------------------------
  clock CLK (rise edge)                                   0.00       0.00
  clock network delay (ideal)                             0.00       0.00
  input external delay                                    1.20       1.20 r
  commit_if[0].valid (in)                                 0.49       1.69 r
  U656/Z (CLKBUF_X1)                                      0.57       2.27 r
  U666/ZN (NOR3_X1)                                       0.11       2.38 f
  U653/Z (CLKBUF_X2)                                      0.43       2.80 f
  U1038/Z (CLKBUF_X2)                                     0.44       3.24 f
  U1069/ZN (AOI22_X1)                                     0.27       3.52 r
  U1071/ZN (NAND2_X1)                                     0.06       3.58 f
  g_commit_arbs[0].commit_arb/g_input_select.g_arbiter.g_out_buf[0].out_buf/g_eb1.pipe_buffer/g_register.g_pipe_regs[0].pipe_register/g_shift_register/g_shift.pipe_reg[0][92]/D (DFF_X1)
                                                          0.01       3.59 f
  data arrival time                                                  3.59

  clock CLK (rise edge)                                   4.00       4.00
  clock network delay (ideal)                             0.00       4.00
  clock uncertainty                                      -0.25       3.75
  g_commit_arbs[0].commit_arb/g_input_select.g_arbiter.g_out_buf[0].out_buf/g_eb1.pipe_buffer/g_register.g_pipe_regs[0].pipe_register/g_shift_register/g_shift.pipe_reg[0][92]/CK (DFF_X1)
                                                          0.00       3.75 r
  library setup time                                     -0.11       3.64
  data required time                                                 3.64
  --------------------------------------------------------------------------
  data required time                                                 3.64
  data arrival time                                                 -3.59
  --------------------------------------------------------------------------
  slack (MET)                                                        0.05


  Startpoint: commit_if[0].valid
              (input port clocked by CLK)
  Endpoint: g_commit_arbs[0].commit_arb/g_input_select.g_arbiter.g_out_buf[0].out_buf/g_eb1.pipe_buffer/g_register.g_pipe_regs[0].pipe_register/g_shift_register/g_shift.pipe_reg[0][93]
            (rising edge-triggered flip-flop clocked by CLK)
  Path Group: INREG
  Path Type: max

  Des/Clust/Port     Wire Load Model       Library
  ------------------------------------------------
  VX_commit          5K_hvratio_1_1        NangateOpenCellLibrary_ss0p95v125c

  Point                                                   Incr       Path
  --------------------------------------------------------------------------
  clock CLK (rise edge)                                   0.00       0.00
  clock network delay (ideal)                             0.00       0.00
  input external delay                                    1.20       1.20 r
  commit_if[0].valid (in)                                 0.49       1.69 r
  U656/Z (CLKBUF_X1)                                      0.57       2.27 r
  U666/ZN (NOR3_X1)                                       0.11       2.38 f
  U653/Z (CLKBUF_X2)                                      0.43       2.80 f
  U1038/Z (CLKBUF_X2)                                     0.44       3.24 f
  U1066/ZN (AOI22_X1)                                     0.27       3.52 r
  U1068/ZN (NAND2_X1)                                     0.06       3.58 f
  g_commit_arbs[0].commit_arb/g_input_select.g_arbiter.g_out_buf[0].out_buf/g_eb1.pipe_buffer/g_register.g_pipe_regs[0].pipe_register/g_shift_register/g_shift.pipe_reg[0][93]/D (DFF_X1)
                                                          0.01       3.59 f
  data arrival time                                                  3.59

  clock CLK (rise edge)                                   4.00       4.00
  clock network delay (ideal)                             0.00       4.00
  clock uncertainty                                      -0.25       3.75
  g_commit_arbs[0].commit_arb/g_input_select.g_arbiter.g_out_buf[0].out_buf/g_eb1.pipe_buffer/g_register.g_pipe_regs[0].pipe_register/g_shift_register/g_shift.pipe_reg[0][93]/CK (DFF_X1)
                                                          0.00       3.75 r
  library setup time                                     -0.11       3.64
  data required time                                                 3.64
  --------------------------------------------------------------------------
  data required time                                                 3.64
  data arrival time                                                 -3.59
  --------------------------------------------------------------------------
  slack (MET)                                                        0.05


  Startpoint: commit_if[0].valid
              (input port clocked by CLK)
  Endpoint: g_commit_arbs[0].commit_arb/g_input_select.g_arbiter.g_out_buf[0].out_buf/g_eb1.pipe_buffer/g_register.g_pipe_regs[0].pipe_register/g_shift_register/g_shift.pipe_reg[0][94]
            (rising edge-triggered flip-flop clocked by CLK)
  Path Group: INREG
  Path Type: max

  Des/Clust/Port     Wire Load Model       Library
  ------------------------------------------------
  VX_commit          5K_hvratio_1_1        NangateOpenCellLibrary_ss0p95v125c

  Point                                                   Incr       Path
  --------------------------------------------------------------------------
  clock CLK (rise edge)                                   0.00       0.00
  clock network delay (ideal)                             0.00       0.00
  input external delay                                    1.20       1.20 r
  commit_if[0].valid (in)                                 0.49       1.69 r
  U656/Z (CLKBUF_X1)                                      0.57       2.27 r
  U666/ZN (NOR3_X1)                                       0.11       2.38 f
  U653/Z (CLKBUF_X2)                                      0.43       2.80 f
  U1038/Z (CLKBUF_X2)                                     0.44       3.24 f
  U1063/ZN (AOI22_X1)                                     0.27       3.52 r
  U1065/ZN (NAND2_X1)                                     0.06       3.58 f
  g_commit_arbs[0].commit_arb/g_input_select.g_arbiter.g_out_buf[0].out_buf/g_eb1.pipe_buffer/g_register.g_pipe_regs[0].pipe_register/g_shift_register/g_shift.pipe_reg[0][94]/D (DFF_X1)
                                                          0.01       3.59 f
  data arrival time                                                  3.59

  clock CLK (rise edge)                                   4.00       4.00
  clock network delay (ideal)                             0.00       4.00
  clock uncertainty                                      -0.25       3.75
  g_commit_arbs[0].commit_arb/g_input_select.g_arbiter.g_out_buf[0].out_buf/g_eb1.pipe_buffer/g_register.g_pipe_regs[0].pipe_register/g_shift_register/g_shift.pipe_reg[0][94]/CK (DFF_X1)
                                                          0.00       3.75 r
  library setup time                                     -0.11       3.64
  data required time                                                 3.64
  --------------------------------------------------------------------------
  data required time                                                 3.64
  data arrival time                                                 -3.59
  --------------------------------------------------------------------------
  slack (MET)                                                        0.05


  Startpoint: commit_if[0].valid
              (input port clocked by CLK)
  Endpoint: g_commit_arbs[0].commit_arb/g_input_select.g_arbiter.g_out_buf[0].out_buf/g_eb1.pipe_buffer/g_register.g_pipe_regs[0].pipe_register/g_shift_register/g_shift.pipe_reg[0][95]
            (rising edge-triggered flip-flop clocked by CLK)
  Path Group: INREG
  Path Type: max

  Des/Clust/Port     Wire Load Model       Library
  ------------------------------------------------
  VX_commit          5K_hvratio_1_1        NangateOpenCellLibrary_ss0p95v125c

  Point                                                   Incr       Path
  --------------------------------------------------------------------------
  clock CLK (rise edge)                                   0.00       0.00
  clock network delay (ideal)                             0.00       0.00
  input external delay                                    1.20       1.20 r
  commit_if[0].valid (in)                                 0.49       1.69 r
  U656/Z (CLKBUF_X1)                                      0.57       2.27 r
  U666/ZN (NOR3_X1)                                       0.11       2.38 f
  U653/Z (CLKBUF_X2)                                      0.43       2.80 f
  U1038/Z (CLKBUF_X2)                                     0.44       3.24 f
  U1060/ZN (AOI22_X1)                                     0.27       3.52 r
  U1062/ZN (NAND2_X1)                                     0.06       3.58 f
  g_commit_arbs[0].commit_arb/g_input_select.g_arbiter.g_out_buf[0].out_buf/g_eb1.pipe_buffer/g_register.g_pipe_regs[0].pipe_register/g_shift_register/g_shift.pipe_reg[0][95]/D (DFF_X1)
                                                          0.01       3.59 f
  data arrival time                                                  3.59

  clock CLK (rise edge)                                   4.00       4.00
  clock network delay (ideal)                             0.00       4.00
  clock uncertainty                                      -0.25       3.75
  g_commit_arbs[0].commit_arb/g_input_select.g_arbiter.g_out_buf[0].out_buf/g_eb1.pipe_buffer/g_register.g_pipe_regs[0].pipe_register/g_shift_register/g_shift.pipe_reg[0][95]/CK (DFF_X1)
                                                          0.00       3.75 r
  library setup time                                     -0.11       3.64
  data required time                                                 3.64
  --------------------------------------------------------------------------
  data required time                                                 3.64
  data arrival time                                                 -3.59
  --------------------------------------------------------------------------
  slack (MET)                                                        0.05


  Startpoint: commit_if[0].valid
              (input port clocked by CLK)
  Endpoint: g_commit_arbs[0].commit_arb/g_input_select.g_arbiter.g_out_buf[0].out_buf/g_eb1.pipe_buffer/g_register.g_pipe_regs[0].pipe_register/g_shift_register/g_shift.pipe_reg[0][96]
            (rising edge-triggered flip-flop clocked by CLK)
  Path Group: INREG
  Path Type: max

  Des/Clust/Port     Wire Load Model       Library
  ------------------------------------------------
  VX_commit          5K_hvratio_1_1        NangateOpenCellLibrary_ss0p95v125c

  Point                                                   Incr       Path
  --------------------------------------------------------------------------
  clock CLK (rise edge)                                   0.00       0.00
  clock network delay (ideal)                             0.00       0.00
  input external delay                                    1.20       1.20 r
  commit_if[0].valid (in)                                 0.49       1.69 r
  U656/Z (CLKBUF_X1)                                      0.57       2.27 r
  U666/ZN (NOR3_X1)                                       0.11       2.38 f
  U653/Z (CLKBUF_X2)                                      0.43       2.80 f
  U1038/Z (CLKBUF_X2)                                     0.44       3.24 f
  U1057/ZN (AOI22_X1)                                     0.27       3.52 r
  U1059/ZN (NAND2_X1)                                     0.06       3.58 f
  g_commit_arbs[0].commit_arb/g_input_select.g_arbiter.g_out_buf[0].out_buf/g_eb1.pipe_buffer/g_register.g_pipe_regs[0].pipe_register/g_shift_register/g_shift.pipe_reg[0][96]/D (DFF_X1)
                                                          0.01       3.59 f
  data arrival time                                                  3.59

  clock CLK (rise edge)                                   4.00       4.00
  clock network delay (ideal)                             0.00       4.00
  clock uncertainty                                      -0.25       3.75
  g_commit_arbs[0].commit_arb/g_input_select.g_arbiter.g_out_buf[0].out_buf/g_eb1.pipe_buffer/g_register.g_pipe_regs[0].pipe_register/g_shift_register/g_shift.pipe_reg[0][96]/CK (DFF_X1)
                                                          0.00       3.75 r
  library setup time                                     -0.11       3.64
  data required time                                                 3.64
  --------------------------------------------------------------------------
  data required time                                                 3.64
  data arrival time                                                 -3.59
  --------------------------------------------------------------------------
  slack (MET)                                                        0.05


  Startpoint: commit_if[0].valid
              (input port clocked by CLK)
  Endpoint: g_commit_arbs[0].commit_arb/g_input_select.g_arbiter.g_out_buf[0].out_buf/g_eb1.pipe_buffer/g_register.g_pipe_regs[0].pipe_register/g_shift_register/g_shift.pipe_reg[0][97]
            (rising edge-triggered flip-flop clocked by CLK)
  Path Group: INREG
  Path Type: max

  Des/Clust/Port     Wire Load Model       Library
  ------------------------------------------------
  VX_commit          5K_hvratio_1_1        NangateOpenCellLibrary_ss0p95v125c

  Point                                                   Incr       Path
  --------------------------------------------------------------------------
  clock CLK (rise edge)                                   0.00       0.00
  clock network delay (ideal)                             0.00       0.00
  input external delay                                    1.20       1.20 r
  commit_if[0].valid (in)                                 0.49       1.69 r
  U656/Z (CLKBUF_X1)                                      0.57       2.27 r
  U666/ZN (NOR3_X1)                                       0.11       2.38 f
  U653/Z (CLKBUF_X2)                                      0.43       2.80 f
  U1038/Z (CLKBUF_X2)                                     0.44       3.24 f
  U1054/ZN (AOI22_X1)                                     0.27       3.52 r
  U1056/ZN (NAND2_X1)                                     0.06       3.58 f
  g_commit_arbs[0].commit_arb/g_input_select.g_arbiter.g_out_buf[0].out_buf/g_eb1.pipe_buffer/g_register.g_pipe_regs[0].pipe_register/g_shift_register/g_shift.pipe_reg[0][97]/D (DFF_X1)
                                                          0.01       3.59 f
  data arrival time                                                  3.59

  clock CLK (rise edge)                                   4.00       4.00
  clock network delay (ideal)                             0.00       4.00
  clock uncertainty                                      -0.25       3.75
  g_commit_arbs[0].commit_arb/g_input_select.g_arbiter.g_out_buf[0].out_buf/g_eb1.pipe_buffer/g_register.g_pipe_regs[0].pipe_register/g_shift_register/g_shift.pipe_reg[0][97]/CK (DFF_X1)
                                                          0.00       3.75 r
  library setup time                                     -0.11       3.64
  data required time                                                 3.64
  --------------------------------------------------------------------------
  data required time                                                 3.64
  data arrival time                                                 -3.59
  --------------------------------------------------------------------------
  slack (MET)                                                        0.05


  Startpoint: commit_if[0].valid
              (input port clocked by CLK)
  Endpoint: g_commit_arbs[0].commit_arb/g_input_select.g_arbiter.g_out_buf[0].out_buf/g_eb1.pipe_buffer/g_register.g_pipe_regs[0].pipe_register/g_shift_register/g_shift.pipe_reg[0][98]
            (rising edge-triggered flip-flop clocked by CLK)
  Path Group: INREG
  Path Type: max

  Des/Clust/Port     Wire Load Model       Library
  ------------------------------------------------
  VX_commit          5K_hvratio_1_1        NangateOpenCellLibrary_ss0p95v125c

  Point                                                   Incr       Path
  --------------------------------------------------------------------------
  clock CLK (rise edge)                                   0.00       0.00
  clock network delay (ideal)                             0.00       0.00
  input external delay                                    1.20       1.20 r
  commit_if[0].valid (in)                                 0.49       1.69 r
  U656/Z (CLKBUF_X1)                                      0.57       2.27 r
  U666/ZN (NOR3_X1)                                       0.11       2.38 f
  U653/Z (CLKBUF_X2)                                      0.43       2.80 f
  U1038/Z (CLKBUF_X2)                                     0.44       3.24 f
  U1051/ZN (AOI22_X1)                                     0.27       3.52 r
  U1053/ZN (NAND2_X1)                                     0.06       3.58 f
  g_commit_arbs[0].commit_arb/g_input_select.g_arbiter.g_out_buf[0].out_buf/g_eb1.pipe_buffer/g_register.g_pipe_regs[0].pipe_register/g_shift_register/g_shift.pipe_reg[0][98]/D (DFF_X1)
                                                          0.01       3.59 f
  data arrival time                                                  3.59

  clock CLK (rise edge)                                   4.00       4.00
  clock network delay (ideal)                             0.00       4.00
  clock uncertainty                                      -0.25       3.75
  g_commit_arbs[0].commit_arb/g_input_select.g_arbiter.g_out_buf[0].out_buf/g_eb1.pipe_buffer/g_register.g_pipe_regs[0].pipe_register/g_shift_register/g_shift.pipe_reg[0][98]/CK (DFF_X1)
                                                          0.00       3.75 r
  library setup time                                     -0.11       3.64
  data required time                                                 3.64
  --------------------------------------------------------------------------
  data required time                                                 3.64
  data arrival time                                                 -3.59
  --------------------------------------------------------------------------
  slack (MET)                                                        0.05


  Startpoint: commit_if[0].valid
              (input port clocked by CLK)
  Endpoint: g_commit_arbs[0].commit_arb/g_input_select.g_arbiter.g_out_buf[0].out_buf/g_eb1.pipe_buffer/g_register.g_pipe_regs[0].pipe_register/g_shift_register/g_shift.pipe_reg[0][99]
            (rising edge-triggered flip-flop clocked by CLK)
  Path Group: INREG
  Path Type: max

  Des/Clust/Port     Wire Load Model       Library
  ------------------------------------------------
  VX_commit          5K_hvratio_1_1        NangateOpenCellLibrary_ss0p95v125c

  Point                                                   Incr       Path
  --------------------------------------------------------------------------
  clock CLK (rise edge)                                   0.00       0.00
  clock network delay (ideal)                             0.00       0.00
  input external delay                                    1.20       1.20 r
  commit_if[0].valid (in)                                 0.49       1.69 r
  U656/Z (CLKBUF_X1)                                      0.57       2.27 r
  U666/ZN (NOR3_X1)                                       0.11       2.38 f
  U653/Z (CLKBUF_X2)                                      0.43       2.80 f
  U1038/Z (CLKBUF_X2)                                     0.44       3.24 f
  U1048/ZN (AOI22_X1)                                     0.27       3.52 r
  U1050/ZN (NAND2_X1)                                     0.06       3.58 f
  g_commit_arbs[0].commit_arb/g_input_select.g_arbiter.g_out_buf[0].out_buf/g_eb1.pipe_buffer/g_register.g_pipe_regs[0].pipe_register/g_shift_register/g_shift.pipe_reg[0][99]/D (DFF_X1)
                                                          0.01       3.59 f
  data arrival time                                                  3.59

  clock CLK (rise edge)                                   4.00       4.00
  clock network delay (ideal)                             0.00       4.00
  clock uncertainty                                      -0.25       3.75
  g_commit_arbs[0].commit_arb/g_input_select.g_arbiter.g_out_buf[0].out_buf/g_eb1.pipe_buffer/g_register.g_pipe_regs[0].pipe_register/g_shift_register/g_shift.pipe_reg[0][99]/CK (DFF_X1)
                                                          0.00       3.75 r
  library setup time                                     -0.11       3.64
  data required time                                                 3.64
  --------------------------------------------------------------------------
  data required time                                                 3.64
  data arrival time                                                 -3.59
  --------------------------------------------------------------------------
  slack (MET)                                                        0.05


  Startpoint: commit_if[0].valid
              (input port clocked by CLK)
  Endpoint: g_commit_arbs[0].commit_arb/g_input_select.g_arbiter.g_out_buf[0].out_buf/g_eb1.pipe_buffer/g_register.g_pipe_regs[0].pipe_register/g_shift_register/g_shift.pipe_reg[0][100]
            (rising edge-triggered flip-flop clocked by CLK)
  Path Group: INREG
  Path Type: max

  Des/Clust/Port     Wire Load Model       Library
  ------------------------------------------------
  VX_commit          5K_hvratio_1_1        NangateOpenCellLibrary_ss0p95v125c

  Point                                                   Incr       Path
  --------------------------------------------------------------------------
  clock CLK (rise edge)                                   0.00       0.00
  clock network delay (ideal)                             0.00       0.00
  input external delay                                    1.20       1.20 r
  commit_if[0].valid (in)                                 0.49       1.69 r
  U656/Z (CLKBUF_X1)                                      0.57       2.27 r
  U666/ZN (NOR3_X1)                                       0.11       2.38 f
  U653/Z (CLKBUF_X2)                                      0.43       2.80 f
  U1038/Z (CLKBUF_X2)                                     0.44       3.24 f
  U1045/ZN (AOI22_X1)                                     0.27       3.52 r
  U1047/ZN (NAND2_X1)                                     0.06       3.58 f
  g_commit_arbs[0].commit_arb/g_input_select.g_arbiter.g_out_buf[0].out_buf/g_eb1.pipe_buffer/g_register.g_pipe_regs[0].pipe_register/g_shift_register/g_shift.pipe_reg[0][100]/D (DFF_X1)
                                                          0.01       3.59 f
  data arrival time                                                  3.59

  clock CLK (rise edge)                                   4.00       4.00
  clock network delay (ideal)                             0.00       4.00
  clock uncertainty                                      -0.25       3.75
  g_commit_arbs[0].commit_arb/g_input_select.g_arbiter.g_out_buf[0].out_buf/g_eb1.pipe_buffer/g_register.g_pipe_regs[0].pipe_register/g_shift_register/g_shift.pipe_reg[0][100]/CK (DFF_X1)
                                                          0.00       3.75 r
  library setup time                                     -0.11       3.64
  data required time                                                 3.64
  --------------------------------------------------------------------------
  data required time                                                 3.64
  data arrival time                                                 -3.59
  --------------------------------------------------------------------------
  slack (MET)                                                        0.05


  Startpoint: commit_if[0].valid
              (input port clocked by CLK)
  Endpoint: g_commit_arbs[0].commit_arb/g_input_select.g_arbiter.g_out_buf[0].out_buf/g_eb1.pipe_buffer/g_register.g_pipe_regs[0].pipe_register/g_shift_register/g_shift.pipe_reg[0][101]
            (rising edge-triggered flip-flop clocked by CLK)
  Path Group: INREG
  Path Type: max

  Des/Clust/Port     Wire Load Model       Library
  ------------------------------------------------
  VX_commit          5K_hvratio_1_1        NangateOpenCellLibrary_ss0p95v125c

  Point                                                   Incr       Path
  --------------------------------------------------------------------------
  clock CLK (rise edge)                                   0.00       0.00
  clock network delay (ideal)                             0.00       0.00
  input external delay                                    1.20       1.20 r
  commit_if[0].valid (in)                                 0.49       1.69 r
  U656/Z (CLKBUF_X1)                                      0.57       2.27 r
  U666/ZN (NOR3_X1)                                       0.11       2.38 f
  U653/Z (CLKBUF_X2)                                      0.43       2.80 f
  U1038/Z (CLKBUF_X2)                                     0.44       3.24 f
  U1042/ZN (AOI22_X1)                                     0.27       3.52 r
  U1044/ZN (NAND2_X1)                                     0.06       3.58 f
  g_commit_arbs[0].commit_arb/g_input_select.g_arbiter.g_out_buf[0].out_buf/g_eb1.pipe_buffer/g_register.g_pipe_regs[0].pipe_register/g_shift_register/g_shift.pipe_reg[0][101]/D (DFF_X1)
                                                          0.01       3.59 f
  data arrival time                                                  3.59

  clock CLK (rise edge)                                   4.00       4.00
  clock network delay (ideal)                             0.00       4.00
  clock uncertainty                                      -0.25       3.75
  g_commit_arbs[0].commit_arb/g_input_select.g_arbiter.g_out_buf[0].out_buf/g_eb1.pipe_buffer/g_register.g_pipe_regs[0].pipe_register/g_shift_register/g_shift.pipe_reg[0][101]/CK (DFF_X1)
                                                          0.00       3.75 r
  library setup time                                     -0.11       3.64
  data required time                                                 3.64
  --------------------------------------------------------------------------
  data required time                                                 3.64
  data arrival time                                                 -3.59
  --------------------------------------------------------------------------
  slack (MET)                                                        0.05


  Startpoint: commit_if[0].valid
              (input port clocked by CLK)
  Endpoint: g_commit_arbs[0].commit_arb/g_input_select.g_arbiter.g_out_buf[0].out_buf/g_eb1.pipe_buffer/g_register.g_pipe_regs[0].pipe_register/g_shift_register/g_shift.pipe_reg[0][102]
            (rising edge-triggered flip-flop clocked by CLK)
  Path Group: INREG
  Path Type: max

  Des/Clust/Port     Wire Load Model       Library
  ------------------------------------------------
  VX_commit          5K_hvratio_1_1        NangateOpenCellLibrary_ss0p95v125c

  Point                                                   Incr       Path
  --------------------------------------------------------------------------
  clock CLK (rise edge)                                   0.00       0.00
  clock network delay (ideal)                             0.00       0.00
  input external delay                                    1.20       1.20 r
  commit_if[0].valid (in)                                 0.49       1.69 r
  U656/Z (CLKBUF_X1)                                      0.57       2.27 r
  U666/ZN (NOR3_X1)                                       0.11       2.38 f
  U653/Z (CLKBUF_X2)                                      0.43       2.80 f
  U1038/Z (CLKBUF_X2)                                     0.44       3.24 f
  U1039/ZN (AOI22_X1)                                     0.27       3.52 r
  U1041/ZN (NAND2_X1)                                     0.06       3.58 f
  g_commit_arbs[0].commit_arb/g_input_select.g_arbiter.g_out_buf[0].out_buf/g_eb1.pipe_buffer/g_register.g_pipe_regs[0].pipe_register/g_shift_register/g_shift.pipe_reg[0][102]/D (DFF_X1)
                                                          0.01       3.59 f
  data arrival time                                                  3.59

  clock CLK (rise edge)                                   4.00       4.00
  clock network delay (ideal)                             0.00       4.00
  clock uncertainty                                      -0.25       3.75
  g_commit_arbs[0].commit_arb/g_input_select.g_arbiter.g_out_buf[0].out_buf/g_eb1.pipe_buffer/g_register.g_pipe_regs[0].pipe_register/g_shift_register/g_shift.pipe_reg[0][102]/CK (DFF_X1)
                                                          0.00       3.75 r
  library setup time                                     -0.11       3.64
  data required time                                                 3.64
  --------------------------------------------------------------------------
  data required time                                                 3.64
  data arrival time                                                 -3.59
  --------------------------------------------------------------------------
  slack (MET)                                                        0.05


  Startpoint: commit_if[0].valid
              (input port clocked by CLK)
  Endpoint: g_commit_arbs[0].commit_arb/g_input_select.g_arbiter.g_out_buf[0].out_buf/g_eb1.pipe_buffer/g_register.g_pipe_regs[0].pipe_register/g_shift_register/g_shift.pipe_reg[0][104]
            (rising edge-triggered flip-flop clocked by CLK)
  Path Group: INREG
  Path Type: max

  Des/Clust/Port     Wire Load Model       Library
  ------------------------------------------------
  VX_commit          5K_hvratio_1_1        NangateOpenCellLibrary_ss0p95v125c

  Point                                                   Incr       Path
  --------------------------------------------------------------------------
  clock CLK (rise edge)                                   0.00       0.00
  clock network delay (ideal)                             0.00       0.00
  input external delay                                    1.20       1.20 r
  commit_if[0].valid (in)                                 0.49       1.69 r
  U656/Z (CLKBUF_X1)                                      0.57       2.27 r
  U666/ZN (NOR3_X1)                                       0.11       2.38 f
  U653/Z (CLKBUF_X2)                                      0.43       2.80 f
  U1038/Z (CLKBUF_X2)                                     0.44       3.24 f
  U1032/ZN (AOI22_X1)                                     0.27       3.52 r
  U1034/ZN (NAND2_X1)                                     0.06       3.58 f
  g_commit_arbs[0].commit_arb/g_input_select.g_arbiter.g_out_buf[0].out_buf/g_eb1.pipe_buffer/g_register.g_pipe_regs[0].pipe_register/g_shift_register/g_shift.pipe_reg[0][104]/D (DFF_X1)
                                                          0.01       3.59 f
  data arrival time                                                  3.59

  clock CLK (rise edge)                                   4.00       4.00
  clock network delay (ideal)                             0.00       4.00
  clock uncertainty                                      -0.25       3.75
  g_commit_arbs[0].commit_arb/g_input_select.g_arbiter.g_out_buf[0].out_buf/g_eb1.pipe_buffer/g_register.g_pipe_regs[0].pipe_register/g_shift_register/g_shift.pipe_reg[0][104]/CK (DFF_X1)
                                                          0.00       3.75 r
  library setup time                                     -0.11       3.64
  data required time                                                 3.64
  --------------------------------------------------------------------------
  data required time                                                 3.64
  data arrival time                                                 -3.59
  --------------------------------------------------------------------------
  slack (MET)                                                        0.05


  Startpoint: commit_if[0].valid
              (input port clocked by CLK)
  Endpoint: g_commit_arbs[0].commit_arb/g_input_select.g_arbiter.g_out_buf[0].out_buf/g_eb1.pipe_buffer/g_register.g_pipe_regs[0].pipe_register/g_shift_register/g_shift.pipe_reg[0][9]
            (rising edge-triggered flip-flop clocked by CLK)
  Path Group: INREG
  Path Type: max

  Des/Clust/Port     Wire Load Model       Library
  ------------------------------------------------
  VX_commit          5K_hvratio_1_1        NangateOpenCellLibrary_ss0p95v125c

  Point                                                   Incr       Path
  --------------------------------------------------------------------------
  clock CLK (rise edge)                                   0.00       0.00
  clock network delay (ideal)                             0.00       0.00
  input external delay                                    1.20       1.20 r
  commit_if[0].valid (in)                                 0.49       1.69 r
  U656/Z (CLKBUF_X1)                                      0.57       2.27 r
  U668/ZN (NOR3_X1)                                       0.09       2.36 f
  U657/Z (CLKBUF_X3)                                      0.40       2.76 f
  U665/Z (CLKBUF_X1)                                      0.47       3.24 f
  U1319/ZN (AOI22_X1)                                     0.25       3.49 r
  U1320/ZN (NAND2_X1)                                     0.07       3.56 f
  g_commit_arbs[0].commit_arb/g_input_select.g_arbiter.g_out_buf[0].out_buf/g_eb1.pipe_buffer/g_register.g_pipe_regs[0].pipe_register/g_shift_register/g_shift.pipe_reg[0][9]/D (DFF_X1)
                                                          0.01       3.57 f
  data arrival time                                                  3.57

  clock CLK (rise edge)                                   4.00       4.00
  clock network delay (ideal)                             0.00       4.00
  clock uncertainty                                      -0.25       3.75
  g_commit_arbs[0].commit_arb/g_input_select.g_arbiter.g_out_buf[0].out_buf/g_eb1.pipe_buffer/g_register.g_pipe_regs[0].pipe_register/g_shift_register/g_shift.pipe_reg[0][9]/CK (DFF_X1)
                                                          0.00       3.75 r
  library setup time                                     -0.11       3.64
  data required time                                                 3.64
  --------------------------------------------------------------------------
  data required time                                                 3.64
  data arrival time                                                 -3.57
  --------------------------------------------------------------------------
  slack (MET)                                                        0.07


  Startpoint: commit_if[0].valid
              (input port clocked by CLK)
  Endpoint: g_commit_arbs[0].commit_arb/g_input_select.g_arbiter.g_out_buf[0].out_buf/g_eb1.pipe_buffer/g_register.g_pipe_regs[0].pipe_register/g_shift_register/g_shift.pipe_reg[0][18]
            (rising edge-triggered flip-flop clocked by CLK)
  Path Group: INREG
  Path Type: max

  Des/Clust/Port     Wire Load Model       Library
  ------------------------------------------------
  VX_commit          5K_hvratio_1_1        NangateOpenCellLibrary_ss0p95v125c

  Point                                                   Incr       Path
  --------------------------------------------------------------------------
  clock CLK (rise edge)                                   0.00       0.00
  clock network delay (ideal)                             0.00       0.00
  input external delay                                    1.20       1.20 r
  commit_if[0].valid (in)                                 0.49       1.69 r
  U656/Z (CLKBUF_X1)                                      0.57       2.27 r
  U668/ZN (NOR3_X1)                                       0.09       2.36 f
  U657/Z (CLKBUF_X3)                                      0.40       2.76 f
  U665/Z (CLKBUF_X1)                                      0.47       3.24 f
  U1292/ZN (AOI22_X1)                                     0.25       3.49 r
  U1293/ZN (NAND2_X1)                                     0.07       3.56 f
  g_commit_arbs[0].commit_arb/g_input_select.g_arbiter.g_out_buf[0].out_buf/g_eb1.pipe_buffer/g_register.g_pipe_regs[0].pipe_register/g_shift_register/g_shift.pipe_reg[0][18]/D (DFF_X1)
                                                          0.01       3.57 f
  data arrival time                                                  3.57

  clock CLK (rise edge)                                   4.00       4.00
  clock network delay (ideal)                             0.00       4.00
  clock uncertainty                                      -0.25       3.75
  g_commit_arbs[0].commit_arb/g_input_select.g_arbiter.g_out_buf[0].out_buf/g_eb1.pipe_buffer/g_register.g_pipe_regs[0].pipe_register/g_shift_register/g_shift.pipe_reg[0][18]/CK (DFF_X1)
                                                          0.00       3.75 r
  library setup time                                     -0.11       3.64
  data required time                                                 3.64
  --------------------------------------------------------------------------
  data required time                                                 3.64
  data arrival time                                                 -3.57
  --------------------------------------------------------------------------
  slack (MET)                                                        0.07


  Startpoint: commit_if[0].valid
              (input port clocked by CLK)
  Endpoint: g_commit_arbs[0].commit_arb/g_input_select.g_arbiter.g_out_buf[0].out_buf/g_eb1.pipe_buffer/g_register.g_pipe_regs[0].pipe_register/g_shift_register/g_shift.pipe_reg[0][37]
            (rising edge-triggered flip-flop clocked by CLK)
  Path Group: INREG
  Path Type: max

  Des/Clust/Port     Wire Load Model       Library
  ------------------------------------------------
  VX_commit          5K_hvratio_1_1        NangateOpenCellLibrary_ss0p95v125c

  Point                                                   Incr       Path
  --------------------------------------------------------------------------
  clock CLK (rise edge)                                   0.00       0.00
  clock network delay (ideal)                             0.00       0.00
  input external delay                                    1.20       1.20 r
  commit_if[0].valid (in)                                 0.49       1.69 r
  U656/Z (CLKBUF_X1)                                      0.57       2.27 r
  U668/ZN (NOR3_X1)                                       0.09       2.36 f
  U657/Z (CLKBUF_X3)                                      0.40       2.76 f
  U665/Z (CLKBUF_X1)                                      0.47       3.24 f
  U1235/ZN (AOI22_X1)                                     0.25       3.49 r
  U1236/ZN (NAND2_X1)                                     0.07       3.56 f
  g_commit_arbs[0].commit_arb/g_input_select.g_arbiter.g_out_buf[0].out_buf/g_eb1.pipe_buffer/g_register.g_pipe_regs[0].pipe_register/g_shift_register/g_shift.pipe_reg[0][37]/D (DFF_X1)
                                                          0.01       3.57 f
  data arrival time                                                  3.57

  clock CLK (rise edge)                                   4.00       4.00
  clock network delay (ideal)                             0.00       4.00
  clock uncertainty                                      -0.25       3.75
  g_commit_arbs[0].commit_arb/g_input_select.g_arbiter.g_out_buf[0].out_buf/g_eb1.pipe_buffer/g_register.g_pipe_regs[0].pipe_register/g_shift_register/g_shift.pipe_reg[0][37]/CK (DFF_X1)
                                                          0.00       3.75 r
  library setup time                                     -0.11       3.64
  data required time                                                 3.64
  --------------------------------------------------------------------------
  data required time                                                 3.64
  data arrival time                                                 -3.57
  --------------------------------------------------------------------------
  slack (MET)                                                        0.07


  Startpoint: commit_if[0].valid
              (input port clocked by CLK)
  Endpoint: g_commit_arbs[0].commit_arb/g_input_select.g_arbiter.g_out_buf[0].out_buf/g_eb1.pipe_buffer/g_register.g_pipe_regs[0].pipe_register/g_shift_register/g_shift.pipe_reg[0][41]
            (rising edge-triggered flip-flop clocked by CLK)
  Path Group: INREG
  Path Type: max

  Des/Clust/Port     Wire Load Model       Library
  ------------------------------------------------
  VX_commit          5K_hvratio_1_1        NangateOpenCellLibrary_ss0p95v125c

  Point                                                   Incr       Path
  --------------------------------------------------------------------------
  clock CLK (rise edge)                                   0.00       0.00
  clock network delay (ideal)                             0.00       0.00
  input external delay                                    1.20       1.20 r
  commit_if[0].valid (in)                                 0.49       1.69 r
  U656/Z (CLKBUF_X1)                                      0.57       2.27 r
  U668/ZN (NOR3_X1)                                       0.09       2.36 f
  U657/Z (CLKBUF_X3)                                      0.40       2.76 f
  U665/Z (CLKBUF_X1)                                      0.47       3.24 f
  U1223/ZN (AOI22_X1)                                     0.25       3.49 r
  U1224/ZN (NAND2_X1)                                     0.07       3.56 f
  g_commit_arbs[0].commit_arb/g_input_select.g_arbiter.g_out_buf[0].out_buf/g_eb1.pipe_buffer/g_register.g_pipe_regs[0].pipe_register/g_shift_register/g_shift.pipe_reg[0][41]/D (DFF_X1)
                                                          0.01       3.57 f
  data arrival time                                                  3.57

  clock CLK (rise edge)                                   4.00       4.00
  clock network delay (ideal)                             0.00       4.00
  clock uncertainty                                      -0.25       3.75
  g_commit_arbs[0].commit_arb/g_input_select.g_arbiter.g_out_buf[0].out_buf/g_eb1.pipe_buffer/g_register.g_pipe_regs[0].pipe_register/g_shift_register/g_shift.pipe_reg[0][41]/CK (DFF_X1)
                                                          0.00       3.75 r
  library setup time                                     -0.11       3.64
  data required time                                                 3.64
  --------------------------------------------------------------------------
  data required time                                                 3.64
  data arrival time                                                 -3.57
  --------------------------------------------------------------------------
  slack (MET)                                                        0.07


  Startpoint: commit_if[0].valid
              (input port clocked by CLK)
  Endpoint: g_commit_arbs[0].commit_arb/g_input_select.g_arbiter.g_out_buf[0].out_buf/g_eb1.pipe_buffer/g_register.g_pipe_regs[0].pipe_register/g_shift_register/g_shift.pipe_reg[0][42]
            (rising edge-triggered flip-flop clocked by CLK)
  Path Group: INREG
  Path Type: max

  Des/Clust/Port     Wire Load Model       Library
  ------------------------------------------------
  VX_commit          5K_hvratio_1_1        NangateOpenCellLibrary_ss0p95v125c

  Point                                                   Incr       Path
  --------------------------------------------------------------------------
  clock CLK (rise edge)                                   0.00       0.00
  clock network delay (ideal)                             0.00       0.00
  input external delay                                    1.20       1.20 r
  commit_if[0].valid (in)                                 0.49       1.69 r
  U656/Z (CLKBUF_X1)                                      0.57       2.27 r
  U668/ZN (NOR3_X1)                                       0.09       2.36 f
  U657/Z (CLKBUF_X3)                                      0.40       2.76 f
  U662/Z (CLKBUF_X1)                                      0.47       3.24 f
  U1220/ZN (AOI22_X1)                                     0.25       3.49 r
  U1221/ZN (NAND2_X1)                                     0.07       3.56 f
  g_commit_arbs[0].commit_arb/g_input_select.g_arbiter.g_out_buf[0].out_buf/g_eb1.pipe_buffer/g_register.g_pipe_regs[0].pipe_register/g_shift_register/g_shift.pipe_reg[0][42]/D (DFF_X1)
                                                          0.01       3.57 f
  data arrival time                                                  3.57

  clock CLK (rise edge)                                   4.00       4.00
  clock network delay (ideal)                             0.00       4.00
  clock uncertainty                                      -0.25       3.75
  g_commit_arbs[0].commit_arb/g_input_select.g_arbiter.g_out_buf[0].out_buf/g_eb1.pipe_buffer/g_register.g_pipe_regs[0].pipe_register/g_shift_register/g_shift.pipe_reg[0][42]/CK (DFF_X1)
                                                          0.00       3.75 r
  library setup time                                     -0.11       3.64
  data required time                                                 3.64
  --------------------------------------------------------------------------
  data required time                                                 3.64
  data arrival time                                                 -3.57
  --------------------------------------------------------------------------
  slack (MET)                                                        0.07


  Startpoint: commit_if[0].valid
              (input port clocked by CLK)
  Endpoint: g_commit_arbs[0].commit_arb/g_input_select.g_arbiter.g_out_buf[0].out_buf/g_eb1.pipe_buffer/g_register.g_pipe_regs[0].pipe_register/g_shift_register/g_shift.pipe_reg[0][49]
            (rising edge-triggered flip-flop clocked by CLK)
  Path Group: INREG
  Path Type: max

  Des/Clust/Port     Wire Load Model       Library
  ------------------------------------------------
  VX_commit          5K_hvratio_1_1        NangateOpenCellLibrary_ss0p95v125c

  Point                                                   Incr       Path
  --------------------------------------------------------------------------
  clock CLK (rise edge)                                   0.00       0.00
  clock network delay (ideal)                             0.00       0.00
  input external delay                                    1.20       1.20 r
  commit_if[0].valid (in)                                 0.49       1.69 r
  U656/Z (CLKBUF_X1)                                      0.57       2.27 r
  U668/ZN (NOR3_X1)                                       0.09       2.36 f
  U657/Z (CLKBUF_X3)                                      0.40       2.76 f
  U662/Z (CLKBUF_X1)                                      0.47       3.24 f
  U1199/ZN (AOI22_X1)                                     0.25       3.49 r
  U1200/ZN (NAND2_X1)                                     0.07       3.56 f
  g_commit_arbs[0].commit_arb/g_input_select.g_arbiter.g_out_buf[0].out_buf/g_eb1.pipe_buffer/g_register.g_pipe_regs[0].pipe_register/g_shift_register/g_shift.pipe_reg[0][49]/D (DFF_X1)
                                                          0.01       3.57 f
  data arrival time                                                  3.57

  clock CLK (rise edge)                                   4.00       4.00
  clock network delay (ideal)                             0.00       4.00
  clock uncertainty                                      -0.25       3.75
  g_commit_arbs[0].commit_arb/g_input_select.g_arbiter.g_out_buf[0].out_buf/g_eb1.pipe_buffer/g_register.g_pipe_regs[0].pipe_register/g_shift_register/g_shift.pipe_reg[0][49]/CK (DFF_X1)
                                                          0.00       3.75 r
  library setup time                                     -0.11       3.64
  data required time                                                 3.64
  --------------------------------------------------------------------------
  data required time                                                 3.64
  data arrival time                                                 -3.57
  --------------------------------------------------------------------------
  slack (MET)                                                        0.07


  Startpoint: commit_if[0].valid
              (input port clocked by CLK)
  Endpoint: g_commit_arbs[0].commit_arb/g_input_select.g_arbiter.g_out_buf[0].out_buf/g_eb1.pipe_buffer/g_register.g_pipe_regs[0].pipe_register/g_shift_register/g_shift.pipe_reg[0][50]
            (rising edge-triggered flip-flop clocked by CLK)
  Path Group: INREG
  Path Type: max

  Des/Clust/Port     Wire Load Model       Library
  ------------------------------------------------
  VX_commit          5K_hvratio_1_1        NangateOpenCellLibrary_ss0p95v125c

  Point                                                   Incr       Path
  --------------------------------------------------------------------------
  clock CLK (rise edge)                                   0.00       0.00
  clock network delay (ideal)                             0.00       0.00
  input external delay                                    1.20       1.20 r
  commit_if[0].valid (in)                                 0.49       1.69 r
  U656/Z (CLKBUF_X1)                                      0.57       2.27 r
  U668/ZN (NOR3_X1)                                       0.09       2.36 f
  U657/Z (CLKBUF_X3)                                      0.40       2.76 f
  U662/Z (CLKBUF_X1)                                      0.47       3.24 f
  U1196/ZN (AOI22_X1)                                     0.25       3.49 r
  U1197/ZN (NAND2_X1)                                     0.07       3.56 f
  g_commit_arbs[0].commit_arb/g_input_select.g_arbiter.g_out_buf[0].out_buf/g_eb1.pipe_buffer/g_register.g_pipe_regs[0].pipe_register/g_shift_register/g_shift.pipe_reg[0][50]/D (DFF_X1)
                                                          0.01       3.57 f
  data arrival time                                                  3.57

  clock CLK (rise edge)                                   4.00       4.00
  clock network delay (ideal)                             0.00       4.00
  clock uncertainty                                      -0.25       3.75
  g_commit_arbs[0].commit_arb/g_input_select.g_arbiter.g_out_buf[0].out_buf/g_eb1.pipe_buffer/g_register.g_pipe_regs[0].pipe_register/g_shift_register/g_shift.pipe_reg[0][50]/CK (DFF_X1)
                                                          0.00       3.75 r
  library setup time                                     -0.11       3.64
  data required time                                                 3.64
  --------------------------------------------------------------------------
  data required time                                                 3.64
  data arrival time                                                 -3.57
  --------------------------------------------------------------------------
  slack (MET)                                                        0.07


  Startpoint: commit_if[0].valid
              (input port clocked by CLK)
  Endpoint: g_commit_arbs[0].commit_arb/g_input_select.g_arbiter.g_out_buf[0].out_buf/g_eb1.pipe_buffer/g_register.g_pipe_regs[0].pipe_register/g_shift_register/g_shift.pipe_reg[0][57]
            (rising edge-triggered flip-flop clocked by CLK)
  Path Group: INREG
  Path Type: max

  Des/Clust/Port     Wire Load Model       Library
  ------------------------------------------------
  VX_commit          5K_hvratio_1_1        NangateOpenCellLibrary_ss0p95v125c

  Point                                                   Incr       Path
  --------------------------------------------------------------------------
  clock CLK (rise edge)                                   0.00       0.00
  clock network delay (ideal)                             0.00       0.00
  input external delay                                    1.20       1.20 r
  commit_if[0].valid (in)                                 0.49       1.69 r
  U656/Z (CLKBUF_X1)                                      0.57       2.27 r
  U668/ZN (NOR3_X1)                                       0.09       2.36 f
  U657/Z (CLKBUF_X3)                                      0.40       2.76 f
  U662/Z (CLKBUF_X1)                                      0.47       3.24 f
  U1175/ZN (AOI22_X1)                                     0.25       3.49 r
  U1176/ZN (NAND2_X1)                                     0.07       3.56 f
  g_commit_arbs[0].commit_arb/g_input_select.g_arbiter.g_out_buf[0].out_buf/g_eb1.pipe_buffer/g_register.g_pipe_regs[0].pipe_register/g_shift_register/g_shift.pipe_reg[0][57]/D (DFF_X1)
                                                          0.01       3.57 f
  data arrival time                                                  3.57

  clock CLK (rise edge)                                   4.00       4.00
  clock network delay (ideal)                             0.00       4.00
  clock uncertainty                                      -0.25       3.75
  g_commit_arbs[0].commit_arb/g_input_select.g_arbiter.g_out_buf[0].out_buf/g_eb1.pipe_buffer/g_register.g_pipe_regs[0].pipe_register/g_shift_register/g_shift.pipe_reg[0][57]/CK (DFF_X1)
                                                          0.00       3.75 r
  library setup time                                     -0.11       3.64
  data required time                                                 3.64
  --------------------------------------------------------------------------
  data required time                                                 3.64
  data arrival time                                                 -3.57
  --------------------------------------------------------------------------
  slack (MET)                                                        0.07


  Startpoint: commit_if[0].valid
              (input port clocked by CLK)
  Endpoint: g_commit_arbs[0].commit_arb/g_input_select.g_arbiter.g_out_buf[0].out_buf/g_eb1.pipe_buffer/g_register.g_pipe_regs[0].pipe_register/g_shift_register/g_shift.pipe_reg[0][144]
            (rising edge-triggered flip-flop clocked by CLK)
  Path Group: INREG
  Path Type: max

  Des/Clust/Port     Wire Load Model       Library
  ------------------------------------------------
  VX_commit          5K_hvratio_1_1        NangateOpenCellLibrary_ss0p95v125c

  Point                                                   Incr       Path
  --------------------------------------------------------------------------
  clock CLK (rise edge)                                   0.00       0.00
  clock network delay (ideal)                             0.00       0.00
  input external delay                                    1.20       1.20 r
  commit_if[0].valid (in)                                 0.49       1.69 r
  U656/Z (CLKBUF_X1)                                      0.57       2.27 r
  U668/ZN (NOR3_X1)                                       0.09       2.36 f
  U657/Z (CLKBUF_X3)                                      0.40       2.76 f
  U665/Z (CLKBUF_X1)                                      0.47       3.24 f
  U913/ZN (AOI22_X1)                                      0.25       3.49 r
  U914/ZN (NAND2_X1)                                      0.07       3.56 f
  g_commit_arbs[0].commit_arb/g_input_select.g_arbiter.g_out_buf[0].out_buf/g_eb1.pipe_buffer/g_register.g_pipe_regs[0].pipe_register/g_shift_register/g_shift.pipe_reg[0][144]/D (DFF_X1)
                                                          0.01       3.57 f
  data arrival time                                                  3.57

  clock CLK (rise edge)                                   4.00       4.00
  clock network delay (ideal)                             0.00       4.00
  clock uncertainty                                      -0.25       3.75
  g_commit_arbs[0].commit_arb/g_input_select.g_arbiter.g_out_buf[0].out_buf/g_eb1.pipe_buffer/g_register.g_pipe_regs[0].pipe_register/g_shift_register/g_shift.pipe_reg[0][144]/CK (DFF_X1)
                                                          0.00       3.75 r
  library setup time                                     -0.11       3.64
  data required time                                                 3.64
  --------------------------------------------------------------------------
  data required time                                                 3.64
  data arrival time                                                 -3.57
  --------------------------------------------------------------------------
  slack (MET)                                                        0.07


  Startpoint: commit_if[0].valid
              (input port clocked by CLK)
  Endpoint: g_commit_arbs[0].commit_arb/g_input_select.g_arbiter.g_out_buf[0].out_buf/g_eb1.pipe_buffer/g_register.g_pipe_regs[0].pipe_register/g_shift_register/g_shift.pipe_reg[0][147]
            (rising edge-triggered flip-flop clocked by CLK)
  Path Group: INREG
  Path Type: max

  Des/Clust/Port     Wire Load Model       Library
  ------------------------------------------------
  VX_commit          5K_hvratio_1_1        NangateOpenCellLibrary_ss0p95v125c

  Point                                                   Incr       Path
  --------------------------------------------------------------------------
  clock CLK (rise edge)                                   0.00       0.00
  clock network delay (ideal)                             0.00       0.00
  input external delay                                    1.20       1.20 r
  commit_if[0].valid (in)                                 0.49       1.69 r
  U656/Z (CLKBUF_X1)                                      0.57       2.27 r
  U668/ZN (NOR3_X1)                                       0.09       2.36 f
  U657/Z (CLKBUF_X3)                                      0.40       2.76 f
  U662/Z (CLKBUF_X1)                                      0.47       3.24 f
  U904/ZN (AOI22_X1)                                      0.25       3.49 r
  U905/ZN (NAND2_X1)                                      0.07       3.56 f
  g_commit_arbs[0].commit_arb/g_input_select.g_arbiter.g_out_buf[0].out_buf/g_eb1.pipe_buffer/g_register.g_pipe_regs[0].pipe_register/g_shift_register/g_shift.pipe_reg[0][147]/D (DFF_X1)
                                                          0.01       3.57 f
  data arrival time                                                  3.57

  clock CLK (rise edge)                                   4.00       4.00
  clock network delay (ideal)                             0.00       4.00
  clock uncertainty                                      -0.25       3.75
  g_commit_arbs[0].commit_arb/g_input_select.g_arbiter.g_out_buf[0].out_buf/g_eb1.pipe_buffer/g_register.g_pipe_regs[0].pipe_register/g_shift_register/g_shift.pipe_reg[0][147]/CK (DFF_X1)
                                                          0.00       3.75 r
  library setup time                                     -0.11       3.64
  data required time                                                 3.64
  --------------------------------------------------------------------------
  data required time                                                 3.64
  data arrival time                                                 -3.57
  --------------------------------------------------------------------------
  slack (MET)                                                        0.07


  Startpoint: commit_if[0].valid
              (input port clocked by CLK)
  Endpoint: g_commit_arbs[0].commit_arb/g_input_select.g_arbiter.g_out_buf[0].out_buf/g_eb1.pipe_buffer/g_register.g_pipe_regs[0].pipe_register/g_shift_register/g_shift.pipe_reg[0][152]
            (rising edge-triggered flip-flop clocked by CLK)
  Path Group: INREG
  Path Type: max

  Des/Clust/Port     Wire Load Model       Library
  ------------------------------------------------
  VX_commit          5K_hvratio_1_1        NangateOpenCellLibrary_ss0p95v125c

  Point                                                   Incr       Path
  --------------------------------------------------------------------------
  clock CLK (rise edge)                                   0.00       0.00
  clock network delay (ideal)                             0.00       0.00
  input external delay                                    1.20       1.20 r
  commit_if[0].valid (in)                                 0.49       1.69 r
  U656/Z (CLKBUF_X1)                                      0.57       2.27 r
  U668/ZN (NOR3_X1)                                       0.09       2.36 f
  U657/Z (CLKBUF_X3)                                      0.40       2.76 f
  U665/Z (CLKBUF_X1)                                      0.47       3.24 f
  U889/ZN (AOI22_X1)                                      0.25       3.49 r
  U890/ZN (NAND2_X1)                                      0.07       3.56 f
  g_commit_arbs[0].commit_arb/g_input_select.g_arbiter.g_out_buf[0].out_buf/g_eb1.pipe_buffer/g_register.g_pipe_regs[0].pipe_register/g_shift_register/g_shift.pipe_reg[0][152]/D (DFF_X1)
                                                          0.01       3.57 f
  data arrival time                                                  3.57

  clock CLK (rise edge)                                   4.00       4.00
  clock network delay (ideal)                             0.00       4.00
  clock uncertainty                                      -0.25       3.75
  g_commit_arbs[0].commit_arb/g_input_select.g_arbiter.g_out_buf[0].out_buf/g_eb1.pipe_buffer/g_register.g_pipe_regs[0].pipe_register/g_shift_register/g_shift.pipe_reg[0][152]/CK (DFF_X1)
                                                          0.00       3.75 r
  library setup time                                     -0.11       3.64
  data required time                                                 3.64
  --------------------------------------------------------------------------
  data required time                                                 3.64
  data arrival time                                                 -3.57
  --------------------------------------------------------------------------
  slack (MET)                                                        0.07


  Startpoint: commit_if[0].valid
              (input port clocked by CLK)
  Endpoint: g_commit_arbs[0].commit_arb/g_input_select.g_arbiter.g_out_buf[0].out_buf/g_eb1.pipe_buffer/g_register.g_pipe_regs[0].pipe_register/g_shift_register/g_shift.pipe_reg[0][51]
            (rising edge-triggered flip-flop clocked by CLK)
  Path Group: INREG
  Path Type: max

  Des/Clust/Port     Wire Load Model       Library
  ------------------------------------------------
  VX_commit          5K_hvratio_1_1        NangateOpenCellLibrary_ss0p95v125c

  Point                                                   Incr       Path
  --------------------------------------------------------------------------
  clock CLK (rise edge)                                   0.00       0.00
  clock network delay (ideal)                             0.00       0.00
  input external delay                                    1.20       1.20 r
  commit_if[0].valid (in)                                 0.49       1.69 r
  U656/Z (CLKBUF_X1)                                      0.57       2.27 r
  U668/ZN (NOR3_X1)                                       0.09       2.36 f
  U657/Z (CLKBUF_X3)                                      0.40       2.76 f
  U662/Z (CLKBUF_X1)                                      0.47       3.24 f
  U1193/ZN (AOI22_X1)                                     0.25       3.49 r
  U1194/ZN (NAND2_X1)                                     0.07       3.56 f
  g_commit_arbs[0].commit_arb/g_input_select.g_arbiter.g_out_buf[0].out_buf/g_eb1.pipe_buffer/g_register.g_pipe_regs[0].pipe_register/g_shift_register/g_shift.pipe_reg[0][51]/D (DFF_X1)
                                                          0.01       3.57 f
  data arrival time                                                  3.57

  clock CLK (rise edge)                                   4.00       4.00
  clock network delay (ideal)                             0.00       4.00
  clock uncertainty                                      -0.25       3.75
  g_commit_arbs[0].commit_arb/g_input_select.g_arbiter.g_out_buf[0].out_buf/g_eb1.pipe_buffer/g_register.g_pipe_regs[0].pipe_register/g_shift_register/g_shift.pipe_reg[0][51]/CK (DFF_X1)
                                                          0.00       3.75 r
  library setup time                                     -0.11       3.64
  data required time                                                 3.64
  --------------------------------------------------------------------------
  data required time                                                 3.64
  data arrival time                                                 -3.57
  --------------------------------------------------------------------------
  slack (MET)                                                        0.07


  Startpoint: commit_if[0].valid
              (input port clocked by CLK)
  Endpoint: g_commit_arbs[0].commit_arb/g_input_select.g_arbiter.g_out_buf[0].out_buf/g_eb1.pipe_buffer/g_register.g_pipe_regs[0].pipe_register/g_shift_register/g_shift.pipe_reg[0][54]
            (rising edge-triggered flip-flop clocked by CLK)
  Path Group: INREG
  Path Type: max

  Des/Clust/Port     Wire Load Model       Library
  ------------------------------------------------
  VX_commit          5K_hvratio_1_1        NangateOpenCellLibrary_ss0p95v125c

  Point                                                   Incr       Path
  --------------------------------------------------------------------------
  clock CLK (rise edge)                                   0.00       0.00
  clock network delay (ideal)                             0.00       0.00
  input external delay                                    1.20       1.20 r
  commit_if[0].valid (in)                                 0.49       1.69 r
  U656/Z (CLKBUF_X1)                                      0.57       2.27 r
  U668/ZN (NOR3_X1)                                       0.09       2.36 f
  U657/Z (CLKBUF_X3)                                      0.40       2.76 f
  U662/Z (CLKBUF_X1)                                      0.47       3.24 f
  U1184/ZN (AOI22_X1)                                     0.25       3.49 r
  U1185/ZN (NAND2_X1)                                     0.07       3.56 f
  g_commit_arbs[0].commit_arb/g_input_select.g_arbiter.g_out_buf[0].out_buf/g_eb1.pipe_buffer/g_register.g_pipe_regs[0].pipe_register/g_shift_register/g_shift.pipe_reg[0][54]/D (DFF_X1)
                                                          0.01       3.57 f
  data arrival time                                                  3.57

  clock CLK (rise edge)                                   4.00       4.00
  clock network delay (ideal)                             0.00       4.00
  clock uncertainty                                      -0.25       3.75
  g_commit_arbs[0].commit_arb/g_input_select.g_arbiter.g_out_buf[0].out_buf/g_eb1.pipe_buffer/g_register.g_pipe_regs[0].pipe_register/g_shift_register/g_shift.pipe_reg[0][54]/CK (DFF_X1)
                                                          0.00       3.75 r
  library setup time                                     -0.11       3.64
  data required time                                                 3.64
  --------------------------------------------------------------------------
  data required time                                                 3.64
  data arrival time                                                 -3.57
  --------------------------------------------------------------------------
  slack (MET)                                                        0.07


  Startpoint: commit_if[0].valid
              (input port clocked by CLK)
  Endpoint: g_commit_arbs[0].commit_arb/g_input_select.g_arbiter.g_out_buf[0].out_buf/g_eb1.pipe_buffer/g_register.g_pipe_regs[0].pipe_register/g_shift_register/g_shift.pipe_reg[0][56]
            (rising edge-triggered flip-flop clocked by CLK)
  Path Group: INREG
  Path Type: max

  Des/Clust/Port     Wire Load Model       Library
  ------------------------------------------------
  VX_commit          5K_hvratio_1_1        NangateOpenCellLibrary_ss0p95v125c

  Point                                                   Incr       Path
  --------------------------------------------------------------------------
  clock CLK (rise edge)                                   0.00       0.00
  clock network delay (ideal)                             0.00       0.00
  input external delay                                    1.20       1.20 r
  commit_if[0].valid (in)                                 0.49       1.69 r
  U656/Z (CLKBUF_X1)                                      0.57       2.27 r
  U668/ZN (NOR3_X1)                                       0.09       2.36 f
  U657/Z (CLKBUF_X3)                                      0.40       2.76 f
  U662/Z (CLKBUF_X1)                                      0.47       3.24 f
  U1178/ZN (AOI22_X1)                                     0.25       3.49 r
  U1179/ZN (NAND2_X1)                                     0.07       3.56 f
  g_commit_arbs[0].commit_arb/g_input_select.g_arbiter.g_out_buf[0].out_buf/g_eb1.pipe_buffer/g_register.g_pipe_regs[0].pipe_register/g_shift_register/g_shift.pipe_reg[0][56]/D (DFF_X1)
                                                          0.01       3.57 f
  data arrival time                                                  3.57

  clock CLK (rise edge)                                   4.00       4.00
  clock network delay (ideal)                             0.00       4.00
  clock uncertainty                                      -0.25       3.75
  g_commit_arbs[0].commit_arb/g_input_select.g_arbiter.g_out_buf[0].out_buf/g_eb1.pipe_buffer/g_register.g_pipe_regs[0].pipe_register/g_shift_register/g_shift.pipe_reg[0][56]/CK (DFF_X1)
                                                          0.00       3.75 r
  library setup time                                     -0.11       3.64
  data required time                                                 3.64
  --------------------------------------------------------------------------
  data required time                                                 3.64
  data arrival time                                                 -3.57
  --------------------------------------------------------------------------
  slack (MET)                                                        0.07


  Startpoint: commit_if[0].valid
              (input port clocked by CLK)
  Endpoint: g_commit_arbs[0].commit_arb/g_input_select.g_arbiter.g_out_buf[0].out_buf/g_eb1.pipe_buffer/g_register.g_pipe_regs[0].pipe_register/g_shift_register/g_shift.pipe_reg[0][58]
            (rising edge-triggered flip-flop clocked by CLK)
  Path Group: INREG
  Path Type: max

  Des/Clust/Port     Wire Load Model       Library
  ------------------------------------------------
  VX_commit          5K_hvratio_1_1        NangateOpenCellLibrary_ss0p95v125c

  Point                                                   Incr       Path
  --------------------------------------------------------------------------
  clock CLK (rise edge)                                   0.00       0.00
  clock network delay (ideal)                             0.00       0.00
  input external delay                                    1.20       1.20 r
  commit_if[0].valid (in)                                 0.49       1.69 r
  U656/Z (CLKBUF_X1)                                      0.57       2.27 r
  U668/ZN (NOR3_X1)                                       0.09       2.36 f
  U657/Z (CLKBUF_X3)                                      0.40       2.76 f
  U662/Z (CLKBUF_X1)                                      0.47       3.24 f
  U1172/ZN (AOI22_X1)                                     0.25       3.49 r
  U1173/ZN (NAND2_X1)                                     0.07       3.56 f
  g_commit_arbs[0].commit_arb/g_input_select.g_arbiter.g_out_buf[0].out_buf/g_eb1.pipe_buffer/g_register.g_pipe_regs[0].pipe_register/g_shift_register/g_shift.pipe_reg[0][58]/D (DFF_X1)
                                                          0.01       3.57 f
  data arrival time                                                  3.57

  clock CLK (rise edge)                                   4.00       4.00
  clock network delay (ideal)                             0.00       4.00
  clock uncertainty                                      -0.25       3.75
  g_commit_arbs[0].commit_arb/g_input_select.g_arbiter.g_out_buf[0].out_buf/g_eb1.pipe_buffer/g_register.g_pipe_regs[0].pipe_register/g_shift_register/g_shift.pipe_reg[0][58]/CK (DFF_X1)
                                                          0.00       3.75 r
  library setup time                                     -0.11       3.64
  data required time                                                 3.64
  --------------------------------------------------------------------------
  data required time                                                 3.64
  data arrival time                                                 -3.57
  --------------------------------------------------------------------------
  slack (MET)                                                        0.07


  Startpoint: commit_if[0].valid
              (input port clocked by CLK)
  Endpoint: g_commit_arbs[0].commit_arb/g_input_select.g_arbiter.g_out_buf[0].out_buf/g_eb1.pipe_buffer/g_register.g_pipe_regs[0].pipe_register/g_shift_register/g_shift.pipe_reg[0][153]
            (rising edge-triggered flip-flop clocked by CLK)
  Path Group: INREG
  Path Type: max

  Des/Clust/Port     Wire Load Model       Library
  ------------------------------------------------
  VX_commit          5K_hvratio_1_1        NangateOpenCellLibrary_ss0p95v125c

  Point                                                   Incr       Path
  --------------------------------------------------------------------------
  clock CLK (rise edge)                                   0.00       0.00
  clock network delay (ideal)                             0.00       0.00
  input external delay                                    1.20       1.20 r
  commit_if[0].valid (in)                                 0.49       1.69 r
  U656/Z (CLKBUF_X1)                                      0.57       2.27 r
  U668/ZN (NOR3_X1)                                       0.09       2.36 f
  U657/Z (CLKBUF_X3)                                      0.40       2.76 f
  U662/Z (CLKBUF_X1)                                      0.47       3.24 f
  U886/ZN (AOI22_X1)                                      0.25       3.49 r
  U887/ZN (NAND2_X1)                                      0.07       3.56 f
  g_commit_arbs[0].commit_arb/g_input_select.g_arbiter.g_out_buf[0].out_buf/g_eb1.pipe_buffer/g_register.g_pipe_regs[0].pipe_register/g_shift_register/g_shift.pipe_reg[0][153]/D (DFF_X1)
                                                          0.01       3.57 f
  data arrival time                                                  3.57

  clock CLK (rise edge)                                   4.00       4.00
  clock network delay (ideal)                             0.00       4.00
  clock uncertainty                                      -0.25       3.75
  g_commit_arbs[0].commit_arb/g_input_select.g_arbiter.g_out_buf[0].out_buf/g_eb1.pipe_buffer/g_register.g_pipe_regs[0].pipe_register/g_shift_register/g_shift.pipe_reg[0][153]/CK (DFF_X1)
                                                          0.00       3.75 r
  library setup time                                     -0.11       3.64
  data required time                                                 3.64
  --------------------------------------------------------------------------
  data required time                                                 3.64
  data arrival time                                                 -3.57
  --------------------------------------------------------------------------
  slack (MET)                                                        0.07


  Startpoint: commit_if[0].valid
              (input port clocked by CLK)
  Endpoint: g_commit_arbs[0].commit_arb/g_input_select.g_arbiter.g_out_buf[0].out_buf/g_eb1.pipe_buffer/g_register.g_pipe_regs[0].pipe_register/g_shift_register/g_shift.pipe_reg[0][156]
            (rising edge-triggered flip-flop clocked by CLK)
  Path Group: INREG
  Path Type: max

  Des/Clust/Port     Wire Load Model       Library
  ------------------------------------------------
  VX_commit          5K_hvratio_1_1        NangateOpenCellLibrary_ss0p95v125c

  Point                                                   Incr       Path
  --------------------------------------------------------------------------
  clock CLK (rise edge)                                   0.00       0.00
  clock network delay (ideal)                             0.00       0.00
  input external delay                                    1.20       1.20 r
  commit_if[0].valid (in)                                 0.49       1.69 r
  U656/Z (CLKBUF_X1)                                      0.57       2.27 r
  U668/ZN (NOR3_X1)                                       0.09       2.36 f
  U657/Z (CLKBUF_X3)                                      0.40       2.76 f
  U665/Z (CLKBUF_X1)                                      0.47       3.24 f
  U877/ZN (AOI22_X1)                                      0.25       3.49 r
  U878/ZN (NAND2_X1)                                      0.07       3.56 f
  g_commit_arbs[0].commit_arb/g_input_select.g_arbiter.g_out_buf[0].out_buf/g_eb1.pipe_buffer/g_register.g_pipe_regs[0].pipe_register/g_shift_register/g_shift.pipe_reg[0][156]/D (DFF_X1)
                                                          0.01       3.57 f
  data arrival time                                                  3.57

  clock CLK (rise edge)                                   4.00       4.00
  clock network delay (ideal)                             0.00       4.00
  clock uncertainty                                      -0.25       3.75
  g_commit_arbs[0].commit_arb/g_input_select.g_arbiter.g_out_buf[0].out_buf/g_eb1.pipe_buffer/g_register.g_pipe_regs[0].pipe_register/g_shift_register/g_shift.pipe_reg[0][156]/CK (DFF_X1)
                                                          0.00       3.75 r
  library setup time                                     -0.11       3.64
  data required time                                                 3.64
  --------------------------------------------------------------------------
  data required time                                                 3.64
  data arrival time                                                 -3.57
  --------------------------------------------------------------------------
  slack (MET)                                                        0.07


  Startpoint: commit_if[0].valid
              (input port clocked by CLK)
  Endpoint: g_commit_arbs[0].commit_arb/g_input_select.g_arbiter.g_out_buf[0].out_buf/g_eb1.pipe_buffer/g_register.g_pipe_regs[0].pipe_register/g_shift_register/g_shift.pipe_reg[0][159]
            (rising edge-triggered flip-flop clocked by CLK)
  Path Group: INREG
  Path Type: max

  Des/Clust/Port     Wire Load Model       Library
  ------------------------------------------------
  VX_commit          5K_hvratio_1_1        NangateOpenCellLibrary_ss0p95v125c

  Point                                                   Incr       Path
  --------------------------------------------------------------------------
  clock CLK (rise edge)                                   0.00       0.00
  clock network delay (ideal)                             0.00       0.00
  input external delay                                    1.20       1.20 r
  commit_if[0].valid (in)                                 0.49       1.69 r
  U656/Z (CLKBUF_X1)                                      0.57       2.27 r
  U668/ZN (NOR3_X1)                                       0.09       2.36 f
  U657/Z (CLKBUF_X3)                                      0.40       2.76 f
  U662/Z (CLKBUF_X1)                                      0.47       3.24 f
  U868/ZN (AOI22_X1)                                      0.25       3.49 r
  U869/ZN (NAND2_X1)                                      0.07       3.56 f
  g_commit_arbs[0].commit_arb/g_input_select.g_arbiter.g_out_buf[0].out_buf/g_eb1.pipe_buffer/g_register.g_pipe_regs[0].pipe_register/g_shift_register/g_shift.pipe_reg[0][159]/D (DFF_X1)
                                                          0.01       3.57 f
  data arrival time                                                  3.57

  clock CLK (rise edge)                                   4.00       4.00
  clock network delay (ideal)                             0.00       4.00
  clock uncertainty                                      -0.25       3.75
  g_commit_arbs[0].commit_arb/g_input_select.g_arbiter.g_out_buf[0].out_buf/g_eb1.pipe_buffer/g_register.g_pipe_regs[0].pipe_register/g_shift_register/g_shift.pipe_reg[0][159]/CK (DFF_X1)
                                                          0.00       3.75 r
  library setup time                                     -0.11       3.64
  data required time                                                 3.64
  --------------------------------------------------------------------------
  data required time                                                 3.64
  data arrival time                                                 -3.57
  --------------------------------------------------------------------------
  slack (MET)                                                        0.07


  Startpoint: commit_if[0].valid
              (input port clocked by CLK)
  Endpoint: g_commit_arbs[0].commit_arb/g_input_select.g_arbiter.g_out_buf[0].out_buf/g_eb1.pipe_buffer/g_register.g_pipe_regs[0].pipe_register/g_shift_register/g_shift.pipe_reg[0][4]
            (rising edge-triggered flip-flop clocked by CLK)
  Path Group: INREG
  Path Type: max

  Des/Clust/Port     Wire Load Model       Library
  ------------------------------------------------
  VX_commit          5K_hvratio_1_1        NangateOpenCellLibrary_ss0p95v125c

  Point                                                   Incr       Path
  --------------------------------------------------------------------------
  clock CLK (rise edge)                                   0.00       0.00
  clock network delay (ideal)                             0.00       0.00
  input external delay                                    1.20       1.20 r
  commit_if[0].valid (in)                                 0.49       1.69 r
  U656/Z (CLKBUF_X1)                                      0.57       2.27 r
  U668/ZN (NOR3_X1)                                       0.09       2.36 f
  U657/Z (CLKBUF_X3)                                      0.40       2.76 f
  U665/Z (CLKBUF_X1)                                      0.47       3.24 f
  U1334/ZN (AOI22_X1)                                     0.25       3.49 r
  U1335/ZN (NAND2_X1)                                     0.07       3.56 f
  g_commit_arbs[0].commit_arb/g_input_select.g_arbiter.g_out_buf[0].out_buf/g_eb1.pipe_buffer/g_register.g_pipe_regs[0].pipe_register/g_shift_register/g_shift.pipe_reg[0][4]/D (DFF_X1)
                                                          0.01       3.57 f
  data arrival time                                                  3.57

  clock CLK (rise edge)                                   4.00       4.00
  clock network delay (ideal)                             0.00       4.00
  clock uncertainty                                      -0.25       3.75
  g_commit_arbs[0].commit_arb/g_input_select.g_arbiter.g_out_buf[0].out_buf/g_eb1.pipe_buffer/g_register.g_pipe_regs[0].pipe_register/g_shift_register/g_shift.pipe_reg[0][4]/CK (DFF_X1)
                                                          0.00       3.75 r
  library setup time                                     -0.11       3.64
  data required time                                                 3.64
  --------------------------------------------------------------------------
  data required time                                                 3.64
  data arrival time                                                 -3.57
  --------------------------------------------------------------------------
  slack (MET)                                                        0.07


  Startpoint: commit_if[0].valid
              (input port clocked by CLK)
  Endpoint: g_commit_arbs[0].commit_arb/g_input_select.g_arbiter.g_out_buf[0].out_buf/g_eb1.pipe_buffer/g_register.g_pipe_regs[0].pipe_register/g_shift_register/g_shift.pipe_reg[0][7]
            (rising edge-triggered flip-flop clocked by CLK)
  Path Group: INREG
  Path Type: max

  Des/Clust/Port     Wire Load Model       Library
  ------------------------------------------------
  VX_commit          5K_hvratio_1_1        NangateOpenCellLibrary_ss0p95v125c

  Point                                                   Incr       Path
  --------------------------------------------------------------------------
  clock CLK (rise edge)                                   0.00       0.00
  clock network delay (ideal)                             0.00       0.00
  input external delay                                    1.20       1.20 r
  commit_if[0].valid (in)                                 0.49       1.69 r
  U656/Z (CLKBUF_X1)                                      0.57       2.27 r
  U668/ZN (NOR3_X1)                                       0.09       2.36 f
  U657/Z (CLKBUF_X3)                                      0.40       2.76 f
  U665/Z (CLKBUF_X1)                                      0.47       3.24 f
  U1325/ZN (AOI22_X1)                                     0.25       3.49 r
  U1326/ZN (NAND2_X1)                                     0.07       3.56 f
  g_commit_arbs[0].commit_arb/g_input_select.g_arbiter.g_out_buf[0].out_buf/g_eb1.pipe_buffer/g_register.g_pipe_regs[0].pipe_register/g_shift_register/g_shift.pipe_reg[0][7]/D (DFF_X1)
                                                          0.01       3.57 f
  data arrival time                                                  3.57

  clock CLK (rise edge)                                   4.00       4.00
  clock network delay (ideal)                             0.00       4.00
  clock uncertainty                                      -0.25       3.75
  g_commit_arbs[0].commit_arb/g_input_select.g_arbiter.g_out_buf[0].out_buf/g_eb1.pipe_buffer/g_register.g_pipe_regs[0].pipe_register/g_shift_register/g_shift.pipe_reg[0][7]/CK (DFF_X1)
                                                          0.00       3.75 r
  library setup time                                     -0.11       3.64
  data required time                                                 3.64
  --------------------------------------------------------------------------
  data required time                                                 3.64
  data arrival time                                                 -3.57
  --------------------------------------------------------------------------
  slack (MET)                                                        0.07


  Startpoint: commit_if[0].valid
              (input port clocked by CLK)
  Endpoint: g_commit_arbs[0].commit_arb/g_input_select.g_arbiter.g_out_buf[0].out_buf/g_eb1.pipe_buffer/g_register.g_pipe_regs[0].pipe_register/g_shift_register/g_shift.pipe_reg[0][73]
            (rising edge-triggered flip-flop clocked by CLK)
  Path Group: INREG
  Path Type: max

  Des/Clust/Port     Wire Load Model       Library
  ------------------------------------------------
  VX_commit          5K_hvratio_1_1        NangateOpenCellLibrary_ss0p95v125c

  Point                                                   Incr       Path
  --------------------------------------------------------------------------
  clock CLK (rise edge)                                   0.00       0.00
  clock network delay (ideal)                             0.00       0.00
  input external delay                                    1.20       1.20 r
  commit_if[0].valid (in)                                 0.49       1.69 r
  U656/Z (CLKBUF_X1)                                      0.57       2.27 r
  U668/ZN (NOR3_X1)                                       0.09       2.36 f
  U657/Z (CLKBUF_X3)                                      0.40       2.76 f
  U665/Z (CLKBUF_X1)                                      0.47       3.24 f
  U1127/ZN (AOI22_X1)                                     0.25       3.49 r
  U1128/ZN (NAND2_X1)                                     0.07       3.56 f
  g_commit_arbs[0].commit_arb/g_input_select.g_arbiter.g_out_buf[0].out_buf/g_eb1.pipe_buffer/g_register.g_pipe_regs[0].pipe_register/g_shift_register/g_shift.pipe_reg[0][73]/D (DFF_X1)
                                                          0.01       3.57 f
  data arrival time                                                  3.57

  clock CLK (rise edge)                                   4.00       4.00
  clock network delay (ideal)                             0.00       4.00
  clock uncertainty                                      -0.25       3.75
  g_commit_arbs[0].commit_arb/g_input_select.g_arbiter.g_out_buf[0].out_buf/g_eb1.pipe_buffer/g_register.g_pipe_regs[0].pipe_register/g_shift_register/g_shift.pipe_reg[0][73]/CK (DFF_X1)
                                                          0.00       3.75 r
  library setup time                                     -0.11       3.64
  data required time                                                 3.64
  --------------------------------------------------------------------------
  data required time                                                 3.64
  data arrival time                                                 -3.57
  --------------------------------------------------------------------------
  slack (MET)                                                        0.07


  Startpoint: commit_if[0].valid
              (input port clocked by CLK)
  Endpoint: g_commit_arbs[0].commit_arb/g_input_select.g_arbiter.g_out_buf[0].out_buf/g_eb1.pipe_buffer/g_register.g_pipe_regs[0].pipe_register/g_shift_register/g_shift.pipe_reg[0][74]
            (rising edge-triggered flip-flop clocked by CLK)
  Path Group: INREG
  Path Type: max

  Des/Clust/Port     Wire Load Model       Library
  ------------------------------------------------
  VX_commit          5K_hvratio_1_1        NangateOpenCellLibrary_ss0p95v125c

  Point                                                   Incr       Path
  --------------------------------------------------------------------------
  clock CLK (rise edge)                                   0.00       0.00
  clock network delay (ideal)                             0.00       0.00
  input external delay                                    1.20       1.20 r
  commit_if[0].valid (in)                                 0.49       1.69 r
  U656/Z (CLKBUF_X1)                                      0.57       2.27 r
  U668/ZN (NOR3_X1)                                       0.09       2.36 f
  U657/Z (CLKBUF_X3)                                      0.40       2.76 f
  U662/Z (CLKBUF_X1)                                      0.47       3.24 f
  U1124/ZN (AOI22_X1)                                     0.25       3.49 r
  U1125/ZN (NAND2_X1)                                     0.07       3.56 f
  g_commit_arbs[0].commit_arb/g_input_select.g_arbiter.g_out_buf[0].out_buf/g_eb1.pipe_buffer/g_register.g_pipe_regs[0].pipe_register/g_shift_register/g_shift.pipe_reg[0][74]/D (DFF_X1)
                                                          0.01       3.57 f
  data arrival time                                                  3.57

  clock CLK (rise edge)                                   4.00       4.00
  clock network delay (ideal)                             0.00       4.00
  clock uncertainty                                      -0.25       3.75
  g_commit_arbs[0].commit_arb/g_input_select.g_arbiter.g_out_buf[0].out_buf/g_eb1.pipe_buffer/g_register.g_pipe_regs[0].pipe_register/g_shift_register/g_shift.pipe_reg[0][74]/CK (DFF_X1)
                                                          0.00       3.75 r
  library setup time                                     -0.11       3.64
  data required time                                                 3.64
  --------------------------------------------------------------------------
  data required time                                                 3.64
  data arrival time                                                 -3.57
  --------------------------------------------------------------------------
  slack (MET)                                                        0.07


  Startpoint: commit_if[0].valid
              (input port clocked by CLK)
  Endpoint: g_commit_arbs[0].commit_arb/g_input_select.g_arbiter.g_out_buf[0].out_buf/g_eb1.pipe_buffer/g_register.g_pipe_regs[0].pipe_register/g_shift_register/g_shift.pipe_reg[0][76]
            (rising edge-triggered flip-flop clocked by CLK)
  Path Group: INREG
  Path Type: max

  Des/Clust/Port     Wire Load Model       Library
  ------------------------------------------------
  VX_commit          5K_hvratio_1_1        NangateOpenCellLibrary_ss0p95v125c

  Point                                                   Incr       Path
  --------------------------------------------------------------------------
  clock CLK (rise edge)                                   0.00       0.00
  clock network delay (ideal)                             0.00       0.00
  input external delay                                    1.20       1.20 r
  commit_if[0].valid (in)                                 0.49       1.69 r
  U656/Z (CLKBUF_X1)                                      0.57       2.27 r
  U668/ZN (NOR3_X1)                                       0.09       2.36 f
  U657/Z (CLKBUF_X3)                                      0.40       2.76 f
  U662/Z (CLKBUF_X1)                                      0.47       3.24 f
  U1118/ZN (AOI22_X1)                                     0.25       3.49 r
  U1119/ZN (NAND2_X1)                                     0.07       3.56 f
  g_commit_arbs[0].commit_arb/g_input_select.g_arbiter.g_out_buf[0].out_buf/g_eb1.pipe_buffer/g_register.g_pipe_regs[0].pipe_register/g_shift_register/g_shift.pipe_reg[0][76]/D (DFF_X1)
                                                          0.01       3.57 f
  data arrival time                                                  3.57

  clock CLK (rise edge)                                   4.00       4.00
  clock network delay (ideal)                             0.00       4.00
  clock uncertainty                                      -0.25       3.75
  g_commit_arbs[0].commit_arb/g_input_select.g_arbiter.g_out_buf[0].out_buf/g_eb1.pipe_buffer/g_register.g_pipe_regs[0].pipe_register/g_shift_register/g_shift.pipe_reg[0][76]/CK (DFF_X1)
                                                          0.00       3.75 r
  library setup time                                     -0.11       3.64
  data required time                                                 3.64
  --------------------------------------------------------------------------
  data required time                                                 3.64
  data arrival time                                                 -3.57
  --------------------------------------------------------------------------
  slack (MET)                                                        0.07


  Startpoint: commit_if[0].valid
              (input port clocked by CLK)
  Endpoint: g_commit_arbs[0].commit_arb/g_input_select.g_arbiter.g_out_buf[0].out_buf/g_eb1.pipe_buffer/g_register.g_pipe_regs[0].pipe_register/g_shift_register/g_shift.pipe_reg[0][133]
            (rising edge-triggered flip-flop clocked by CLK)
  Path Group: INREG
  Path Type: max

  Des/Clust/Port     Wire Load Model       Library
  ------------------------------------------------
  VX_commit          5K_hvratio_1_1        NangateOpenCellLibrary_ss0p95v125c

  Point                                                   Incr       Path
  --------------------------------------------------------------------------
  clock CLK (rise edge)                                   0.00       0.00
  clock network delay (ideal)                             0.00       0.00
  input external delay                                    1.20       1.20 r
  commit_if[0].valid (in)                                 0.49       1.69 r
  U656/Z (CLKBUF_X1)                                      0.57       2.27 r
  U668/ZN (NOR3_X1)                                       0.09       2.36 f
  U657/Z (CLKBUF_X3)                                      0.40       2.76 f
  U662/Z (CLKBUF_X1)                                      0.47       3.24 f
  U946/ZN (AOI22_X1)                                      0.25       3.49 r
  U947/ZN (NAND2_X1)                                      0.07       3.56 f
  g_commit_arbs[0].commit_arb/g_input_select.g_arbiter.g_out_buf[0].out_buf/g_eb1.pipe_buffer/g_register.g_pipe_regs[0].pipe_register/g_shift_register/g_shift.pipe_reg[0][133]/D (DFF_X1)
                                                          0.01       3.57 f
  data arrival time                                                  3.57

  clock CLK (rise edge)                                   4.00       4.00
  clock network delay (ideal)                             0.00       4.00
  clock uncertainty                                      -0.25       3.75
  g_commit_arbs[0].commit_arb/g_input_select.g_arbiter.g_out_buf[0].out_buf/g_eb1.pipe_buffer/g_register.g_pipe_regs[0].pipe_register/g_shift_register/g_shift.pipe_reg[0][133]/CK (DFF_X1)
                                                          0.00       3.75 r
  library setup time                                     -0.11       3.64
  data required time                                                 3.64
  --------------------------------------------------------------------------
  data required time                                                 3.64
  data arrival time                                                 -3.57
  --------------------------------------------------------------------------
  slack (MET)                                                        0.07


  Startpoint: commit_if[0].valid
              (input port clocked by CLK)
  Endpoint: g_commit_arbs[0].commit_arb/g_input_select.g_arbiter.g_out_buf[0].out_buf/g_eb1.pipe_buffer/g_register.g_pipe_regs[0].pipe_register/g_shift_register/g_shift.pipe_reg[0][59]
            (rising edge-triggered flip-flop clocked by CLK)
  Path Group: INREG
  Path Type: max

  Des/Clust/Port     Wire Load Model       Library
  ------------------------------------------------
  VX_commit          5K_hvratio_1_1        NangateOpenCellLibrary_ss0p95v125c

  Point                                                   Incr       Path
  --------------------------------------------------------------------------
  clock CLK (rise edge)                                   0.00       0.00
  clock network delay (ideal)                             0.00       0.00
  input external delay                                    1.20       1.20 r
  commit_if[0].valid (in)                                 0.49       1.69 r
  U656/Z (CLKBUF_X1)                                      0.57       2.27 r
  U668/ZN (NOR3_X1)                                       0.09       2.36 f
  U657/Z (CLKBUF_X3)                                      0.40       2.76 f
  U662/Z (CLKBUF_X1)                                      0.47       3.24 f
  U1169/ZN (AOI22_X1)                                     0.25       3.49 r
  U1170/ZN (NAND2_X1)                                     0.07       3.56 f
  g_commit_arbs[0].commit_arb/g_input_select.g_arbiter.g_out_buf[0].out_buf/g_eb1.pipe_buffer/g_register.g_pipe_regs[0].pipe_register/g_shift_register/g_shift.pipe_reg[0][59]/D (DFF_X1)
                                                          0.01       3.57 f
  data arrival time                                                  3.57

  clock CLK (rise edge)                                   4.00       4.00
  clock network delay (ideal)                             0.00       4.00
  clock uncertainty                                      -0.25       3.75
  g_commit_arbs[0].commit_arb/g_input_select.g_arbiter.g_out_buf[0].out_buf/g_eb1.pipe_buffer/g_register.g_pipe_regs[0].pipe_register/g_shift_register/g_shift.pipe_reg[0][59]/CK (DFF_X1)
                                                          0.00       3.75 r
  library setup time                                     -0.11       3.64
  data required time                                                 3.64
  --------------------------------------------------------------------------
  data required time                                                 3.64
  data arrival time                                                 -3.57
  --------------------------------------------------------------------------
  slack (MET)                                                        0.07


  Startpoint: commit_if[0].valid
              (input port clocked by CLK)
  Endpoint: g_commit_arbs[0].commit_arb/g_input_select.g_arbiter.g_out_buf[0].out_buf/g_eb1.pipe_buffer/g_register.g_pipe_regs[0].pipe_register/g_shift_register/g_shift.pipe_reg[0][60]
            (rising edge-triggered flip-flop clocked by CLK)
  Path Group: INREG
  Path Type: max

  Des/Clust/Port     Wire Load Model       Library
  ------------------------------------------------
  VX_commit          5K_hvratio_1_1        NangateOpenCellLibrary_ss0p95v125c

  Point                                                   Incr       Path
  --------------------------------------------------------------------------
  clock CLK (rise edge)                                   0.00       0.00
  clock network delay (ideal)                             0.00       0.00
  input external delay                                    1.20       1.20 r
  commit_if[0].valid (in)                                 0.49       1.69 r
  U656/Z (CLKBUF_X1)                                      0.57       2.27 r
  U668/ZN (NOR3_X1)                                       0.09       2.36 f
  U657/Z (CLKBUF_X3)                                      0.40       2.76 f
  U662/Z (CLKBUF_X1)                                      0.47       3.24 f
  U1166/ZN (AOI22_X1)                                     0.25       3.49 r
  U1167/ZN (NAND2_X1)                                     0.07       3.56 f
  g_commit_arbs[0].commit_arb/g_input_select.g_arbiter.g_out_buf[0].out_buf/g_eb1.pipe_buffer/g_register.g_pipe_regs[0].pipe_register/g_shift_register/g_shift.pipe_reg[0][60]/D (DFF_X1)
                                                          0.01       3.57 f
  data arrival time                                                  3.57

  clock CLK (rise edge)                                   4.00       4.00
  clock network delay (ideal)                             0.00       4.00
  clock uncertainty                                      -0.25       3.75
  g_commit_arbs[0].commit_arb/g_input_select.g_arbiter.g_out_buf[0].out_buf/g_eb1.pipe_buffer/g_register.g_pipe_regs[0].pipe_register/g_shift_register/g_shift.pipe_reg[0][60]/CK (DFF_X1)
                                                          0.00       3.75 r
  library setup time                                     -0.11       3.64
  data required time                                                 3.64
  --------------------------------------------------------------------------
  data required time                                                 3.64
  data arrival time                                                 -3.57
  --------------------------------------------------------------------------
  slack (MET)                                                        0.07


  Startpoint: g_commit_arbs[0].commit_arb/g_input_select.g_arbiter.g_out_buf[0].out_buf/g_eb1.pipe_buffer/g_register.g_pipe_regs[0].pipe_register/g_shift_register/g_shift.pipe_reg[0][177]
              (rising edge-triggered flip-flop clocked by CLK)
  Endpoint: writeback_if[0].valid
            (output port clocked by CLK)
  Path Group: REGOUT
  Path Type: max

  Des/Clust/Port     Wire Load Model       Library
  ------------------------------------------------
  VX_commit          5K_hvratio_1_1        NangateOpenCellLibrary_ss0p95v125c

  Point                                                   Incr       Path
  --------------------------------------------------------------------------
  clock CLK (rise edge)                                   0.00       0.00
  clock network delay (ideal)                             0.00       0.00
  g_commit_arbs[0].commit_arb/g_input_select.g_arbiter.g_out_buf[0].out_buf/g_eb1.pipe_buffer/g_register.g_pipe_regs[0].pipe_register/g_shift_register/g_shift.pipe_reg[0][177]/CK (DFF_X1)
                                                          0.00       0.00 r
  g_commit_arbs[0].commit_arb/g_input_select.g_arbiter.g_out_buf[0].out_buf/g_eb1.pipe_buffer/g_register.g_pipe_regs[0].pipe_register/g_shift_register/g_shift.pipe_reg[0][177]/Q (DFF_X1)
                                                          0.40       0.40 r
  U816/ZN (AND2_X1)                                       0.12       0.52 r
  writeback_if[0].valid (out)                             0.01       0.53 r
  data arrival time                                                  0.53

  clock CLK (rise edge)                                   4.00       4.00
  clock network delay (ideal)                             0.00       4.00
  clock uncertainty                                      -0.25       3.75
  output external delay                                  -1.20       2.55
  data required time                                                 2.55
  --------------------------------------------------------------------------
  data required time                                                 2.55
  data arrival time                                                 -0.53
  --------------------------------------------------------------------------
  slack (MET)                                                        2.02


  Startpoint: g_commit_arbs[0].commit_arb/g_input_select.g_arbiter.g_out_buf[0].out_buf/g_eb1.pipe_buffer/g_register.g_pipe_regs[0].pipe_register/g_shift_register/g_shift.pipe_reg[0][173]
              (rising edge-triggered flip-flop clocked by CLK)
  Endpoint: writeback_if[0].data[172]
            (output port clocked by CLK)
  Path Group: REGOUT
  Path Type: max

  Des/Clust/Port     Wire Load Model       Library
  ------------------------------------------------
  VX_commit          5K_hvratio_1_1        NangateOpenCellLibrary_ss0p95v125c

  Point                                                   Incr       Path
  --------------------------------------------------------------------------
  clock CLK (rise edge)                                   0.00       0.00
  clock network delay (ideal)                             0.00       0.00
  g_commit_arbs[0].commit_arb/g_input_select.g_arbiter.g_out_buf[0].out_buf/g_eb1.pipe_buffer/g_register.g_pipe_regs[0].pipe_register/g_shift_register/g_shift.pipe_reg[0][173]/CK (DFF_X1)
                                                          0.00       0.00 r
  g_commit_arbs[0].commit_arb/g_input_select.g_arbiter.g_out_buf[0].out_buf/g_eb1.pipe_buffer/g_register.g_pipe_regs[0].pipe_register/g_shift_register/g_shift.pipe_reg[0][173]/Q (DFF_X1)
                                                          0.38       0.38 r
  writeback_if[0].data[172] (out)                         0.01       0.39 r
  data arrival time                                                  0.39

  clock CLK (rise edge)                                   4.00       4.00
  clock network delay (ideal)                             0.00       4.00
  clock uncertainty                                      -0.25       3.75
  output external delay                                  -1.20       2.55
  data required time                                                 2.55
  --------------------------------------------------------------------------
  data required time                                                 2.55
  data arrival time                                                 -0.39
  --------------------------------------------------------------------------
  slack (MET)                                                        2.16


  Startpoint: instret_reg[2]
              (rising edge-triggered flip-flop clocked by CLK)
  Endpoint: commit_csr_if.instret[2]
            (output port clocked by CLK)
  Path Group: REGOUT
  Path Type: max

  Des/Clust/Port     Wire Load Model       Library
  ------------------------------------------------
  VX_commit          5K_hvratio_1_1        NangateOpenCellLibrary_ss0p95v125c

  Point                                    Incr       Path
  -----------------------------------------------------------
  clock CLK (rise edge)                    0.00       0.00
  clock network delay (ideal)              0.00       0.00
  instret_reg[2]/CK (DFF_X1)               0.00       0.00 r
  instret_reg[2]/Q (DFF_X1)                0.38       0.38 r
  commit_csr_if.instret[2] (out)           0.01       0.39 r
  data arrival time                                   0.39

  clock CLK (rise edge)                    4.00       4.00
  clock network delay (ideal)              0.00       4.00
  clock uncertainty                       -0.25       3.75
  output external delay                   -1.20       2.55
  data required time                                  2.55
  -----------------------------------------------------------
  data required time                                  2.55
  data arrival time                                  -0.39
  -----------------------------------------------------------
  slack (MET)                                         2.16


  Startpoint: instret_reg[1]
              (rising edge-triggered flip-flop clocked by CLK)
  Endpoint: commit_csr_if.instret[1]
            (output port clocked by CLK)
  Path Group: REGOUT
  Path Type: max

  Des/Clust/Port     Wire Load Model       Library
  ------------------------------------------------
  VX_commit          5K_hvratio_1_1        NangateOpenCellLibrary_ss0p95v125c

  Point                                    Incr       Path
  -----------------------------------------------------------
  clock CLK (rise edge)                    0.00       0.00
  clock network delay (ideal)              0.00       0.00
  instret_reg[1]/CK (DFF_X1)               0.00       0.00 r
  instret_reg[1]/Q (DFF_X1)                0.38       0.38 r
  commit_csr_if.instret[1] (out)           0.01       0.39 r
  data arrival time                                   0.39

  clock CLK (rise edge)                    4.00       4.00
  clock network delay (ideal)              0.00       4.00
  clock uncertainty                       -0.25       3.75
  output external delay                   -1.20       2.55
  data required time                                  2.55
  -----------------------------------------------------------
  data required time                                  2.55
  data arrival time                                  -0.39
  -----------------------------------------------------------
  slack (MET)                                         2.16


  Startpoint: instret_reg[29]
              (rising edge-triggered flip-flop clocked by CLK)
  Endpoint: commit_csr_if.instret[29]
            (output port clocked by CLK)
  Path Group: REGOUT
  Path Type: max

  Des/Clust/Port     Wire Load Model       Library
  ------------------------------------------------
  VX_commit          5K_hvratio_1_1        NangateOpenCellLibrary_ss0p95v125c

  Point                                    Incr       Path
  -----------------------------------------------------------
  clock CLK (rise edge)                    0.00       0.00
  clock network delay (ideal)              0.00       0.00
  instret_reg[29]/CK (DFF_X1)              0.00       0.00 r
  instret_reg[29]/Q (DFF_X1)               0.38       0.38 r
  commit_csr_if.instret[29] (out)          0.01       0.39 r
  data arrival time                                   0.39

  clock CLK (rise edge)                    4.00       4.00
  clock network delay (ideal)              0.00       4.00
  clock uncertainty                       -0.25       3.75
  output external delay                   -1.20       2.55
  data required time                                  2.55
  -----------------------------------------------------------
  data required time                                  2.55
  data arrival time                                  -0.39
  -----------------------------------------------------------
  slack (MET)                                         2.16


  Startpoint: instret_reg[27]
              (rising edge-triggered flip-flop clocked by CLK)
  Endpoint: commit_csr_if.instret[27]
            (output port clocked by CLK)
  Path Group: REGOUT
  Path Type: max

  Des/Clust/Port     Wire Load Model       Library
  ------------------------------------------------
  VX_commit          5K_hvratio_1_1        NangateOpenCellLibrary_ss0p95v125c

  Point                                    Incr       Path
  -----------------------------------------------------------
  clock CLK (rise edge)                    0.00       0.00
  clock network delay (ideal)              0.00       0.00
  instret_reg[27]/CK (DFF_X1)              0.00       0.00 r
  instret_reg[27]/Q (DFF_X1)               0.38       0.38 r
  commit_csr_if.instret[27] (out)          0.01       0.39 r
  data arrival time                                   0.39

  clock CLK (rise edge)                    4.00       4.00
  clock network delay (ideal)              0.00       4.00
  clock uncertainty                       -0.25       3.75
  output external delay                   -1.20       2.55
  data required time                                  2.55
  -----------------------------------------------------------
  data required time                                  2.55
  data arrival time                                  -0.39
  -----------------------------------------------------------
  slack (MET)                                         2.16


  Startpoint: instret_reg[25]
              (rising edge-triggered flip-flop clocked by CLK)
  Endpoint: commit_csr_if.instret[25]
            (output port clocked by CLK)
  Path Group: REGOUT
  Path Type: max

  Des/Clust/Port     Wire Load Model       Library
  ------------------------------------------------
  VX_commit          5K_hvratio_1_1        NangateOpenCellLibrary_ss0p95v125c

  Point                                    Incr       Path
  -----------------------------------------------------------
  clock CLK (rise edge)                    0.00       0.00
  clock network delay (ideal)              0.00       0.00
  instret_reg[25]/CK (DFF_X1)              0.00       0.00 r
  instret_reg[25]/Q (DFF_X1)               0.38       0.38 r
  commit_csr_if.instret[25] (out)          0.01       0.39 r
  data arrival time                                   0.39

  clock CLK (rise edge)                    4.00       4.00
  clock network delay (ideal)              0.00       4.00
  clock uncertainty                       -0.25       3.75
  output external delay                   -1.20       2.55
  data required time                                  2.55
  -----------------------------------------------------------
  data required time                                  2.55
  data arrival time                                  -0.39
  -----------------------------------------------------------
  slack (MET)                                         2.16


  Startpoint: instret_reg[23]
              (rising edge-triggered flip-flop clocked by CLK)
  Endpoint: commit_csr_if.instret[23]
            (output port clocked by CLK)
  Path Group: REGOUT
  Path Type: max

  Des/Clust/Port     Wire Load Model       Library
  ------------------------------------------------
  VX_commit          5K_hvratio_1_1        NangateOpenCellLibrary_ss0p95v125c

  Point                                    Incr       Path
  -----------------------------------------------------------
  clock CLK (rise edge)                    0.00       0.00
  clock network delay (ideal)              0.00       0.00
  instret_reg[23]/CK (DFF_X1)              0.00       0.00 r
  instret_reg[23]/Q (DFF_X1)               0.38       0.38 r
  commit_csr_if.instret[23] (out)          0.01       0.39 r
  data arrival time                                   0.39

  clock CLK (rise edge)                    4.00       4.00
  clock network delay (ideal)              0.00       4.00
  clock uncertainty                       -0.25       3.75
  output external delay                   -1.20       2.55
  data required time                                  2.55
  -----------------------------------------------------------
  data required time                                  2.55
  data arrival time                                  -0.39
  -----------------------------------------------------------
  slack (MET)                                         2.16


  Startpoint: instret_reg[21]
              (rising edge-triggered flip-flop clocked by CLK)
  Endpoint: commit_csr_if.instret[21]
            (output port clocked by CLK)
  Path Group: REGOUT
  Path Type: max

  Des/Clust/Port     Wire Load Model       Library
  ------------------------------------------------
  VX_commit          5K_hvratio_1_1        NangateOpenCellLibrary_ss0p95v125c

  Point                                    Incr       Path
  -----------------------------------------------------------
  clock CLK (rise edge)                    0.00       0.00
  clock network delay (ideal)              0.00       0.00
  instret_reg[21]/CK (DFF_X1)              0.00       0.00 r
  instret_reg[21]/Q (DFF_X1)               0.38       0.38 r
  commit_csr_if.instret[21] (out)          0.01       0.39 r
  data arrival time                                   0.39

  clock CLK (rise edge)                    4.00       4.00
  clock network delay (ideal)              0.00       4.00
  clock uncertainty                       -0.25       3.75
  output external delay                   -1.20       2.55
  data required time                                  2.55
  -----------------------------------------------------------
  data required time                                  2.55
  data arrival time                                  -0.39
  -----------------------------------------------------------
  slack (MET)                                         2.16


  Startpoint: instret_reg[19]
              (rising edge-triggered flip-flop clocked by CLK)
  Endpoint: commit_csr_if.instret[19]
            (output port clocked by CLK)
  Path Group: REGOUT
  Path Type: max

  Des/Clust/Port     Wire Load Model       Library
  ------------------------------------------------
  VX_commit          5K_hvratio_1_1        NangateOpenCellLibrary_ss0p95v125c

  Point                                    Incr       Path
  -----------------------------------------------------------
  clock CLK (rise edge)                    0.00       0.00
  clock network delay (ideal)              0.00       0.00
  instret_reg[19]/CK (DFF_X1)              0.00       0.00 r
  instret_reg[19]/Q (DFF_X1)               0.38       0.38 r
  commit_csr_if.instret[19] (out)          0.01       0.39 r
  data arrival time                                   0.39

  clock CLK (rise edge)                    4.00       4.00
  clock network delay (ideal)              0.00       4.00
  clock uncertainty                       -0.25       3.75
  output external delay                   -1.20       2.55
  data required time                                  2.55
  -----------------------------------------------------------
  data required time                                  2.55
  data arrival time                                  -0.39
  -----------------------------------------------------------
  slack (MET)                                         2.16


  Startpoint: instret_reg[17]
              (rising edge-triggered flip-flop clocked by CLK)
  Endpoint: commit_csr_if.instret[17]
            (output port clocked by CLK)
  Path Group: REGOUT
  Path Type: max

  Des/Clust/Port     Wire Load Model       Library
  ------------------------------------------------
  VX_commit          5K_hvratio_1_1        NangateOpenCellLibrary_ss0p95v125c

  Point                                    Incr       Path
  -----------------------------------------------------------
  clock CLK (rise edge)                    0.00       0.00
  clock network delay (ideal)              0.00       0.00
  instret_reg[17]/CK (DFF_X1)              0.00       0.00 r
  instret_reg[17]/Q (DFF_X1)               0.38       0.38 r
  commit_csr_if.instret[17] (out)          0.01       0.39 r
  data arrival time                                   0.39

  clock CLK (rise edge)                    4.00       4.00
  clock network delay (ideal)              0.00       4.00
  clock uncertainty                       -0.25       3.75
  output external delay                   -1.20       2.55
  data required time                                  2.55
  -----------------------------------------------------------
  data required time                                  2.55
  data arrival time                                  -0.39
  -----------------------------------------------------------
  slack (MET)                                         2.16


  Startpoint: instret_reg[15]
              (rising edge-triggered flip-flop clocked by CLK)
  Endpoint: commit_csr_if.instret[15]
            (output port clocked by CLK)
  Path Group: REGOUT
  Path Type: max

  Des/Clust/Port     Wire Load Model       Library
  ------------------------------------------------
  VX_commit          5K_hvratio_1_1        NangateOpenCellLibrary_ss0p95v125c

  Point                                    Incr       Path
  -----------------------------------------------------------
  clock CLK (rise edge)                    0.00       0.00
  clock network delay (ideal)              0.00       0.00
  instret_reg[15]/CK (DFF_X1)              0.00       0.00 r
  instret_reg[15]/Q (DFF_X1)               0.38       0.38 r
  commit_csr_if.instret[15] (out)          0.01       0.39 r
  data arrival time                                   0.39

  clock CLK (rise edge)                    4.00       4.00
  clock network delay (ideal)              0.00       4.00
  clock uncertainty                       -0.25       3.75
  output external delay                   -1.20       2.55
  data required time                                  2.55
  -----------------------------------------------------------
  data required time                                  2.55
  data arrival time                                  -0.39
  -----------------------------------------------------------
  slack (MET)                                         2.16


  Startpoint: instret_reg[5]
              (rising edge-triggered flip-flop clocked by CLK)
  Endpoint: commit_csr_if.instret[5]
            (output port clocked by CLK)
  Path Group: REGOUT
  Path Type: max

  Des/Clust/Port     Wire Load Model       Library
  ------------------------------------------------
  VX_commit          5K_hvratio_1_1        NangateOpenCellLibrary_ss0p95v125c

  Point                                    Incr       Path
  -----------------------------------------------------------
  clock CLK (rise edge)                    0.00       0.00
  clock network delay (ideal)              0.00       0.00
  instret_reg[5]/CK (DFF_X1)               0.00       0.00 r
  instret_reg[5]/Q (DFF_X1)                0.38       0.38 r
  commit_csr_if.instret[5] (out)           0.01       0.39 r
  data arrival time                                   0.39

  clock CLK (rise edge)                    4.00       4.00
  clock network delay (ideal)              0.00       4.00
  clock uncertainty                       -0.25       3.75
  output external delay                   -1.20       2.55
  data required time                                  2.55
  -----------------------------------------------------------
  data required time                                  2.55
  data arrival time                                  -0.39
  -----------------------------------------------------------
  slack (MET)                                         2.16


  Startpoint: instret_reg[3]
              (rising edge-triggered flip-flop clocked by CLK)
  Endpoint: commit_csr_if.instret[3]
            (output port clocked by CLK)
  Path Group: REGOUT
  Path Type: max

  Des/Clust/Port     Wire Load Model       Library
  ------------------------------------------------
  VX_commit          5K_hvratio_1_1        NangateOpenCellLibrary_ss0p95v125c

  Point                                    Incr       Path
  -----------------------------------------------------------
  clock CLK (rise edge)                    0.00       0.00
  clock network delay (ideal)              0.00       0.00
  instret_reg[3]/CK (DFF_X1)               0.00       0.00 r
  instret_reg[3]/Q (DFF_X1)                0.38       0.38 r
  commit_csr_if.instret[3] (out)           0.01       0.39 r
  data arrival time                                   0.39

  clock CLK (rise edge)                    4.00       4.00
  clock network delay (ideal)              0.00       4.00
  clock uncertainty                       -0.25       3.75
  output external delay                   -1.20       2.55
  data required time                                  2.55
  -----------------------------------------------------------
  data required time                                  2.55
  data arrival time                                  -0.39
  -----------------------------------------------------------
  slack (MET)                                         2.16


  Startpoint: instret_reg[42]
              (rising edge-triggered flip-flop clocked by CLK)
  Endpoint: commit_csr_if.instret[42]
            (output port clocked by CLK)
  Path Group: REGOUT
  Path Type: max

  Des/Clust/Port     Wire Load Model       Library
  ------------------------------------------------
  VX_commit          5K_hvratio_1_1        NangateOpenCellLibrary_ss0p95v125c

  Point                                    Incr       Path
  -----------------------------------------------------------
  clock CLK (rise edge)                    0.00       0.00
  clock network delay (ideal)              0.00       0.00
  instret_reg[42]/CK (DFF_X1)              0.00       0.00 r
  instret_reg[42]/Q (DFF_X1)               0.38       0.38 r
  commit_csr_if.instret[42] (out)          0.01       0.39 r
  data arrival time                                   0.39

  clock CLK (rise edge)                    4.00       4.00
  clock network delay (ideal)              0.00       4.00
  clock uncertainty                       -0.25       3.75
  output external delay                   -1.20       2.55
  data required time                                  2.55
  -----------------------------------------------------------
  data required time                                  2.55
  data arrival time                                  -0.39
  -----------------------------------------------------------
  slack (MET)                                         2.16


  Startpoint: instret_reg[41]
              (rising edge-triggered flip-flop clocked by CLK)
  Endpoint: commit_csr_if.instret[41]
            (output port clocked by CLK)
  Path Group: REGOUT
  Path Type: max

  Des/Clust/Port     Wire Load Model       Library
  ------------------------------------------------
  VX_commit          5K_hvratio_1_1        NangateOpenCellLibrary_ss0p95v125c

  Point                                    Incr       Path
  -----------------------------------------------------------
  clock CLK (rise edge)                    0.00       0.00
  clock network delay (ideal)              0.00       0.00
  instret_reg[41]/CK (DFF_X1)              0.00       0.00 r
  instret_reg[41]/Q (DFF_X1)               0.38       0.38 r
  commit_csr_if.instret[41] (out)          0.01       0.39 r
  data arrival time                                   0.39

  clock CLK (rise edge)                    4.00       4.00
  clock network delay (ideal)              0.00       4.00
  clock uncertainty                       -0.25       3.75
  output external delay                   -1.20       2.55
  data required time                                  2.55
  -----------------------------------------------------------
  data required time                                  2.55
  data arrival time                                  -0.39
  -----------------------------------------------------------
  slack (MET)                                         2.16


  Startpoint: instret_reg[40]
              (rising edge-triggered flip-flop clocked by CLK)
  Endpoint: commit_csr_if.instret[40]
            (output port clocked by CLK)
  Path Group: REGOUT
  Path Type: max

  Des/Clust/Port     Wire Load Model       Library
  ------------------------------------------------
  VX_commit          5K_hvratio_1_1        NangateOpenCellLibrary_ss0p95v125c

  Point                                    Incr       Path
  -----------------------------------------------------------
  clock CLK (rise edge)                    0.00       0.00
  clock network delay (ideal)              0.00       0.00
  instret_reg[40]/CK (DFF_X1)              0.00       0.00 r
  instret_reg[40]/Q (DFF_X1)               0.38       0.38 r
  commit_csr_if.instret[40] (out)          0.01       0.39 r
  data arrival time                                   0.39

  clock CLK (rise edge)                    4.00       4.00
  clock network delay (ideal)              0.00       4.00
  clock uncertainty                       -0.25       3.75
  output external delay                   -1.20       2.55
  data required time                                  2.55
  -----------------------------------------------------------
  data required time                                  2.55
  data arrival time                                  -0.39
  -----------------------------------------------------------
  slack (MET)                                         2.16


  Startpoint: instret_reg[39]
              (rising edge-triggered flip-flop clocked by CLK)
  Endpoint: commit_csr_if.instret[39]
            (output port clocked by CLK)
  Path Group: REGOUT
  Path Type: max

  Des/Clust/Port     Wire Load Model       Library
  ------------------------------------------------
  VX_commit          5K_hvratio_1_1        NangateOpenCellLibrary_ss0p95v125c

  Point                                    Incr       Path
  -----------------------------------------------------------
  clock CLK (rise edge)                    0.00       0.00
  clock network delay (ideal)              0.00       0.00
  instret_reg[39]/CK (DFF_X1)              0.00       0.00 r
  instret_reg[39]/Q (DFF_X1)               0.38       0.38 r
  commit_csr_if.instret[39] (out)          0.01       0.39 r
  data arrival time                                   0.39

  clock CLK (rise edge)                    4.00       4.00
  clock network delay (ideal)              0.00       4.00
  clock uncertainty                       -0.25       3.75
  output external delay                   -1.20       2.55
  data required time                                  2.55
  -----------------------------------------------------------
  data required time                                  2.55
  data arrival time                                  -0.39
  -----------------------------------------------------------
  slack (MET)                                         2.16


  Startpoint: instret_reg[38]
              (rising edge-triggered flip-flop clocked by CLK)
  Endpoint: commit_csr_if.instret[38]
            (output port clocked by CLK)
  Path Group: REGOUT
  Path Type: max

  Des/Clust/Port     Wire Load Model       Library
  ------------------------------------------------
  VX_commit          5K_hvratio_1_1        NangateOpenCellLibrary_ss0p95v125c

  Point                                    Incr       Path
  -----------------------------------------------------------
  clock CLK (rise edge)                    0.00       0.00
  clock network delay (ideal)              0.00       0.00
  instret_reg[38]/CK (DFF_X1)              0.00       0.00 r
  instret_reg[38]/Q (DFF_X1)               0.38       0.38 r
  commit_csr_if.instret[38] (out)          0.01       0.39 r
  data arrival time                                   0.39

  clock CLK (rise edge)                    4.00       4.00
  clock network delay (ideal)              0.00       4.00
  clock uncertainty                       -0.25       3.75
  output external delay                   -1.20       2.55
  data required time                                  2.55
  -----------------------------------------------------------
  data required time                                  2.55
  data arrival time                                  -0.39
  -----------------------------------------------------------
  slack (MET)                                         2.16


  Startpoint: instret_reg[37]
              (rising edge-triggered flip-flop clocked by CLK)
  Endpoint: commit_csr_if.instret[37]
            (output port clocked by CLK)
  Path Group: REGOUT
  Path Type: max

  Des/Clust/Port     Wire Load Model       Library
  ------------------------------------------------
  VX_commit          5K_hvratio_1_1        NangateOpenCellLibrary_ss0p95v125c

  Point                                    Incr       Path
  -----------------------------------------------------------
  clock CLK (rise edge)                    0.00       0.00
  clock network delay (ideal)              0.00       0.00
  instret_reg[37]/CK (DFF_X1)              0.00       0.00 r
  instret_reg[37]/Q (DFF_X1)               0.38       0.38 r
  commit_csr_if.instret[37] (out)          0.01       0.39 r
  data arrival time                                   0.39

  clock CLK (rise edge)                    4.00       4.00
  clock network delay (ideal)              0.00       4.00
  clock uncertainty                       -0.25       3.75
  output external delay                   -1.20       2.55
  data required time                                  2.55
  -----------------------------------------------------------
  data required time                                  2.55
  data arrival time                                  -0.39
  -----------------------------------------------------------
  slack (MET)                                         2.16


  Startpoint: instret_reg[36]
              (rising edge-triggered flip-flop clocked by CLK)
  Endpoint: commit_csr_if.instret[36]
            (output port clocked by CLK)
  Path Group: REGOUT
  Path Type: max

  Des/Clust/Port     Wire Load Model       Library
  ------------------------------------------------
  VX_commit          5K_hvratio_1_1        NangateOpenCellLibrary_ss0p95v125c

  Point                                    Incr       Path
  -----------------------------------------------------------
  clock CLK (rise edge)                    0.00       0.00
  clock network delay (ideal)              0.00       0.00
  instret_reg[36]/CK (DFF_X1)              0.00       0.00 r
  instret_reg[36]/Q (DFF_X1)               0.38       0.38 r
  commit_csr_if.instret[36] (out)          0.01       0.39 r
  data arrival time                                   0.39

  clock CLK (rise edge)                    4.00       4.00
  clock network delay (ideal)              0.00       4.00
  clock uncertainty                       -0.25       3.75
  output external delay                   -1.20       2.55
  data required time                                  2.55
  -----------------------------------------------------------
  data required time                                  2.55
  data arrival time                                  -0.39
  -----------------------------------------------------------
  slack (MET)                                         2.16


  Startpoint: instret_reg[35]
              (rising edge-triggered flip-flop clocked by CLK)
  Endpoint: commit_csr_if.instret[35]
            (output port clocked by CLK)
  Path Group: REGOUT
  Path Type: max

  Des/Clust/Port     Wire Load Model       Library
  ------------------------------------------------
  VX_commit          5K_hvratio_1_1        NangateOpenCellLibrary_ss0p95v125c

  Point                                    Incr       Path
  -----------------------------------------------------------
  clock CLK (rise edge)                    0.00       0.00
  clock network delay (ideal)              0.00       0.00
  instret_reg[35]/CK (DFF_X1)              0.00       0.00 r
  instret_reg[35]/Q (DFF_X1)               0.38       0.38 r
  commit_csr_if.instret[35] (out)          0.01       0.39 r
  data arrival time                                   0.39

  clock CLK (rise edge)                    4.00       4.00
  clock network delay (ideal)              0.00       4.00
  clock uncertainty                       -0.25       3.75
  output external delay                   -1.20       2.55
  data required time                                  2.55
  -----------------------------------------------------------
  data required time                                  2.55
  data arrival time                                  -0.39
  -----------------------------------------------------------
  slack (MET)                                         2.16


  Startpoint: instret_reg[0]
              (rising edge-triggered flip-flop clocked by CLK)
  Endpoint: commit_csr_if.instret[0]
            (output port clocked by CLK)
  Path Group: REGOUT
  Path Type: max

  Des/Clust/Port     Wire Load Model       Library
  ------------------------------------------------
  VX_commit          5K_hvratio_1_1        NangateOpenCellLibrary_ss0p95v125c

  Point                                    Incr       Path
  -----------------------------------------------------------
  clock CLK (rise edge)                    0.00       0.00
  clock network delay (ideal)              0.00       0.00
  instret_reg[0]/CK (DFF_X1)               0.00       0.00 r
  instret_reg[0]/Q (DFF_X1)                0.38       0.38 r
  commit_csr_if.instret[0] (out)           0.01       0.39 r
  data arrival time                                   0.39

  clock CLK (rise edge)                    4.00       4.00
  clock network delay (ideal)              0.00       4.00
  clock uncertainty                       -0.25       3.75
  output external delay                   -1.20       2.55
  data required time                                  2.55
  -----------------------------------------------------------
  data required time                                  2.55
  data arrival time                                  -0.39
  -----------------------------------------------------------
  slack (MET)                                         2.16


  Startpoint: instret_reg[43]
              (rising edge-triggered flip-flop clocked by CLK)
  Endpoint: commit_csr_if.instret[43]
            (output port clocked by CLK)
  Path Group: REGOUT
  Path Type: max

  Des/Clust/Port     Wire Load Model       Library
  ------------------------------------------------
  VX_commit          5K_hvratio_1_1        NangateOpenCellLibrary_ss0p95v125c

  Point                                    Incr       Path
  -----------------------------------------------------------
  clock CLK (rise edge)                    0.00       0.00
  clock network delay (ideal)              0.00       0.00
  instret_reg[43]/CK (DFF_X1)              0.00       0.00 r
  instret_reg[43]/Q (DFF_X1)               0.37       0.37 r
  commit_csr_if.instret[43] (out)          0.01       0.38 r
  data arrival time                                   0.38

  clock CLK (rise edge)                    4.00       4.00
  clock network delay (ideal)              0.00       4.00
  clock uncertainty                       -0.25       3.75
  output external delay                   -1.20       2.55
  data required time                                  2.55
  -----------------------------------------------------------
  data required time                                  2.55
  data arrival time                                  -0.38
  -----------------------------------------------------------
  slack (MET)                                         2.17


  Startpoint: g_commit_arbs[0].commit_arb/g_input_select.g_arbiter.g_out_buf[0].out_buf/g_eb1.pipe_buffer/g_register.g_pipe_regs[0].pipe_register/g_shift_register/g_shift.pipe_reg[0][172]
              (rising edge-triggered flip-flop clocked by CLK)
  Endpoint: writeback_if[0].data[171]
            (output port clocked by CLK)
  Path Group: REGOUT
  Path Type: max

  Des/Clust/Port     Wire Load Model       Library
  ------------------------------------------------
  VX_commit          5K_hvratio_1_1        NangateOpenCellLibrary_ss0p95v125c

  Point                                                   Incr       Path
  --------------------------------------------------------------------------
  clock CLK (rise edge)                                   0.00       0.00
  clock network delay (ideal)                             0.00       0.00
  g_commit_arbs[0].commit_arb/g_input_select.g_arbiter.g_out_buf[0].out_buf/g_eb1.pipe_buffer/g_register.g_pipe_regs[0].pipe_register/g_shift_register/g_shift.pipe_reg[0][172]/CK (DFF_X1)
                                                          0.00       0.00 r
  g_commit_arbs[0].commit_arb/g_input_select.g_arbiter.g_out_buf[0].out_buf/g_eb1.pipe_buffer/g_register.g_pipe_regs[0].pipe_register/g_shift_register/g_shift.pipe_reg[0][172]/Q (DFF_X1)
                                                          0.37       0.37 r
  writeback_if[0].data[171] (out)                         0.01       0.38 r
  data arrival time                                                  0.38

  clock CLK (rise edge)                                   4.00       4.00
  clock network delay (ideal)                             0.00       4.00
  clock uncertainty                                      -0.25       3.75
  output external delay                                  -1.20       2.55
  data required time                                                 2.55
  --------------------------------------------------------------------------
  data required time                                                 2.55
  data arrival time                                                 -0.38
  --------------------------------------------------------------------------
  slack (MET)                                                        2.17


  Startpoint: g_commit_arbs[0].commit_arb/g_input_select.g_arbiter.g_out_buf[0].out_buf/g_eb1.pipe_buffer/g_register.g_pipe_regs[0].pipe_register/g_shift_register/g_shift.pipe_reg[0][169]
              (rising edge-triggered flip-flop clocked by CLK)
  Endpoint: writeback_if[0].data[168]
            (output port clocked by CLK)
  Path Group: REGOUT
  Path Type: max

  Des/Clust/Port     Wire Load Model       Library
  ------------------------------------------------
  VX_commit          5K_hvratio_1_1        NangateOpenCellLibrary_ss0p95v125c

  Point                                                   Incr       Path
  --------------------------------------------------------------------------
  clock CLK (rise edge)                                   0.00       0.00
  clock network delay (ideal)                             0.00       0.00
  g_commit_arbs[0].commit_arb/g_input_select.g_arbiter.g_out_buf[0].out_buf/g_eb1.pipe_buffer/g_register.g_pipe_regs[0].pipe_register/g_shift_register/g_shift.pipe_reg[0][169]/CK (DFF_X1)
                                                          0.00       0.00 r
  g_commit_arbs[0].commit_arb/g_input_select.g_arbiter.g_out_buf[0].out_buf/g_eb1.pipe_buffer/g_register.g_pipe_regs[0].pipe_register/g_shift_register/g_shift.pipe_reg[0][169]/Q (DFF_X1)
                                                          0.37       0.37 r
  writeback_if[0].data[168] (out)                         0.01       0.38 r
  data arrival time                                                  0.38

  clock CLK (rise edge)                                   4.00       4.00
  clock network delay (ideal)                             0.00       4.00
  clock uncertainty                                      -0.25       3.75
  output external delay                                  -1.20       2.55
  data required time                                                 2.55
  --------------------------------------------------------------------------
  data required time                                                 2.55
  data arrival time                                                 -0.38
  --------------------------------------------------------------------------
  slack (MET)                                                        2.17


  Startpoint: g_commit_arbs[0].commit_arb/g_input_select.g_arbiter.g_out_buf[0].out_buf/g_eb1.pipe_buffer/g_register.g_pipe_regs[0].pipe_register/g_shift_register/g_shift.pipe_reg[0][167]
              (rising edge-triggered flip-flop clocked by CLK)
  Endpoint: writeback_if[0].data[166]
            (output port clocked by CLK)
  Path Group: REGOUT
  Path Type: max

  Des/Clust/Port     Wire Load Model       Library
  ------------------------------------------------
  VX_commit          5K_hvratio_1_1        NangateOpenCellLibrary_ss0p95v125c

  Point                                                   Incr       Path
  --------------------------------------------------------------------------
  clock CLK (rise edge)                                   0.00       0.00
  clock network delay (ideal)                             0.00       0.00
  g_commit_arbs[0].commit_arb/g_input_select.g_arbiter.g_out_buf[0].out_buf/g_eb1.pipe_buffer/g_register.g_pipe_regs[0].pipe_register/g_shift_register/g_shift.pipe_reg[0][167]/CK (DFF_X1)
                                                          0.00       0.00 r
  g_commit_arbs[0].commit_arb/g_input_select.g_arbiter.g_out_buf[0].out_buf/g_eb1.pipe_buffer/g_register.g_pipe_regs[0].pipe_register/g_shift_register/g_shift.pipe_reg[0][167]/Q (DFF_X1)
                                                          0.37       0.37 r
  writeback_if[0].data[166] (out)                         0.01       0.38 r
  data arrival time                                                  0.38

  clock CLK (rise edge)                                   4.00       4.00
  clock network delay (ideal)                             0.00       4.00
  clock uncertainty                                      -0.25       3.75
  output external delay                                  -1.20       2.55
  data required time                                                 2.55
  --------------------------------------------------------------------------
  data required time                                                 2.55
  data arrival time                                                 -0.38
  --------------------------------------------------------------------------
  slack (MET)                                                        2.17


  Startpoint: instret_reg[34]
              (rising edge-triggered flip-flop clocked by CLK)
  Endpoint: commit_csr_if.instret[34]
            (output port clocked by CLK)
  Path Group: REGOUT
  Path Type: max

  Des/Clust/Port     Wire Load Model       Library
  ------------------------------------------------
  VX_commit          5K_hvratio_1_1        NangateOpenCellLibrary_ss0p95v125c

  Point                                    Incr       Path
  -----------------------------------------------------------
  clock CLK (rise edge)                    0.00       0.00
  clock network delay (ideal)              0.00       0.00
  instret_reg[34]/CK (DFF_X1)              0.00       0.00 r
  instret_reg[34]/Q (DFF_X1)               0.37       0.37 r
  commit_csr_if.instret[34] (out)          0.01       0.38 r
  data arrival time                                   0.38

  clock CLK (rise edge)                    4.00       4.00
  clock network delay (ideal)              0.00       4.00
  clock uncertainty                       -0.25       3.75
  output external delay                   -1.20       2.55
  data required time                                  2.55
  -----------------------------------------------------------
  data required time                                  2.55
  data arrival time                                  -0.38
  -----------------------------------------------------------
  slack (MET)                                         2.17


  Startpoint: instret_reg[32]
              (rising edge-triggered flip-flop clocked by CLK)
  Endpoint: commit_csr_if.instret[32]
            (output port clocked by CLK)
  Path Group: REGOUT
  Path Type: max

  Des/Clust/Port     Wire Load Model       Library
  ------------------------------------------------
  VX_commit          5K_hvratio_1_1        NangateOpenCellLibrary_ss0p95v125c

  Point                                    Incr       Path
  -----------------------------------------------------------
  clock CLK (rise edge)                    0.00       0.00
  clock network delay (ideal)              0.00       0.00
  instret_reg[32]/CK (DFF_X1)              0.00       0.00 r
  instret_reg[32]/Q (DFF_X1)               0.37       0.37 r
  commit_csr_if.instret[32] (out)          0.01       0.38 r
  data arrival time                                   0.38

  clock CLK (rise edge)                    4.00       4.00
  clock network delay (ideal)              0.00       4.00
  clock uncertainty                       -0.25       3.75
  output external delay                   -1.20       2.55
  data required time                                  2.55
  -----------------------------------------------------------
  data required time                                  2.55
  data arrival time                                  -0.38
  -----------------------------------------------------------
  slack (MET)                                         2.17


  Startpoint: instret_reg[30]
              (rising edge-triggered flip-flop clocked by CLK)
  Endpoint: commit_csr_if.instret[30]
            (output port clocked by CLK)
  Path Group: REGOUT
  Path Type: max

  Des/Clust/Port     Wire Load Model       Library
  ------------------------------------------------
  VX_commit          5K_hvratio_1_1        NangateOpenCellLibrary_ss0p95v125c

  Point                                    Incr       Path
  -----------------------------------------------------------
  clock CLK (rise edge)                    0.00       0.00
  clock network delay (ideal)              0.00       0.00
  instret_reg[30]/CK (DFF_X1)              0.00       0.00 r
  instret_reg[30]/Q (DFF_X1)               0.37       0.37 r
  commit_csr_if.instret[30] (out)          0.01       0.38 r
  data arrival time                                   0.38

  clock CLK (rise edge)                    4.00       4.00
  clock network delay (ideal)              0.00       4.00
  clock uncertainty                       -0.25       3.75
  output external delay                   -1.20       2.55
  data required time                                  2.55
  -----------------------------------------------------------
  data required time                                  2.55
  data arrival time                                  -0.38
  -----------------------------------------------------------
  slack (MET)                                         2.17


  Startpoint: instret_reg[28]
              (rising edge-triggered flip-flop clocked by CLK)
  Endpoint: commit_csr_if.instret[28]
            (output port clocked by CLK)
  Path Group: REGOUT
  Path Type: max

  Des/Clust/Port     Wire Load Model       Library
  ------------------------------------------------
  VX_commit          5K_hvratio_1_1        NangateOpenCellLibrary_ss0p95v125c

  Point                                    Incr       Path
  -----------------------------------------------------------
  clock CLK (rise edge)                    0.00       0.00
  clock network delay (ideal)              0.00       0.00
  instret_reg[28]/CK (DFF_X1)              0.00       0.00 r
  instret_reg[28]/Q (DFF_X1)               0.37       0.37 r
  commit_csr_if.instret[28] (out)          0.01       0.38 r
  data arrival time                                   0.38

  clock CLK (rise edge)                    4.00       4.00
  clock network delay (ideal)              0.00       4.00
  clock uncertainty                       -0.25       3.75
  output external delay                   -1.20       2.55
  data required time                                  2.55
  -----------------------------------------------------------
  data required time                                  2.55
  data arrival time                                  -0.38
  -----------------------------------------------------------
  slack (MET)                                         2.17


  Startpoint: instret_reg[26]
              (rising edge-triggered flip-flop clocked by CLK)
  Endpoint: commit_csr_if.instret[26]
            (output port clocked by CLK)
  Path Group: REGOUT
  Path Type: max

  Des/Clust/Port     Wire Load Model       Library
  ------------------------------------------------
  VX_commit          5K_hvratio_1_1        NangateOpenCellLibrary_ss0p95v125c

  Point                                    Incr       Path
  -----------------------------------------------------------
  clock CLK (rise edge)                    0.00       0.00
  clock network delay (ideal)              0.00       0.00
  instret_reg[26]/CK (DFF_X1)              0.00       0.00 r
  instret_reg[26]/Q (DFF_X1)               0.37       0.37 r
  commit_csr_if.instret[26] (out)          0.01       0.38 r
  data arrival time                                   0.38

  clock CLK (rise edge)                    4.00       4.00
  clock network delay (ideal)              0.00       4.00
  clock uncertainty                       -0.25       3.75
  output external delay                   -1.20       2.55
  data required time                                  2.55
  -----------------------------------------------------------
  data required time                                  2.55
  data arrival time                                  -0.38
  -----------------------------------------------------------
  slack (MET)                                         2.17


  Startpoint: instret_reg[24]
              (rising edge-triggered flip-flop clocked by CLK)
  Endpoint: commit_csr_if.instret[24]
            (output port clocked by CLK)
  Path Group: REGOUT
  Path Type: max

  Des/Clust/Port     Wire Load Model       Library
  ------------------------------------------------
  VX_commit          5K_hvratio_1_1        NangateOpenCellLibrary_ss0p95v125c

  Point                                    Incr       Path
  -----------------------------------------------------------
  clock CLK (rise edge)                    0.00       0.00
  clock network delay (ideal)              0.00       0.00
  instret_reg[24]/CK (DFF_X1)              0.00       0.00 r
  instret_reg[24]/Q (DFF_X1)               0.37       0.37 r
  commit_csr_if.instret[24] (out)          0.01       0.38 r
  data arrival time                                   0.38

  clock CLK (rise edge)                    4.00       4.00
  clock network delay (ideal)              0.00       4.00
  clock uncertainty                       -0.25       3.75
  output external delay                   -1.20       2.55
  data required time                                  2.55
  -----------------------------------------------------------
  data required time                                  2.55
  data arrival time                                  -0.38
  -----------------------------------------------------------
  slack (MET)                                         2.17


  Startpoint: instret_reg[22]
              (rising edge-triggered flip-flop clocked by CLK)
  Endpoint: commit_csr_if.instret[22]
            (output port clocked by CLK)
  Path Group: REGOUT
  Path Type: max

  Des/Clust/Port     Wire Load Model       Library
  ------------------------------------------------
  VX_commit          5K_hvratio_1_1        NangateOpenCellLibrary_ss0p95v125c

  Point                                    Incr       Path
  -----------------------------------------------------------
  clock CLK (rise edge)                    0.00       0.00
  clock network delay (ideal)              0.00       0.00
  instret_reg[22]/CK (DFF_X1)              0.00       0.00 r
  instret_reg[22]/Q (DFF_X1)               0.37       0.37 r
  commit_csr_if.instret[22] (out)          0.01       0.38 r
  data arrival time                                   0.38

  clock CLK (rise edge)                    4.00       4.00
  clock network delay (ideal)              0.00       4.00
  clock uncertainty                       -0.25       3.75
  output external delay                   -1.20       2.55
  data required time                                  2.55
  -----------------------------------------------------------
  data required time                                  2.55
  data arrival time                                  -0.38
  -----------------------------------------------------------
  slack (MET)                                         2.17


  Startpoint: instret_reg[20]
              (rising edge-triggered flip-flop clocked by CLK)
  Endpoint: commit_csr_if.instret[20]
            (output port clocked by CLK)
  Path Group: REGOUT
  Path Type: max

  Des/Clust/Port     Wire Load Model       Library
  ------------------------------------------------
  VX_commit          5K_hvratio_1_1        NangateOpenCellLibrary_ss0p95v125c

  Point                                    Incr       Path
  -----------------------------------------------------------
  clock CLK (rise edge)                    0.00       0.00
  clock network delay (ideal)              0.00       0.00
  instret_reg[20]/CK (DFF_X1)              0.00       0.00 r
  instret_reg[20]/Q (DFF_X1)               0.37       0.37 r
  commit_csr_if.instret[20] (out)          0.01       0.38 r
  data arrival time                                   0.38

  clock CLK (rise edge)                    4.00       4.00
  clock network delay (ideal)              0.00       4.00
  clock uncertainty                       -0.25       3.75
  output external delay                   -1.20       2.55
  data required time                                  2.55
  -----------------------------------------------------------
  data required time                                  2.55
  data arrival time                                  -0.38
  -----------------------------------------------------------
  slack (MET)                                         2.17


  Startpoint: instret_reg[18]
              (rising edge-triggered flip-flop clocked by CLK)
  Endpoint: commit_csr_if.instret[18]
            (output port clocked by CLK)
  Path Group: REGOUT
  Path Type: max

  Des/Clust/Port     Wire Load Model       Library
  ------------------------------------------------
  VX_commit          5K_hvratio_1_1        NangateOpenCellLibrary_ss0p95v125c

  Point                                    Incr       Path
  -----------------------------------------------------------
  clock CLK (rise edge)                    0.00       0.00
  clock network delay (ideal)              0.00       0.00
  instret_reg[18]/CK (DFF_X1)              0.00       0.00 r
  instret_reg[18]/Q (DFF_X1)               0.37       0.37 r
  commit_csr_if.instret[18] (out)          0.01       0.38 r
  data arrival time                                   0.38

  clock CLK (rise edge)                    4.00       4.00
  clock network delay (ideal)              0.00       4.00
  clock uncertainty                       -0.25       3.75
  output external delay                   -1.20       2.55
  data required time                                  2.55
  -----------------------------------------------------------
  data required time                                  2.55
  data arrival time                                  -0.38
  -----------------------------------------------------------
  slack (MET)                                         2.17


  Startpoint: instret_reg[16]
              (rising edge-triggered flip-flop clocked by CLK)
  Endpoint: commit_csr_if.instret[16]
            (output port clocked by CLK)
  Path Group: REGOUT
  Path Type: max

  Des/Clust/Port     Wire Load Model       Library
  ------------------------------------------------
  VX_commit          5K_hvratio_1_1        NangateOpenCellLibrary_ss0p95v125c

  Point                                    Incr       Path
  -----------------------------------------------------------
  clock CLK (rise edge)                    0.00       0.00
  clock network delay (ideal)              0.00       0.00
  instret_reg[16]/CK (DFF_X1)              0.00       0.00 r
  instret_reg[16]/Q (DFF_X1)               0.37       0.37 r
  commit_csr_if.instret[16] (out)          0.01       0.38 r
  data arrival time                                   0.38

  clock CLK (rise edge)                    4.00       4.00
  clock network delay (ideal)              0.00       4.00
  clock uncertainty                       -0.25       3.75
  output external delay                   -1.20       2.55
  data required time                                  2.55
  -----------------------------------------------------------
  data required time                                  2.55
  data arrival time                                  -0.38
  -----------------------------------------------------------
  slack (MET)                                         2.17


  Startpoint: instret_reg[14]
              (rising edge-triggered flip-flop clocked by CLK)
  Endpoint: commit_csr_if.instret[14]
            (output port clocked by CLK)
  Path Group: REGOUT
  Path Type: max

  Des/Clust/Port     Wire Load Model       Library
  ------------------------------------------------
  VX_commit          5K_hvratio_1_1        NangateOpenCellLibrary_ss0p95v125c

  Point                                    Incr       Path
  -----------------------------------------------------------
  clock CLK (rise edge)                    0.00       0.00
  clock network delay (ideal)              0.00       0.00
  instret_reg[14]/CK (DFF_X1)              0.00       0.00 r
  instret_reg[14]/Q (DFF_X1)               0.37       0.37 r
  commit_csr_if.instret[14] (out)          0.01       0.38 r
  data arrival time                                   0.38

  clock CLK (rise edge)                    4.00       4.00
  clock network delay (ideal)              0.00       4.00
  clock uncertainty                       -0.25       3.75
  output external delay                   -1.20       2.55
  data required time                                  2.55
  -----------------------------------------------------------
  data required time                                  2.55
  data arrival time                                  -0.38
  -----------------------------------------------------------
  slack (MET)                                         2.17


  Startpoint: instret_reg[12]
              (rising edge-triggered flip-flop clocked by CLK)
  Endpoint: commit_csr_if.instret[12]
            (output port clocked by CLK)
  Path Group: REGOUT
  Path Type: max

  Des/Clust/Port     Wire Load Model       Library
  ------------------------------------------------
  VX_commit          5K_hvratio_1_1        NangateOpenCellLibrary_ss0p95v125c

  Point                                    Incr       Path
  -----------------------------------------------------------
  clock CLK (rise edge)                    0.00       0.00
  clock network delay (ideal)              0.00       0.00
  instret_reg[12]/CK (DFF_X1)              0.00       0.00 r
  instret_reg[12]/Q (DFF_X1)               0.37       0.37 r
  commit_csr_if.instret[12] (out)          0.01       0.38 r
  data arrival time                                   0.38

  clock CLK (rise edge)                    4.00       4.00
  clock network delay (ideal)              0.00       4.00
  clock uncertainty                       -0.25       3.75
  output external delay                   -1.20       2.55
  data required time                                  2.55
  -----------------------------------------------------------
  data required time                                  2.55
  data arrival time                                  -0.38
  -----------------------------------------------------------
  slack (MET)                                         2.17


  Startpoint: instret_reg[10]
              (rising edge-triggered flip-flop clocked by CLK)
  Endpoint: commit_csr_if.instret[10]
            (output port clocked by CLK)
  Path Group: REGOUT
  Path Type: max

  Des/Clust/Port     Wire Load Model       Library
  ------------------------------------------------
  VX_commit          5K_hvratio_1_1        NangateOpenCellLibrary_ss0p95v125c

  Point                                    Incr       Path
  -----------------------------------------------------------
  clock CLK (rise edge)                    0.00       0.00
  clock network delay (ideal)              0.00       0.00
  instret_reg[10]/CK (DFF_X1)              0.00       0.00 r
  instret_reg[10]/Q (DFF_X1)               0.37       0.37 r
  commit_csr_if.instret[10] (out)          0.01       0.38 r
  data arrival time                                   0.38

  clock CLK (rise edge)                    4.00       4.00
  clock network delay (ideal)              0.00       4.00
  clock uncertainty                       -0.25       3.75
  output external delay                   -1.20       2.55
  data required time                                  2.55
  -----------------------------------------------------------
  data required time                                  2.55
  data arrival time                                  -0.38
  -----------------------------------------------------------
  slack (MET)                                         2.17


  Startpoint: instret_reg[8]
              (rising edge-triggered flip-flop clocked by CLK)
  Endpoint: commit_csr_if.instret[8]
            (output port clocked by CLK)
  Path Group: REGOUT
  Path Type: max

  Des/Clust/Port     Wire Load Model       Library
  ------------------------------------------------
  VX_commit          5K_hvratio_1_1        NangateOpenCellLibrary_ss0p95v125c

  Point                                    Incr       Path
  -----------------------------------------------------------
  clock CLK (rise edge)                    0.00       0.00
  clock network delay (ideal)              0.00       0.00
  instret_reg[8]/CK (DFF_X1)               0.00       0.00 r
  instret_reg[8]/Q (DFF_X1)                0.37       0.37 r
  commit_csr_if.instret[8] (out)           0.01       0.38 r
  data arrival time                                   0.38

  clock CLK (rise edge)                    4.00       4.00
  clock network delay (ideal)              0.00       4.00
  clock uncertainty                       -0.25       3.75
  output external delay                   -1.20       2.55
  data required time                                  2.55
  -----------------------------------------------------------
  data required time                                  2.55
  data arrival time                                  -0.38
  -----------------------------------------------------------
  slack (MET)                                         2.17


  Startpoint: instret_reg[6]
              (rising edge-triggered flip-flop clocked by CLK)
  Endpoint: commit_csr_if.instret[6]
            (output port clocked by CLK)
  Path Group: REGOUT
  Path Type: max

  Des/Clust/Port     Wire Load Model       Library
  ------------------------------------------------
  VX_commit          5K_hvratio_1_1        NangateOpenCellLibrary_ss0p95v125c

  Point                                    Incr       Path
  -----------------------------------------------------------
  clock CLK (rise edge)                    0.00       0.00
  clock network delay (ideal)              0.00       0.00
  instret_reg[6]/CK (DFF_X1)               0.00       0.00 r
  instret_reg[6]/Q (DFF_X1)                0.37       0.37 r
  commit_csr_if.instret[6] (out)           0.01       0.38 r
  data arrival time                                   0.38

  clock CLK (rise edge)                    4.00       4.00
  clock network delay (ideal)              0.00       4.00
  clock uncertainty                       -0.25       3.75
  output external delay                   -1.20       2.55
  data required time                                  2.55
  -----------------------------------------------------------
  data required time                                  2.55
  data arrival time                                  -0.38
  -----------------------------------------------------------
  slack (MET)                                         2.17


  Startpoint: instret_reg[4]
              (rising edge-triggered flip-flop clocked by CLK)
  Endpoint: commit_csr_if.instret[4]
            (output port clocked by CLK)
  Path Group: REGOUT
  Path Type: max

  Des/Clust/Port     Wire Load Model       Library
  ------------------------------------------------
  VX_commit          5K_hvratio_1_1        NangateOpenCellLibrary_ss0p95v125c

  Point                                    Incr       Path
  -----------------------------------------------------------
  clock CLK (rise edge)                    0.00       0.00
  clock network delay (ideal)              0.00       0.00
  instret_reg[4]/CK (DFF_X1)               0.00       0.00 r
  instret_reg[4]/Q (DFF_X1)                0.37       0.37 r
  commit_csr_if.instret[4] (out)           0.01       0.38 r
  data arrival time                                   0.38

  clock CLK (rise edge)                    4.00       4.00
  clock network delay (ideal)              0.00       4.00
  clock uncertainty                       -0.25       3.75
  output external delay                   -1.20       2.55
  data required time                                  2.55
  -----------------------------------------------------------
  data required time                                  2.55
  data arrival time                                  -0.38
  -----------------------------------------------------------
  slack (MET)                                         2.17


  Startpoint: instret_reg[13]
              (rising edge-triggered flip-flop clocked by CLK)
  Endpoint: commit_csr_if.instret[13]
            (output port clocked by CLK)
  Path Group: REGOUT
  Path Type: max

  Des/Clust/Port     Wire Load Model       Library
  ------------------------------------------------
  VX_commit          5K_hvratio_1_1        NangateOpenCellLibrary_ss0p95v125c

  Point                                    Incr       Path
  -----------------------------------------------------------
  clock CLK (rise edge)                    0.00       0.00
  clock network delay (ideal)              0.00       0.00
  instret_reg[13]/CK (DFF_X1)              0.00       0.00 r
  instret_reg[13]/Q (DFF_X1)               0.37       0.37 r
  commit_csr_if.instret[13] (out)          0.01       0.38 r
  data arrival time                                   0.38

  clock CLK (rise edge)                    4.00       4.00
  clock network delay (ideal)              0.00       4.00
  clock uncertainty                       -0.25       3.75
  output external delay                   -1.20       2.55
  data required time                                  2.55
  -----------------------------------------------------------
  data required time                                  2.55
  data arrival time                                  -0.38
  -----------------------------------------------------------
  slack (MET)                                         2.17


  Startpoint: instret_reg[11]
              (rising edge-triggered flip-flop clocked by CLK)
  Endpoint: commit_csr_if.instret[11]
            (output port clocked by CLK)
  Path Group: REGOUT
  Path Type: max

  Des/Clust/Port     Wire Load Model       Library
  ------------------------------------------------
  VX_commit          5K_hvratio_1_1        NangateOpenCellLibrary_ss0p95v125c

  Point                                    Incr       Path
  -----------------------------------------------------------
  clock CLK (rise edge)                    0.00       0.00
  clock network delay (ideal)              0.00       0.00
  instret_reg[11]/CK (DFF_X1)              0.00       0.00 r
  instret_reg[11]/Q (DFF_X1)               0.37       0.37 r
  commit_csr_if.instret[11] (out)          0.01       0.38 r
  data arrival time                                   0.38

  clock CLK (rise edge)                    4.00       4.00
  clock network delay (ideal)              0.00       4.00
  clock uncertainty                       -0.25       3.75
  output external delay                   -1.20       2.55
  data required time                                  2.55
  -----------------------------------------------------------
  data required time                                  2.55
  data arrival time                                  -0.38
  -----------------------------------------------------------
  slack (MET)                                         2.17


  Startpoint: instret_reg[9]
              (rising edge-triggered flip-flop clocked by CLK)
  Endpoint: commit_csr_if.instret[9]
            (output port clocked by CLK)
  Path Group: REGOUT
  Path Type: max

  Des/Clust/Port     Wire Load Model       Library
  ------------------------------------------------
  VX_commit          5K_hvratio_1_1        NangateOpenCellLibrary_ss0p95v125c

  Point                                    Incr       Path
  -----------------------------------------------------------
  clock CLK (rise edge)                    0.00       0.00
  clock network delay (ideal)              0.00       0.00
  instret_reg[9]/CK (DFF_X1)               0.00       0.00 r
  instret_reg[9]/Q (DFF_X1)                0.37       0.37 r
  commit_csr_if.instret[9] (out)           0.01       0.38 r
  data arrival time                                   0.38

  clock CLK (rise edge)                    4.00       4.00
  clock network delay (ideal)              0.00       4.00
  clock uncertainty                       -0.25       3.75
  output external delay                   -1.20       2.55
  data required time                                  2.55
  -----------------------------------------------------------
  data required time                                  2.55
  data arrival time                                  -0.38
  -----------------------------------------------------------
  slack (MET)                                         2.17


  Startpoint: instret_reg[7]
              (rising edge-triggered flip-flop clocked by CLK)
  Endpoint: commit_csr_if.instret[7]
            (output port clocked by CLK)
  Path Group: REGOUT
  Path Type: max

  Des/Clust/Port     Wire Load Model       Library
  ------------------------------------------------
  VX_commit          5K_hvratio_1_1        NangateOpenCellLibrary_ss0p95v125c

  Point                                    Incr       Path
  -----------------------------------------------------------
  clock CLK (rise edge)                    0.00       0.00
  clock network delay (ideal)              0.00       0.00
  instret_reg[7]/CK (DFF_X1)               0.00       0.00 r
  instret_reg[7]/Q (DFF_X1)                0.37       0.37 r
  commit_csr_if.instret[7] (out)           0.01       0.38 r
  data arrival time                                   0.38

  clock CLK (rise edge)                    4.00       4.00
  clock network delay (ideal)              0.00       4.00
  clock uncertainty                       -0.25       3.75
  output external delay                   -1.20       2.55
  data required time                                  2.55
  -----------------------------------------------------------
  data required time                                  2.55
  data arrival time                                  -0.38
  -----------------------------------------------------------
  slack (MET)                                         2.17


  Startpoint: g_commit_arbs[0].commit_arb/g_input_select.g_arbiter.g_out_buf[0].out_buf/g_eb1.pipe_buffer/g_register.g_pipe_regs[0].pipe_register/g_shift_register/g_shift.pipe_reg[0][170]
              (rising edge-triggered flip-flop clocked by CLK)
  Endpoint: writeback_if[0].data[169]
            (output port clocked by CLK)
  Path Group: REGOUT
  Path Type: max

  Des/Clust/Port     Wire Load Model       Library
  ------------------------------------------------
  VX_commit          5K_hvratio_1_1        NangateOpenCellLibrary_ss0p95v125c

  Point                                                   Incr       Path
  --------------------------------------------------------------------------
  clock CLK (rise edge)                                   0.00       0.00
  clock network delay (ideal)                             0.00       0.00
  g_commit_arbs[0].commit_arb/g_input_select.g_arbiter.g_out_buf[0].out_buf/g_eb1.pipe_buffer/g_register.g_pipe_regs[0].pipe_register/g_shift_register/g_shift.pipe_reg[0][170]/CK (DFF_X1)
                                                          0.00       0.00 r
  g_commit_arbs[0].commit_arb/g_input_select.g_arbiter.g_out_buf[0].out_buf/g_eb1.pipe_buffer/g_register.g_pipe_regs[0].pipe_register/g_shift_register/g_shift.pipe_reg[0][170]/Q (DFF_X1)
                                                          0.37       0.37 r
  writeback_if[0].data[169] (out)                         0.01       0.38 r
  data arrival time                                                  0.38

  clock CLK (rise edge)                                   4.00       4.00
  clock network delay (ideal)                             0.00       4.00
  clock uncertainty                                      -0.25       3.75
  output external delay                                  -1.20       2.55
  data required time                                                 2.55
  --------------------------------------------------------------------------
  data required time                                                 2.55
  data arrival time                                                 -0.38
  --------------------------------------------------------------------------
  slack (MET)                                                        2.17


  Startpoint: g_commit_arbs[0].commit_arb/g_input_select.g_arbiter.g_out_buf[0].out_buf/g_eb1.pipe_buffer/g_register.g_pipe_regs[0].pipe_register/g_shift_register/g_shift.pipe_reg[0][168]
              (rising edge-triggered flip-flop clocked by CLK)
  Endpoint: writeback_if[0].data[167]
            (output port clocked by CLK)
  Path Group: REGOUT
  Path Type: max

  Des/Clust/Port     Wire Load Model       Library
  ------------------------------------------------
  VX_commit          5K_hvratio_1_1        NangateOpenCellLibrary_ss0p95v125c

  Point                                                   Incr       Path
  --------------------------------------------------------------------------
  clock CLK (rise edge)                                   0.00       0.00
  clock network delay (ideal)                             0.00       0.00
  g_commit_arbs[0].commit_arb/g_input_select.g_arbiter.g_out_buf[0].out_buf/g_eb1.pipe_buffer/g_register.g_pipe_regs[0].pipe_register/g_shift_register/g_shift.pipe_reg[0][168]/CK (DFF_X1)
                                                          0.00       0.00 r
  g_commit_arbs[0].commit_arb/g_input_select.g_arbiter.g_out_buf[0].out_buf/g_eb1.pipe_buffer/g_register.g_pipe_regs[0].pipe_register/g_shift_register/g_shift.pipe_reg[0][168]/Q (DFF_X1)
                                                          0.37       0.37 r
  writeback_if[0].data[167] (out)                         0.01       0.38 r
  data arrival time                                                  0.38

  clock CLK (rise edge)                                   4.00       4.00
  clock network delay (ideal)                             0.00       4.00
  clock uncertainty                                      -0.25       3.75
  output external delay                                  -1.20       2.55
  data required time                                                 2.55
  --------------------------------------------------------------------------
  data required time                                                 2.55
  data arrival time                                                 -0.38
  --------------------------------------------------------------------------
  slack (MET)                                                        2.17


  Startpoint: g_commit_arbs[0].commit_arb/g_input_select.g_arbiter.g_out_buf[0].out_buf/g_eb1.pipe_buffer/g_register.g_pipe_regs[0].pipe_register/g_shift_register/g_shift.pipe_reg[0][0]
              (rising edge-triggered flip-flop clocked by CLK)
  Endpoint: writeback_if[0].data[0]
            (output port clocked by CLK)
  Path Group: REGOUT
  Path Type: max

  Des/Clust/Port     Wire Load Model       Library
  ------------------------------------------------
  VX_commit          5K_hvratio_1_1        NangateOpenCellLibrary_ss0p95v125c

  Point                                                   Incr       Path
  --------------------------------------------------------------------------
  clock CLK (rise edge)                                   0.00       0.00
  clock network delay (ideal)                             0.00       0.00
  g_commit_arbs[0].commit_arb/g_input_select.g_arbiter.g_out_buf[0].out_buf/g_eb1.pipe_buffer/g_register.g_pipe_regs[0].pipe_register/g_shift_register/g_shift.pipe_reg[0][0]/CK (DFF_X1)
                                                          0.00       0.00 r
  g_commit_arbs[0].commit_arb/g_input_select.g_arbiter.g_out_buf[0].out_buf/g_eb1.pipe_buffer/g_register.g_pipe_regs[0].pipe_register/g_shift_register/g_shift.pipe_reg[0][0]/Q (DFF_X1)
                                                          0.36       0.36 r
  writeback_if[0].data[0] (out)                           0.01       0.36 r
  data arrival time                                                  0.36

  clock CLK (rise edge)                                   4.00       4.00
  clock network delay (ideal)                             0.00       4.00
  clock uncertainty                                      -0.25       3.75
  output external delay                                  -1.20       2.55
  data required time                                                 2.55
  --------------------------------------------------------------------------
  data required time                                                 2.55
  data arrival time                                                 -0.36
  --------------------------------------------------------------------------
  slack (MET)                                                        2.19


  Startpoint: instret_reg[33]
              (rising edge-triggered flip-flop clocked by CLK)
  Endpoint: commit_csr_if.instret[33]
            (output port clocked by CLK)
  Path Group: REGOUT
  Path Type: max

  Des/Clust/Port     Wire Load Model       Library
  ------------------------------------------------
  VX_commit          5K_hvratio_1_1        NangateOpenCellLibrary_ss0p95v125c

  Point                                    Incr       Path
  -----------------------------------------------------------
  clock CLK (rise edge)                    0.00       0.00
  clock network delay (ideal)              0.00       0.00
  instret_reg[33]/CK (DFF_X1)              0.00       0.00 r
  instret_reg[33]/Q (DFF_X1)               0.36       0.36 r
  commit_csr_if.instret[33] (out)          0.01       0.36 r
  data arrival time                                   0.36

  clock CLK (rise edge)                    4.00       4.00
  clock network delay (ideal)              0.00       4.00
  clock uncertainty                       -0.25       3.75
  output external delay                   -1.20       2.55
  data required time                                  2.55
  -----------------------------------------------------------
  data required time                                  2.55
  data arrival time                                  -0.36
  -----------------------------------------------------------
  slack (MET)                                         2.19


  Startpoint: instret_reg[31]
              (rising edge-triggered flip-flop clocked by CLK)
  Endpoint: commit_csr_if.instret[31]
            (output port clocked by CLK)
  Path Group: REGOUT
  Path Type: max

  Des/Clust/Port     Wire Load Model       Library
  ------------------------------------------------
  VX_commit          5K_hvratio_1_1        NangateOpenCellLibrary_ss0p95v125c

  Point                                    Incr       Path
  -----------------------------------------------------------
  clock CLK (rise edge)                    0.00       0.00
  clock network delay (ideal)              0.00       0.00
  instret_reg[31]/CK (DFF_X1)              0.00       0.00 r
  instret_reg[31]/Q (DFF_X1)               0.36       0.36 r
  commit_csr_if.instret[31] (out)          0.01       0.36 r
  data arrival time                                   0.36

  clock CLK (rise edge)                    4.00       4.00
  clock network delay (ideal)              0.00       4.00
  clock uncertainty                       -0.25       3.75
  output external delay                   -1.20       2.55
  data required time                                  2.55
  -----------------------------------------------------------
  data required time                                  2.55
  data arrival time                                  -0.36
  -----------------------------------------------------------
  slack (MET)                                         2.19


  Startpoint: g_commit_arbs[0].commit_arb/g_input_select.g_arbiter.g_out_buf[0].out_buf/g_eb1.pipe_buffer/g_register.g_pipe_regs[0].pipe_register/g_shift_register/g_shift.pipe_reg[0][44]
              (rising edge-triggered flip-flop clocked by CLK)
  Endpoint: writeback_if[0].data[44]
            (output port clocked by CLK)
  Path Group: REGOUT
  Path Type: max

  Des/Clust/Port     Wire Load Model       Library
  ------------------------------------------------
  VX_commit          5K_hvratio_1_1        NangateOpenCellLibrary_ss0p95v125c

  Point                                                   Incr       Path
  --------------------------------------------------------------------------
  clock CLK (rise edge)                                   0.00       0.00
  clock network delay (ideal)                             0.00       0.00
  g_commit_arbs[0].commit_arb/g_input_select.g_arbiter.g_out_buf[0].out_buf/g_eb1.pipe_buffer/g_register.g_pipe_regs[0].pipe_register/g_shift_register/g_shift.pipe_reg[0][44]/CK (DFF_X1)
                                                          0.00       0.00 r
  g_commit_arbs[0].commit_arb/g_input_select.g_arbiter.g_out_buf[0].out_buf/g_eb1.pipe_buffer/g_register.g_pipe_regs[0].pipe_register/g_shift_register/g_shift.pipe_reg[0][44]/Q (DFF_X1)
                                                          0.34       0.34 r
  writeback_if[0].data[44] (out)                          0.01       0.35 r
  data arrival time                                                  0.35

  clock CLK (rise edge)                                   4.00       4.00
  clock network delay (ideal)                             0.00       4.00
  clock uncertainty                                      -0.25       3.75
  output external delay                                  -1.20       2.55
  data required time                                                 2.55
  --------------------------------------------------------------------------
  data required time                                                 2.55
  data arrival time                                                 -0.35
  --------------------------------------------------------------------------
  slack (MET)                                                        2.20


  Startpoint: g_commit_arbs[0].commit_arb/g_input_select.g_arbiter.g_out_buf[0].out_buf/g_eb1.pipe_buffer/g_register.g_pipe_regs[0].pipe_register/g_shift_register/g_shift.pipe_reg[0][43]
              (rising edge-triggered flip-flop clocked by CLK)
  Endpoint: writeback_if[0].data[43]
            (output port clocked by CLK)
  Path Group: REGOUT
  Path Type: max

  Des/Clust/Port     Wire Load Model       Library
  ------------------------------------------------
  VX_commit          5K_hvratio_1_1        NangateOpenCellLibrary_ss0p95v125c

  Point                                                   Incr       Path
  --------------------------------------------------------------------------
  clock CLK (rise edge)                                   0.00       0.00
  clock network delay (ideal)                             0.00       0.00
  g_commit_arbs[0].commit_arb/g_input_select.g_arbiter.g_out_buf[0].out_buf/g_eb1.pipe_buffer/g_register.g_pipe_regs[0].pipe_register/g_shift_register/g_shift.pipe_reg[0][43]/CK (DFF_X1)
                                                          0.00       0.00 r
  g_commit_arbs[0].commit_arb/g_input_select.g_arbiter.g_out_buf[0].out_buf/g_eb1.pipe_buffer/g_register.g_pipe_regs[0].pipe_register/g_shift_register/g_shift.pipe_reg[0][43]/Q (DFF_X1)
                                                          0.34       0.34 r
  writeback_if[0].data[43] (out)                          0.01       0.35 r
  data arrival time                                                  0.35

  clock CLK (rise edge)                                   4.00       4.00
  clock network delay (ideal)                             0.00       4.00
  clock uncertainty                                      -0.25       3.75
  output external delay                                  -1.20       2.55
  data required time                                                 2.55
  --------------------------------------------------------------------------
  data required time                                                 2.55
  data arrival time                                                 -0.35
  --------------------------------------------------------------------------
  slack (MET)                                                        2.20


  Startpoint: g_commit_arbs[0].commit_arb/g_input_select.g_arbiter.g_out_buf[0].out_buf/g_eb1.pipe_buffer/g_register.g_pipe_regs[0].pipe_register/g_shift_register/g_shift.pipe_reg[0][42]
              (rising edge-triggered flip-flop clocked by CLK)
  Endpoint: writeback_if[0].data[42]
            (output port clocked by CLK)
  Path Group: REGOUT
  Path Type: max

  Des/Clust/Port     Wire Load Model       Library
  ------------------------------------------------
  VX_commit          5K_hvratio_1_1        NangateOpenCellLibrary_ss0p95v125c

  Point                                                   Incr       Path
  --------------------------------------------------------------------------
  clock CLK (rise edge)                                   0.00       0.00
  clock network delay (ideal)                             0.00       0.00
  g_commit_arbs[0].commit_arb/g_input_select.g_arbiter.g_out_buf[0].out_buf/g_eb1.pipe_buffer/g_register.g_pipe_regs[0].pipe_register/g_shift_register/g_shift.pipe_reg[0][42]/CK (DFF_X1)
                                                          0.00       0.00 r
  g_commit_arbs[0].commit_arb/g_input_select.g_arbiter.g_out_buf[0].out_buf/g_eb1.pipe_buffer/g_register.g_pipe_regs[0].pipe_register/g_shift_register/g_shift.pipe_reg[0][42]/Q (DFF_X1)
                                                          0.34       0.34 r
  writeback_if[0].data[42] (out)                          0.01       0.35 r
  data arrival time                                                  0.35

  clock CLK (rise edge)                                   4.00       4.00
  clock network delay (ideal)                             0.00       4.00
  clock uncertainty                                      -0.25       3.75
  output external delay                                  -1.20       2.55
  data required time                                                 2.55
  --------------------------------------------------------------------------
  data required time                                                 2.55
  data arrival time                                                 -0.35
  --------------------------------------------------------------------------
  slack (MET)                                                        2.20


  Startpoint: g_commit_arbs[0].commit_arb/g_input_select.g_arbiter.g_out_buf[0].out_buf/g_eb1.pipe_buffer/g_register.g_pipe_regs[0].pipe_register/g_shift_register/g_shift.pipe_reg[0][41]
              (rising edge-triggered flip-flop clocked by CLK)
  Endpoint: writeback_if[0].data[41]
            (output port clocked by CLK)
  Path Group: REGOUT
  Path Type: max

  Des/Clust/Port     Wire Load Model       Library
  ------------------------------------------------
  VX_commit          5K_hvratio_1_1        NangateOpenCellLibrary_ss0p95v125c

  Point                                                   Incr       Path
  --------------------------------------------------------------------------
  clock CLK (rise edge)                                   0.00       0.00
  clock network delay (ideal)                             0.00       0.00
  g_commit_arbs[0].commit_arb/g_input_select.g_arbiter.g_out_buf[0].out_buf/g_eb1.pipe_buffer/g_register.g_pipe_regs[0].pipe_register/g_shift_register/g_shift.pipe_reg[0][41]/CK (DFF_X1)
                                                          0.00       0.00 r
  g_commit_arbs[0].commit_arb/g_input_select.g_arbiter.g_out_buf[0].out_buf/g_eb1.pipe_buffer/g_register.g_pipe_regs[0].pipe_register/g_shift_register/g_shift.pipe_reg[0][41]/Q (DFF_X1)
                                                          0.34       0.34 r
  writeback_if[0].data[41] (out)                          0.01       0.35 r
  data arrival time                                                  0.35

  clock CLK (rise edge)                                   4.00       4.00
  clock network delay (ideal)                             0.00       4.00
  clock uncertainty                                      -0.25       3.75
  output external delay                                  -1.20       2.55
  data required time                                                 2.55
  --------------------------------------------------------------------------
  data required time                                                 2.55
  data arrival time                                                 -0.35
  --------------------------------------------------------------------------
  slack (MET)                                                        2.20


  Startpoint: g_commit_arbs[0].commit_arb/g_input_select.g_arbiter.g_out_buf[0].out_buf/g_eb1.pipe_buffer/g_register.g_pipe_regs[0].pipe_register/g_shift_register/g_shift.pipe_reg[0][40]
              (rising edge-triggered flip-flop clocked by CLK)
  Endpoint: writeback_if[0].data[40]
            (output port clocked by CLK)
  Path Group: REGOUT
  Path Type: max

  Des/Clust/Port     Wire Load Model       Library
  ------------------------------------------------
  VX_commit          5K_hvratio_1_1        NangateOpenCellLibrary_ss0p95v125c

  Point                                                   Incr       Path
  --------------------------------------------------------------------------
  clock CLK (rise edge)                                   0.00       0.00
  clock network delay (ideal)                             0.00       0.00
  g_commit_arbs[0].commit_arb/g_input_select.g_arbiter.g_out_buf[0].out_buf/g_eb1.pipe_buffer/g_register.g_pipe_regs[0].pipe_register/g_shift_register/g_shift.pipe_reg[0][40]/CK (DFF_X1)
                                                          0.00       0.00 r
  g_commit_arbs[0].commit_arb/g_input_select.g_arbiter.g_out_buf[0].out_buf/g_eb1.pipe_buffer/g_register.g_pipe_regs[0].pipe_register/g_shift_register/g_shift.pipe_reg[0][40]/Q (DFF_X1)
                                                          0.34       0.34 r
  writeback_if[0].data[40] (out)                          0.01       0.35 r
  data arrival time                                                  0.35

  clock CLK (rise edge)                                   4.00       4.00
  clock network delay (ideal)                             0.00       4.00
  clock uncertainty                                      -0.25       3.75
  output external delay                                  -1.20       2.55
  data required time                                                 2.55
  --------------------------------------------------------------------------
  data required time                                                 2.55
  data arrival time                                                 -0.35
  --------------------------------------------------------------------------
  slack (MET)                                                        2.20


  Startpoint: g_commit_arbs[0].commit_arb/g_input_select.g_arbiter.g_out_buf[0].out_buf/g_eb1.pipe_buffer/g_register.g_pipe_regs[0].pipe_register/g_shift_register/g_shift.pipe_reg[0][39]
              (rising edge-triggered flip-flop clocked by CLK)
  Endpoint: writeback_if[0].data[39]
            (output port clocked by CLK)
  Path Group: REGOUT
  Path Type: max

  Des/Clust/Port     Wire Load Model       Library
  ------------------------------------------------
  VX_commit          5K_hvratio_1_1        NangateOpenCellLibrary_ss0p95v125c

  Point                                                   Incr       Path
  --------------------------------------------------------------------------
  clock CLK (rise edge)                                   0.00       0.00
  clock network delay (ideal)                             0.00       0.00
  g_commit_arbs[0].commit_arb/g_input_select.g_arbiter.g_out_buf[0].out_buf/g_eb1.pipe_buffer/g_register.g_pipe_regs[0].pipe_register/g_shift_register/g_shift.pipe_reg[0][39]/CK (DFF_X1)
                                                          0.00       0.00 r
  g_commit_arbs[0].commit_arb/g_input_select.g_arbiter.g_out_buf[0].out_buf/g_eb1.pipe_buffer/g_register.g_pipe_regs[0].pipe_register/g_shift_register/g_shift.pipe_reg[0][39]/Q (DFF_X1)
                                                          0.34       0.34 r
  writeback_if[0].data[39] (out)                          0.01       0.35 r
  data arrival time                                                  0.35

  clock CLK (rise edge)                                   4.00       4.00
  clock network delay (ideal)                             0.00       4.00
  clock uncertainty                                      -0.25       3.75
  output external delay                                  -1.20       2.55
  data required time                                                 2.55
  --------------------------------------------------------------------------
  data required time                                                 2.55
  data arrival time                                                 -0.35
  --------------------------------------------------------------------------
  slack (MET)                                                        2.20


  Startpoint: g_commit_arbs[0].commit_arb/g_input_select.g_arbiter.g_out_buf[0].out_buf/g_eb1.pipe_buffer/g_register.g_pipe_regs[0].pipe_register/g_shift_register/g_shift.pipe_reg[0][38]
              (rising edge-triggered flip-flop clocked by CLK)
  Endpoint: writeback_if[0].data[38]
            (output port clocked by CLK)
  Path Group: REGOUT
  Path Type: max

  Des/Clust/Port     Wire Load Model       Library
  ------------------------------------------------
  VX_commit          5K_hvratio_1_1        NangateOpenCellLibrary_ss0p95v125c

  Point                                                   Incr       Path
  --------------------------------------------------------------------------
  clock CLK (rise edge)                                   0.00       0.00
  clock network delay (ideal)                             0.00       0.00
  g_commit_arbs[0].commit_arb/g_input_select.g_arbiter.g_out_buf[0].out_buf/g_eb1.pipe_buffer/g_register.g_pipe_regs[0].pipe_register/g_shift_register/g_shift.pipe_reg[0][38]/CK (DFF_X1)
                                                          0.00       0.00 r
  g_commit_arbs[0].commit_arb/g_input_select.g_arbiter.g_out_buf[0].out_buf/g_eb1.pipe_buffer/g_register.g_pipe_regs[0].pipe_register/g_shift_register/g_shift.pipe_reg[0][38]/Q (DFF_X1)
                                                          0.34       0.34 r
  writeback_if[0].data[38] (out)                          0.01       0.35 r
  data arrival time                                                  0.35

  clock CLK (rise edge)                                   4.00       4.00
  clock network delay (ideal)                             0.00       4.00
  clock uncertainty                                      -0.25       3.75
  output external delay                                  -1.20       2.55
  data required time                                                 2.55
  --------------------------------------------------------------------------
  data required time                                                 2.55
  data arrival time                                                 -0.35
  --------------------------------------------------------------------------
  slack (MET)                                                        2.20


  Startpoint: g_commit_arbs[0].commit_arb/g_input_select.g_arbiter.g_out_buf[0].out_buf/g_eb1.pipe_buffer/g_register.g_pipe_regs[0].pipe_register/g_shift_register/g_shift.pipe_reg[0][37]
              (rising edge-triggered flip-flop clocked by CLK)
  Endpoint: writeback_if[0].data[37]
            (output port clocked by CLK)
  Path Group: REGOUT
  Path Type: max

  Des/Clust/Port     Wire Load Model       Library
  ------------------------------------------------
  VX_commit          5K_hvratio_1_1        NangateOpenCellLibrary_ss0p95v125c

  Point                                                   Incr       Path
  --------------------------------------------------------------------------
  clock CLK (rise edge)                                   0.00       0.00
  clock network delay (ideal)                             0.00       0.00
  g_commit_arbs[0].commit_arb/g_input_select.g_arbiter.g_out_buf[0].out_buf/g_eb1.pipe_buffer/g_register.g_pipe_regs[0].pipe_register/g_shift_register/g_shift.pipe_reg[0][37]/CK (DFF_X1)
                                                          0.00       0.00 r
  g_commit_arbs[0].commit_arb/g_input_select.g_arbiter.g_out_buf[0].out_buf/g_eb1.pipe_buffer/g_register.g_pipe_regs[0].pipe_register/g_shift_register/g_shift.pipe_reg[0][37]/Q (DFF_X1)
                                                          0.34       0.34 r
  writeback_if[0].data[37] (out)                          0.01       0.35 r
  data arrival time                                                  0.35

  clock CLK (rise edge)                                   4.00       4.00
  clock network delay (ideal)                             0.00       4.00
  clock uncertainty                                      -0.25       3.75
  output external delay                                  -1.20       2.55
  data required time                                                 2.55
  --------------------------------------------------------------------------
  data required time                                                 2.55
  data arrival time                                                 -0.35
  --------------------------------------------------------------------------
  slack (MET)                                                        2.20


  Startpoint: g_commit_arbs[0].commit_arb/g_input_select.g_arbiter.g_out_buf[0].out_buf/g_eb1.pipe_buffer/g_register.g_pipe_regs[0].pipe_register/g_shift_register/g_shift.pipe_reg[0][36]
              (rising edge-triggered flip-flop clocked by CLK)
  Endpoint: writeback_if[0].data[36]
            (output port clocked by CLK)
  Path Group: REGOUT
  Path Type: max

  Des/Clust/Port     Wire Load Model       Library
  ------------------------------------------------
  VX_commit          5K_hvratio_1_1        NangateOpenCellLibrary_ss0p95v125c

  Point                                                   Incr       Path
  --------------------------------------------------------------------------
  clock CLK (rise edge)                                   0.00       0.00
  clock network delay (ideal)                             0.00       0.00
  g_commit_arbs[0].commit_arb/g_input_select.g_arbiter.g_out_buf[0].out_buf/g_eb1.pipe_buffer/g_register.g_pipe_regs[0].pipe_register/g_shift_register/g_shift.pipe_reg[0][36]/CK (DFF_X1)
                                                          0.00       0.00 r
  g_commit_arbs[0].commit_arb/g_input_select.g_arbiter.g_out_buf[0].out_buf/g_eb1.pipe_buffer/g_register.g_pipe_regs[0].pipe_register/g_shift_register/g_shift.pipe_reg[0][36]/Q (DFF_X1)
                                                          0.34       0.34 r
  writeback_if[0].data[36] (out)                          0.01       0.35 r
  data arrival time                                                  0.35

  clock CLK (rise edge)                                   4.00       4.00
  clock network delay (ideal)                             0.00       4.00
  clock uncertainty                                      -0.25       3.75
  output external delay                                  -1.20       2.55
  data required time                                                 2.55
  --------------------------------------------------------------------------
  data required time                                                 2.55
  data arrival time                                                 -0.35
  --------------------------------------------------------------------------
  slack (MET)                                                        2.20


  Startpoint: g_commit_arbs[0].commit_arb/g_input_select.g_arbiter.g_out_buf[0].out_buf/g_eb1.pipe_buffer/g_register.g_pipe_regs[0].pipe_register/g_shift_register/g_shift.pipe_reg[0][35]
              (rising edge-triggered flip-flop clocked by CLK)
  Endpoint: writeback_if[0].data[35]
            (output port clocked by CLK)
  Path Group: REGOUT
  Path Type: max

  Des/Clust/Port     Wire Load Model       Library
  ------------------------------------------------
  VX_commit          5K_hvratio_1_1        NangateOpenCellLibrary_ss0p95v125c

  Point                                                   Incr       Path
  --------------------------------------------------------------------------
  clock CLK (rise edge)                                   0.00       0.00
  clock network delay (ideal)                             0.00       0.00
  g_commit_arbs[0].commit_arb/g_input_select.g_arbiter.g_out_buf[0].out_buf/g_eb1.pipe_buffer/g_register.g_pipe_regs[0].pipe_register/g_shift_register/g_shift.pipe_reg[0][35]/CK (DFF_X1)
                                                          0.00       0.00 r
  g_commit_arbs[0].commit_arb/g_input_select.g_arbiter.g_out_buf[0].out_buf/g_eb1.pipe_buffer/g_register.g_pipe_regs[0].pipe_register/g_shift_register/g_shift.pipe_reg[0][35]/Q (DFF_X1)
                                                          0.34       0.34 r
  writeback_if[0].data[35] (out)                          0.01       0.35 r
  data arrival time                                                  0.35

  clock CLK (rise edge)                                   4.00       4.00
  clock network delay (ideal)                             0.00       4.00
  clock uncertainty                                      -0.25       3.75
  output external delay                                  -1.20       2.55
  data required time                                                 2.55
  --------------------------------------------------------------------------
  data required time                                                 2.55
  data arrival time                                                 -0.35
  --------------------------------------------------------------------------
  slack (MET)                                                        2.20


  Startpoint: g_commit_arbs[0].commit_arb/g_input_select.g_arbiter.g_out_buf[0].out_buf/g_eb1.pipe_buffer/g_register.g_pipe_regs[0].pipe_register/g_shift_register/g_shift.pipe_reg[0][34]
              (rising edge-triggered flip-flop clocked by CLK)
  Endpoint: writeback_if[0].data[34]
            (output port clocked by CLK)
  Path Group: REGOUT
  Path Type: max

  Des/Clust/Port     Wire Load Model       Library
  ------------------------------------------------
  VX_commit          5K_hvratio_1_1        NangateOpenCellLibrary_ss0p95v125c

  Point                                                   Incr       Path
  --------------------------------------------------------------------------
  clock CLK (rise edge)                                   0.00       0.00
  clock network delay (ideal)                             0.00       0.00
  g_commit_arbs[0].commit_arb/g_input_select.g_arbiter.g_out_buf[0].out_buf/g_eb1.pipe_buffer/g_register.g_pipe_regs[0].pipe_register/g_shift_register/g_shift.pipe_reg[0][34]/CK (DFF_X1)
                                                          0.00       0.00 r
  g_commit_arbs[0].commit_arb/g_input_select.g_arbiter.g_out_buf[0].out_buf/g_eb1.pipe_buffer/g_register.g_pipe_regs[0].pipe_register/g_shift_register/g_shift.pipe_reg[0][34]/Q (DFF_X1)
                                                          0.34       0.34 r
  writeback_if[0].data[34] (out)                          0.01       0.35 r
  data arrival time                                                  0.35

  clock CLK (rise edge)                                   4.00       4.00
  clock network delay (ideal)                             0.00       4.00
  clock uncertainty                                      -0.25       3.75
  output external delay                                  -1.20       2.55
  data required time                                                 2.55
  --------------------------------------------------------------------------
  data required time                                                 2.55
  data arrival time                                                 -0.35
  --------------------------------------------------------------------------
  slack (MET)                                                        2.20


  Startpoint: g_commit_arbs[0].commit_arb/g_input_select.g_arbiter.g_out_buf[0].out_buf/g_eb1.pipe_buffer/g_register.g_pipe_regs[0].pipe_register/g_shift_register/g_shift.pipe_reg[0][33]
              (rising edge-triggered flip-flop clocked by CLK)
  Endpoint: writeback_if[0].data[33]
            (output port clocked by CLK)
  Path Group: REGOUT
  Path Type: max

  Des/Clust/Port     Wire Load Model       Library
  ------------------------------------------------
  VX_commit          5K_hvratio_1_1        NangateOpenCellLibrary_ss0p95v125c

  Point                                                   Incr       Path
  --------------------------------------------------------------------------
  clock CLK (rise edge)                                   0.00       0.00
  clock network delay (ideal)                             0.00       0.00
  g_commit_arbs[0].commit_arb/g_input_select.g_arbiter.g_out_buf[0].out_buf/g_eb1.pipe_buffer/g_register.g_pipe_regs[0].pipe_register/g_shift_register/g_shift.pipe_reg[0][33]/CK (DFF_X1)
                                                          0.00       0.00 r
  g_commit_arbs[0].commit_arb/g_input_select.g_arbiter.g_out_buf[0].out_buf/g_eb1.pipe_buffer/g_register.g_pipe_regs[0].pipe_register/g_shift_register/g_shift.pipe_reg[0][33]/Q (DFF_X1)
                                                          0.34       0.34 r
  writeback_if[0].data[33] (out)                          0.01       0.35 r
  data arrival time                                                  0.35

  clock CLK (rise edge)                                   4.00       4.00
  clock network delay (ideal)                             0.00       4.00
  clock uncertainty                                      -0.25       3.75
  output external delay                                  -1.20       2.55
  data required time                                                 2.55
  --------------------------------------------------------------------------
  data required time                                                 2.55
  data arrival time                                                 -0.35
  --------------------------------------------------------------------------
  slack (MET)                                                        2.20


  Startpoint: g_commit_arbs[0].commit_arb/g_input_select.g_arbiter.g_out_buf[0].out_buf/g_eb1.pipe_buffer/g_register.g_pipe_regs[0].pipe_register/g_shift_register/g_shift.pipe_reg[0][32]
              (rising edge-triggered flip-flop clocked by CLK)
  Endpoint: writeback_if[0].data[32]
            (output port clocked by CLK)
  Path Group: REGOUT
  Path Type: max

  Des/Clust/Port     Wire Load Model       Library
  ------------------------------------------------
  VX_commit          5K_hvratio_1_1        NangateOpenCellLibrary_ss0p95v125c

  Point                                                   Incr       Path
  --------------------------------------------------------------------------
  clock CLK (rise edge)                                   0.00       0.00
  clock network delay (ideal)                             0.00       0.00
  g_commit_arbs[0].commit_arb/g_input_select.g_arbiter.g_out_buf[0].out_buf/g_eb1.pipe_buffer/g_register.g_pipe_regs[0].pipe_register/g_shift_register/g_shift.pipe_reg[0][32]/CK (DFF_X1)
                                                          0.00       0.00 r
  g_commit_arbs[0].commit_arb/g_input_select.g_arbiter.g_out_buf[0].out_buf/g_eb1.pipe_buffer/g_register.g_pipe_regs[0].pipe_register/g_shift_register/g_shift.pipe_reg[0][32]/Q (DFF_X1)
                                                          0.34       0.34 r
  writeback_if[0].data[32] (out)                          0.01       0.35 r
  data arrival time                                                  0.35

  clock CLK (rise edge)                                   4.00       4.00
  clock network delay (ideal)                             0.00       4.00
  clock uncertainty                                      -0.25       3.75
  output external delay                                  -1.20       2.55
  data required time                                                 2.55
  --------------------------------------------------------------------------
  data required time                                                 2.55
  data arrival time                                                 -0.35
  --------------------------------------------------------------------------
  slack (MET)                                                        2.20


  Startpoint: g_commit_arbs[0].commit_arb/g_input_select.g_arbiter.g_out_buf[0].out_buf/g_eb1.pipe_buffer/g_register.g_pipe_regs[0].pipe_register/g_shift_register/g_shift.pipe_reg[0][31]
              (rising edge-triggered flip-flop clocked by CLK)
  Endpoint: writeback_if[0].data[31]
            (output port clocked by CLK)
  Path Group: REGOUT
  Path Type: max

  Des/Clust/Port     Wire Load Model       Library
  ------------------------------------------------
  VX_commit          5K_hvratio_1_1        NangateOpenCellLibrary_ss0p95v125c

  Point                                                   Incr       Path
  --------------------------------------------------------------------------
  clock CLK (rise edge)                                   0.00       0.00
  clock network delay (ideal)                             0.00       0.00
  g_commit_arbs[0].commit_arb/g_input_select.g_arbiter.g_out_buf[0].out_buf/g_eb1.pipe_buffer/g_register.g_pipe_regs[0].pipe_register/g_shift_register/g_shift.pipe_reg[0][31]/CK (DFF_X1)
                                                          0.00       0.00 r
  g_commit_arbs[0].commit_arb/g_input_select.g_arbiter.g_out_buf[0].out_buf/g_eb1.pipe_buffer/g_register.g_pipe_regs[0].pipe_register/g_shift_register/g_shift.pipe_reg[0][31]/Q (DFF_X1)
                                                          0.34       0.34 r
  writeback_if[0].data[31] (out)                          0.01       0.35 r
  data arrival time                                                  0.35

  clock CLK (rise edge)                                   4.00       4.00
  clock network delay (ideal)                             0.00       4.00
  clock uncertainty                                      -0.25       3.75
  output external delay                                  -1.20       2.55
  data required time                                                 2.55
  --------------------------------------------------------------------------
  data required time                                                 2.55
  data arrival time                                                 -0.35
  --------------------------------------------------------------------------
  slack (MET)                                                        2.20


  Startpoint: g_commit_arbs[0].commit_arb/g_input_select.g_arbiter.g_out_buf[0].out_buf/g_eb1.pipe_buffer/g_register.g_pipe_regs[0].pipe_register/g_shift_register/g_shift.pipe_reg[0][30]
              (rising edge-triggered flip-flop clocked by CLK)
  Endpoint: writeback_if[0].data[30]
            (output port clocked by CLK)
  Path Group: REGOUT
  Path Type: max

  Des/Clust/Port     Wire Load Model       Library
  ------------------------------------------------
  VX_commit          5K_hvratio_1_1        NangateOpenCellLibrary_ss0p95v125c

  Point                                                   Incr       Path
  --------------------------------------------------------------------------
  clock CLK (rise edge)                                   0.00       0.00
  clock network delay (ideal)                             0.00       0.00
  g_commit_arbs[0].commit_arb/g_input_select.g_arbiter.g_out_buf[0].out_buf/g_eb1.pipe_buffer/g_register.g_pipe_regs[0].pipe_register/g_shift_register/g_shift.pipe_reg[0][30]/CK (DFF_X1)
                                                          0.00       0.00 r
  g_commit_arbs[0].commit_arb/g_input_select.g_arbiter.g_out_buf[0].out_buf/g_eb1.pipe_buffer/g_register.g_pipe_regs[0].pipe_register/g_shift_register/g_shift.pipe_reg[0][30]/Q (DFF_X1)
                                                          0.34       0.34 r
  writeback_if[0].data[30] (out)                          0.01       0.35 r
  data arrival time                                                  0.35

  clock CLK (rise edge)                                   4.00       4.00
  clock network delay (ideal)                             0.00       4.00
  clock uncertainty                                      -0.25       3.75
  output external delay                                  -1.20       2.55
  data required time                                                 2.55
  --------------------------------------------------------------------------
  data required time                                                 2.55
  data arrival time                                                 -0.35
  --------------------------------------------------------------------------
  slack (MET)                                                        2.20


  Startpoint: g_commit_arbs[0].commit_arb/g_input_select.g_arbiter.g_out_buf[0].out_buf/g_eb1.pipe_buffer/g_register.g_pipe_regs[0].pipe_register/g_shift_register/g_shift.pipe_reg[0][29]
              (rising edge-triggered flip-flop clocked by CLK)
  Endpoint: writeback_if[0].data[29]
            (output port clocked by CLK)
  Path Group: REGOUT
  Path Type: max

  Des/Clust/Port     Wire Load Model       Library
  ------------------------------------------------
  VX_commit          5K_hvratio_1_1        NangateOpenCellLibrary_ss0p95v125c

  Point                                                   Incr       Path
  --------------------------------------------------------------------------
  clock CLK (rise edge)                                   0.00       0.00
  clock network delay (ideal)                             0.00       0.00
  g_commit_arbs[0].commit_arb/g_input_select.g_arbiter.g_out_buf[0].out_buf/g_eb1.pipe_buffer/g_register.g_pipe_regs[0].pipe_register/g_shift_register/g_shift.pipe_reg[0][29]/CK (DFF_X1)
                                                          0.00       0.00 r
  g_commit_arbs[0].commit_arb/g_input_select.g_arbiter.g_out_buf[0].out_buf/g_eb1.pipe_buffer/g_register.g_pipe_regs[0].pipe_register/g_shift_register/g_shift.pipe_reg[0][29]/Q (DFF_X1)
                                                          0.34       0.34 r
  writeback_if[0].data[29] (out)                          0.01       0.35 r
  data arrival time                                                  0.35

  clock CLK (rise edge)                                   4.00       4.00
  clock network delay (ideal)                             0.00       4.00
  clock uncertainty                                      -0.25       3.75
  output external delay                                  -1.20       2.55
  data required time                                                 2.55
  --------------------------------------------------------------------------
  data required time                                                 2.55
  data arrival time                                                 -0.35
  --------------------------------------------------------------------------
  slack (MET)                                                        2.20


  Startpoint: g_commit_arbs[0].commit_arb/g_input_select.g_arbiter.g_out_buf[0].out_buf/g_eb1.pipe_buffer/g_register.g_pipe_regs[0].pipe_register/g_shift_register/g_shift.pipe_reg[0][28]
              (rising edge-triggered flip-flop clocked by CLK)
  Endpoint: writeback_if[0].data[28]
            (output port clocked by CLK)
  Path Group: REGOUT
  Path Type: max

  Des/Clust/Port     Wire Load Model       Library
  ------------------------------------------------
  VX_commit          5K_hvratio_1_1        NangateOpenCellLibrary_ss0p95v125c

  Point                                                   Incr       Path
  --------------------------------------------------------------------------
  clock CLK (rise edge)                                   0.00       0.00
  clock network delay (ideal)                             0.00       0.00
  g_commit_arbs[0].commit_arb/g_input_select.g_arbiter.g_out_buf[0].out_buf/g_eb1.pipe_buffer/g_register.g_pipe_regs[0].pipe_register/g_shift_register/g_shift.pipe_reg[0][28]/CK (DFF_X1)
                                                          0.00       0.00 r
  g_commit_arbs[0].commit_arb/g_input_select.g_arbiter.g_out_buf[0].out_buf/g_eb1.pipe_buffer/g_register.g_pipe_regs[0].pipe_register/g_shift_register/g_shift.pipe_reg[0][28]/Q (DFF_X1)
                                                          0.34       0.34 r
  writeback_if[0].data[28] (out)                          0.01       0.35 r
  data arrival time                                                  0.35

  clock CLK (rise edge)                                   4.00       4.00
  clock network delay (ideal)                             0.00       4.00
  clock uncertainty                                      -0.25       3.75
  output external delay                                  -1.20       2.55
  data required time                                                 2.55
  --------------------------------------------------------------------------
  data required time                                                 2.55
  data arrival time                                                 -0.35
  --------------------------------------------------------------------------
  slack (MET)                                                        2.20


  Startpoint: g_commit_arbs[0].commit_arb/g_input_select.g_arbiter.g_out_buf[0].out_buf/g_eb1.pipe_buffer/g_register.g_pipe_regs[0].pipe_register/g_shift_register/g_shift.pipe_reg[0][27]
              (rising edge-triggered flip-flop clocked by CLK)
  Endpoint: writeback_if[0].data[27]
            (output port clocked by CLK)
  Path Group: REGOUT
  Path Type: max

  Des/Clust/Port     Wire Load Model       Library
  ------------------------------------------------
  VX_commit          5K_hvratio_1_1        NangateOpenCellLibrary_ss0p95v125c

  Point                                                   Incr       Path
  --------------------------------------------------------------------------
  clock CLK (rise edge)                                   0.00       0.00
  clock network delay (ideal)                             0.00       0.00
  g_commit_arbs[0].commit_arb/g_input_select.g_arbiter.g_out_buf[0].out_buf/g_eb1.pipe_buffer/g_register.g_pipe_regs[0].pipe_register/g_shift_register/g_shift.pipe_reg[0][27]/CK (DFF_X1)
                                                          0.00       0.00 r
  g_commit_arbs[0].commit_arb/g_input_select.g_arbiter.g_out_buf[0].out_buf/g_eb1.pipe_buffer/g_register.g_pipe_regs[0].pipe_register/g_shift_register/g_shift.pipe_reg[0][27]/Q (DFF_X1)
                                                          0.34       0.34 r
  writeback_if[0].data[27] (out)                          0.01       0.35 r
  data arrival time                                                  0.35

  clock CLK (rise edge)                                   4.00       4.00
  clock network delay (ideal)                             0.00       4.00
  clock uncertainty                                      -0.25       3.75
  output external delay                                  -1.20       2.55
  data required time                                                 2.55
  --------------------------------------------------------------------------
  data required time                                                 2.55
  data arrival time                                                 -0.35
  --------------------------------------------------------------------------
  slack (MET)                                                        2.20


  Startpoint: g_commit_arbs[0].commit_arb/g_input_select.g_arbiter.g_out_buf[0].out_buf/g_eb1.pipe_buffer/g_register.g_pipe_regs[0].pipe_register/g_shift_register/g_shift.pipe_reg[0][26]
              (rising edge-triggered flip-flop clocked by CLK)
  Endpoint: writeback_if[0].data[26]
            (output port clocked by CLK)
  Path Group: REGOUT
  Path Type: max

  Des/Clust/Port     Wire Load Model       Library
  ------------------------------------------------
  VX_commit          5K_hvratio_1_1        NangateOpenCellLibrary_ss0p95v125c

  Point                                                   Incr       Path
  --------------------------------------------------------------------------
  clock CLK (rise edge)                                   0.00       0.00
  clock network delay (ideal)                             0.00       0.00
  g_commit_arbs[0].commit_arb/g_input_select.g_arbiter.g_out_buf[0].out_buf/g_eb1.pipe_buffer/g_register.g_pipe_regs[0].pipe_register/g_shift_register/g_shift.pipe_reg[0][26]/CK (DFF_X1)
                                                          0.00       0.00 r
  g_commit_arbs[0].commit_arb/g_input_select.g_arbiter.g_out_buf[0].out_buf/g_eb1.pipe_buffer/g_register.g_pipe_regs[0].pipe_register/g_shift_register/g_shift.pipe_reg[0][26]/Q (DFF_X1)
                                                          0.34       0.34 r
  writeback_if[0].data[26] (out)                          0.01       0.35 r
  data arrival time                                                  0.35

  clock CLK (rise edge)                                   4.00       4.00
  clock network delay (ideal)                             0.00       4.00
  clock uncertainty                                      -0.25       3.75
  output external delay                                  -1.20       2.55
  data required time                                                 2.55
  --------------------------------------------------------------------------
  data required time                                                 2.55
  data arrival time                                                 -0.35
  --------------------------------------------------------------------------
  slack (MET)                                                        2.20


  Startpoint: g_commit_arbs[0].commit_arb/g_input_select.g_arbiter.g_out_buf[0].out_buf/g_eb1.pipe_buffer/g_register.g_pipe_regs[0].pipe_register/g_shift_register/g_shift.pipe_reg[0][25]
              (rising edge-triggered flip-flop clocked by CLK)
  Endpoint: writeback_if[0].data[25]
            (output port clocked by CLK)
  Path Group: REGOUT
  Path Type: max

  Des/Clust/Port     Wire Load Model       Library
  ------------------------------------------------
  VX_commit          5K_hvratio_1_1        NangateOpenCellLibrary_ss0p95v125c

  Point                                                   Incr       Path
  --------------------------------------------------------------------------
  clock CLK (rise edge)                                   0.00       0.00
  clock network delay (ideal)                             0.00       0.00
  g_commit_arbs[0].commit_arb/g_input_select.g_arbiter.g_out_buf[0].out_buf/g_eb1.pipe_buffer/g_register.g_pipe_regs[0].pipe_register/g_shift_register/g_shift.pipe_reg[0][25]/CK (DFF_X1)
                                                          0.00       0.00 r
  g_commit_arbs[0].commit_arb/g_input_select.g_arbiter.g_out_buf[0].out_buf/g_eb1.pipe_buffer/g_register.g_pipe_regs[0].pipe_register/g_shift_register/g_shift.pipe_reg[0][25]/Q (DFF_X1)
                                                          0.34       0.34 r
  writeback_if[0].data[25] (out)                          0.01       0.35 r
  data arrival time                                                  0.35

  clock CLK (rise edge)                                   4.00       4.00
  clock network delay (ideal)                             0.00       4.00
  clock uncertainty                                      -0.25       3.75
  output external delay                                  -1.20       2.55
  data required time                                                 2.55
  --------------------------------------------------------------------------
  data required time                                                 2.55
  data arrival time                                                 -0.35
  --------------------------------------------------------------------------
  slack (MET)                                                        2.20


  Startpoint: g_commit_arbs[0].commit_arb/g_input_select.g_arbiter.g_out_buf[0].out_buf/g_eb1.pipe_buffer/g_register.g_pipe_regs[0].pipe_register/g_shift_register/g_shift.pipe_reg[0][24]
              (rising edge-triggered flip-flop clocked by CLK)
  Endpoint: writeback_if[0].data[24]
            (output port clocked by CLK)
  Path Group: REGOUT
  Path Type: max

  Des/Clust/Port     Wire Load Model       Library
  ------------------------------------------------
  VX_commit          5K_hvratio_1_1        NangateOpenCellLibrary_ss0p95v125c

  Point                                                   Incr       Path
  --------------------------------------------------------------------------
  clock CLK (rise edge)                                   0.00       0.00
  clock network delay (ideal)                             0.00       0.00
  g_commit_arbs[0].commit_arb/g_input_select.g_arbiter.g_out_buf[0].out_buf/g_eb1.pipe_buffer/g_register.g_pipe_regs[0].pipe_register/g_shift_register/g_shift.pipe_reg[0][24]/CK (DFF_X1)
                                                          0.00       0.00 r
  g_commit_arbs[0].commit_arb/g_input_select.g_arbiter.g_out_buf[0].out_buf/g_eb1.pipe_buffer/g_register.g_pipe_regs[0].pipe_register/g_shift_register/g_shift.pipe_reg[0][24]/Q (DFF_X1)
                                                          0.34       0.34 r
  writeback_if[0].data[24] (out)                          0.01       0.35 r
  data arrival time                                                  0.35

  clock CLK (rise edge)                                   4.00       4.00
  clock network delay (ideal)                             0.00       4.00
  clock uncertainty                                      -0.25       3.75
  output external delay                                  -1.20       2.55
  data required time                                                 2.55
  --------------------------------------------------------------------------
  data required time                                                 2.55
  data arrival time                                                 -0.35
  --------------------------------------------------------------------------
  slack (MET)                                                        2.20


  Startpoint: g_commit_arbs[0].commit_arb/g_input_select.g_arbiter.g_out_buf[0].out_buf/g_eb1.pipe_buffer/g_register.g_pipe_regs[0].pipe_register/g_shift_register/g_shift.pipe_reg[0][23]
              (rising edge-triggered flip-flop clocked by CLK)
  Endpoint: writeback_if[0].data[23]
            (output port clocked by CLK)
  Path Group: REGOUT
  Path Type: max

  Des/Clust/Port     Wire Load Model       Library
  ------------------------------------------------
  VX_commit          5K_hvratio_1_1        NangateOpenCellLibrary_ss0p95v125c

  Point                                                   Incr       Path
  --------------------------------------------------------------------------
  clock CLK (rise edge)                                   0.00       0.00
  clock network delay (ideal)                             0.00       0.00
  g_commit_arbs[0].commit_arb/g_input_select.g_arbiter.g_out_buf[0].out_buf/g_eb1.pipe_buffer/g_register.g_pipe_regs[0].pipe_register/g_shift_register/g_shift.pipe_reg[0][23]/CK (DFF_X1)
                                                          0.00       0.00 r
  g_commit_arbs[0].commit_arb/g_input_select.g_arbiter.g_out_buf[0].out_buf/g_eb1.pipe_buffer/g_register.g_pipe_regs[0].pipe_register/g_shift_register/g_shift.pipe_reg[0][23]/Q (DFF_X1)
                                                          0.34       0.34 r
  writeback_if[0].data[23] (out)                          0.01       0.35 r
  data arrival time                                                  0.35

  clock CLK (rise edge)                                   4.00       4.00
  clock network delay (ideal)                             0.00       4.00
  clock uncertainty                                      -0.25       3.75
  output external delay                                  -1.20       2.55
  data required time                                                 2.55
  --------------------------------------------------------------------------
  data required time                                                 2.55
  data arrival time                                                 -0.35
  --------------------------------------------------------------------------
  slack (MET)                                                        2.20


  Startpoint: g_commit_arbs[0].commit_arb/g_input_select.g_arbiter.g_out_buf[0].out_buf/g_eb1.pipe_buffer/g_register.g_pipe_regs[0].pipe_register/g_shift_register/g_shift.pipe_reg[0][22]
              (rising edge-triggered flip-flop clocked by CLK)
  Endpoint: writeback_if[0].data[22]
            (output port clocked by CLK)
  Path Group: REGOUT
  Path Type: max

  Des/Clust/Port     Wire Load Model       Library
  ------------------------------------------------
  VX_commit          5K_hvratio_1_1        NangateOpenCellLibrary_ss0p95v125c

  Point                                                   Incr       Path
  --------------------------------------------------------------------------
  clock CLK (rise edge)                                   0.00       0.00
  clock network delay (ideal)                             0.00       0.00
  g_commit_arbs[0].commit_arb/g_input_select.g_arbiter.g_out_buf[0].out_buf/g_eb1.pipe_buffer/g_register.g_pipe_regs[0].pipe_register/g_shift_register/g_shift.pipe_reg[0][22]/CK (DFF_X1)
                                                          0.00       0.00 r
  g_commit_arbs[0].commit_arb/g_input_select.g_arbiter.g_out_buf[0].out_buf/g_eb1.pipe_buffer/g_register.g_pipe_regs[0].pipe_register/g_shift_register/g_shift.pipe_reg[0][22]/Q (DFF_X1)
                                                          0.34       0.34 r
  writeback_if[0].data[22] (out)                          0.01       0.35 r
  data arrival time                                                  0.35

  clock CLK (rise edge)                                   4.00       4.00
  clock network delay (ideal)                             0.00       4.00
  clock uncertainty                                      -0.25       3.75
  output external delay                                  -1.20       2.55
  data required time                                                 2.55
  --------------------------------------------------------------------------
  data required time                                                 2.55
  data arrival time                                                 -0.35
  --------------------------------------------------------------------------
  slack (MET)                                                        2.20


  Startpoint: g_commit_arbs[0].commit_arb/g_input_select.g_arbiter.g_out_buf[0].out_buf/g_eb1.pipe_buffer/g_register.g_pipe_regs[0].pipe_register/g_shift_register/g_shift.pipe_reg[0][21]
              (rising edge-triggered flip-flop clocked by CLK)
  Endpoint: writeback_if[0].data[21]
            (output port clocked by CLK)
  Path Group: REGOUT
  Path Type: max

  Des/Clust/Port     Wire Load Model       Library
  ------------------------------------------------
  VX_commit          5K_hvratio_1_1        NangateOpenCellLibrary_ss0p95v125c

  Point                                                   Incr       Path
  --------------------------------------------------------------------------
  clock CLK (rise edge)                                   0.00       0.00
  clock network delay (ideal)                             0.00       0.00
  g_commit_arbs[0].commit_arb/g_input_select.g_arbiter.g_out_buf[0].out_buf/g_eb1.pipe_buffer/g_register.g_pipe_regs[0].pipe_register/g_shift_register/g_shift.pipe_reg[0][21]/CK (DFF_X1)
                                                          0.00       0.00 r
  g_commit_arbs[0].commit_arb/g_input_select.g_arbiter.g_out_buf[0].out_buf/g_eb1.pipe_buffer/g_register.g_pipe_regs[0].pipe_register/g_shift_register/g_shift.pipe_reg[0][21]/Q (DFF_X1)
                                                          0.34       0.34 r
  writeback_if[0].data[21] (out)                          0.01       0.35 r
  data arrival time                                                  0.35

  clock CLK (rise edge)                                   4.00       4.00
  clock network delay (ideal)                             0.00       4.00
  clock uncertainty                                      -0.25       3.75
  output external delay                                  -1.20       2.55
  data required time                                                 2.55
  --------------------------------------------------------------------------
  data required time                                                 2.55
  data arrival time                                                 -0.35
  --------------------------------------------------------------------------
  slack (MET)                                                        2.20


  Startpoint: g_commit_arbs[0].commit_arb/g_input_select.g_arbiter.g_out_buf[0].out_buf/g_eb1.pipe_buffer/g_register.g_pipe_regs[0].pipe_register/g_shift_register/g_shift.pipe_reg[0][20]
              (rising edge-triggered flip-flop clocked by CLK)
  Endpoint: writeback_if[0].data[20]
            (output port clocked by CLK)
  Path Group: REGOUT
  Path Type: max

  Des/Clust/Port     Wire Load Model       Library
  ------------------------------------------------
  VX_commit          5K_hvratio_1_1        NangateOpenCellLibrary_ss0p95v125c

  Point                                                   Incr       Path
  --------------------------------------------------------------------------
  clock CLK (rise edge)                                   0.00       0.00
  clock network delay (ideal)                             0.00       0.00
  g_commit_arbs[0].commit_arb/g_input_select.g_arbiter.g_out_buf[0].out_buf/g_eb1.pipe_buffer/g_register.g_pipe_regs[0].pipe_register/g_shift_register/g_shift.pipe_reg[0][20]/CK (DFF_X1)
                                                          0.00       0.00 r
  g_commit_arbs[0].commit_arb/g_input_select.g_arbiter.g_out_buf[0].out_buf/g_eb1.pipe_buffer/g_register.g_pipe_regs[0].pipe_register/g_shift_register/g_shift.pipe_reg[0][20]/Q (DFF_X1)
                                                          0.34       0.34 r
  writeback_if[0].data[20] (out)                          0.01       0.35 r
  data arrival time                                                  0.35

  clock CLK (rise edge)                                   4.00       4.00
  clock network delay (ideal)                             0.00       4.00
  clock uncertainty                                      -0.25       3.75
  output external delay                                  -1.20       2.55
  data required time                                                 2.55
  --------------------------------------------------------------------------
  data required time                                                 2.55
  data arrival time                                                 -0.35
  --------------------------------------------------------------------------
  slack (MET)                                                        2.20


  Startpoint: g_commit_arbs[0].commit_arb/g_input_select.g_arbiter.g_out_buf[0].out_buf/g_eb1.pipe_buffer/g_register.g_pipe_regs[0].pipe_register/g_shift_register/g_shift.pipe_reg[0][19]
              (rising edge-triggered flip-flop clocked by CLK)
  Endpoint: writeback_if[0].data[19]
            (output port clocked by CLK)
  Path Group: REGOUT
  Path Type: max

  Des/Clust/Port     Wire Load Model       Library
  ------------------------------------------------
  VX_commit          5K_hvratio_1_1        NangateOpenCellLibrary_ss0p95v125c

  Point                                                   Incr       Path
  --------------------------------------------------------------------------
  clock CLK (rise edge)                                   0.00       0.00
  clock network delay (ideal)                             0.00       0.00
  g_commit_arbs[0].commit_arb/g_input_select.g_arbiter.g_out_buf[0].out_buf/g_eb1.pipe_buffer/g_register.g_pipe_regs[0].pipe_register/g_shift_register/g_shift.pipe_reg[0][19]/CK (DFF_X1)
                                                          0.00       0.00 r
  g_commit_arbs[0].commit_arb/g_input_select.g_arbiter.g_out_buf[0].out_buf/g_eb1.pipe_buffer/g_register.g_pipe_regs[0].pipe_register/g_shift_register/g_shift.pipe_reg[0][19]/Q (DFF_X1)
                                                          0.34       0.34 r
  writeback_if[0].data[19] (out)                          0.01       0.35 r
  data arrival time                                                  0.35

  clock CLK (rise edge)                                   4.00       4.00
  clock network delay (ideal)                             0.00       4.00
  clock uncertainty                                      -0.25       3.75
  output external delay                                  -1.20       2.55
  data required time                                                 2.55
  --------------------------------------------------------------------------
  data required time                                                 2.55
  data arrival time                                                 -0.35
  --------------------------------------------------------------------------
  slack (MET)                                                        2.20


  Startpoint: g_commit_arbs[0].commit_arb/g_input_select.g_arbiter.g_out_buf[0].out_buf/g_eb1.pipe_buffer/g_register.g_pipe_regs[0].pipe_register/g_shift_register/g_shift.pipe_reg[0][18]
              (rising edge-triggered flip-flop clocked by CLK)
  Endpoint: writeback_if[0].data[18]
            (output port clocked by CLK)
  Path Group: REGOUT
  Path Type: max

  Des/Clust/Port     Wire Load Model       Library
  ------------------------------------------------
  VX_commit          5K_hvratio_1_1        NangateOpenCellLibrary_ss0p95v125c

  Point                                                   Incr       Path
  --------------------------------------------------------------------------
  clock CLK (rise edge)                                   0.00       0.00
  clock network delay (ideal)                             0.00       0.00
  g_commit_arbs[0].commit_arb/g_input_select.g_arbiter.g_out_buf[0].out_buf/g_eb1.pipe_buffer/g_register.g_pipe_regs[0].pipe_register/g_shift_register/g_shift.pipe_reg[0][18]/CK (DFF_X1)
                                                          0.00       0.00 r
  g_commit_arbs[0].commit_arb/g_input_select.g_arbiter.g_out_buf[0].out_buf/g_eb1.pipe_buffer/g_register.g_pipe_regs[0].pipe_register/g_shift_register/g_shift.pipe_reg[0][18]/Q (DFF_X1)
                                                          0.34       0.34 r
  writeback_if[0].data[18] (out)                          0.01       0.35 r
  data arrival time                                                  0.35

  clock CLK (rise edge)                                   4.00       4.00
  clock network delay (ideal)                             0.00       4.00
  clock uncertainty                                      -0.25       3.75
  output external delay                                  -1.20       2.55
  data required time                                                 2.55
  --------------------------------------------------------------------------
  data required time                                                 2.55
  data arrival time                                                 -0.35
  --------------------------------------------------------------------------
  slack (MET)                                                        2.20


  Startpoint: g_commit_arbs[0].commit_arb/g_input_select.g_arbiter.g_out_buf[0].out_buf/g_eb1.pipe_buffer/g_register.g_pipe_regs[0].pipe_register/g_shift_register/g_shift.pipe_reg[0][17]
              (rising edge-triggered flip-flop clocked by CLK)
  Endpoint: writeback_if[0].data[17]
            (output port clocked by CLK)
  Path Group: REGOUT
  Path Type: max

  Des/Clust/Port     Wire Load Model       Library
  ------------------------------------------------
  VX_commit          5K_hvratio_1_1        NangateOpenCellLibrary_ss0p95v125c

  Point                                                   Incr       Path
  --------------------------------------------------------------------------
  clock CLK (rise edge)                                   0.00       0.00
  clock network delay (ideal)                             0.00       0.00
  g_commit_arbs[0].commit_arb/g_input_select.g_arbiter.g_out_buf[0].out_buf/g_eb1.pipe_buffer/g_register.g_pipe_regs[0].pipe_register/g_shift_register/g_shift.pipe_reg[0][17]/CK (DFF_X1)
                                                          0.00       0.00 r
  g_commit_arbs[0].commit_arb/g_input_select.g_arbiter.g_out_buf[0].out_buf/g_eb1.pipe_buffer/g_register.g_pipe_regs[0].pipe_register/g_shift_register/g_shift.pipe_reg[0][17]/Q (DFF_X1)
                                                          0.34       0.34 r
  writeback_if[0].data[17] (out)                          0.01       0.35 r
  data arrival time                                                  0.35

  clock CLK (rise edge)                                   4.00       4.00
  clock network delay (ideal)                             0.00       4.00
  clock uncertainty                                      -0.25       3.75
  output external delay                                  -1.20       2.55
  data required time                                                 2.55
  --------------------------------------------------------------------------
  data required time                                                 2.55
  data arrival time                                                 -0.35
  --------------------------------------------------------------------------
  slack (MET)                                                        2.20


  Startpoint: g_commit_arbs[0].commit_arb/g_input_select.g_arbiter.g_out_buf[0].out_buf/g_eb1.pipe_buffer/g_register.g_pipe_regs[0].pipe_register/g_shift_register/g_shift.pipe_reg[0][16]
              (rising edge-triggered flip-flop clocked by CLK)
  Endpoint: writeback_if[0].data[16]
            (output port clocked by CLK)
  Path Group: REGOUT
  Path Type: max

  Des/Clust/Port     Wire Load Model       Library
  ------------------------------------------------
  VX_commit          5K_hvratio_1_1        NangateOpenCellLibrary_ss0p95v125c

  Point                                                   Incr       Path
  --------------------------------------------------------------------------
  clock CLK (rise edge)                                   0.00       0.00
  clock network delay (ideal)                             0.00       0.00
  g_commit_arbs[0].commit_arb/g_input_select.g_arbiter.g_out_buf[0].out_buf/g_eb1.pipe_buffer/g_register.g_pipe_regs[0].pipe_register/g_shift_register/g_shift.pipe_reg[0][16]/CK (DFF_X1)
                                                          0.00       0.00 r
  g_commit_arbs[0].commit_arb/g_input_select.g_arbiter.g_out_buf[0].out_buf/g_eb1.pipe_buffer/g_register.g_pipe_regs[0].pipe_register/g_shift_register/g_shift.pipe_reg[0][16]/Q (DFF_X1)
                                                          0.34       0.34 r
  writeback_if[0].data[16] (out)                          0.01       0.35 r
  data arrival time                                                  0.35

  clock CLK (rise edge)                                   4.00       4.00
  clock network delay (ideal)                             0.00       4.00
  clock uncertainty                                      -0.25       3.75
  output external delay                                  -1.20       2.55
  data required time                                                 2.55
  --------------------------------------------------------------------------
  data required time                                                 2.55
  data arrival time                                                 -0.35
  --------------------------------------------------------------------------
  slack (MET)                                                        2.20


  Startpoint: g_commit_arbs[0].commit_arb/g_input_select.g_arbiter.g_out_buf[0].out_buf/g_eb1.pipe_buffer/g_register.g_pipe_regs[0].pipe_register/g_shift_register/g_shift.pipe_reg[0][15]
              (rising edge-triggered flip-flop clocked by CLK)
  Endpoint: writeback_if[0].data[15]
            (output port clocked by CLK)
  Path Group: REGOUT
  Path Type: max

  Des/Clust/Port     Wire Load Model       Library
  ------------------------------------------------
  VX_commit          5K_hvratio_1_1        NangateOpenCellLibrary_ss0p95v125c

  Point                                                   Incr       Path
  --------------------------------------------------------------------------
  clock CLK (rise edge)                                   0.00       0.00
  clock network delay (ideal)                             0.00       0.00
  g_commit_arbs[0].commit_arb/g_input_select.g_arbiter.g_out_buf[0].out_buf/g_eb1.pipe_buffer/g_register.g_pipe_regs[0].pipe_register/g_shift_register/g_shift.pipe_reg[0][15]/CK (DFF_X1)
                                                          0.00       0.00 r
  g_commit_arbs[0].commit_arb/g_input_select.g_arbiter.g_out_buf[0].out_buf/g_eb1.pipe_buffer/g_register.g_pipe_regs[0].pipe_register/g_shift_register/g_shift.pipe_reg[0][15]/Q (DFF_X1)
                                                          0.34       0.34 r
  writeback_if[0].data[15] (out)                          0.01       0.35 r
  data arrival time                                                  0.35

  clock CLK (rise edge)                                   4.00       4.00
  clock network delay (ideal)                             0.00       4.00
  clock uncertainty                                      -0.25       3.75
  output external delay                                  -1.20       2.55
  data required time                                                 2.55
  --------------------------------------------------------------------------
  data required time                                                 2.55
  data arrival time                                                 -0.35
  --------------------------------------------------------------------------
  slack (MET)                                                        2.20


  Startpoint: g_commit_arbs[0].commit_arb/g_input_select.g_arbiter.g_out_buf[0].out_buf/g_eb1.pipe_buffer/g_register.g_pipe_regs[0].pipe_register/g_shift_register/g_shift.pipe_reg[0][14]
              (rising edge-triggered flip-flop clocked by CLK)
  Endpoint: writeback_if[0].data[14]
            (output port clocked by CLK)
  Path Group: REGOUT
  Path Type: max

  Des/Clust/Port     Wire Load Model       Library
  ------------------------------------------------
  VX_commit          5K_hvratio_1_1        NangateOpenCellLibrary_ss0p95v125c

  Point                                                   Incr       Path
  --------------------------------------------------------------------------
  clock CLK (rise edge)                                   0.00       0.00
  clock network delay (ideal)                             0.00       0.00
  g_commit_arbs[0].commit_arb/g_input_select.g_arbiter.g_out_buf[0].out_buf/g_eb1.pipe_buffer/g_register.g_pipe_regs[0].pipe_register/g_shift_register/g_shift.pipe_reg[0][14]/CK (DFF_X1)
                                                          0.00       0.00 r
  g_commit_arbs[0].commit_arb/g_input_select.g_arbiter.g_out_buf[0].out_buf/g_eb1.pipe_buffer/g_register.g_pipe_regs[0].pipe_register/g_shift_register/g_shift.pipe_reg[0][14]/Q (DFF_X1)
                                                          0.34       0.34 r
  writeback_if[0].data[14] (out)                          0.01       0.35 r
  data arrival time                                                  0.35

  clock CLK (rise edge)                                   4.00       4.00
  clock network delay (ideal)                             0.00       4.00
  clock uncertainty                                      -0.25       3.75
  output external delay                                  -1.20       2.55
  data required time                                                 2.55
  --------------------------------------------------------------------------
  data required time                                                 2.55
  data arrival time                                                 -0.35
  --------------------------------------------------------------------------
  slack (MET)                                                        2.20


  Startpoint: g_commit_arbs[0].commit_arb/g_input_select.g_arbiter.g_out_buf[0].out_buf/g_eb1.pipe_buffer/g_register.g_pipe_regs[0].pipe_register/g_shift_register/g_shift.pipe_reg[0][13]
              (rising edge-triggered flip-flop clocked by CLK)
  Endpoint: writeback_if[0].data[13]
            (output port clocked by CLK)
  Path Group: REGOUT
  Path Type: max

  Des/Clust/Port     Wire Load Model       Library
  ------------------------------------------------
  VX_commit          5K_hvratio_1_1        NangateOpenCellLibrary_ss0p95v125c

  Point                                                   Incr       Path
  --------------------------------------------------------------------------
  clock CLK (rise edge)                                   0.00       0.00
  clock network delay (ideal)                             0.00       0.00
  g_commit_arbs[0].commit_arb/g_input_select.g_arbiter.g_out_buf[0].out_buf/g_eb1.pipe_buffer/g_register.g_pipe_regs[0].pipe_register/g_shift_register/g_shift.pipe_reg[0][13]/CK (DFF_X1)
                                                          0.00       0.00 r
  g_commit_arbs[0].commit_arb/g_input_select.g_arbiter.g_out_buf[0].out_buf/g_eb1.pipe_buffer/g_register.g_pipe_regs[0].pipe_register/g_shift_register/g_shift.pipe_reg[0][13]/Q (DFF_X1)
                                                          0.34       0.34 r
  writeback_if[0].data[13] (out)                          0.01       0.35 r
  data arrival time                                                  0.35

  clock CLK (rise edge)                                   4.00       4.00
  clock network delay (ideal)                             0.00       4.00
  clock uncertainty                                      -0.25       3.75
  output external delay                                  -1.20       2.55
  data required time                                                 2.55
  --------------------------------------------------------------------------
  data required time                                                 2.55
  data arrival time                                                 -0.35
  --------------------------------------------------------------------------
  slack (MET)                                                        2.20


  Startpoint: g_commit_arbs[0].commit_arb/g_input_select.g_arbiter.g_out_buf[0].out_buf/g_eb1.pipe_buffer/g_register.g_pipe_regs[0].pipe_register/g_shift_register/g_shift.pipe_reg[0][12]
              (rising edge-triggered flip-flop clocked by CLK)
  Endpoint: writeback_if[0].data[12]
            (output port clocked by CLK)
  Path Group: REGOUT
  Path Type: max

  Des/Clust/Port     Wire Load Model       Library
  ------------------------------------------------
  VX_commit          5K_hvratio_1_1        NangateOpenCellLibrary_ss0p95v125c

  Point                                                   Incr       Path
  --------------------------------------------------------------------------
  clock CLK (rise edge)                                   0.00       0.00
  clock network delay (ideal)                             0.00       0.00
  g_commit_arbs[0].commit_arb/g_input_select.g_arbiter.g_out_buf[0].out_buf/g_eb1.pipe_buffer/g_register.g_pipe_regs[0].pipe_register/g_shift_register/g_shift.pipe_reg[0][12]/CK (DFF_X1)
                                                          0.00       0.00 r
  g_commit_arbs[0].commit_arb/g_input_select.g_arbiter.g_out_buf[0].out_buf/g_eb1.pipe_buffer/g_register.g_pipe_regs[0].pipe_register/g_shift_register/g_shift.pipe_reg[0][12]/Q (DFF_X1)
                                                          0.34       0.34 r
  writeback_if[0].data[12] (out)                          0.01       0.35 r
  data arrival time                                                  0.35

  clock CLK (rise edge)                                   4.00       4.00
  clock network delay (ideal)                             0.00       4.00
  clock uncertainty                                      -0.25       3.75
  output external delay                                  -1.20       2.55
  data required time                                                 2.55
  --------------------------------------------------------------------------
  data required time                                                 2.55
  data arrival time                                                 -0.35
  --------------------------------------------------------------------------
  slack (MET)                                                        2.20


  Startpoint: g_commit_arbs[0].commit_arb/g_input_select.g_arbiter.g_out_buf[0].out_buf/g_eb1.pipe_buffer/g_register.g_pipe_regs[0].pipe_register/g_shift_register/g_shift.pipe_reg[0][11]
              (rising edge-triggered flip-flop clocked by CLK)
  Endpoint: writeback_if[0].data[11]
            (output port clocked by CLK)
  Path Group: REGOUT
  Path Type: max

  Des/Clust/Port     Wire Load Model       Library
  ------------------------------------------------
  VX_commit          5K_hvratio_1_1        NangateOpenCellLibrary_ss0p95v125c

  Point                                                   Incr       Path
  --------------------------------------------------------------------------
  clock CLK (rise edge)                                   0.00       0.00
  clock network delay (ideal)                             0.00       0.00
  g_commit_arbs[0].commit_arb/g_input_select.g_arbiter.g_out_buf[0].out_buf/g_eb1.pipe_buffer/g_register.g_pipe_regs[0].pipe_register/g_shift_register/g_shift.pipe_reg[0][11]/CK (DFF_X1)
                                                          0.00       0.00 r
  g_commit_arbs[0].commit_arb/g_input_select.g_arbiter.g_out_buf[0].out_buf/g_eb1.pipe_buffer/g_register.g_pipe_regs[0].pipe_register/g_shift_register/g_shift.pipe_reg[0][11]/Q (DFF_X1)
                                                          0.34       0.34 r
  writeback_if[0].data[11] (out)                          0.01       0.35 r
  data arrival time                                                  0.35

  clock CLK (rise edge)                                   4.00       4.00
  clock network delay (ideal)                             0.00       4.00
  clock uncertainty                                      -0.25       3.75
  output external delay                                  -1.20       2.55
  data required time                                                 2.55
  --------------------------------------------------------------------------
  data required time                                                 2.55
  data arrival time                                                 -0.35
  --------------------------------------------------------------------------
  slack (MET)                                                        2.20


  Startpoint: g_commit_arbs[0].commit_arb/g_input_select.g_arbiter.g_out_buf[0].out_buf/g_eb1.pipe_buffer/g_register.g_pipe_regs[0].pipe_register/g_shift_register/g_shift.pipe_reg[0][10]
              (rising edge-triggered flip-flop clocked by CLK)
  Endpoint: writeback_if[0].data[10]
            (output port clocked by CLK)
  Path Group: REGOUT
  Path Type: max

  Des/Clust/Port     Wire Load Model       Library
  ------------------------------------------------
  VX_commit          5K_hvratio_1_1        NangateOpenCellLibrary_ss0p95v125c

  Point                                                   Incr       Path
  --------------------------------------------------------------------------
  clock CLK (rise edge)                                   0.00       0.00
  clock network delay (ideal)                             0.00       0.00
  g_commit_arbs[0].commit_arb/g_input_select.g_arbiter.g_out_buf[0].out_buf/g_eb1.pipe_buffer/g_register.g_pipe_regs[0].pipe_register/g_shift_register/g_shift.pipe_reg[0][10]/CK (DFF_X1)
                                                          0.00       0.00 r
  g_commit_arbs[0].commit_arb/g_input_select.g_arbiter.g_out_buf[0].out_buf/g_eb1.pipe_buffer/g_register.g_pipe_regs[0].pipe_register/g_shift_register/g_shift.pipe_reg[0][10]/Q (DFF_X1)
                                                          0.34       0.34 r
  writeback_if[0].data[10] (out)                          0.01       0.35 r
  data arrival time                                                  0.35

  clock CLK (rise edge)                                   4.00       4.00
  clock network delay (ideal)                             0.00       4.00
  clock uncertainty                                      -0.25       3.75
  output external delay                                  -1.20       2.55
  data required time                                                 2.55
  --------------------------------------------------------------------------
  data required time                                                 2.55
  data arrival time                                                 -0.35
  --------------------------------------------------------------------------
  slack (MET)                                                        2.20


  Startpoint: g_commit_arbs[0].commit_arb/g_input_select.g_arbiter.g_out_buf[0].out_buf/g_eb1.pipe_buffer/g_register.g_pipe_regs[0].pipe_register/g_shift_register/g_shift.pipe_reg[0][9]
              (rising edge-triggered flip-flop clocked by CLK)
  Endpoint: writeback_if[0].data[9]
            (output port clocked by CLK)
  Path Group: REGOUT
  Path Type: max

  Des/Clust/Port     Wire Load Model       Library
  ------------------------------------------------
  VX_commit          5K_hvratio_1_1        NangateOpenCellLibrary_ss0p95v125c

  Point                                                   Incr       Path
  --------------------------------------------------------------------------
  clock CLK (rise edge)                                   0.00       0.00
  clock network delay (ideal)                             0.00       0.00
  g_commit_arbs[0].commit_arb/g_input_select.g_arbiter.g_out_buf[0].out_buf/g_eb1.pipe_buffer/g_register.g_pipe_regs[0].pipe_register/g_shift_register/g_shift.pipe_reg[0][9]/CK (DFF_X1)
                                                          0.00       0.00 r
  g_commit_arbs[0].commit_arb/g_input_select.g_arbiter.g_out_buf[0].out_buf/g_eb1.pipe_buffer/g_register.g_pipe_regs[0].pipe_register/g_shift_register/g_shift.pipe_reg[0][9]/Q (DFF_X1)
                                                          0.34       0.34 r
  writeback_if[0].data[9] (out)                           0.01       0.35 r
  data arrival time                                                  0.35

  clock CLK (rise edge)                                   4.00       4.00
  clock network delay (ideal)                             0.00       4.00
  clock uncertainty                                      -0.25       3.75
  output external delay                                  -1.20       2.55
  data required time                                                 2.55
  --------------------------------------------------------------------------
  data required time                                                 2.55
  data arrival time                                                 -0.35
  --------------------------------------------------------------------------
  slack (MET)                                                        2.20


  Startpoint: g_commit_arbs[0].commit_arb/g_input_select.g_arbiter.g_out_buf[0].out_buf/g_eb1.pipe_buffer/g_register.g_pipe_regs[0].pipe_register/g_shift_register/g_shift.pipe_reg[0][8]
              (rising edge-triggered flip-flop clocked by CLK)
  Endpoint: writeback_if[0].data[8]
            (output port clocked by CLK)
  Path Group: REGOUT
  Path Type: max

  Des/Clust/Port     Wire Load Model       Library
  ------------------------------------------------
  VX_commit          5K_hvratio_1_1        NangateOpenCellLibrary_ss0p95v125c

  Point                                                   Incr       Path
  --------------------------------------------------------------------------
  clock CLK (rise edge)                                   0.00       0.00
  clock network delay (ideal)                             0.00       0.00
  g_commit_arbs[0].commit_arb/g_input_select.g_arbiter.g_out_buf[0].out_buf/g_eb1.pipe_buffer/g_register.g_pipe_regs[0].pipe_register/g_shift_register/g_shift.pipe_reg[0][8]/CK (DFF_X1)
                                                          0.00       0.00 r
  g_commit_arbs[0].commit_arb/g_input_select.g_arbiter.g_out_buf[0].out_buf/g_eb1.pipe_buffer/g_register.g_pipe_regs[0].pipe_register/g_shift_register/g_shift.pipe_reg[0][8]/Q (DFF_X1)
                                                          0.34       0.34 r
  writeback_if[0].data[8] (out)                           0.01       0.35 r
  data arrival time                                                  0.35

  clock CLK (rise edge)                                   4.00       4.00
  clock network delay (ideal)                             0.00       4.00
  clock uncertainty                                      -0.25       3.75
  output external delay                                  -1.20       2.55
  data required time                                                 2.55
  --------------------------------------------------------------------------
  data required time                                                 2.55
  data arrival time                                                 -0.35
  --------------------------------------------------------------------------
  slack (MET)                                                        2.20


  Startpoint: g_commit_arbs[0].commit_arb/g_input_select.g_arbiter.g_out_buf[0].out_buf/g_eb1.pipe_buffer/g_register.g_pipe_regs[0].pipe_register/g_shift_register/g_shift.pipe_reg[0][7]
              (rising edge-triggered flip-flop clocked by CLK)
  Endpoint: writeback_if[0].data[7]
            (output port clocked by CLK)
  Path Group: REGOUT
  Path Type: max

  Des/Clust/Port     Wire Load Model       Library
  ------------------------------------------------
  VX_commit          5K_hvratio_1_1        NangateOpenCellLibrary_ss0p95v125c

  Point                                                   Incr       Path
  --------------------------------------------------------------------------
  clock CLK (rise edge)                                   0.00       0.00
  clock network delay (ideal)                             0.00       0.00
  g_commit_arbs[0].commit_arb/g_input_select.g_arbiter.g_out_buf[0].out_buf/g_eb1.pipe_buffer/g_register.g_pipe_regs[0].pipe_register/g_shift_register/g_shift.pipe_reg[0][7]/CK (DFF_X1)
                                                          0.00       0.00 r
  g_commit_arbs[0].commit_arb/g_input_select.g_arbiter.g_out_buf[0].out_buf/g_eb1.pipe_buffer/g_register.g_pipe_regs[0].pipe_register/g_shift_register/g_shift.pipe_reg[0][7]/Q (DFF_X1)
                                                          0.34       0.34 r
  writeback_if[0].data[7] (out)                           0.01       0.35 r
  data arrival time                                                  0.35

  clock CLK (rise edge)                                   4.00       4.00
  clock network delay (ideal)                             0.00       4.00
  clock uncertainty                                      -0.25       3.75
  output external delay                                  -1.20       2.55
  data required time                                                 2.55
  --------------------------------------------------------------------------
  data required time                                                 2.55
  data arrival time                                                 -0.35
  --------------------------------------------------------------------------
  slack (MET)                                                        2.20


  Startpoint: g_commit_arbs[0].commit_arb/g_input_select.g_arbiter.g_out_buf[0].out_buf/g_eb1.pipe_buffer/g_register.g_pipe_regs[0].pipe_register/g_shift_register/g_shift.pipe_reg[0][6]
              (rising edge-triggered flip-flop clocked by CLK)
  Endpoint: writeback_if[0].data[6]
            (output port clocked by CLK)
  Path Group: REGOUT
  Path Type: max

  Des/Clust/Port     Wire Load Model       Library
  ------------------------------------------------
  VX_commit          5K_hvratio_1_1        NangateOpenCellLibrary_ss0p95v125c

  Point                                                   Incr       Path
  --------------------------------------------------------------------------
  clock CLK (rise edge)                                   0.00       0.00
  clock network delay (ideal)                             0.00       0.00
  g_commit_arbs[0].commit_arb/g_input_select.g_arbiter.g_out_buf[0].out_buf/g_eb1.pipe_buffer/g_register.g_pipe_regs[0].pipe_register/g_shift_register/g_shift.pipe_reg[0][6]/CK (DFF_X1)
                                                          0.00       0.00 r
  g_commit_arbs[0].commit_arb/g_input_select.g_arbiter.g_out_buf[0].out_buf/g_eb1.pipe_buffer/g_register.g_pipe_regs[0].pipe_register/g_shift_register/g_shift.pipe_reg[0][6]/Q (DFF_X1)
                                                          0.34       0.34 r
  writeback_if[0].data[6] (out)                           0.01       0.35 r
  data arrival time                                                  0.35

  clock CLK (rise edge)                                   4.00       4.00
  clock network delay (ideal)                             0.00       4.00
  clock uncertainty                                      -0.25       3.75
  output external delay                                  -1.20       2.55
  data required time                                                 2.55
  --------------------------------------------------------------------------
  data required time                                                 2.55
  data arrival time                                                 -0.35
  --------------------------------------------------------------------------
  slack (MET)                                                        2.20


  Startpoint: g_commit_arbs[0].commit_arb/g_input_select.g_arbiter.g_out_buf[0].out_buf/g_eb1.pipe_buffer/g_register.g_pipe_regs[0].pipe_register/g_shift_register/g_shift.pipe_reg[0][5]
              (rising edge-triggered flip-flop clocked by CLK)
  Endpoint: writeback_if[0].data[5]
            (output port clocked by CLK)
  Path Group: REGOUT
  Path Type: max

  Des/Clust/Port     Wire Load Model       Library
  ------------------------------------------------
  VX_commit          5K_hvratio_1_1        NangateOpenCellLibrary_ss0p95v125c

  Point                                                   Incr       Path
  --------------------------------------------------------------------------
  clock CLK (rise edge)                                   0.00       0.00
  clock network delay (ideal)                             0.00       0.00
  g_commit_arbs[0].commit_arb/g_input_select.g_arbiter.g_out_buf[0].out_buf/g_eb1.pipe_buffer/g_register.g_pipe_regs[0].pipe_register/g_shift_register/g_shift.pipe_reg[0][5]/CK (DFF_X1)
                                                          0.00       0.00 r
  g_commit_arbs[0].commit_arb/g_input_select.g_arbiter.g_out_buf[0].out_buf/g_eb1.pipe_buffer/g_register.g_pipe_regs[0].pipe_register/g_shift_register/g_shift.pipe_reg[0][5]/Q (DFF_X1)
                                                          0.34       0.34 r
  writeback_if[0].data[5] (out)                           0.01       0.35 r
  data arrival time                                                  0.35

  clock CLK (rise edge)                                   4.00       4.00
  clock network delay (ideal)                             0.00       4.00
  clock uncertainty                                      -0.25       3.75
  output external delay                                  -1.20       2.55
  data required time                                                 2.55
  --------------------------------------------------------------------------
  data required time                                                 2.55
  data arrival time                                                 -0.35
  --------------------------------------------------------------------------
  slack (MET)                                                        2.20


  Startpoint: g_commit_arbs[0].commit_arb/g_input_select.g_arbiter.g_out_buf[0].out_buf/g_eb1.pipe_buffer/g_register.g_pipe_regs[0].pipe_register/g_shift_register/g_shift.pipe_reg[0][4]
              (rising edge-triggered flip-flop clocked by CLK)
  Endpoint: writeback_if[0].data[4]
            (output port clocked by CLK)
  Path Group: REGOUT
  Path Type: max

  Des/Clust/Port     Wire Load Model       Library
  ------------------------------------------------
  VX_commit          5K_hvratio_1_1        NangateOpenCellLibrary_ss0p95v125c

  Point                                                   Incr       Path
  --------------------------------------------------------------------------
  clock CLK (rise edge)                                   0.00       0.00
  clock network delay (ideal)                             0.00       0.00
  g_commit_arbs[0].commit_arb/g_input_select.g_arbiter.g_out_buf[0].out_buf/g_eb1.pipe_buffer/g_register.g_pipe_regs[0].pipe_register/g_shift_register/g_shift.pipe_reg[0][4]/CK (DFF_X1)
                                                          0.00       0.00 r
  g_commit_arbs[0].commit_arb/g_input_select.g_arbiter.g_out_buf[0].out_buf/g_eb1.pipe_buffer/g_register.g_pipe_regs[0].pipe_register/g_shift_register/g_shift.pipe_reg[0][4]/Q (DFF_X1)
                                                          0.34       0.34 r
  writeback_if[0].data[4] (out)                           0.01       0.35 r
  data arrival time                                                  0.35

  clock CLK (rise edge)                                   4.00       4.00
  clock network delay (ideal)                             0.00       4.00
  clock uncertainty                                      -0.25       3.75
  output external delay                                  -1.20       2.55
  data required time                                                 2.55
  --------------------------------------------------------------------------
  data required time                                                 2.55
  data arrival time                                                 -0.35
  --------------------------------------------------------------------------
  slack (MET)                                                        2.20


  Startpoint: g_commit_arbs[0].commit_arb/g_input_select.g_arbiter.g_out_buf[0].out_buf/g_eb1.pipe_buffer/g_register.g_pipe_regs[0].pipe_register/g_shift_register/g_shift.pipe_reg[0][3]
              (rising edge-triggered flip-flop clocked by CLK)
  Endpoint: writeback_if[0].data[3]
            (output port clocked by CLK)
  Path Group: REGOUT
  Path Type: max

  Des/Clust/Port     Wire Load Model       Library
  ------------------------------------------------
  VX_commit          5K_hvratio_1_1        NangateOpenCellLibrary_ss0p95v125c

  Point                                                   Incr       Path
  --------------------------------------------------------------------------
  clock CLK (rise edge)                                   0.00       0.00
  clock network delay (ideal)                             0.00       0.00
  g_commit_arbs[0].commit_arb/g_input_select.g_arbiter.g_out_buf[0].out_buf/g_eb1.pipe_buffer/g_register.g_pipe_regs[0].pipe_register/g_shift_register/g_shift.pipe_reg[0][3]/CK (DFF_X1)
                                                          0.00       0.00 r
  g_commit_arbs[0].commit_arb/g_input_select.g_arbiter.g_out_buf[0].out_buf/g_eb1.pipe_buffer/g_register.g_pipe_regs[0].pipe_register/g_shift_register/g_shift.pipe_reg[0][3]/Q (DFF_X1)
                                                          0.34       0.34 r
  writeback_if[0].data[3] (out)                           0.01       0.35 r
  data arrival time                                                  0.35

  clock CLK (rise edge)                                   4.00       4.00
  clock network delay (ideal)                             0.00       4.00
  clock uncertainty                                      -0.25       3.75
  output external delay                                  -1.20       2.55
  data required time                                                 2.55
  --------------------------------------------------------------------------
  data required time                                                 2.55
  data arrival time                                                 -0.35
  --------------------------------------------------------------------------
  slack (MET)                                                        2.20


  Startpoint: g_commit_arbs[0].commit_arb/g_input_select.g_arbiter.g_out_buf[0].out_buf/g_eb1.pipe_buffer/g_register.g_pipe_regs[0].pipe_register/g_shift_register/g_shift.pipe_reg[0][2]
              (rising edge-triggered flip-flop clocked by CLK)
  Endpoint: writeback_if[0].data[2]
            (output port clocked by CLK)
  Path Group: REGOUT
  Path Type: max

  Des/Clust/Port     Wire Load Model       Library
  ------------------------------------------------
  VX_commit          5K_hvratio_1_1        NangateOpenCellLibrary_ss0p95v125c

  Point                                                   Incr       Path
  --------------------------------------------------------------------------
  clock CLK (rise edge)                                   0.00       0.00
  clock network delay (ideal)                             0.00       0.00
  g_commit_arbs[0].commit_arb/g_input_select.g_arbiter.g_out_buf[0].out_buf/g_eb1.pipe_buffer/g_register.g_pipe_regs[0].pipe_register/g_shift_register/g_shift.pipe_reg[0][2]/CK (DFF_X1)
                                                          0.00       0.00 r
  g_commit_arbs[0].commit_arb/g_input_select.g_arbiter.g_out_buf[0].out_buf/g_eb1.pipe_buffer/g_register.g_pipe_regs[0].pipe_register/g_shift_register/g_shift.pipe_reg[0][2]/Q (DFF_X1)
                                                          0.34       0.34 r
  writeback_if[0].data[2] (out)                           0.01       0.35 r
  data arrival time                                                  0.35

  clock CLK (rise edge)                                   4.00       4.00
  clock network delay (ideal)                             0.00       4.00
  clock uncertainty                                      -0.25       3.75
  output external delay                                  -1.20       2.55
  data required time                                                 2.55
  --------------------------------------------------------------------------
  data required time                                                 2.55
  data arrival time                                                 -0.35
  --------------------------------------------------------------------------
  slack (MET)                                                        2.20


  Startpoint: g_commit_arbs[0].commit_arb/g_input_select.g_arbiter.g_out_buf[0].out_buf/g_eb1.pipe_buffer/g_register.g_pipe_regs[0].pipe_register/g_shift_register/g_shift.pipe_reg[0][1]
              (rising edge-triggered flip-flop clocked by CLK)
  Endpoint: writeback_if[0].data[1]
            (output port clocked by CLK)
  Path Group: REGOUT
  Path Type: max

  Des/Clust/Port     Wire Load Model       Library
  ------------------------------------------------
  VX_commit          5K_hvratio_1_1        NangateOpenCellLibrary_ss0p95v125c

  Point                                                   Incr       Path
  --------------------------------------------------------------------------
  clock CLK (rise edge)                                   0.00       0.00
  clock network delay (ideal)                             0.00       0.00
  g_commit_arbs[0].commit_arb/g_input_select.g_arbiter.g_out_buf[0].out_buf/g_eb1.pipe_buffer/g_register.g_pipe_regs[0].pipe_register/g_shift_register/g_shift.pipe_reg[0][1]/CK (DFF_X1)
                                                          0.00       0.00 r
  g_commit_arbs[0].commit_arb/g_input_select.g_arbiter.g_out_buf[0].out_buf/g_eb1.pipe_buffer/g_register.g_pipe_regs[0].pipe_register/g_shift_register/g_shift.pipe_reg[0][1]/Q (DFF_X1)
                                                          0.34       0.34 r
  writeback_if[0].data[1] (out)                           0.01       0.35 r
  data arrival time                                                  0.35

  clock CLK (rise edge)                                   4.00       4.00
  clock network delay (ideal)                             0.00       4.00
  clock uncertainty                                      -0.25       3.75
  output external delay                                  -1.20       2.55
  data required time                                                 2.55
  --------------------------------------------------------------------------
  data required time                                                 2.55
  data arrival time                                                 -0.35
  --------------------------------------------------------------------------
  slack (MET)                                                        2.20


  Startpoint: committed_pipe_reg/g_shift_register/g_shift.pipe_reg[0][3]
              (rising edge-triggered flip-flop clocked by CLK)
  Endpoint: commit_sched_if.committed_warps[3]
            (output port clocked by CLK)
  Path Group: REGOUT
  Path Type: max

  Des/Clust/Port     Wire Load Model       Library
  ------------------------------------------------
  VX_commit          5K_hvratio_1_1        NangateOpenCellLibrary_ss0p95v125c

  Point                                                   Incr       Path
  --------------------------------------------------------------------------
  clock CLK (rise edge)                                   0.00       0.00
  clock network delay (ideal)                             0.00       0.00
  committed_pipe_reg/g_shift_register/g_shift.pipe_reg[0][3]/CK (DFF_X1)
                                                          0.00       0.00 r
  committed_pipe_reg/g_shift_register/g_shift.pipe_reg[0][3]/Q (DFF_X1)
                                                          0.34       0.34 r
  commit_sched_if.committed_warps[3] (out)                0.01       0.35 r
  data arrival time                                                  0.35

  clock CLK (rise edge)                                   4.00       4.00
  clock network delay (ideal)                             0.00       4.00
  clock uncertainty                                      -0.25       3.75
  output external delay                                  -1.20       2.55
  data required time                                                 2.55
  --------------------------------------------------------------------------
  data required time                                                 2.55
  data arrival time                                                 -0.35
  --------------------------------------------------------------------------
  slack (MET)                                                        2.20


  Startpoint: committed_pipe_reg/g_shift_register/g_shift.pipe_reg[0][2]
              (rising edge-triggered flip-flop clocked by CLK)
  Endpoint: commit_sched_if.committed_warps[2]
            (output port clocked by CLK)
  Path Group: REGOUT
  Path Type: max

  Des/Clust/Port     Wire Load Model       Library
  ------------------------------------------------
  VX_commit          5K_hvratio_1_1        NangateOpenCellLibrary_ss0p95v125c

  Point                                                   Incr       Path
  --------------------------------------------------------------------------
  clock CLK (rise edge)                                   0.00       0.00
  clock network delay (ideal)                             0.00       0.00
  committed_pipe_reg/g_shift_register/g_shift.pipe_reg[0][2]/CK (DFF_X1)
                                                          0.00       0.00 r
  committed_pipe_reg/g_shift_register/g_shift.pipe_reg[0][2]/Q (DFF_X1)
                                                          0.34       0.34 r
  commit_sched_if.committed_warps[2] (out)                0.01       0.35 r
  data arrival time                                                  0.35

  clock CLK (rise edge)                                   4.00       4.00
  clock network delay (ideal)                             0.00       4.00
  clock uncertainty                                      -0.25       3.75
  output external delay                                  -1.20       2.55
  data required time                                                 2.55
  --------------------------------------------------------------------------
  data required time                                                 2.55
  data arrival time                                                 -0.35
  --------------------------------------------------------------------------
  slack (MET)                                                        2.20


  Startpoint: committed_pipe_reg/g_shift_register/g_shift.pipe_reg[0][1]
              (rising edge-triggered flip-flop clocked by CLK)
  Endpoint: commit_sched_if.committed_warps[1]
            (output port clocked by CLK)
  Path Group: REGOUT
  Path Type: max

  Des/Clust/Port     Wire Load Model       Library
  ------------------------------------------------
  VX_commit          5K_hvratio_1_1        NangateOpenCellLibrary_ss0p95v125c

  Point                                                   Incr       Path
  --------------------------------------------------------------------------
  clock CLK (rise edge)                                   0.00       0.00
  clock network delay (ideal)                             0.00       0.00
  committed_pipe_reg/g_shift_register/g_shift.pipe_reg[0][1]/CK (DFF_X1)
                                                          0.00       0.00 r
  committed_pipe_reg/g_shift_register/g_shift.pipe_reg[0][1]/Q (DFF_X1)
                                                          0.34       0.34 r
  commit_sched_if.committed_warps[1] (out)                0.01       0.35 r
  data arrival time                                                  0.35

  clock CLK (rise edge)                                   4.00       4.00
  clock network delay (ideal)                             0.00       4.00
  clock uncertainty                                      -0.25       3.75
  output external delay                                  -1.20       2.55
  data required time                                                 2.55
  --------------------------------------------------------------------------
  data required time                                                 2.55
  data arrival time                                                 -0.35
  --------------------------------------------------------------------------
  slack (MET)                                                        2.20


  Startpoint: committed_pipe_reg/g_shift_register/g_shift.pipe_reg[0][0]
              (rising edge-triggered flip-flop clocked by CLK)
  Endpoint: commit_sched_if.committed_warps[0]
            (output port clocked by CLK)
  Path Group: REGOUT
  Path Type: max

  Des/Clust/Port     Wire Load Model       Library
  ------------------------------------------------
  VX_commit          5K_hvratio_1_1        NangateOpenCellLibrary_ss0p95v125c

  Point                                                   Incr       Path
  --------------------------------------------------------------------------
  clock CLK (rise edge)                                   0.00       0.00
  clock network delay (ideal)                             0.00       0.00
  committed_pipe_reg/g_shift_register/g_shift.pipe_reg[0][0]/CK (DFF_X1)
                                                          0.00       0.00 r
  committed_pipe_reg/g_shift_register/g_shift.pipe_reg[0][0]/Q (DFF_X1)
                                                          0.34       0.34 r
  commit_sched_if.committed_warps[0] (out)                0.01       0.35 r
  data arrival time                                                  0.35

  clock CLK (rise edge)                                   4.00       4.00
  clock network delay (ideal)                             0.00       4.00
  clock uncertainty                                      -0.25       3.75
  output external delay                                  -1.20       2.55
  data required time                                                 2.55
  --------------------------------------------------------------------------
  data required time                                                 2.55
  data arrival time                                                 -0.35
  --------------------------------------------------------------------------
  slack (MET)                                                        2.20


1
