**************************************************
Report         : passing_points

Reference      : r:/WORK/VX_commit
Implementation : i:/WORK/VX_commit
Version        : L-2016.03-SP1
Date           : Sat May 16 21:48:27 2026
**************************************************

459 Passing compare points:

  Ref  DFF        r:/WORK/VX_commit/commit_size_reg1/g_shift_register/g_shift.pipe_reg[0][0]
  Impl DFF        i:/WORK/VX_commit/commit_size_reg1/g_shift_register/g_shift.pipe_reg[0][0]

  Ref  DFF        r:/WORK/VX_commit/commit_size_reg1/g_shift_register/g_shift.pipe_reg[0][1]
  Impl DFF        i:/WORK/VX_commit/commit_size_reg1/g_shift_register/g_shift.pipe_reg[0][1]

  Ref  DFF        r:/WORK/VX_commit/commit_size_reg1/g_shift_register/g_shift.pipe_reg[0][2]
  Impl DFF        i:/WORK/VX_commit/commit_size_reg1/g_shift_register/g_shift.pipe_reg[0][2]

  Ref  DFF        r:/WORK/VX_commit/commit_size_reg1/g_shift_register/g_shift.pipe_reg[0][3]
  Impl DFF        i:/WORK/VX_commit/commit_size_reg1/g_shift_register/g_shift.pipe_reg[0][3]

  Ref  DFF        r:/WORK/VX_commit/commit_size_reg2/g_shift_register/g_shift.pipe_reg[0][0]
  Impl DFF        i:/WORK/VX_commit/commit_size_reg2/g_shift_register/g_shift.pipe_reg[0][0]

  Ref  DFF        r:/WORK/VX_commit/commit_size_reg2/g_shift_register/g_shift.pipe_reg[0][1]
  Impl DFF        i:/WORK/VX_commit/commit_size_reg2/g_shift_register/g_shift.pipe_reg[0][1]

  Ref  DFF        r:/WORK/VX_commit/commit_size_reg2/g_shift_register/g_shift.pipe_reg[0][2]
  Impl DFF        i:/WORK/VX_commit/commit_size_reg2/g_shift_register/g_shift.pipe_reg[0][2]

  Ref  DFF        r:/WORK/VX_commit/commit_size_reg2/g_shift_register/g_shift.pipe_reg[0][3]
  Impl DFF        i:/WORK/VX_commit/commit_size_reg2/g_shift_register/g_shift.pipe_reg[0][3]

  Ref  DFF        r:/WORK/VX_commit/committed_pipe_reg/g_shift_register/g_shift.pipe_reg[0][0]
  Impl DFF        i:/WORK/VX_commit/committed_pipe_reg/g_shift_register/g_shift.pipe_reg[0][0]

  Ref  DFF        r:/WORK/VX_commit/committed_pipe_reg/g_shift_register/g_shift.pipe_reg[0][1]
  Impl DFF        i:/WORK/VX_commit/committed_pipe_reg/g_shift_register/g_shift.pipe_reg[0][1]

  Ref  DFF        r:/WORK/VX_commit/committed_pipe_reg/g_shift_register/g_shift.pipe_reg[0][2]
  Impl DFF        i:/WORK/VX_commit/committed_pipe_reg/g_shift_register/g_shift.pipe_reg[0][2]

  Ref  DFF        r:/WORK/VX_commit/committed_pipe_reg/g_shift_register/g_shift.pipe_reg[0][3]
  Impl DFF        i:/WORK/VX_commit/committed_pipe_reg/g_shift_register/g_shift.pipe_reg[0][3]

  Ref  DFF        r:/WORK/VX_commit/g_commit_arbs[0].commit_arb/g_input_select.g_arbiter.g_out_buf[0].out_buf/g_eb1.pipe_buffer/g_register.g_pipe_regs[0].pipe_register/g_shift_register/g_shift.pipe_reg[0][0]
  Impl DFF        i:/WORK/VX_commit/g_commit_arbs[0].commit_arb/g_input_select.g_arbiter.g_out_buf[0].out_buf/g_eb1.pipe_buffer/g_register.g_pipe_regs[0].pipe_register/g_shift_register/g_shift.pipe_reg[0][0]

  Ref  DFF        r:/WORK/VX_commit/g_commit_arbs[0].commit_arb/g_input_select.g_arbiter.g_out_buf[0].out_buf/g_eb1.pipe_buffer/g_register.g_pipe_regs[0].pipe_register/g_shift_register/g_shift.pipe_reg[0][100]
  Impl DFF        i:/WORK/VX_commit/g_commit_arbs[0].commit_arb/g_input_select.g_arbiter.g_out_buf[0].out_buf/g_eb1.pipe_buffer/g_register.g_pipe_regs[0].pipe_register/g_shift_register/g_shift.pipe_reg[0][100]

  Ref  DFF        r:/WORK/VX_commit/g_commit_arbs[0].commit_arb/g_input_select.g_arbiter.g_out_buf[0].out_buf/g_eb1.pipe_buffer/g_register.g_pipe_regs[0].pipe_register/g_shift_register/g_shift.pipe_reg[0][101]
  Impl DFF        i:/WORK/VX_commit/g_commit_arbs[0].commit_arb/g_input_select.g_arbiter.g_out_buf[0].out_buf/g_eb1.pipe_buffer/g_register.g_pipe_regs[0].pipe_register/g_shift_register/g_shift.pipe_reg[0][101]

  Ref  DFF        r:/WORK/VX_commit/g_commit_arbs[0].commit_arb/g_input_select.g_arbiter.g_out_buf[0].out_buf/g_eb1.pipe_buffer/g_register.g_pipe_regs[0].pipe_register/g_shift_register/g_shift.pipe_reg[0][102]
  Impl DFF        i:/WORK/VX_commit/g_commit_arbs[0].commit_arb/g_input_select.g_arbiter.g_out_buf[0].out_buf/g_eb1.pipe_buffer/g_register.g_pipe_regs[0].pipe_register/g_shift_register/g_shift.pipe_reg[0][102]

  Ref  DFF        r:/WORK/VX_commit/g_commit_arbs[0].commit_arb/g_input_select.g_arbiter.g_out_buf[0].out_buf/g_eb1.pipe_buffer/g_register.g_pipe_regs[0].pipe_register/g_shift_register/g_shift.pipe_reg[0][103]
  Impl DFF        i:/WORK/VX_commit/g_commit_arbs[0].commit_arb/g_input_select.g_arbiter.g_out_buf[0].out_buf/g_eb1.pipe_buffer/g_register.g_pipe_regs[0].pipe_register/g_shift_register/g_shift.pipe_reg[0][103]

  Ref  DFF        r:/WORK/VX_commit/g_commit_arbs[0].commit_arb/g_input_select.g_arbiter.g_out_buf[0].out_buf/g_eb1.pipe_buffer/g_register.g_pipe_regs[0].pipe_register/g_shift_register/g_shift.pipe_reg[0][104]
  Impl DFF        i:/WORK/VX_commit/g_commit_arbs[0].commit_arb/g_input_select.g_arbiter.g_out_buf[0].out_buf/g_eb1.pipe_buffer/g_register.g_pipe_regs[0].pipe_register/g_shift_register/g_shift.pipe_reg[0][104]

  Ref  DFF        r:/WORK/VX_commit/g_commit_arbs[0].commit_arb/g_input_select.g_arbiter.g_out_buf[0].out_buf/g_eb1.pipe_buffer/g_register.g_pipe_regs[0].pipe_register/g_shift_register/g_shift.pipe_reg[0][105]
  Impl DFF        i:/WORK/VX_commit/g_commit_arbs[0].commit_arb/g_input_select.g_arbiter.g_out_buf[0].out_buf/g_eb1.pipe_buffer/g_register.g_pipe_regs[0].pipe_register/g_shift_register/g_shift.pipe_reg[0][105]

  Ref  DFF        r:/WORK/VX_commit/g_commit_arbs[0].commit_arb/g_input_select.g_arbiter.g_out_buf[0].out_buf/g_eb1.pipe_buffer/g_register.g_pipe_regs[0].pipe_register/g_shift_register/g_shift.pipe_reg[0][106]
  Impl DFF        i:/WORK/VX_commit/g_commit_arbs[0].commit_arb/g_input_select.g_arbiter.g_out_buf[0].out_buf/g_eb1.pipe_buffer/g_register.g_pipe_regs[0].pipe_register/g_shift_register/g_shift.pipe_reg[0][106]

  Ref  DFF        r:/WORK/VX_commit/g_commit_arbs[0].commit_arb/g_input_select.g_arbiter.g_out_buf[0].out_buf/g_eb1.pipe_buffer/g_register.g_pipe_regs[0].pipe_register/g_shift_register/g_shift.pipe_reg[0][107]
  Impl DFF        i:/WORK/VX_commit/g_commit_arbs[0].commit_arb/g_input_select.g_arbiter.g_out_buf[0].out_buf/g_eb1.pipe_buffer/g_register.g_pipe_regs[0].pipe_register/g_shift_register/g_shift.pipe_reg[0][107]

  Ref  DFF        r:/WORK/VX_commit/g_commit_arbs[0].commit_arb/g_input_select.g_arbiter.g_out_buf[0].out_buf/g_eb1.pipe_buffer/g_register.g_pipe_regs[0].pipe_register/g_shift_register/g_shift.pipe_reg[0][108]
  Impl DFF        i:/WORK/VX_commit/g_commit_arbs[0].commit_arb/g_input_select.g_arbiter.g_out_buf[0].out_buf/g_eb1.pipe_buffer/g_register.g_pipe_regs[0].pipe_register/g_shift_register/g_shift.pipe_reg[0][108]

  Ref  DFF        r:/WORK/VX_commit/g_commit_arbs[0].commit_arb/g_input_select.g_arbiter.g_out_buf[0].out_buf/g_eb1.pipe_buffer/g_register.g_pipe_regs[0].pipe_register/g_shift_register/g_shift.pipe_reg[0][109]
  Impl DFF        i:/WORK/VX_commit/g_commit_arbs[0].commit_arb/g_input_select.g_arbiter.g_out_buf[0].out_buf/g_eb1.pipe_buffer/g_register.g_pipe_regs[0].pipe_register/g_shift_register/g_shift.pipe_reg[0][109]

  Ref  DFF        r:/WORK/VX_commit/g_commit_arbs[0].commit_arb/g_input_select.g_arbiter.g_out_buf[0].out_buf/g_eb1.pipe_buffer/g_register.g_pipe_regs[0].pipe_register/g_shift_register/g_shift.pipe_reg[0][10]
  Impl DFF        i:/WORK/VX_commit/g_commit_arbs[0].commit_arb/g_input_select.g_arbiter.g_out_buf[0].out_buf/g_eb1.pipe_buffer/g_register.g_pipe_regs[0].pipe_register/g_shift_register/g_shift.pipe_reg[0][10]

  Ref  DFF        r:/WORK/VX_commit/g_commit_arbs[0].commit_arb/g_input_select.g_arbiter.g_out_buf[0].out_buf/g_eb1.pipe_buffer/g_register.g_pipe_regs[0].pipe_register/g_shift_register/g_shift.pipe_reg[0][110]
  Impl DFF        i:/WORK/VX_commit/g_commit_arbs[0].commit_arb/g_input_select.g_arbiter.g_out_buf[0].out_buf/g_eb1.pipe_buffer/g_register.g_pipe_regs[0].pipe_register/g_shift_register/g_shift.pipe_reg[0][110]

  Ref  DFF        r:/WORK/VX_commit/g_commit_arbs[0].commit_arb/g_input_select.g_arbiter.g_out_buf[0].out_buf/g_eb1.pipe_buffer/g_register.g_pipe_regs[0].pipe_register/g_shift_register/g_shift.pipe_reg[0][111]
  Impl DFF        i:/WORK/VX_commit/g_commit_arbs[0].commit_arb/g_input_select.g_arbiter.g_out_buf[0].out_buf/g_eb1.pipe_buffer/g_register.g_pipe_regs[0].pipe_register/g_shift_register/g_shift.pipe_reg[0][111]

  Ref  DFF        r:/WORK/VX_commit/g_commit_arbs[0].commit_arb/g_input_select.g_arbiter.g_out_buf[0].out_buf/g_eb1.pipe_buffer/g_register.g_pipe_regs[0].pipe_register/g_shift_register/g_shift.pipe_reg[0][112]
  Impl DFF        i:/WORK/VX_commit/g_commit_arbs[0].commit_arb/g_input_select.g_arbiter.g_out_buf[0].out_buf/g_eb1.pipe_buffer/g_register.g_pipe_regs[0].pipe_register/g_shift_register/g_shift.pipe_reg[0][112]

  Ref  DFF        r:/WORK/VX_commit/g_commit_arbs[0].commit_arb/g_input_select.g_arbiter.g_out_buf[0].out_buf/g_eb1.pipe_buffer/g_register.g_pipe_regs[0].pipe_register/g_shift_register/g_shift.pipe_reg[0][113]
  Impl DFF        i:/WORK/VX_commit/g_commit_arbs[0].commit_arb/g_input_select.g_arbiter.g_out_buf[0].out_buf/g_eb1.pipe_buffer/g_register.g_pipe_regs[0].pipe_register/g_shift_register/g_shift.pipe_reg[0][113]

  Ref  DFF        r:/WORK/VX_commit/g_commit_arbs[0].commit_arb/g_input_select.g_arbiter.g_out_buf[0].out_buf/g_eb1.pipe_buffer/g_register.g_pipe_regs[0].pipe_register/g_shift_register/g_shift.pipe_reg[0][114]
  Impl DFF        i:/WORK/VX_commit/g_commit_arbs[0].commit_arb/g_input_select.g_arbiter.g_out_buf[0].out_buf/g_eb1.pipe_buffer/g_register.g_pipe_regs[0].pipe_register/g_shift_register/g_shift.pipe_reg[0][114]

  Ref  DFF        r:/WORK/VX_commit/g_commit_arbs[0].commit_arb/g_input_select.g_arbiter.g_out_buf[0].out_buf/g_eb1.pipe_buffer/g_register.g_pipe_regs[0].pipe_register/g_shift_register/g_shift.pipe_reg[0][115]
  Impl DFF        i:/WORK/VX_commit/g_commit_arbs[0].commit_arb/g_input_select.g_arbiter.g_out_buf[0].out_buf/g_eb1.pipe_buffer/g_register.g_pipe_regs[0].pipe_register/g_shift_register/g_shift.pipe_reg[0][115]

  Ref  DFF        r:/WORK/VX_commit/g_commit_arbs[0].commit_arb/g_input_select.g_arbiter.g_out_buf[0].out_buf/g_eb1.pipe_buffer/g_register.g_pipe_regs[0].pipe_register/g_shift_register/g_shift.pipe_reg[0][116]
  Impl DFF        i:/WORK/VX_commit/g_commit_arbs[0].commit_arb/g_input_select.g_arbiter.g_out_buf[0].out_buf/g_eb1.pipe_buffer/g_register.g_pipe_regs[0].pipe_register/g_shift_register/g_shift.pipe_reg[0][116]

  Ref  DFF        r:/WORK/VX_commit/g_commit_arbs[0].commit_arb/g_input_select.g_arbiter.g_out_buf[0].out_buf/g_eb1.pipe_buffer/g_register.g_pipe_regs[0].pipe_register/g_shift_register/g_shift.pipe_reg[0][117]
  Impl DFF        i:/WORK/VX_commit/g_commit_arbs[0].commit_arb/g_input_select.g_arbiter.g_out_buf[0].out_buf/g_eb1.pipe_buffer/g_register.g_pipe_regs[0].pipe_register/g_shift_register/g_shift.pipe_reg[0][117]

  Ref  DFF        r:/WORK/VX_commit/g_commit_arbs[0].commit_arb/g_input_select.g_arbiter.g_out_buf[0].out_buf/g_eb1.pipe_buffer/g_register.g_pipe_regs[0].pipe_register/g_shift_register/g_shift.pipe_reg[0][118]
  Impl DFF        i:/WORK/VX_commit/g_commit_arbs[0].commit_arb/g_input_select.g_arbiter.g_out_buf[0].out_buf/g_eb1.pipe_buffer/g_register.g_pipe_regs[0].pipe_register/g_shift_register/g_shift.pipe_reg[0][118]

  Ref  DFF        r:/WORK/VX_commit/g_commit_arbs[0].commit_arb/g_input_select.g_arbiter.g_out_buf[0].out_buf/g_eb1.pipe_buffer/g_register.g_pipe_regs[0].pipe_register/g_shift_register/g_shift.pipe_reg[0][119]
  Impl DFF        i:/WORK/VX_commit/g_commit_arbs[0].commit_arb/g_input_select.g_arbiter.g_out_buf[0].out_buf/g_eb1.pipe_buffer/g_register.g_pipe_regs[0].pipe_register/g_shift_register/g_shift.pipe_reg[0][119]

  Ref  DFF        r:/WORK/VX_commit/g_commit_arbs[0].commit_arb/g_input_select.g_arbiter.g_out_buf[0].out_buf/g_eb1.pipe_buffer/g_register.g_pipe_regs[0].pipe_register/g_shift_register/g_shift.pipe_reg[0][11]
  Impl DFF        i:/WORK/VX_commit/g_commit_arbs[0].commit_arb/g_input_select.g_arbiter.g_out_buf[0].out_buf/g_eb1.pipe_buffer/g_register.g_pipe_regs[0].pipe_register/g_shift_register/g_shift.pipe_reg[0][11]

  Ref  DFF        r:/WORK/VX_commit/g_commit_arbs[0].commit_arb/g_input_select.g_arbiter.g_out_buf[0].out_buf/g_eb1.pipe_buffer/g_register.g_pipe_regs[0].pipe_register/g_shift_register/g_shift.pipe_reg[0][120]
  Impl DFF        i:/WORK/VX_commit/g_commit_arbs[0].commit_arb/g_input_select.g_arbiter.g_out_buf[0].out_buf/g_eb1.pipe_buffer/g_register.g_pipe_regs[0].pipe_register/g_shift_register/g_shift.pipe_reg[0][120]

  Ref  DFF        r:/WORK/VX_commit/g_commit_arbs[0].commit_arb/g_input_select.g_arbiter.g_out_buf[0].out_buf/g_eb1.pipe_buffer/g_register.g_pipe_regs[0].pipe_register/g_shift_register/g_shift.pipe_reg[0][121]
  Impl DFF        i:/WORK/VX_commit/g_commit_arbs[0].commit_arb/g_input_select.g_arbiter.g_out_buf[0].out_buf/g_eb1.pipe_buffer/g_register.g_pipe_regs[0].pipe_register/g_shift_register/g_shift.pipe_reg[0][121]

  Ref  DFF        r:/WORK/VX_commit/g_commit_arbs[0].commit_arb/g_input_select.g_arbiter.g_out_buf[0].out_buf/g_eb1.pipe_buffer/g_register.g_pipe_regs[0].pipe_register/g_shift_register/g_shift.pipe_reg[0][122]
  Impl DFF        i:/WORK/VX_commit/g_commit_arbs[0].commit_arb/g_input_select.g_arbiter.g_out_buf[0].out_buf/g_eb1.pipe_buffer/g_register.g_pipe_regs[0].pipe_register/g_shift_register/g_shift.pipe_reg[0][122]

  Ref  DFF        r:/WORK/VX_commit/g_commit_arbs[0].commit_arb/g_input_select.g_arbiter.g_out_buf[0].out_buf/g_eb1.pipe_buffer/g_register.g_pipe_regs[0].pipe_register/g_shift_register/g_shift.pipe_reg[0][123]
  Impl DFF        i:/WORK/VX_commit/g_commit_arbs[0].commit_arb/g_input_select.g_arbiter.g_out_buf[0].out_buf/g_eb1.pipe_buffer/g_register.g_pipe_regs[0].pipe_register/g_shift_register/g_shift.pipe_reg[0][123]

  Ref  DFF        r:/WORK/VX_commit/g_commit_arbs[0].commit_arb/g_input_select.g_arbiter.g_out_buf[0].out_buf/g_eb1.pipe_buffer/g_register.g_pipe_regs[0].pipe_register/g_shift_register/g_shift.pipe_reg[0][124]
  Impl DFF        i:/WORK/VX_commit/g_commit_arbs[0].commit_arb/g_input_select.g_arbiter.g_out_buf[0].out_buf/g_eb1.pipe_buffer/g_register.g_pipe_regs[0].pipe_register/g_shift_register/g_shift.pipe_reg[0][124]

  Ref  DFF        r:/WORK/VX_commit/g_commit_arbs[0].commit_arb/g_input_select.g_arbiter.g_out_buf[0].out_buf/g_eb1.pipe_buffer/g_register.g_pipe_regs[0].pipe_register/g_shift_register/g_shift.pipe_reg[0][125]
  Impl DFF        i:/WORK/VX_commit/g_commit_arbs[0].commit_arb/g_input_select.g_arbiter.g_out_buf[0].out_buf/g_eb1.pipe_buffer/g_register.g_pipe_regs[0].pipe_register/g_shift_register/g_shift.pipe_reg[0][125]

  Ref  DFF        r:/WORK/VX_commit/g_commit_arbs[0].commit_arb/g_input_select.g_arbiter.g_out_buf[0].out_buf/g_eb1.pipe_buffer/g_register.g_pipe_regs[0].pipe_register/g_shift_register/g_shift.pipe_reg[0][126]
  Impl DFF        i:/WORK/VX_commit/g_commit_arbs[0].commit_arb/g_input_select.g_arbiter.g_out_buf[0].out_buf/g_eb1.pipe_buffer/g_register.g_pipe_regs[0].pipe_register/g_shift_register/g_shift.pipe_reg[0][126]

  Ref  DFF        r:/WORK/VX_commit/g_commit_arbs[0].commit_arb/g_input_select.g_arbiter.g_out_buf[0].out_buf/g_eb1.pipe_buffer/g_register.g_pipe_regs[0].pipe_register/g_shift_register/g_shift.pipe_reg[0][127]
  Impl DFF        i:/WORK/VX_commit/g_commit_arbs[0].commit_arb/g_input_select.g_arbiter.g_out_buf[0].out_buf/g_eb1.pipe_buffer/g_register.g_pipe_regs[0].pipe_register/g_shift_register/g_shift.pipe_reg[0][127]

  Ref  DFF        r:/WORK/VX_commit/g_commit_arbs[0].commit_arb/g_input_select.g_arbiter.g_out_buf[0].out_buf/g_eb1.pipe_buffer/g_register.g_pipe_regs[0].pipe_register/g_shift_register/g_shift.pipe_reg[0][128]
  Impl DFF        i:/WORK/VX_commit/g_commit_arbs[0].commit_arb/g_input_select.g_arbiter.g_out_buf[0].out_buf/g_eb1.pipe_buffer/g_register.g_pipe_regs[0].pipe_register/g_shift_register/g_shift.pipe_reg[0][128]

  Ref  DFF        r:/WORK/VX_commit/g_commit_arbs[0].commit_arb/g_input_select.g_arbiter.g_out_buf[0].out_buf/g_eb1.pipe_buffer/g_register.g_pipe_regs[0].pipe_register/g_shift_register/g_shift.pipe_reg[0][129]
  Impl DFF        i:/WORK/VX_commit/g_commit_arbs[0].commit_arb/g_input_select.g_arbiter.g_out_buf[0].out_buf/g_eb1.pipe_buffer/g_register.g_pipe_regs[0].pipe_register/g_shift_register/g_shift.pipe_reg[0][129]

  Ref  DFF        r:/WORK/VX_commit/g_commit_arbs[0].commit_arb/g_input_select.g_arbiter.g_out_buf[0].out_buf/g_eb1.pipe_buffer/g_register.g_pipe_regs[0].pipe_register/g_shift_register/g_shift.pipe_reg[0][12]
  Impl DFF        i:/WORK/VX_commit/g_commit_arbs[0].commit_arb/g_input_select.g_arbiter.g_out_buf[0].out_buf/g_eb1.pipe_buffer/g_register.g_pipe_regs[0].pipe_register/g_shift_register/g_shift.pipe_reg[0][12]

  Ref  DFF        r:/WORK/VX_commit/g_commit_arbs[0].commit_arb/g_input_select.g_arbiter.g_out_buf[0].out_buf/g_eb1.pipe_buffer/g_register.g_pipe_regs[0].pipe_register/g_shift_register/g_shift.pipe_reg[0][130]
  Impl DFF        i:/WORK/VX_commit/g_commit_arbs[0].commit_arb/g_input_select.g_arbiter.g_out_buf[0].out_buf/g_eb1.pipe_buffer/g_register.g_pipe_regs[0].pipe_register/g_shift_register/g_shift.pipe_reg[0][130]

  Ref  DFF        r:/WORK/VX_commit/g_commit_arbs[0].commit_arb/g_input_select.g_arbiter.g_out_buf[0].out_buf/g_eb1.pipe_buffer/g_register.g_pipe_regs[0].pipe_register/g_shift_register/g_shift.pipe_reg[0][131]
  Impl DFF        i:/WORK/VX_commit/g_commit_arbs[0].commit_arb/g_input_select.g_arbiter.g_out_buf[0].out_buf/g_eb1.pipe_buffer/g_register.g_pipe_regs[0].pipe_register/g_shift_register/g_shift.pipe_reg[0][131]

  Ref  DFF        r:/WORK/VX_commit/g_commit_arbs[0].commit_arb/g_input_select.g_arbiter.g_out_buf[0].out_buf/g_eb1.pipe_buffer/g_register.g_pipe_regs[0].pipe_register/g_shift_register/g_shift.pipe_reg[0][132]
  Impl DFF        i:/WORK/VX_commit/g_commit_arbs[0].commit_arb/g_input_select.g_arbiter.g_out_buf[0].out_buf/g_eb1.pipe_buffer/g_register.g_pipe_regs[0].pipe_register/g_shift_register/g_shift.pipe_reg[0][132]

  Ref  DFF        r:/WORK/VX_commit/g_commit_arbs[0].commit_arb/g_input_select.g_arbiter.g_out_buf[0].out_buf/g_eb1.pipe_buffer/g_register.g_pipe_regs[0].pipe_register/g_shift_register/g_shift.pipe_reg[0][133]
  Impl DFF        i:/WORK/VX_commit/g_commit_arbs[0].commit_arb/g_input_select.g_arbiter.g_out_buf[0].out_buf/g_eb1.pipe_buffer/g_register.g_pipe_regs[0].pipe_register/g_shift_register/g_shift.pipe_reg[0][133]

  Ref  DFF        r:/WORK/VX_commit/g_commit_arbs[0].commit_arb/g_input_select.g_arbiter.g_out_buf[0].out_buf/g_eb1.pipe_buffer/g_register.g_pipe_regs[0].pipe_register/g_shift_register/g_shift.pipe_reg[0][134]
  Impl DFF        i:/WORK/VX_commit/g_commit_arbs[0].commit_arb/g_input_select.g_arbiter.g_out_buf[0].out_buf/g_eb1.pipe_buffer/g_register.g_pipe_regs[0].pipe_register/g_shift_register/g_shift.pipe_reg[0][134]

  Ref  DFF        r:/WORK/VX_commit/g_commit_arbs[0].commit_arb/g_input_select.g_arbiter.g_out_buf[0].out_buf/g_eb1.pipe_buffer/g_register.g_pipe_regs[0].pipe_register/g_shift_register/g_shift.pipe_reg[0][135]
  Impl DFF        i:/WORK/VX_commit/g_commit_arbs[0].commit_arb/g_input_select.g_arbiter.g_out_buf[0].out_buf/g_eb1.pipe_buffer/g_register.g_pipe_regs[0].pipe_register/g_shift_register/g_shift.pipe_reg[0][135]

  Ref  DFF        r:/WORK/VX_commit/g_commit_arbs[0].commit_arb/g_input_select.g_arbiter.g_out_buf[0].out_buf/g_eb1.pipe_buffer/g_register.g_pipe_regs[0].pipe_register/g_shift_register/g_shift.pipe_reg[0][136]
  Impl DFF        i:/WORK/VX_commit/g_commit_arbs[0].commit_arb/g_input_select.g_arbiter.g_out_buf[0].out_buf/g_eb1.pipe_buffer/g_register.g_pipe_regs[0].pipe_register/g_shift_register/g_shift.pipe_reg[0][136]

  Ref  DFF        r:/WORK/VX_commit/g_commit_arbs[0].commit_arb/g_input_select.g_arbiter.g_out_buf[0].out_buf/g_eb1.pipe_buffer/g_register.g_pipe_regs[0].pipe_register/g_shift_register/g_shift.pipe_reg[0][137]
  Impl DFF        i:/WORK/VX_commit/g_commit_arbs[0].commit_arb/g_input_select.g_arbiter.g_out_buf[0].out_buf/g_eb1.pipe_buffer/g_register.g_pipe_regs[0].pipe_register/g_shift_register/g_shift.pipe_reg[0][137]

  Ref  DFF        r:/WORK/VX_commit/g_commit_arbs[0].commit_arb/g_input_select.g_arbiter.g_out_buf[0].out_buf/g_eb1.pipe_buffer/g_register.g_pipe_regs[0].pipe_register/g_shift_register/g_shift.pipe_reg[0][138]
  Impl DFF        i:/WORK/VX_commit/g_commit_arbs[0].commit_arb/g_input_select.g_arbiter.g_out_buf[0].out_buf/g_eb1.pipe_buffer/g_register.g_pipe_regs[0].pipe_register/g_shift_register/g_shift.pipe_reg[0][138]

  Ref  DFF        r:/WORK/VX_commit/g_commit_arbs[0].commit_arb/g_input_select.g_arbiter.g_out_buf[0].out_buf/g_eb1.pipe_buffer/g_register.g_pipe_regs[0].pipe_register/g_shift_register/g_shift.pipe_reg[0][139]
  Impl DFF        i:/WORK/VX_commit/g_commit_arbs[0].commit_arb/g_input_select.g_arbiter.g_out_buf[0].out_buf/g_eb1.pipe_buffer/g_register.g_pipe_regs[0].pipe_register/g_shift_register/g_shift.pipe_reg[0][139]

  Ref  DFF        r:/WORK/VX_commit/g_commit_arbs[0].commit_arb/g_input_select.g_arbiter.g_out_buf[0].out_buf/g_eb1.pipe_buffer/g_register.g_pipe_regs[0].pipe_register/g_shift_register/g_shift.pipe_reg[0][13]
  Impl DFF        i:/WORK/VX_commit/g_commit_arbs[0].commit_arb/g_input_select.g_arbiter.g_out_buf[0].out_buf/g_eb1.pipe_buffer/g_register.g_pipe_regs[0].pipe_register/g_shift_register/g_shift.pipe_reg[0][13]

  Ref  DFF        r:/WORK/VX_commit/g_commit_arbs[0].commit_arb/g_input_select.g_arbiter.g_out_buf[0].out_buf/g_eb1.pipe_buffer/g_register.g_pipe_regs[0].pipe_register/g_shift_register/g_shift.pipe_reg[0][140]
  Impl DFF        i:/WORK/VX_commit/g_commit_arbs[0].commit_arb/g_input_select.g_arbiter.g_out_buf[0].out_buf/g_eb1.pipe_buffer/g_register.g_pipe_regs[0].pipe_register/g_shift_register/g_shift.pipe_reg[0][140]

  Ref  DFF        r:/WORK/VX_commit/g_commit_arbs[0].commit_arb/g_input_select.g_arbiter.g_out_buf[0].out_buf/g_eb1.pipe_buffer/g_register.g_pipe_regs[0].pipe_register/g_shift_register/g_shift.pipe_reg[0][141]
  Impl DFF        i:/WORK/VX_commit/g_commit_arbs[0].commit_arb/g_input_select.g_arbiter.g_out_buf[0].out_buf/g_eb1.pipe_buffer/g_register.g_pipe_regs[0].pipe_register/g_shift_register/g_shift.pipe_reg[0][141]

  Ref  DFF        r:/WORK/VX_commit/g_commit_arbs[0].commit_arb/g_input_select.g_arbiter.g_out_buf[0].out_buf/g_eb1.pipe_buffer/g_register.g_pipe_regs[0].pipe_register/g_shift_register/g_shift.pipe_reg[0][142]
  Impl DFF        i:/WORK/VX_commit/g_commit_arbs[0].commit_arb/g_input_select.g_arbiter.g_out_buf[0].out_buf/g_eb1.pipe_buffer/g_register.g_pipe_regs[0].pipe_register/g_shift_register/g_shift.pipe_reg[0][142]

  Ref  DFF        r:/WORK/VX_commit/g_commit_arbs[0].commit_arb/g_input_select.g_arbiter.g_out_buf[0].out_buf/g_eb1.pipe_buffer/g_register.g_pipe_regs[0].pipe_register/g_shift_register/g_shift.pipe_reg[0][143]
  Impl DFF        i:/WORK/VX_commit/g_commit_arbs[0].commit_arb/g_input_select.g_arbiter.g_out_buf[0].out_buf/g_eb1.pipe_buffer/g_register.g_pipe_regs[0].pipe_register/g_shift_register/g_shift.pipe_reg[0][143]

  Ref  DFF        r:/WORK/VX_commit/g_commit_arbs[0].commit_arb/g_input_select.g_arbiter.g_out_buf[0].out_buf/g_eb1.pipe_buffer/g_register.g_pipe_regs[0].pipe_register/g_shift_register/g_shift.pipe_reg[0][144]
  Impl DFF        i:/WORK/VX_commit/g_commit_arbs[0].commit_arb/g_input_select.g_arbiter.g_out_buf[0].out_buf/g_eb1.pipe_buffer/g_register.g_pipe_regs[0].pipe_register/g_shift_register/g_shift.pipe_reg[0][144]

  Ref  DFF        r:/WORK/VX_commit/g_commit_arbs[0].commit_arb/g_input_select.g_arbiter.g_out_buf[0].out_buf/g_eb1.pipe_buffer/g_register.g_pipe_regs[0].pipe_register/g_shift_register/g_shift.pipe_reg[0][145]
  Impl DFF        i:/WORK/VX_commit/g_commit_arbs[0].commit_arb/g_input_select.g_arbiter.g_out_buf[0].out_buf/g_eb1.pipe_buffer/g_register.g_pipe_regs[0].pipe_register/g_shift_register/g_shift.pipe_reg[0][145]

  Ref  DFF        r:/WORK/VX_commit/g_commit_arbs[0].commit_arb/g_input_select.g_arbiter.g_out_buf[0].out_buf/g_eb1.pipe_buffer/g_register.g_pipe_regs[0].pipe_register/g_shift_register/g_shift.pipe_reg[0][146]
  Impl DFF        i:/WORK/VX_commit/g_commit_arbs[0].commit_arb/g_input_select.g_arbiter.g_out_buf[0].out_buf/g_eb1.pipe_buffer/g_register.g_pipe_regs[0].pipe_register/g_shift_register/g_shift.pipe_reg[0][146]

  Ref  DFF        r:/WORK/VX_commit/g_commit_arbs[0].commit_arb/g_input_select.g_arbiter.g_out_buf[0].out_buf/g_eb1.pipe_buffer/g_register.g_pipe_regs[0].pipe_register/g_shift_register/g_shift.pipe_reg[0][147]
  Impl DFF        i:/WORK/VX_commit/g_commit_arbs[0].commit_arb/g_input_select.g_arbiter.g_out_buf[0].out_buf/g_eb1.pipe_buffer/g_register.g_pipe_regs[0].pipe_register/g_shift_register/g_shift.pipe_reg[0][147]

  Ref  DFF        r:/WORK/VX_commit/g_commit_arbs[0].commit_arb/g_input_select.g_arbiter.g_out_buf[0].out_buf/g_eb1.pipe_buffer/g_register.g_pipe_regs[0].pipe_register/g_shift_register/g_shift.pipe_reg[0][148]
  Impl DFF        i:/WORK/VX_commit/g_commit_arbs[0].commit_arb/g_input_select.g_arbiter.g_out_buf[0].out_buf/g_eb1.pipe_buffer/g_register.g_pipe_regs[0].pipe_register/g_shift_register/g_shift.pipe_reg[0][148]

  Ref  DFF        r:/WORK/VX_commit/g_commit_arbs[0].commit_arb/g_input_select.g_arbiter.g_out_buf[0].out_buf/g_eb1.pipe_buffer/g_register.g_pipe_regs[0].pipe_register/g_shift_register/g_shift.pipe_reg[0][149]
  Impl DFF        i:/WORK/VX_commit/g_commit_arbs[0].commit_arb/g_input_select.g_arbiter.g_out_buf[0].out_buf/g_eb1.pipe_buffer/g_register.g_pipe_regs[0].pipe_register/g_shift_register/g_shift.pipe_reg[0][149]

  Ref  DFF        r:/WORK/VX_commit/g_commit_arbs[0].commit_arb/g_input_select.g_arbiter.g_out_buf[0].out_buf/g_eb1.pipe_buffer/g_register.g_pipe_regs[0].pipe_register/g_shift_register/g_shift.pipe_reg[0][14]
  Impl DFF        i:/WORK/VX_commit/g_commit_arbs[0].commit_arb/g_input_select.g_arbiter.g_out_buf[0].out_buf/g_eb1.pipe_buffer/g_register.g_pipe_regs[0].pipe_register/g_shift_register/g_shift.pipe_reg[0][14]

  Ref  DFF        r:/WORK/VX_commit/g_commit_arbs[0].commit_arb/g_input_select.g_arbiter.g_out_buf[0].out_buf/g_eb1.pipe_buffer/g_register.g_pipe_regs[0].pipe_register/g_shift_register/g_shift.pipe_reg[0][150]
  Impl DFF        i:/WORK/VX_commit/g_commit_arbs[0].commit_arb/g_input_select.g_arbiter.g_out_buf[0].out_buf/g_eb1.pipe_buffer/g_register.g_pipe_regs[0].pipe_register/g_shift_register/g_shift.pipe_reg[0][150]

  Ref  DFF        r:/WORK/VX_commit/g_commit_arbs[0].commit_arb/g_input_select.g_arbiter.g_out_buf[0].out_buf/g_eb1.pipe_buffer/g_register.g_pipe_regs[0].pipe_register/g_shift_register/g_shift.pipe_reg[0][151]
  Impl DFF        i:/WORK/VX_commit/g_commit_arbs[0].commit_arb/g_input_select.g_arbiter.g_out_buf[0].out_buf/g_eb1.pipe_buffer/g_register.g_pipe_regs[0].pipe_register/g_shift_register/g_shift.pipe_reg[0][151]

  Ref  DFF        r:/WORK/VX_commit/g_commit_arbs[0].commit_arb/g_input_select.g_arbiter.g_out_buf[0].out_buf/g_eb1.pipe_buffer/g_register.g_pipe_regs[0].pipe_register/g_shift_register/g_shift.pipe_reg[0][152]
  Impl DFF        i:/WORK/VX_commit/g_commit_arbs[0].commit_arb/g_input_select.g_arbiter.g_out_buf[0].out_buf/g_eb1.pipe_buffer/g_register.g_pipe_regs[0].pipe_register/g_shift_register/g_shift.pipe_reg[0][152]

  Ref  DFF        r:/WORK/VX_commit/g_commit_arbs[0].commit_arb/g_input_select.g_arbiter.g_out_buf[0].out_buf/g_eb1.pipe_buffer/g_register.g_pipe_regs[0].pipe_register/g_shift_register/g_shift.pipe_reg[0][153]
  Impl DFF        i:/WORK/VX_commit/g_commit_arbs[0].commit_arb/g_input_select.g_arbiter.g_out_buf[0].out_buf/g_eb1.pipe_buffer/g_register.g_pipe_regs[0].pipe_register/g_shift_register/g_shift.pipe_reg[0][153]

  Ref  DFF        r:/WORK/VX_commit/g_commit_arbs[0].commit_arb/g_input_select.g_arbiter.g_out_buf[0].out_buf/g_eb1.pipe_buffer/g_register.g_pipe_regs[0].pipe_register/g_shift_register/g_shift.pipe_reg[0][154]
  Impl DFF        i:/WORK/VX_commit/g_commit_arbs[0].commit_arb/g_input_select.g_arbiter.g_out_buf[0].out_buf/g_eb1.pipe_buffer/g_register.g_pipe_regs[0].pipe_register/g_shift_register/g_shift.pipe_reg[0][154]

  Ref  DFF        r:/WORK/VX_commit/g_commit_arbs[0].commit_arb/g_input_select.g_arbiter.g_out_buf[0].out_buf/g_eb1.pipe_buffer/g_register.g_pipe_regs[0].pipe_register/g_shift_register/g_shift.pipe_reg[0][155]
  Impl DFF        i:/WORK/VX_commit/g_commit_arbs[0].commit_arb/g_input_select.g_arbiter.g_out_buf[0].out_buf/g_eb1.pipe_buffer/g_register.g_pipe_regs[0].pipe_register/g_shift_register/g_shift.pipe_reg[0][155]

  Ref  DFF        r:/WORK/VX_commit/g_commit_arbs[0].commit_arb/g_input_select.g_arbiter.g_out_buf[0].out_buf/g_eb1.pipe_buffer/g_register.g_pipe_regs[0].pipe_register/g_shift_register/g_shift.pipe_reg[0][156]
  Impl DFF        i:/WORK/VX_commit/g_commit_arbs[0].commit_arb/g_input_select.g_arbiter.g_out_buf[0].out_buf/g_eb1.pipe_buffer/g_register.g_pipe_regs[0].pipe_register/g_shift_register/g_shift.pipe_reg[0][156]

  Ref  DFF        r:/WORK/VX_commit/g_commit_arbs[0].commit_arb/g_input_select.g_arbiter.g_out_buf[0].out_buf/g_eb1.pipe_buffer/g_register.g_pipe_regs[0].pipe_register/g_shift_register/g_shift.pipe_reg[0][157]
  Impl DFF        i:/WORK/VX_commit/g_commit_arbs[0].commit_arb/g_input_select.g_arbiter.g_out_buf[0].out_buf/g_eb1.pipe_buffer/g_register.g_pipe_regs[0].pipe_register/g_shift_register/g_shift.pipe_reg[0][157]

  Ref  DFF        r:/WORK/VX_commit/g_commit_arbs[0].commit_arb/g_input_select.g_arbiter.g_out_buf[0].out_buf/g_eb1.pipe_buffer/g_register.g_pipe_regs[0].pipe_register/g_shift_register/g_shift.pipe_reg[0][158]
  Impl DFF        i:/WORK/VX_commit/g_commit_arbs[0].commit_arb/g_input_select.g_arbiter.g_out_buf[0].out_buf/g_eb1.pipe_buffer/g_register.g_pipe_regs[0].pipe_register/g_shift_register/g_shift.pipe_reg[0][158]

  Ref  DFF        r:/WORK/VX_commit/g_commit_arbs[0].commit_arb/g_input_select.g_arbiter.g_out_buf[0].out_buf/g_eb1.pipe_buffer/g_register.g_pipe_regs[0].pipe_register/g_shift_register/g_shift.pipe_reg[0][159]
  Impl DFF        i:/WORK/VX_commit/g_commit_arbs[0].commit_arb/g_input_select.g_arbiter.g_out_buf[0].out_buf/g_eb1.pipe_buffer/g_register.g_pipe_regs[0].pipe_register/g_shift_register/g_shift.pipe_reg[0][159]

  Ref  DFF        r:/WORK/VX_commit/g_commit_arbs[0].commit_arb/g_input_select.g_arbiter.g_out_buf[0].out_buf/g_eb1.pipe_buffer/g_register.g_pipe_regs[0].pipe_register/g_shift_register/g_shift.pipe_reg[0][15]
  Impl DFF        i:/WORK/VX_commit/g_commit_arbs[0].commit_arb/g_input_select.g_arbiter.g_out_buf[0].out_buf/g_eb1.pipe_buffer/g_register.g_pipe_regs[0].pipe_register/g_shift_register/g_shift.pipe_reg[0][15]

  Ref  DFF        r:/WORK/VX_commit/g_commit_arbs[0].commit_arb/g_input_select.g_arbiter.g_out_buf[0].out_buf/g_eb1.pipe_buffer/g_register.g_pipe_regs[0].pipe_register/g_shift_register/g_shift.pipe_reg[0][160]
  Impl DFF        i:/WORK/VX_commit/g_commit_arbs[0].commit_arb/g_input_select.g_arbiter.g_out_buf[0].out_buf/g_eb1.pipe_buffer/g_register.g_pipe_regs[0].pipe_register/g_shift_register/g_shift.pipe_reg[0][160]

  Ref  DFF        r:/WORK/VX_commit/g_commit_arbs[0].commit_arb/g_input_select.g_arbiter.g_out_buf[0].out_buf/g_eb1.pipe_buffer/g_register.g_pipe_regs[0].pipe_register/g_shift_register/g_shift.pipe_reg[0][161]
  Impl DFF        i:/WORK/VX_commit/g_commit_arbs[0].commit_arb/g_input_select.g_arbiter.g_out_buf[0].out_buf/g_eb1.pipe_buffer/g_register.g_pipe_regs[0].pipe_register/g_shift_register/g_shift.pipe_reg[0][161]

  Ref  DFF        r:/WORK/VX_commit/g_commit_arbs[0].commit_arb/g_input_select.g_arbiter.g_out_buf[0].out_buf/g_eb1.pipe_buffer/g_register.g_pipe_regs[0].pipe_register/g_shift_register/g_shift.pipe_reg[0][162]
  Impl DFF        i:/WORK/VX_commit/g_commit_arbs[0].commit_arb/g_input_select.g_arbiter.g_out_buf[0].out_buf/g_eb1.pipe_buffer/g_register.g_pipe_regs[0].pipe_register/g_shift_register/g_shift.pipe_reg[0][162]

  Ref  DFF        r:/WORK/VX_commit/g_commit_arbs[0].commit_arb/g_input_select.g_arbiter.g_out_buf[0].out_buf/g_eb1.pipe_buffer/g_register.g_pipe_regs[0].pipe_register/g_shift_register/g_shift.pipe_reg[0][163]
  Impl DFF        i:/WORK/VX_commit/g_commit_arbs[0].commit_arb/g_input_select.g_arbiter.g_out_buf[0].out_buf/g_eb1.pipe_buffer/g_register.g_pipe_regs[0].pipe_register/g_shift_register/g_shift.pipe_reg[0][163]

  Ref  DFF        r:/WORK/VX_commit/g_commit_arbs[0].commit_arb/g_input_select.g_arbiter.g_out_buf[0].out_buf/g_eb1.pipe_buffer/g_register.g_pipe_regs[0].pipe_register/g_shift_register/g_shift.pipe_reg[0][164]
  Impl DFF        i:/WORK/VX_commit/g_commit_arbs[0].commit_arb/g_input_select.g_arbiter.g_out_buf[0].out_buf/g_eb1.pipe_buffer/g_register.g_pipe_regs[0].pipe_register/g_shift_register/g_shift.pipe_reg[0][164]

  Ref  DFF        r:/WORK/VX_commit/g_commit_arbs[0].commit_arb/g_input_select.g_arbiter.g_out_buf[0].out_buf/g_eb1.pipe_buffer/g_register.g_pipe_regs[0].pipe_register/g_shift_register/g_shift.pipe_reg[0][165]
  Impl DFF        i:/WORK/VX_commit/g_commit_arbs[0].commit_arb/g_input_select.g_arbiter.g_out_buf[0].out_buf/g_eb1.pipe_buffer/g_register.g_pipe_regs[0].pipe_register/g_shift_register/g_shift.pipe_reg[0][165]

  Ref  DFF        r:/WORK/VX_commit/g_commit_arbs[0].commit_arb/g_input_select.g_arbiter.g_out_buf[0].out_buf/g_eb1.pipe_buffer/g_register.g_pipe_regs[0].pipe_register/g_shift_register/g_shift.pipe_reg[0][166]
  Impl DFF        i:/WORK/VX_commit/g_commit_arbs[0].commit_arb/g_input_select.g_arbiter.g_out_buf[0].out_buf/g_eb1.pipe_buffer/g_register.g_pipe_regs[0].pipe_register/g_shift_register/g_shift.pipe_reg[0][166]

  Ref  DFF        r:/WORK/VX_commit/g_commit_arbs[0].commit_arb/g_input_select.g_arbiter.g_out_buf[0].out_buf/g_eb1.pipe_buffer/g_register.g_pipe_regs[0].pipe_register/g_shift_register/g_shift.pipe_reg[0][167]
  Impl DFF        i:/WORK/VX_commit/g_commit_arbs[0].commit_arb/g_input_select.g_arbiter.g_out_buf[0].out_buf/g_eb1.pipe_buffer/g_register.g_pipe_regs[0].pipe_register/g_shift_register/g_shift.pipe_reg[0][167]

  Ref  DFF        r:/WORK/VX_commit/g_commit_arbs[0].commit_arb/g_input_select.g_arbiter.g_out_buf[0].out_buf/g_eb1.pipe_buffer/g_register.g_pipe_regs[0].pipe_register/g_shift_register/g_shift.pipe_reg[0][168]
  Impl DFF        i:/WORK/VX_commit/g_commit_arbs[0].commit_arb/g_input_select.g_arbiter.g_out_buf[0].out_buf/g_eb1.pipe_buffer/g_register.g_pipe_regs[0].pipe_register/g_shift_register/g_shift.pipe_reg[0][168]

  Ref  DFF        r:/WORK/VX_commit/g_commit_arbs[0].commit_arb/g_input_select.g_arbiter.g_out_buf[0].out_buf/g_eb1.pipe_buffer/g_register.g_pipe_regs[0].pipe_register/g_shift_register/g_shift.pipe_reg[0][169]
  Impl DFF        i:/WORK/VX_commit/g_commit_arbs[0].commit_arb/g_input_select.g_arbiter.g_out_buf[0].out_buf/g_eb1.pipe_buffer/g_register.g_pipe_regs[0].pipe_register/g_shift_register/g_shift.pipe_reg[0][169]

  Ref  DFF        r:/WORK/VX_commit/g_commit_arbs[0].commit_arb/g_input_select.g_arbiter.g_out_buf[0].out_buf/g_eb1.pipe_buffer/g_register.g_pipe_regs[0].pipe_register/g_shift_register/g_shift.pipe_reg[0][16]
  Impl DFF        i:/WORK/VX_commit/g_commit_arbs[0].commit_arb/g_input_select.g_arbiter.g_out_buf[0].out_buf/g_eb1.pipe_buffer/g_register.g_pipe_regs[0].pipe_register/g_shift_register/g_shift.pipe_reg[0][16]

  Ref  DFF        r:/WORK/VX_commit/g_commit_arbs[0].commit_arb/g_input_select.g_arbiter.g_out_buf[0].out_buf/g_eb1.pipe_buffer/g_register.g_pipe_regs[0].pipe_register/g_shift_register/g_shift.pipe_reg[0][170]
  Impl DFF        i:/WORK/VX_commit/g_commit_arbs[0].commit_arb/g_input_select.g_arbiter.g_out_buf[0].out_buf/g_eb1.pipe_buffer/g_register.g_pipe_regs[0].pipe_register/g_shift_register/g_shift.pipe_reg[0][170]

  Ref  DFF        r:/WORK/VX_commit/g_commit_arbs[0].commit_arb/g_input_select.g_arbiter.g_out_buf[0].out_buf/g_eb1.pipe_buffer/g_register.g_pipe_regs[0].pipe_register/g_shift_register/g_shift.pipe_reg[0][171]
  Impl DFF        i:/WORK/VX_commit/g_commit_arbs[0].commit_arb/g_input_select.g_arbiter.g_out_buf[0].out_buf/g_eb1.pipe_buffer/g_register.g_pipe_regs[0].pipe_register/g_shift_register/g_shift.pipe_reg[0][171]

  Ref  DFF        r:/WORK/VX_commit/g_commit_arbs[0].commit_arb/g_input_select.g_arbiter.g_out_buf[0].out_buf/g_eb1.pipe_buffer/g_register.g_pipe_regs[0].pipe_register/g_shift_register/g_shift.pipe_reg[0][172]
  Impl DFF        i:/WORK/VX_commit/g_commit_arbs[0].commit_arb/g_input_select.g_arbiter.g_out_buf[0].out_buf/g_eb1.pipe_buffer/g_register.g_pipe_regs[0].pipe_register/g_shift_register/g_shift.pipe_reg[0][172]

  Ref  DFF        r:/WORK/VX_commit/g_commit_arbs[0].commit_arb/g_input_select.g_arbiter.g_out_buf[0].out_buf/g_eb1.pipe_buffer/g_register.g_pipe_regs[0].pipe_register/g_shift_register/g_shift.pipe_reg[0][173]
  Impl DFF        i:/WORK/VX_commit/g_commit_arbs[0].commit_arb/g_input_select.g_arbiter.g_out_buf[0].out_buf/g_eb1.pipe_buffer/g_register.g_pipe_regs[0].pipe_register/g_shift_register/g_shift.pipe_reg[0][173]

  Ref  DFF        r:/WORK/VX_commit/g_commit_arbs[0].commit_arb/g_input_select.g_arbiter.g_out_buf[0].out_buf/g_eb1.pipe_buffer/g_register.g_pipe_regs[0].pipe_register/g_shift_register/g_shift.pipe_reg[0][174]
  Impl DFF        i:/WORK/VX_commit/g_commit_arbs[0].commit_arb/g_input_select.g_arbiter.g_out_buf[0].out_buf/g_eb1.pipe_buffer/g_register.g_pipe_regs[0].pipe_register/g_shift_register/g_shift.pipe_reg[0][174]

  Ref  DFF        r:/WORK/VX_commit/g_commit_arbs[0].commit_arb/g_input_select.g_arbiter.g_out_buf[0].out_buf/g_eb1.pipe_buffer/g_register.g_pipe_regs[0].pipe_register/g_shift_register/g_shift.pipe_reg[0][177]
  Impl DFF        i:/WORK/VX_commit/g_commit_arbs[0].commit_arb/g_input_select.g_arbiter.g_out_buf[0].out_buf/g_eb1.pipe_buffer/g_register.g_pipe_regs[0].pipe_register/g_shift_register/g_shift.pipe_reg[0][177]

  Ref  DFF        r:/WORK/VX_commit/g_commit_arbs[0].commit_arb/g_input_select.g_arbiter.g_out_buf[0].out_buf/g_eb1.pipe_buffer/g_register.g_pipe_regs[0].pipe_register/g_shift_register/g_shift.pipe_reg[0][17]
  Impl DFF        i:/WORK/VX_commit/g_commit_arbs[0].commit_arb/g_input_select.g_arbiter.g_out_buf[0].out_buf/g_eb1.pipe_buffer/g_register.g_pipe_regs[0].pipe_register/g_shift_register/g_shift.pipe_reg[0][17]

  Ref  DFF        r:/WORK/VX_commit/g_commit_arbs[0].commit_arb/g_input_select.g_arbiter.g_out_buf[0].out_buf/g_eb1.pipe_buffer/g_register.g_pipe_regs[0].pipe_register/g_shift_register/g_shift.pipe_reg[0][18]
  Impl DFF        i:/WORK/VX_commit/g_commit_arbs[0].commit_arb/g_input_select.g_arbiter.g_out_buf[0].out_buf/g_eb1.pipe_buffer/g_register.g_pipe_regs[0].pipe_register/g_shift_register/g_shift.pipe_reg[0][18]

  Ref  DFF        r:/WORK/VX_commit/g_commit_arbs[0].commit_arb/g_input_select.g_arbiter.g_out_buf[0].out_buf/g_eb1.pipe_buffer/g_register.g_pipe_regs[0].pipe_register/g_shift_register/g_shift.pipe_reg[0][19]
  Impl DFF        i:/WORK/VX_commit/g_commit_arbs[0].commit_arb/g_input_select.g_arbiter.g_out_buf[0].out_buf/g_eb1.pipe_buffer/g_register.g_pipe_regs[0].pipe_register/g_shift_register/g_shift.pipe_reg[0][19]

  Ref  DFF        r:/WORK/VX_commit/g_commit_arbs[0].commit_arb/g_input_select.g_arbiter.g_out_buf[0].out_buf/g_eb1.pipe_buffer/g_register.g_pipe_regs[0].pipe_register/g_shift_register/g_shift.pipe_reg[0][1]
  Impl DFF        i:/WORK/VX_commit/g_commit_arbs[0].commit_arb/g_input_select.g_arbiter.g_out_buf[0].out_buf/g_eb1.pipe_buffer/g_register.g_pipe_regs[0].pipe_register/g_shift_register/g_shift.pipe_reg[0][1]

  Ref  DFF        r:/WORK/VX_commit/g_commit_arbs[0].commit_arb/g_input_select.g_arbiter.g_out_buf[0].out_buf/g_eb1.pipe_buffer/g_register.g_pipe_regs[0].pipe_register/g_shift_register/g_shift.pipe_reg[0][20]
  Impl DFF        i:/WORK/VX_commit/g_commit_arbs[0].commit_arb/g_input_select.g_arbiter.g_out_buf[0].out_buf/g_eb1.pipe_buffer/g_register.g_pipe_regs[0].pipe_register/g_shift_register/g_shift.pipe_reg[0][20]

  Ref  DFF        r:/WORK/VX_commit/g_commit_arbs[0].commit_arb/g_input_select.g_arbiter.g_out_buf[0].out_buf/g_eb1.pipe_buffer/g_register.g_pipe_regs[0].pipe_register/g_shift_register/g_shift.pipe_reg[0][21]
  Impl DFF        i:/WORK/VX_commit/g_commit_arbs[0].commit_arb/g_input_select.g_arbiter.g_out_buf[0].out_buf/g_eb1.pipe_buffer/g_register.g_pipe_regs[0].pipe_register/g_shift_register/g_shift.pipe_reg[0][21]

  Ref  DFF        r:/WORK/VX_commit/g_commit_arbs[0].commit_arb/g_input_select.g_arbiter.g_out_buf[0].out_buf/g_eb1.pipe_buffer/g_register.g_pipe_regs[0].pipe_register/g_shift_register/g_shift.pipe_reg[0][22]
  Impl DFF        i:/WORK/VX_commit/g_commit_arbs[0].commit_arb/g_input_select.g_arbiter.g_out_buf[0].out_buf/g_eb1.pipe_buffer/g_register.g_pipe_regs[0].pipe_register/g_shift_register/g_shift.pipe_reg[0][22]

  Ref  DFF        r:/WORK/VX_commit/g_commit_arbs[0].commit_arb/g_input_select.g_arbiter.g_out_buf[0].out_buf/g_eb1.pipe_buffer/g_register.g_pipe_regs[0].pipe_register/g_shift_register/g_shift.pipe_reg[0][23]
  Impl DFF        i:/WORK/VX_commit/g_commit_arbs[0].commit_arb/g_input_select.g_arbiter.g_out_buf[0].out_buf/g_eb1.pipe_buffer/g_register.g_pipe_regs[0].pipe_register/g_shift_register/g_shift.pipe_reg[0][23]

  Ref  DFF        r:/WORK/VX_commit/g_commit_arbs[0].commit_arb/g_input_select.g_arbiter.g_out_buf[0].out_buf/g_eb1.pipe_buffer/g_register.g_pipe_regs[0].pipe_register/g_shift_register/g_shift.pipe_reg[0][24]
  Impl DFF        i:/WORK/VX_commit/g_commit_arbs[0].commit_arb/g_input_select.g_arbiter.g_out_buf[0].out_buf/g_eb1.pipe_buffer/g_register.g_pipe_regs[0].pipe_register/g_shift_register/g_shift.pipe_reg[0][24]

  Ref  DFF        r:/WORK/VX_commit/g_commit_arbs[0].commit_arb/g_input_select.g_arbiter.g_out_buf[0].out_buf/g_eb1.pipe_buffer/g_register.g_pipe_regs[0].pipe_register/g_shift_register/g_shift.pipe_reg[0][25]
  Impl DFF        i:/WORK/VX_commit/g_commit_arbs[0].commit_arb/g_input_select.g_arbiter.g_out_buf[0].out_buf/g_eb1.pipe_buffer/g_register.g_pipe_regs[0].pipe_register/g_shift_register/g_shift.pipe_reg[0][25]

  Ref  DFF        r:/WORK/VX_commit/g_commit_arbs[0].commit_arb/g_input_select.g_arbiter.g_out_buf[0].out_buf/g_eb1.pipe_buffer/g_register.g_pipe_regs[0].pipe_register/g_shift_register/g_shift.pipe_reg[0][26]
  Impl DFF        i:/WORK/VX_commit/g_commit_arbs[0].commit_arb/g_input_select.g_arbiter.g_out_buf[0].out_buf/g_eb1.pipe_buffer/g_register.g_pipe_regs[0].pipe_register/g_shift_register/g_shift.pipe_reg[0][26]

  Ref  DFF        r:/WORK/VX_commit/g_commit_arbs[0].commit_arb/g_input_select.g_arbiter.g_out_buf[0].out_buf/g_eb1.pipe_buffer/g_register.g_pipe_regs[0].pipe_register/g_shift_register/g_shift.pipe_reg[0][27]
  Impl DFF        i:/WORK/VX_commit/g_commit_arbs[0].commit_arb/g_input_select.g_arbiter.g_out_buf[0].out_buf/g_eb1.pipe_buffer/g_register.g_pipe_regs[0].pipe_register/g_shift_register/g_shift.pipe_reg[0][27]

  Ref  DFF        r:/WORK/VX_commit/g_commit_arbs[0].commit_arb/g_input_select.g_arbiter.g_out_buf[0].out_buf/g_eb1.pipe_buffer/g_register.g_pipe_regs[0].pipe_register/g_shift_register/g_shift.pipe_reg[0][28]
  Impl DFF        i:/WORK/VX_commit/g_commit_arbs[0].commit_arb/g_input_select.g_arbiter.g_out_buf[0].out_buf/g_eb1.pipe_buffer/g_register.g_pipe_regs[0].pipe_register/g_shift_register/g_shift.pipe_reg[0][28]

  Ref  DFF        r:/WORK/VX_commit/g_commit_arbs[0].commit_arb/g_input_select.g_arbiter.g_out_buf[0].out_buf/g_eb1.pipe_buffer/g_register.g_pipe_regs[0].pipe_register/g_shift_register/g_shift.pipe_reg[0][29]
  Impl DFF        i:/WORK/VX_commit/g_commit_arbs[0].commit_arb/g_input_select.g_arbiter.g_out_buf[0].out_buf/g_eb1.pipe_buffer/g_register.g_pipe_regs[0].pipe_register/g_shift_register/g_shift.pipe_reg[0][29]

  Ref  DFF        r:/WORK/VX_commit/g_commit_arbs[0].commit_arb/g_input_select.g_arbiter.g_out_buf[0].out_buf/g_eb1.pipe_buffer/g_register.g_pipe_regs[0].pipe_register/g_shift_register/g_shift.pipe_reg[0][2]
  Impl DFF        i:/WORK/VX_commit/g_commit_arbs[0].commit_arb/g_input_select.g_arbiter.g_out_buf[0].out_buf/g_eb1.pipe_buffer/g_register.g_pipe_regs[0].pipe_register/g_shift_register/g_shift.pipe_reg[0][2]

  Ref  DFF        r:/WORK/VX_commit/g_commit_arbs[0].commit_arb/g_input_select.g_arbiter.g_out_buf[0].out_buf/g_eb1.pipe_buffer/g_register.g_pipe_regs[0].pipe_register/g_shift_register/g_shift.pipe_reg[0][30]
  Impl DFF        i:/WORK/VX_commit/g_commit_arbs[0].commit_arb/g_input_select.g_arbiter.g_out_buf[0].out_buf/g_eb1.pipe_buffer/g_register.g_pipe_regs[0].pipe_register/g_shift_register/g_shift.pipe_reg[0][30]

  Ref  DFF        r:/WORK/VX_commit/g_commit_arbs[0].commit_arb/g_input_select.g_arbiter.g_out_buf[0].out_buf/g_eb1.pipe_buffer/g_register.g_pipe_regs[0].pipe_register/g_shift_register/g_shift.pipe_reg[0][31]
  Impl DFF        i:/WORK/VX_commit/g_commit_arbs[0].commit_arb/g_input_select.g_arbiter.g_out_buf[0].out_buf/g_eb1.pipe_buffer/g_register.g_pipe_regs[0].pipe_register/g_shift_register/g_shift.pipe_reg[0][31]

  Ref  DFF        r:/WORK/VX_commit/g_commit_arbs[0].commit_arb/g_input_select.g_arbiter.g_out_buf[0].out_buf/g_eb1.pipe_buffer/g_register.g_pipe_regs[0].pipe_register/g_shift_register/g_shift.pipe_reg[0][32]
  Impl DFF        i:/WORK/VX_commit/g_commit_arbs[0].commit_arb/g_input_select.g_arbiter.g_out_buf[0].out_buf/g_eb1.pipe_buffer/g_register.g_pipe_regs[0].pipe_register/g_shift_register/g_shift.pipe_reg[0][32]

  Ref  DFF        r:/WORK/VX_commit/g_commit_arbs[0].commit_arb/g_input_select.g_arbiter.g_out_buf[0].out_buf/g_eb1.pipe_buffer/g_register.g_pipe_regs[0].pipe_register/g_shift_register/g_shift.pipe_reg[0][33]
  Impl DFF        i:/WORK/VX_commit/g_commit_arbs[0].commit_arb/g_input_select.g_arbiter.g_out_buf[0].out_buf/g_eb1.pipe_buffer/g_register.g_pipe_regs[0].pipe_register/g_shift_register/g_shift.pipe_reg[0][33]

  Ref  DFF        r:/WORK/VX_commit/g_commit_arbs[0].commit_arb/g_input_select.g_arbiter.g_out_buf[0].out_buf/g_eb1.pipe_buffer/g_register.g_pipe_regs[0].pipe_register/g_shift_register/g_shift.pipe_reg[0][34]
  Impl DFF        i:/WORK/VX_commit/g_commit_arbs[0].commit_arb/g_input_select.g_arbiter.g_out_buf[0].out_buf/g_eb1.pipe_buffer/g_register.g_pipe_regs[0].pipe_register/g_shift_register/g_shift.pipe_reg[0][34]

  Ref  DFF        r:/WORK/VX_commit/g_commit_arbs[0].commit_arb/g_input_select.g_arbiter.g_out_buf[0].out_buf/g_eb1.pipe_buffer/g_register.g_pipe_regs[0].pipe_register/g_shift_register/g_shift.pipe_reg[0][35]
  Impl DFF        i:/WORK/VX_commit/g_commit_arbs[0].commit_arb/g_input_select.g_arbiter.g_out_buf[0].out_buf/g_eb1.pipe_buffer/g_register.g_pipe_regs[0].pipe_register/g_shift_register/g_shift.pipe_reg[0][35]

  Ref  DFF        r:/WORK/VX_commit/g_commit_arbs[0].commit_arb/g_input_select.g_arbiter.g_out_buf[0].out_buf/g_eb1.pipe_buffer/g_register.g_pipe_regs[0].pipe_register/g_shift_register/g_shift.pipe_reg[0][36]
  Impl DFF        i:/WORK/VX_commit/g_commit_arbs[0].commit_arb/g_input_select.g_arbiter.g_out_buf[0].out_buf/g_eb1.pipe_buffer/g_register.g_pipe_regs[0].pipe_register/g_shift_register/g_shift.pipe_reg[0][36]

  Ref  DFF        r:/WORK/VX_commit/g_commit_arbs[0].commit_arb/g_input_select.g_arbiter.g_out_buf[0].out_buf/g_eb1.pipe_buffer/g_register.g_pipe_regs[0].pipe_register/g_shift_register/g_shift.pipe_reg[0][37]
  Impl DFF        i:/WORK/VX_commit/g_commit_arbs[0].commit_arb/g_input_select.g_arbiter.g_out_buf[0].out_buf/g_eb1.pipe_buffer/g_register.g_pipe_regs[0].pipe_register/g_shift_register/g_shift.pipe_reg[0][37]

  Ref  DFF        r:/WORK/VX_commit/g_commit_arbs[0].commit_arb/g_input_select.g_arbiter.g_out_buf[0].out_buf/g_eb1.pipe_buffer/g_register.g_pipe_regs[0].pipe_register/g_shift_register/g_shift.pipe_reg[0][38]
  Impl DFF        i:/WORK/VX_commit/g_commit_arbs[0].commit_arb/g_input_select.g_arbiter.g_out_buf[0].out_buf/g_eb1.pipe_buffer/g_register.g_pipe_regs[0].pipe_register/g_shift_register/g_shift.pipe_reg[0][38]

  Ref  DFF        r:/WORK/VX_commit/g_commit_arbs[0].commit_arb/g_input_select.g_arbiter.g_out_buf[0].out_buf/g_eb1.pipe_buffer/g_register.g_pipe_regs[0].pipe_register/g_shift_register/g_shift.pipe_reg[0][39]
  Impl DFF        i:/WORK/VX_commit/g_commit_arbs[0].commit_arb/g_input_select.g_arbiter.g_out_buf[0].out_buf/g_eb1.pipe_buffer/g_register.g_pipe_regs[0].pipe_register/g_shift_register/g_shift.pipe_reg[0][39]

  Ref  DFF        r:/WORK/VX_commit/g_commit_arbs[0].commit_arb/g_input_select.g_arbiter.g_out_buf[0].out_buf/g_eb1.pipe_buffer/g_register.g_pipe_regs[0].pipe_register/g_shift_register/g_shift.pipe_reg[0][3]
  Impl DFF        i:/WORK/VX_commit/g_commit_arbs[0].commit_arb/g_input_select.g_arbiter.g_out_buf[0].out_buf/g_eb1.pipe_buffer/g_register.g_pipe_regs[0].pipe_register/g_shift_register/g_shift.pipe_reg[0][3]

  Ref  DFF        r:/WORK/VX_commit/g_commit_arbs[0].commit_arb/g_input_select.g_arbiter.g_out_buf[0].out_buf/g_eb1.pipe_buffer/g_register.g_pipe_regs[0].pipe_register/g_shift_register/g_shift.pipe_reg[0][40]
  Impl DFF        i:/WORK/VX_commit/g_commit_arbs[0].commit_arb/g_input_select.g_arbiter.g_out_buf[0].out_buf/g_eb1.pipe_buffer/g_register.g_pipe_regs[0].pipe_register/g_shift_register/g_shift.pipe_reg[0][40]

  Ref  DFF        r:/WORK/VX_commit/g_commit_arbs[0].commit_arb/g_input_select.g_arbiter.g_out_buf[0].out_buf/g_eb1.pipe_buffer/g_register.g_pipe_regs[0].pipe_register/g_shift_register/g_shift.pipe_reg[0][41]
  Impl DFF        i:/WORK/VX_commit/g_commit_arbs[0].commit_arb/g_input_select.g_arbiter.g_out_buf[0].out_buf/g_eb1.pipe_buffer/g_register.g_pipe_regs[0].pipe_register/g_shift_register/g_shift.pipe_reg[0][41]

  Ref  DFF        r:/WORK/VX_commit/g_commit_arbs[0].commit_arb/g_input_select.g_arbiter.g_out_buf[0].out_buf/g_eb1.pipe_buffer/g_register.g_pipe_regs[0].pipe_register/g_shift_register/g_shift.pipe_reg[0][42]
  Impl DFF        i:/WORK/VX_commit/g_commit_arbs[0].commit_arb/g_input_select.g_arbiter.g_out_buf[0].out_buf/g_eb1.pipe_buffer/g_register.g_pipe_regs[0].pipe_register/g_shift_register/g_shift.pipe_reg[0][42]

  Ref  DFF        r:/WORK/VX_commit/g_commit_arbs[0].commit_arb/g_input_select.g_arbiter.g_out_buf[0].out_buf/g_eb1.pipe_buffer/g_register.g_pipe_regs[0].pipe_register/g_shift_register/g_shift.pipe_reg[0][43]
  Impl DFF        i:/WORK/VX_commit/g_commit_arbs[0].commit_arb/g_input_select.g_arbiter.g_out_buf[0].out_buf/g_eb1.pipe_buffer/g_register.g_pipe_regs[0].pipe_register/g_shift_register/g_shift.pipe_reg[0][43]

  Ref  DFF        r:/WORK/VX_commit/g_commit_arbs[0].commit_arb/g_input_select.g_arbiter.g_out_buf[0].out_buf/g_eb1.pipe_buffer/g_register.g_pipe_regs[0].pipe_register/g_shift_register/g_shift.pipe_reg[0][44]
  Impl DFF        i:/WORK/VX_commit/g_commit_arbs[0].commit_arb/g_input_select.g_arbiter.g_out_buf[0].out_buf/g_eb1.pipe_buffer/g_register.g_pipe_regs[0].pipe_register/g_shift_register/g_shift.pipe_reg[0][44]

  Ref  DFF        r:/WORK/VX_commit/g_commit_arbs[0].commit_arb/g_input_select.g_arbiter.g_out_buf[0].out_buf/g_eb1.pipe_buffer/g_register.g_pipe_regs[0].pipe_register/g_shift_register/g_shift.pipe_reg[0][45]
  Impl DFF        i:/WORK/VX_commit/g_commit_arbs[0].commit_arb/g_input_select.g_arbiter.g_out_buf[0].out_buf/g_eb1.pipe_buffer/g_register.g_pipe_regs[0].pipe_register/g_shift_register/g_shift.pipe_reg[0][45]

  Ref  DFF        r:/WORK/VX_commit/g_commit_arbs[0].commit_arb/g_input_select.g_arbiter.g_out_buf[0].out_buf/g_eb1.pipe_buffer/g_register.g_pipe_regs[0].pipe_register/g_shift_register/g_shift.pipe_reg[0][46]
  Impl DFF        i:/WORK/VX_commit/g_commit_arbs[0].commit_arb/g_input_select.g_arbiter.g_out_buf[0].out_buf/g_eb1.pipe_buffer/g_register.g_pipe_regs[0].pipe_register/g_shift_register/g_shift.pipe_reg[0][46]

  Ref  DFF        r:/WORK/VX_commit/g_commit_arbs[0].commit_arb/g_input_select.g_arbiter.g_out_buf[0].out_buf/g_eb1.pipe_buffer/g_register.g_pipe_regs[0].pipe_register/g_shift_register/g_shift.pipe_reg[0][47]
  Impl DFF        i:/WORK/VX_commit/g_commit_arbs[0].commit_arb/g_input_select.g_arbiter.g_out_buf[0].out_buf/g_eb1.pipe_buffer/g_register.g_pipe_regs[0].pipe_register/g_shift_register/g_shift.pipe_reg[0][47]

  Ref  DFF        r:/WORK/VX_commit/g_commit_arbs[0].commit_arb/g_input_select.g_arbiter.g_out_buf[0].out_buf/g_eb1.pipe_buffer/g_register.g_pipe_regs[0].pipe_register/g_shift_register/g_shift.pipe_reg[0][48]
  Impl DFF        i:/WORK/VX_commit/g_commit_arbs[0].commit_arb/g_input_select.g_arbiter.g_out_buf[0].out_buf/g_eb1.pipe_buffer/g_register.g_pipe_regs[0].pipe_register/g_shift_register/g_shift.pipe_reg[0][48]

  Ref  DFF        r:/WORK/VX_commit/g_commit_arbs[0].commit_arb/g_input_select.g_arbiter.g_out_buf[0].out_buf/g_eb1.pipe_buffer/g_register.g_pipe_regs[0].pipe_register/g_shift_register/g_shift.pipe_reg[0][49]
  Impl DFF        i:/WORK/VX_commit/g_commit_arbs[0].commit_arb/g_input_select.g_arbiter.g_out_buf[0].out_buf/g_eb1.pipe_buffer/g_register.g_pipe_regs[0].pipe_register/g_shift_register/g_shift.pipe_reg[0][49]

  Ref  DFF        r:/WORK/VX_commit/g_commit_arbs[0].commit_arb/g_input_select.g_arbiter.g_out_buf[0].out_buf/g_eb1.pipe_buffer/g_register.g_pipe_regs[0].pipe_register/g_shift_register/g_shift.pipe_reg[0][4]
  Impl DFF        i:/WORK/VX_commit/g_commit_arbs[0].commit_arb/g_input_select.g_arbiter.g_out_buf[0].out_buf/g_eb1.pipe_buffer/g_register.g_pipe_regs[0].pipe_register/g_shift_register/g_shift.pipe_reg[0][4]

  Ref  DFF        r:/WORK/VX_commit/g_commit_arbs[0].commit_arb/g_input_select.g_arbiter.g_out_buf[0].out_buf/g_eb1.pipe_buffer/g_register.g_pipe_regs[0].pipe_register/g_shift_register/g_shift.pipe_reg[0][50]
  Impl DFF        i:/WORK/VX_commit/g_commit_arbs[0].commit_arb/g_input_select.g_arbiter.g_out_buf[0].out_buf/g_eb1.pipe_buffer/g_register.g_pipe_regs[0].pipe_register/g_shift_register/g_shift.pipe_reg[0][50]

  Ref  DFF        r:/WORK/VX_commit/g_commit_arbs[0].commit_arb/g_input_select.g_arbiter.g_out_buf[0].out_buf/g_eb1.pipe_buffer/g_register.g_pipe_regs[0].pipe_register/g_shift_register/g_shift.pipe_reg[0][51]
  Impl DFF        i:/WORK/VX_commit/g_commit_arbs[0].commit_arb/g_input_select.g_arbiter.g_out_buf[0].out_buf/g_eb1.pipe_buffer/g_register.g_pipe_regs[0].pipe_register/g_shift_register/g_shift.pipe_reg[0][51]

  Ref  DFF        r:/WORK/VX_commit/g_commit_arbs[0].commit_arb/g_input_select.g_arbiter.g_out_buf[0].out_buf/g_eb1.pipe_buffer/g_register.g_pipe_regs[0].pipe_register/g_shift_register/g_shift.pipe_reg[0][52]
  Impl DFF        i:/WORK/VX_commit/g_commit_arbs[0].commit_arb/g_input_select.g_arbiter.g_out_buf[0].out_buf/g_eb1.pipe_buffer/g_register.g_pipe_regs[0].pipe_register/g_shift_register/g_shift.pipe_reg[0][52]

  Ref  DFF        r:/WORK/VX_commit/g_commit_arbs[0].commit_arb/g_input_select.g_arbiter.g_out_buf[0].out_buf/g_eb1.pipe_buffer/g_register.g_pipe_regs[0].pipe_register/g_shift_register/g_shift.pipe_reg[0][53]
  Impl DFF        i:/WORK/VX_commit/g_commit_arbs[0].commit_arb/g_input_select.g_arbiter.g_out_buf[0].out_buf/g_eb1.pipe_buffer/g_register.g_pipe_regs[0].pipe_register/g_shift_register/g_shift.pipe_reg[0][53]

  Ref  DFF        r:/WORK/VX_commit/g_commit_arbs[0].commit_arb/g_input_select.g_arbiter.g_out_buf[0].out_buf/g_eb1.pipe_buffer/g_register.g_pipe_regs[0].pipe_register/g_shift_register/g_shift.pipe_reg[0][54]
  Impl DFF        i:/WORK/VX_commit/g_commit_arbs[0].commit_arb/g_input_select.g_arbiter.g_out_buf[0].out_buf/g_eb1.pipe_buffer/g_register.g_pipe_regs[0].pipe_register/g_shift_register/g_shift.pipe_reg[0][54]

  Ref  DFF        r:/WORK/VX_commit/g_commit_arbs[0].commit_arb/g_input_select.g_arbiter.g_out_buf[0].out_buf/g_eb1.pipe_buffer/g_register.g_pipe_regs[0].pipe_register/g_shift_register/g_shift.pipe_reg[0][55]
  Impl DFF        i:/WORK/VX_commit/g_commit_arbs[0].commit_arb/g_input_select.g_arbiter.g_out_buf[0].out_buf/g_eb1.pipe_buffer/g_register.g_pipe_regs[0].pipe_register/g_shift_register/g_shift.pipe_reg[0][55]

  Ref  DFF        r:/WORK/VX_commit/g_commit_arbs[0].commit_arb/g_input_select.g_arbiter.g_out_buf[0].out_buf/g_eb1.pipe_buffer/g_register.g_pipe_regs[0].pipe_register/g_shift_register/g_shift.pipe_reg[0][56]
  Impl DFF        i:/WORK/VX_commit/g_commit_arbs[0].commit_arb/g_input_select.g_arbiter.g_out_buf[0].out_buf/g_eb1.pipe_buffer/g_register.g_pipe_regs[0].pipe_register/g_shift_register/g_shift.pipe_reg[0][56]

  Ref  DFF        r:/WORK/VX_commit/g_commit_arbs[0].commit_arb/g_input_select.g_arbiter.g_out_buf[0].out_buf/g_eb1.pipe_buffer/g_register.g_pipe_regs[0].pipe_register/g_shift_register/g_shift.pipe_reg[0][57]
  Impl DFF        i:/WORK/VX_commit/g_commit_arbs[0].commit_arb/g_input_select.g_arbiter.g_out_buf[0].out_buf/g_eb1.pipe_buffer/g_register.g_pipe_regs[0].pipe_register/g_shift_register/g_shift.pipe_reg[0][57]

  Ref  DFF        r:/WORK/VX_commit/g_commit_arbs[0].commit_arb/g_input_select.g_arbiter.g_out_buf[0].out_buf/g_eb1.pipe_buffer/g_register.g_pipe_regs[0].pipe_register/g_shift_register/g_shift.pipe_reg[0][58]
  Impl DFF        i:/WORK/VX_commit/g_commit_arbs[0].commit_arb/g_input_select.g_arbiter.g_out_buf[0].out_buf/g_eb1.pipe_buffer/g_register.g_pipe_regs[0].pipe_register/g_shift_register/g_shift.pipe_reg[0][58]

  Ref  DFF        r:/WORK/VX_commit/g_commit_arbs[0].commit_arb/g_input_select.g_arbiter.g_out_buf[0].out_buf/g_eb1.pipe_buffer/g_register.g_pipe_regs[0].pipe_register/g_shift_register/g_shift.pipe_reg[0][59]
  Impl DFF        i:/WORK/VX_commit/g_commit_arbs[0].commit_arb/g_input_select.g_arbiter.g_out_buf[0].out_buf/g_eb1.pipe_buffer/g_register.g_pipe_regs[0].pipe_register/g_shift_register/g_shift.pipe_reg[0][59]

  Ref  DFF        r:/WORK/VX_commit/g_commit_arbs[0].commit_arb/g_input_select.g_arbiter.g_out_buf[0].out_buf/g_eb1.pipe_buffer/g_register.g_pipe_regs[0].pipe_register/g_shift_register/g_shift.pipe_reg[0][5]
  Impl DFF        i:/WORK/VX_commit/g_commit_arbs[0].commit_arb/g_input_select.g_arbiter.g_out_buf[0].out_buf/g_eb1.pipe_buffer/g_register.g_pipe_regs[0].pipe_register/g_shift_register/g_shift.pipe_reg[0][5]

  Ref  DFF        r:/WORK/VX_commit/g_commit_arbs[0].commit_arb/g_input_select.g_arbiter.g_out_buf[0].out_buf/g_eb1.pipe_buffer/g_register.g_pipe_regs[0].pipe_register/g_shift_register/g_shift.pipe_reg[0][60]
  Impl DFF        i:/WORK/VX_commit/g_commit_arbs[0].commit_arb/g_input_select.g_arbiter.g_out_buf[0].out_buf/g_eb1.pipe_buffer/g_register.g_pipe_regs[0].pipe_register/g_shift_register/g_shift.pipe_reg[0][60]

  Ref  DFF        r:/WORK/VX_commit/g_commit_arbs[0].commit_arb/g_input_select.g_arbiter.g_out_buf[0].out_buf/g_eb1.pipe_buffer/g_register.g_pipe_regs[0].pipe_register/g_shift_register/g_shift.pipe_reg[0][61]
  Impl DFF        i:/WORK/VX_commit/g_commit_arbs[0].commit_arb/g_input_select.g_arbiter.g_out_buf[0].out_buf/g_eb1.pipe_buffer/g_register.g_pipe_regs[0].pipe_register/g_shift_register/g_shift.pipe_reg[0][61]

  Ref  DFF        r:/WORK/VX_commit/g_commit_arbs[0].commit_arb/g_input_select.g_arbiter.g_out_buf[0].out_buf/g_eb1.pipe_buffer/g_register.g_pipe_regs[0].pipe_register/g_shift_register/g_shift.pipe_reg[0][62]
  Impl DFF        i:/WORK/VX_commit/g_commit_arbs[0].commit_arb/g_input_select.g_arbiter.g_out_buf[0].out_buf/g_eb1.pipe_buffer/g_register.g_pipe_regs[0].pipe_register/g_shift_register/g_shift.pipe_reg[0][62]

  Ref  DFF        r:/WORK/VX_commit/g_commit_arbs[0].commit_arb/g_input_select.g_arbiter.g_out_buf[0].out_buf/g_eb1.pipe_buffer/g_register.g_pipe_regs[0].pipe_register/g_shift_register/g_shift.pipe_reg[0][63]
  Impl DFF        i:/WORK/VX_commit/g_commit_arbs[0].commit_arb/g_input_select.g_arbiter.g_out_buf[0].out_buf/g_eb1.pipe_buffer/g_register.g_pipe_regs[0].pipe_register/g_shift_register/g_shift.pipe_reg[0][63]

  Ref  DFF        r:/WORK/VX_commit/g_commit_arbs[0].commit_arb/g_input_select.g_arbiter.g_out_buf[0].out_buf/g_eb1.pipe_buffer/g_register.g_pipe_regs[0].pipe_register/g_shift_register/g_shift.pipe_reg[0][64]
  Impl DFF        i:/WORK/VX_commit/g_commit_arbs[0].commit_arb/g_input_select.g_arbiter.g_out_buf[0].out_buf/g_eb1.pipe_buffer/g_register.g_pipe_regs[0].pipe_register/g_shift_register/g_shift.pipe_reg[0][64]

  Ref  DFF        r:/WORK/VX_commit/g_commit_arbs[0].commit_arb/g_input_select.g_arbiter.g_out_buf[0].out_buf/g_eb1.pipe_buffer/g_register.g_pipe_regs[0].pipe_register/g_shift_register/g_shift.pipe_reg[0][65]
  Impl DFF        i:/WORK/VX_commit/g_commit_arbs[0].commit_arb/g_input_select.g_arbiter.g_out_buf[0].out_buf/g_eb1.pipe_buffer/g_register.g_pipe_regs[0].pipe_register/g_shift_register/g_shift.pipe_reg[0][65]

  Ref  DFF        r:/WORK/VX_commit/g_commit_arbs[0].commit_arb/g_input_select.g_arbiter.g_out_buf[0].out_buf/g_eb1.pipe_buffer/g_register.g_pipe_regs[0].pipe_register/g_shift_register/g_shift.pipe_reg[0][66]
  Impl DFF        i:/WORK/VX_commit/g_commit_arbs[0].commit_arb/g_input_select.g_arbiter.g_out_buf[0].out_buf/g_eb1.pipe_buffer/g_register.g_pipe_regs[0].pipe_register/g_shift_register/g_shift.pipe_reg[0][66]

  Ref  DFF        r:/WORK/VX_commit/g_commit_arbs[0].commit_arb/g_input_select.g_arbiter.g_out_buf[0].out_buf/g_eb1.pipe_buffer/g_register.g_pipe_regs[0].pipe_register/g_shift_register/g_shift.pipe_reg[0][67]
  Impl DFF        i:/WORK/VX_commit/g_commit_arbs[0].commit_arb/g_input_select.g_arbiter.g_out_buf[0].out_buf/g_eb1.pipe_buffer/g_register.g_pipe_regs[0].pipe_register/g_shift_register/g_shift.pipe_reg[0][67]

  Ref  DFF        r:/WORK/VX_commit/g_commit_arbs[0].commit_arb/g_input_select.g_arbiter.g_out_buf[0].out_buf/g_eb1.pipe_buffer/g_register.g_pipe_regs[0].pipe_register/g_shift_register/g_shift.pipe_reg[0][68]
  Impl DFF        i:/WORK/VX_commit/g_commit_arbs[0].commit_arb/g_input_select.g_arbiter.g_out_buf[0].out_buf/g_eb1.pipe_buffer/g_register.g_pipe_regs[0].pipe_register/g_shift_register/g_shift.pipe_reg[0][68]

  Ref  DFF        r:/WORK/VX_commit/g_commit_arbs[0].commit_arb/g_input_select.g_arbiter.g_out_buf[0].out_buf/g_eb1.pipe_buffer/g_register.g_pipe_regs[0].pipe_register/g_shift_register/g_shift.pipe_reg[0][69]
  Impl DFF        i:/WORK/VX_commit/g_commit_arbs[0].commit_arb/g_input_select.g_arbiter.g_out_buf[0].out_buf/g_eb1.pipe_buffer/g_register.g_pipe_regs[0].pipe_register/g_shift_register/g_shift.pipe_reg[0][69]

  Ref  DFF        r:/WORK/VX_commit/g_commit_arbs[0].commit_arb/g_input_select.g_arbiter.g_out_buf[0].out_buf/g_eb1.pipe_buffer/g_register.g_pipe_regs[0].pipe_register/g_shift_register/g_shift.pipe_reg[0][6]
  Impl DFF        i:/WORK/VX_commit/g_commit_arbs[0].commit_arb/g_input_select.g_arbiter.g_out_buf[0].out_buf/g_eb1.pipe_buffer/g_register.g_pipe_regs[0].pipe_register/g_shift_register/g_shift.pipe_reg[0][6]

  Ref  DFF        r:/WORK/VX_commit/g_commit_arbs[0].commit_arb/g_input_select.g_arbiter.g_out_buf[0].out_buf/g_eb1.pipe_buffer/g_register.g_pipe_regs[0].pipe_register/g_shift_register/g_shift.pipe_reg[0][70]
  Impl DFF        i:/WORK/VX_commit/g_commit_arbs[0].commit_arb/g_input_select.g_arbiter.g_out_buf[0].out_buf/g_eb1.pipe_buffer/g_register.g_pipe_regs[0].pipe_register/g_shift_register/g_shift.pipe_reg[0][70]

  Ref  DFF        r:/WORK/VX_commit/g_commit_arbs[0].commit_arb/g_input_select.g_arbiter.g_out_buf[0].out_buf/g_eb1.pipe_buffer/g_register.g_pipe_regs[0].pipe_register/g_shift_register/g_shift.pipe_reg[0][71]
  Impl DFF        i:/WORK/VX_commit/g_commit_arbs[0].commit_arb/g_input_select.g_arbiter.g_out_buf[0].out_buf/g_eb1.pipe_buffer/g_register.g_pipe_regs[0].pipe_register/g_shift_register/g_shift.pipe_reg[0][71]

  Ref  DFF        r:/WORK/VX_commit/g_commit_arbs[0].commit_arb/g_input_select.g_arbiter.g_out_buf[0].out_buf/g_eb1.pipe_buffer/g_register.g_pipe_regs[0].pipe_register/g_shift_register/g_shift.pipe_reg[0][72]
  Impl DFF        i:/WORK/VX_commit/g_commit_arbs[0].commit_arb/g_input_select.g_arbiter.g_out_buf[0].out_buf/g_eb1.pipe_buffer/g_register.g_pipe_regs[0].pipe_register/g_shift_register/g_shift.pipe_reg[0][72]

  Ref  DFF        r:/WORK/VX_commit/g_commit_arbs[0].commit_arb/g_input_select.g_arbiter.g_out_buf[0].out_buf/g_eb1.pipe_buffer/g_register.g_pipe_regs[0].pipe_register/g_shift_register/g_shift.pipe_reg[0][73]
  Impl DFF        i:/WORK/VX_commit/g_commit_arbs[0].commit_arb/g_input_select.g_arbiter.g_out_buf[0].out_buf/g_eb1.pipe_buffer/g_register.g_pipe_regs[0].pipe_register/g_shift_register/g_shift.pipe_reg[0][73]

  Ref  DFF        r:/WORK/VX_commit/g_commit_arbs[0].commit_arb/g_input_select.g_arbiter.g_out_buf[0].out_buf/g_eb1.pipe_buffer/g_register.g_pipe_regs[0].pipe_register/g_shift_register/g_shift.pipe_reg[0][74]
  Impl DFF        i:/WORK/VX_commit/g_commit_arbs[0].commit_arb/g_input_select.g_arbiter.g_out_buf[0].out_buf/g_eb1.pipe_buffer/g_register.g_pipe_regs[0].pipe_register/g_shift_register/g_shift.pipe_reg[0][74]

  Ref  DFF        r:/WORK/VX_commit/g_commit_arbs[0].commit_arb/g_input_select.g_arbiter.g_out_buf[0].out_buf/g_eb1.pipe_buffer/g_register.g_pipe_regs[0].pipe_register/g_shift_register/g_shift.pipe_reg[0][75]
  Impl DFF        i:/WORK/VX_commit/g_commit_arbs[0].commit_arb/g_input_select.g_arbiter.g_out_buf[0].out_buf/g_eb1.pipe_buffer/g_register.g_pipe_regs[0].pipe_register/g_shift_register/g_shift.pipe_reg[0][75]

  Ref  DFF        r:/WORK/VX_commit/g_commit_arbs[0].commit_arb/g_input_select.g_arbiter.g_out_buf[0].out_buf/g_eb1.pipe_buffer/g_register.g_pipe_regs[0].pipe_register/g_shift_register/g_shift.pipe_reg[0][76]
  Impl DFF        i:/WORK/VX_commit/g_commit_arbs[0].commit_arb/g_input_select.g_arbiter.g_out_buf[0].out_buf/g_eb1.pipe_buffer/g_register.g_pipe_regs[0].pipe_register/g_shift_register/g_shift.pipe_reg[0][76]

  Ref  DFF        r:/WORK/VX_commit/g_commit_arbs[0].commit_arb/g_input_select.g_arbiter.g_out_buf[0].out_buf/g_eb1.pipe_buffer/g_register.g_pipe_regs[0].pipe_register/g_shift_register/g_shift.pipe_reg[0][77]
  Impl DFF        i:/WORK/VX_commit/g_commit_arbs[0].commit_arb/g_input_select.g_arbiter.g_out_buf[0].out_buf/g_eb1.pipe_buffer/g_register.g_pipe_regs[0].pipe_register/g_shift_register/g_shift.pipe_reg[0][77]

  Ref  DFF        r:/WORK/VX_commit/g_commit_arbs[0].commit_arb/g_input_select.g_arbiter.g_out_buf[0].out_buf/g_eb1.pipe_buffer/g_register.g_pipe_regs[0].pipe_register/g_shift_register/g_shift.pipe_reg[0][78]
  Impl DFF        i:/WORK/VX_commit/g_commit_arbs[0].commit_arb/g_input_select.g_arbiter.g_out_buf[0].out_buf/g_eb1.pipe_buffer/g_register.g_pipe_regs[0].pipe_register/g_shift_register/g_shift.pipe_reg[0][78]

  Ref  DFF        r:/WORK/VX_commit/g_commit_arbs[0].commit_arb/g_input_select.g_arbiter.g_out_buf[0].out_buf/g_eb1.pipe_buffer/g_register.g_pipe_regs[0].pipe_register/g_shift_register/g_shift.pipe_reg[0][79]
  Impl DFF        i:/WORK/VX_commit/g_commit_arbs[0].commit_arb/g_input_select.g_arbiter.g_out_buf[0].out_buf/g_eb1.pipe_buffer/g_register.g_pipe_regs[0].pipe_register/g_shift_register/g_shift.pipe_reg[0][79]

  Ref  DFF        r:/WORK/VX_commit/g_commit_arbs[0].commit_arb/g_input_select.g_arbiter.g_out_buf[0].out_buf/g_eb1.pipe_buffer/g_register.g_pipe_regs[0].pipe_register/g_shift_register/g_shift.pipe_reg[0][7]
  Impl DFF        i:/WORK/VX_commit/g_commit_arbs[0].commit_arb/g_input_select.g_arbiter.g_out_buf[0].out_buf/g_eb1.pipe_buffer/g_register.g_pipe_regs[0].pipe_register/g_shift_register/g_shift.pipe_reg[0][7]

  Ref  DFF        r:/WORK/VX_commit/g_commit_arbs[0].commit_arb/g_input_select.g_arbiter.g_out_buf[0].out_buf/g_eb1.pipe_buffer/g_register.g_pipe_regs[0].pipe_register/g_shift_register/g_shift.pipe_reg[0][80]
  Impl DFF        i:/WORK/VX_commit/g_commit_arbs[0].commit_arb/g_input_select.g_arbiter.g_out_buf[0].out_buf/g_eb1.pipe_buffer/g_register.g_pipe_regs[0].pipe_register/g_shift_register/g_shift.pipe_reg[0][80]

  Ref  DFF        r:/WORK/VX_commit/g_commit_arbs[0].commit_arb/g_input_select.g_arbiter.g_out_buf[0].out_buf/g_eb1.pipe_buffer/g_register.g_pipe_regs[0].pipe_register/g_shift_register/g_shift.pipe_reg[0][81]
  Impl DFF        i:/WORK/VX_commit/g_commit_arbs[0].commit_arb/g_input_select.g_arbiter.g_out_buf[0].out_buf/g_eb1.pipe_buffer/g_register.g_pipe_regs[0].pipe_register/g_shift_register/g_shift.pipe_reg[0][81]

  Ref  DFF        r:/WORK/VX_commit/g_commit_arbs[0].commit_arb/g_input_select.g_arbiter.g_out_buf[0].out_buf/g_eb1.pipe_buffer/g_register.g_pipe_regs[0].pipe_register/g_shift_register/g_shift.pipe_reg[0][82]
  Impl DFF        i:/WORK/VX_commit/g_commit_arbs[0].commit_arb/g_input_select.g_arbiter.g_out_buf[0].out_buf/g_eb1.pipe_buffer/g_register.g_pipe_regs[0].pipe_register/g_shift_register/g_shift.pipe_reg[0][82]

  Ref  DFF        r:/WORK/VX_commit/g_commit_arbs[0].commit_arb/g_input_select.g_arbiter.g_out_buf[0].out_buf/g_eb1.pipe_buffer/g_register.g_pipe_regs[0].pipe_register/g_shift_register/g_shift.pipe_reg[0][83]
  Impl DFF        i:/WORK/VX_commit/g_commit_arbs[0].commit_arb/g_input_select.g_arbiter.g_out_buf[0].out_buf/g_eb1.pipe_buffer/g_register.g_pipe_regs[0].pipe_register/g_shift_register/g_shift.pipe_reg[0][83]

  Ref  DFF        r:/WORK/VX_commit/g_commit_arbs[0].commit_arb/g_input_select.g_arbiter.g_out_buf[0].out_buf/g_eb1.pipe_buffer/g_register.g_pipe_regs[0].pipe_register/g_shift_register/g_shift.pipe_reg[0][84]
  Impl DFF        i:/WORK/VX_commit/g_commit_arbs[0].commit_arb/g_input_select.g_arbiter.g_out_buf[0].out_buf/g_eb1.pipe_buffer/g_register.g_pipe_regs[0].pipe_register/g_shift_register/g_shift.pipe_reg[0][84]

  Ref  DFF        r:/WORK/VX_commit/g_commit_arbs[0].commit_arb/g_input_select.g_arbiter.g_out_buf[0].out_buf/g_eb1.pipe_buffer/g_register.g_pipe_regs[0].pipe_register/g_shift_register/g_shift.pipe_reg[0][85]
  Impl DFF        i:/WORK/VX_commit/g_commit_arbs[0].commit_arb/g_input_select.g_arbiter.g_out_buf[0].out_buf/g_eb1.pipe_buffer/g_register.g_pipe_regs[0].pipe_register/g_shift_register/g_shift.pipe_reg[0][85]

  Ref  DFF        r:/WORK/VX_commit/g_commit_arbs[0].commit_arb/g_input_select.g_arbiter.g_out_buf[0].out_buf/g_eb1.pipe_buffer/g_register.g_pipe_regs[0].pipe_register/g_shift_register/g_shift.pipe_reg[0][86]
  Impl DFF        i:/WORK/VX_commit/g_commit_arbs[0].commit_arb/g_input_select.g_arbiter.g_out_buf[0].out_buf/g_eb1.pipe_buffer/g_register.g_pipe_regs[0].pipe_register/g_shift_register/g_shift.pipe_reg[0][86]

  Ref  DFF        r:/WORK/VX_commit/g_commit_arbs[0].commit_arb/g_input_select.g_arbiter.g_out_buf[0].out_buf/g_eb1.pipe_buffer/g_register.g_pipe_regs[0].pipe_register/g_shift_register/g_shift.pipe_reg[0][87]
  Impl DFF        i:/WORK/VX_commit/g_commit_arbs[0].commit_arb/g_input_select.g_arbiter.g_out_buf[0].out_buf/g_eb1.pipe_buffer/g_register.g_pipe_regs[0].pipe_register/g_shift_register/g_shift.pipe_reg[0][87]

  Ref  DFF        r:/WORK/VX_commit/g_commit_arbs[0].commit_arb/g_input_select.g_arbiter.g_out_buf[0].out_buf/g_eb1.pipe_buffer/g_register.g_pipe_regs[0].pipe_register/g_shift_register/g_shift.pipe_reg[0][88]
  Impl DFF        i:/WORK/VX_commit/g_commit_arbs[0].commit_arb/g_input_select.g_arbiter.g_out_buf[0].out_buf/g_eb1.pipe_buffer/g_register.g_pipe_regs[0].pipe_register/g_shift_register/g_shift.pipe_reg[0][88]

  Ref  DFF        r:/WORK/VX_commit/g_commit_arbs[0].commit_arb/g_input_select.g_arbiter.g_out_buf[0].out_buf/g_eb1.pipe_buffer/g_register.g_pipe_regs[0].pipe_register/g_shift_register/g_shift.pipe_reg[0][89]
  Impl DFF        i:/WORK/VX_commit/g_commit_arbs[0].commit_arb/g_input_select.g_arbiter.g_out_buf[0].out_buf/g_eb1.pipe_buffer/g_register.g_pipe_regs[0].pipe_register/g_shift_register/g_shift.pipe_reg[0][89]

  Ref  DFF        r:/WORK/VX_commit/g_commit_arbs[0].commit_arb/g_input_select.g_arbiter.g_out_buf[0].out_buf/g_eb1.pipe_buffer/g_register.g_pipe_regs[0].pipe_register/g_shift_register/g_shift.pipe_reg[0][8]
  Impl DFF        i:/WORK/VX_commit/g_commit_arbs[0].commit_arb/g_input_select.g_arbiter.g_out_buf[0].out_buf/g_eb1.pipe_buffer/g_register.g_pipe_regs[0].pipe_register/g_shift_register/g_shift.pipe_reg[0][8]

  Ref  DFF        r:/WORK/VX_commit/g_commit_arbs[0].commit_arb/g_input_select.g_arbiter.g_out_buf[0].out_buf/g_eb1.pipe_buffer/g_register.g_pipe_regs[0].pipe_register/g_shift_register/g_shift.pipe_reg[0][90]
  Impl DFF        i:/WORK/VX_commit/g_commit_arbs[0].commit_arb/g_input_select.g_arbiter.g_out_buf[0].out_buf/g_eb1.pipe_buffer/g_register.g_pipe_regs[0].pipe_register/g_shift_register/g_shift.pipe_reg[0][90]

  Ref  DFF        r:/WORK/VX_commit/g_commit_arbs[0].commit_arb/g_input_select.g_arbiter.g_out_buf[0].out_buf/g_eb1.pipe_buffer/g_register.g_pipe_regs[0].pipe_register/g_shift_register/g_shift.pipe_reg[0][91]
  Impl DFF        i:/WORK/VX_commit/g_commit_arbs[0].commit_arb/g_input_select.g_arbiter.g_out_buf[0].out_buf/g_eb1.pipe_buffer/g_register.g_pipe_regs[0].pipe_register/g_shift_register/g_shift.pipe_reg[0][91]

  Ref  DFF        r:/WORK/VX_commit/g_commit_arbs[0].commit_arb/g_input_select.g_arbiter.g_out_buf[0].out_buf/g_eb1.pipe_buffer/g_register.g_pipe_regs[0].pipe_register/g_shift_register/g_shift.pipe_reg[0][92]
  Impl DFF        i:/WORK/VX_commit/g_commit_arbs[0].commit_arb/g_input_select.g_arbiter.g_out_buf[0].out_buf/g_eb1.pipe_buffer/g_register.g_pipe_regs[0].pipe_register/g_shift_register/g_shift.pipe_reg[0][92]

  Ref  DFF        r:/WORK/VX_commit/g_commit_arbs[0].commit_arb/g_input_select.g_arbiter.g_out_buf[0].out_buf/g_eb1.pipe_buffer/g_register.g_pipe_regs[0].pipe_register/g_shift_register/g_shift.pipe_reg[0][93]
  Impl DFF        i:/WORK/VX_commit/g_commit_arbs[0].commit_arb/g_input_select.g_arbiter.g_out_buf[0].out_buf/g_eb1.pipe_buffer/g_register.g_pipe_regs[0].pipe_register/g_shift_register/g_shift.pipe_reg[0][93]

  Ref  DFF        r:/WORK/VX_commit/g_commit_arbs[0].commit_arb/g_input_select.g_arbiter.g_out_buf[0].out_buf/g_eb1.pipe_buffer/g_register.g_pipe_regs[0].pipe_register/g_shift_register/g_shift.pipe_reg[0][94]
  Impl DFF        i:/WORK/VX_commit/g_commit_arbs[0].commit_arb/g_input_select.g_arbiter.g_out_buf[0].out_buf/g_eb1.pipe_buffer/g_register.g_pipe_regs[0].pipe_register/g_shift_register/g_shift.pipe_reg[0][94]

  Ref  DFF        r:/WORK/VX_commit/g_commit_arbs[0].commit_arb/g_input_select.g_arbiter.g_out_buf[0].out_buf/g_eb1.pipe_buffer/g_register.g_pipe_regs[0].pipe_register/g_shift_register/g_shift.pipe_reg[0][95]
  Impl DFF        i:/WORK/VX_commit/g_commit_arbs[0].commit_arb/g_input_select.g_arbiter.g_out_buf[0].out_buf/g_eb1.pipe_buffer/g_register.g_pipe_regs[0].pipe_register/g_shift_register/g_shift.pipe_reg[0][95]

  Ref  DFF        r:/WORK/VX_commit/g_commit_arbs[0].commit_arb/g_input_select.g_arbiter.g_out_buf[0].out_buf/g_eb1.pipe_buffer/g_register.g_pipe_regs[0].pipe_register/g_shift_register/g_shift.pipe_reg[0][96]
  Impl DFF        i:/WORK/VX_commit/g_commit_arbs[0].commit_arb/g_input_select.g_arbiter.g_out_buf[0].out_buf/g_eb1.pipe_buffer/g_register.g_pipe_regs[0].pipe_register/g_shift_register/g_shift.pipe_reg[0][96]

  Ref  DFF        r:/WORK/VX_commit/g_commit_arbs[0].commit_arb/g_input_select.g_arbiter.g_out_buf[0].out_buf/g_eb1.pipe_buffer/g_register.g_pipe_regs[0].pipe_register/g_shift_register/g_shift.pipe_reg[0][97]
  Impl DFF        i:/WORK/VX_commit/g_commit_arbs[0].commit_arb/g_input_select.g_arbiter.g_out_buf[0].out_buf/g_eb1.pipe_buffer/g_register.g_pipe_regs[0].pipe_register/g_shift_register/g_shift.pipe_reg[0][97]

  Ref  DFF        r:/WORK/VX_commit/g_commit_arbs[0].commit_arb/g_input_select.g_arbiter.g_out_buf[0].out_buf/g_eb1.pipe_buffer/g_register.g_pipe_regs[0].pipe_register/g_shift_register/g_shift.pipe_reg[0][98]
  Impl DFF        i:/WORK/VX_commit/g_commit_arbs[0].commit_arb/g_input_select.g_arbiter.g_out_buf[0].out_buf/g_eb1.pipe_buffer/g_register.g_pipe_regs[0].pipe_register/g_shift_register/g_shift.pipe_reg[0][98]

  Ref  DFF        r:/WORK/VX_commit/g_commit_arbs[0].commit_arb/g_input_select.g_arbiter.g_out_buf[0].out_buf/g_eb1.pipe_buffer/g_register.g_pipe_regs[0].pipe_register/g_shift_register/g_shift.pipe_reg[0][99]
  Impl DFF        i:/WORK/VX_commit/g_commit_arbs[0].commit_arb/g_input_select.g_arbiter.g_out_buf[0].out_buf/g_eb1.pipe_buffer/g_register.g_pipe_regs[0].pipe_register/g_shift_register/g_shift.pipe_reg[0][99]

  Ref  DFF        r:/WORK/VX_commit/g_commit_arbs[0].commit_arb/g_input_select.g_arbiter.g_out_buf[0].out_buf/g_eb1.pipe_buffer/g_register.g_pipe_regs[0].pipe_register/g_shift_register/g_shift.pipe_reg[0][9]
  Impl DFF        i:/WORK/VX_commit/g_commit_arbs[0].commit_arb/g_input_select.g_arbiter.g_out_buf[0].out_buf/g_eb1.pipe_buffer/g_register.g_pipe_regs[0].pipe_register/g_shift_register/g_shift.pipe_reg[0][9]

  Ref  DFF        r:/WORK/VX_commit/instret_reg[0]
  Impl DFF        i:/WORK/VX_commit/instret_reg[0]

  Ref  DFF        r:/WORK/VX_commit/instret_reg[10]
  Impl DFF        i:/WORK/VX_commit/instret_reg[10]

  Ref  DFF        r:/WORK/VX_commit/instret_reg[11]
  Impl DFF        i:/WORK/VX_commit/instret_reg[11]

  Ref  DFF        r:/WORK/VX_commit/instret_reg[12]
  Impl DFF        i:/WORK/VX_commit/instret_reg[12]

  Ref  DFF        r:/WORK/VX_commit/instret_reg[13]
  Impl DFF        i:/WORK/VX_commit/instret_reg[13]

  Ref  DFF        r:/WORK/VX_commit/instret_reg[14]
  Impl DFF        i:/WORK/VX_commit/instret_reg[14]

  Ref  DFF        r:/WORK/VX_commit/instret_reg[15]
  Impl DFF        i:/WORK/VX_commit/instret_reg[15]

  Ref  DFF        r:/WORK/VX_commit/instret_reg[16]
  Impl DFF        i:/WORK/VX_commit/instret_reg[16]

  Ref  DFF        r:/WORK/VX_commit/instret_reg[17]
  Impl DFF        i:/WORK/VX_commit/instret_reg[17]

  Ref  DFF        r:/WORK/VX_commit/instret_reg[18]
  Impl DFF        i:/WORK/VX_commit/instret_reg[18]

  Ref  DFF        r:/WORK/VX_commit/instret_reg[19]
  Impl DFF        i:/WORK/VX_commit/instret_reg[19]

  Ref  DFF        r:/WORK/VX_commit/instret_reg[1]
  Impl DFF        i:/WORK/VX_commit/instret_reg[1]

  Ref  DFF        r:/WORK/VX_commit/instret_reg[20]
  Impl DFF        i:/WORK/VX_commit/instret_reg[20]

  Ref  DFF        r:/WORK/VX_commit/instret_reg[21]
  Impl DFF        i:/WORK/VX_commit/instret_reg[21]

  Ref  DFF        r:/WORK/VX_commit/instret_reg[22]
  Impl DFF        i:/WORK/VX_commit/instret_reg[22]

  Ref  DFF        r:/WORK/VX_commit/instret_reg[23]
  Impl DFF        i:/WORK/VX_commit/instret_reg[23]

  Ref  DFF        r:/WORK/VX_commit/instret_reg[24]
  Impl DFF        i:/WORK/VX_commit/instret_reg[24]

  Ref  DFF        r:/WORK/VX_commit/instret_reg[25]
  Impl DFF        i:/WORK/VX_commit/instret_reg[25]

  Ref  DFF        r:/WORK/VX_commit/instret_reg[26]
  Impl DFF        i:/WORK/VX_commit/instret_reg[26]

  Ref  DFF        r:/WORK/VX_commit/instret_reg[27]
  Impl DFF        i:/WORK/VX_commit/instret_reg[27]

  Ref  DFF        r:/WORK/VX_commit/instret_reg[28]
  Impl DFF        i:/WORK/VX_commit/instret_reg[28]

  Ref  DFF        r:/WORK/VX_commit/instret_reg[29]
  Impl DFF        i:/WORK/VX_commit/instret_reg[29]

  Ref  DFF        r:/WORK/VX_commit/instret_reg[2]
  Impl DFF        i:/WORK/VX_commit/instret_reg[2]

  Ref  DFF        r:/WORK/VX_commit/instret_reg[30]
  Impl DFF        i:/WORK/VX_commit/instret_reg[30]

  Ref  DFF        r:/WORK/VX_commit/instret_reg[31]
  Impl DFF        i:/WORK/VX_commit/instret_reg[31]

  Ref  DFF        r:/WORK/VX_commit/instret_reg[32]
  Impl DFF        i:/WORK/VX_commit/instret_reg[32]

  Ref  DFF        r:/WORK/VX_commit/instret_reg[33]
  Impl DFF        i:/WORK/VX_commit/instret_reg[33]

  Ref  DFF        r:/WORK/VX_commit/instret_reg[34]
  Impl DFF        i:/WORK/VX_commit/instret_reg[34]

  Ref  DFF        r:/WORK/VX_commit/instret_reg[35]
  Impl DFF        i:/WORK/VX_commit/instret_reg[35]

  Ref  DFF        r:/WORK/VX_commit/instret_reg[36]
  Impl DFF        i:/WORK/VX_commit/instret_reg[36]

  Ref  DFF        r:/WORK/VX_commit/instret_reg[37]
  Impl DFF        i:/WORK/VX_commit/instret_reg[37]

  Ref  DFF        r:/WORK/VX_commit/instret_reg[38]
  Impl DFF        i:/WORK/VX_commit/instret_reg[38]

  Ref  DFF        r:/WORK/VX_commit/instret_reg[39]
  Impl DFF        i:/WORK/VX_commit/instret_reg[39]

  Ref  DFF        r:/WORK/VX_commit/instret_reg[3]
  Impl DFF        i:/WORK/VX_commit/instret_reg[3]

  Ref  DFF        r:/WORK/VX_commit/instret_reg[40]
  Impl DFF        i:/WORK/VX_commit/instret_reg[40]

  Ref  DFF        r:/WORK/VX_commit/instret_reg[41]
  Impl DFF        i:/WORK/VX_commit/instret_reg[41]

  Ref  DFF        r:/WORK/VX_commit/instret_reg[42]
  Impl DFF        i:/WORK/VX_commit/instret_reg[42]

  Ref  DFF        r:/WORK/VX_commit/instret_reg[43]
  Impl DFF        i:/WORK/VX_commit/instret_reg[43]

  Ref  DFF        r:/WORK/VX_commit/instret_reg[4]
  Impl DFF        i:/WORK/VX_commit/instret_reg[4]

  Ref  DFF        r:/WORK/VX_commit/instret_reg[5]
  Impl DFF        i:/WORK/VX_commit/instret_reg[5]

  Ref  DFF        r:/WORK/VX_commit/instret_reg[6]
  Impl DFF        i:/WORK/VX_commit/instret_reg[6]

  Ref  DFF        r:/WORK/VX_commit/instret_reg[7]
  Impl DFF        i:/WORK/VX_commit/instret_reg[7]

  Ref  DFF        r:/WORK/VX_commit/instret_reg[8]
  Impl DFF        i:/WORK/VX_commit/instret_reg[8]

  Ref  DFF        r:/WORK/VX_commit/instret_reg[9]
  Impl DFF        i:/WORK/VX_commit/instret_reg[9]

  Ref  Port       r:/WORK/VX_commit/commit_csr_if.instret[0]
  Impl Port       i:/WORK/VX_commit/commit_csr_if.instret[0]

  Ref  Port       r:/WORK/VX_commit/commit_csr_if.instret[10]
  Impl Port       i:/WORK/VX_commit/commit_csr_if.instret[10]

  Ref  Port       r:/WORK/VX_commit/commit_csr_if.instret[11]
  Impl Port       i:/WORK/VX_commit/commit_csr_if.instret[11]

  Ref  Port       r:/WORK/VX_commit/commit_csr_if.instret[12]
  Impl Port       i:/WORK/VX_commit/commit_csr_if.instret[12]

  Ref  Port       r:/WORK/VX_commit/commit_csr_if.instret[13]
  Impl Port       i:/WORK/VX_commit/commit_csr_if.instret[13]

  Ref  Port       r:/WORK/VX_commit/commit_csr_if.instret[14]
  Impl Port       i:/WORK/VX_commit/commit_csr_if.instret[14]

  Ref  Port       r:/WORK/VX_commit/commit_csr_if.instret[15]
  Impl Port       i:/WORK/VX_commit/commit_csr_if.instret[15]

  Ref  Port       r:/WORK/VX_commit/commit_csr_if.instret[16]
  Impl Port       i:/WORK/VX_commit/commit_csr_if.instret[16]

  Ref  Port       r:/WORK/VX_commit/commit_csr_if.instret[17]
  Impl Port       i:/WORK/VX_commit/commit_csr_if.instret[17]

  Ref  Port       r:/WORK/VX_commit/commit_csr_if.instret[18]
  Impl Port       i:/WORK/VX_commit/commit_csr_if.instret[18]

  Ref  Port       r:/WORK/VX_commit/commit_csr_if.instret[19]
  Impl Port       i:/WORK/VX_commit/commit_csr_if.instret[19]

  Ref  Port       r:/WORK/VX_commit/commit_csr_if.instret[1]
  Impl Port       i:/WORK/VX_commit/commit_csr_if.instret[1]

  Ref  Port       r:/WORK/VX_commit/commit_csr_if.instret[20]
  Impl Port       i:/WORK/VX_commit/commit_csr_if.instret[20]

  Ref  Port       r:/WORK/VX_commit/commit_csr_if.instret[21]
  Impl Port       i:/WORK/VX_commit/commit_csr_if.instret[21]

  Ref  Port       r:/WORK/VX_commit/commit_csr_if.instret[22]
  Impl Port       i:/WORK/VX_commit/commit_csr_if.instret[22]

  Ref  Port       r:/WORK/VX_commit/commit_csr_if.instret[23]
  Impl Port       i:/WORK/VX_commit/commit_csr_if.instret[23]

  Ref  Port       r:/WORK/VX_commit/commit_csr_if.instret[24]
  Impl Port       i:/WORK/VX_commit/commit_csr_if.instret[24]

  Ref  Port       r:/WORK/VX_commit/commit_csr_if.instret[25]
  Impl Port       i:/WORK/VX_commit/commit_csr_if.instret[25]

  Ref  Port       r:/WORK/VX_commit/commit_csr_if.instret[26]
  Impl Port       i:/WORK/VX_commit/commit_csr_if.instret[26]

  Ref  Port       r:/WORK/VX_commit/commit_csr_if.instret[27]
  Impl Port       i:/WORK/VX_commit/commit_csr_if.instret[27]

  Ref  Port       r:/WORK/VX_commit/commit_csr_if.instret[28]
  Impl Port       i:/WORK/VX_commit/commit_csr_if.instret[28]

  Ref  Port       r:/WORK/VX_commit/commit_csr_if.instret[29]
  Impl Port       i:/WORK/VX_commit/commit_csr_if.instret[29]

  Ref  Port       r:/WORK/VX_commit/commit_csr_if.instret[2]
  Impl Port       i:/WORK/VX_commit/commit_csr_if.instret[2]

  Ref  Port       r:/WORK/VX_commit/commit_csr_if.instret[30]
  Impl Port       i:/WORK/VX_commit/commit_csr_if.instret[30]

  Ref  Port       r:/WORK/VX_commit/commit_csr_if.instret[31]
  Impl Port       i:/WORK/VX_commit/commit_csr_if.instret[31]

  Ref  Port       r:/WORK/VX_commit/commit_csr_if.instret[32]
  Impl Port       i:/WORK/VX_commit/commit_csr_if.instret[32]

  Ref  Port       r:/WORK/VX_commit/commit_csr_if.instret[33]
  Impl Port       i:/WORK/VX_commit/commit_csr_if.instret[33]

  Ref  Port       r:/WORK/VX_commit/commit_csr_if.instret[34]
  Impl Port       i:/WORK/VX_commit/commit_csr_if.instret[34]

  Ref  Port       r:/WORK/VX_commit/commit_csr_if.instret[35]
  Impl Port       i:/WORK/VX_commit/commit_csr_if.instret[35]

  Ref  Port       r:/WORK/VX_commit/commit_csr_if.instret[36]
  Impl Port       i:/WORK/VX_commit/commit_csr_if.instret[36]

  Ref  Port       r:/WORK/VX_commit/commit_csr_if.instret[37]
  Impl Port       i:/WORK/VX_commit/commit_csr_if.instret[37]

  Ref  Port       r:/WORK/VX_commit/commit_csr_if.instret[38]
  Impl Port       i:/WORK/VX_commit/commit_csr_if.instret[38]

  Ref  Port       r:/WORK/VX_commit/commit_csr_if.instret[39]
  Impl Port       i:/WORK/VX_commit/commit_csr_if.instret[39]

  Ref  Port       r:/WORK/VX_commit/commit_csr_if.instret[3]
  Impl Port       i:/WORK/VX_commit/commit_csr_if.instret[3]

  Ref  Port       r:/WORK/VX_commit/commit_csr_if.instret[40]
  Impl Port       i:/WORK/VX_commit/commit_csr_if.instret[40]

  Ref  Port       r:/WORK/VX_commit/commit_csr_if.instret[41]
  Impl Port       i:/WORK/VX_commit/commit_csr_if.instret[41]

  Ref  Port       r:/WORK/VX_commit/commit_csr_if.instret[42]
  Impl Port       i:/WORK/VX_commit/commit_csr_if.instret[42]

  Ref  Port       r:/WORK/VX_commit/commit_csr_if.instret[43]
  Impl Port       i:/WORK/VX_commit/commit_csr_if.instret[43]

  Ref  Port       r:/WORK/VX_commit/commit_csr_if.instret[4]
  Impl Port       i:/WORK/VX_commit/commit_csr_if.instret[4]

  Ref  Port       r:/WORK/VX_commit/commit_csr_if.instret[5]
  Impl Port       i:/WORK/VX_commit/commit_csr_if.instret[5]

  Ref  Port       r:/WORK/VX_commit/commit_csr_if.instret[6]
  Impl Port       i:/WORK/VX_commit/commit_csr_if.instret[6]

  Ref  Port       r:/WORK/VX_commit/commit_csr_if.instret[7]
  Impl Port       i:/WORK/VX_commit/commit_csr_if.instret[7]

  Ref  Port       r:/WORK/VX_commit/commit_csr_if.instret[8]
  Impl Port       i:/WORK/VX_commit/commit_csr_if.instret[8]

  Ref  Port       r:/WORK/VX_commit/commit_csr_if.instret[9]
  Impl Port       i:/WORK/VX_commit/commit_csr_if.instret[9]

  Ref  Port       r:/WORK/VX_commit/commit_if[0].ready
  Impl Port       i:/WORK/VX_commit/commit_if[0].ready

  Ref  Port       r:/WORK/VX_commit/commit_if[1].ready
  Impl Port       i:/WORK/VX_commit/commit_if[1].ready

  Ref  Port       r:/WORK/VX_commit/commit_if[2].ready
  Impl Port       i:/WORK/VX_commit/commit_if[2].ready

  Ref  Port       r:/WORK/VX_commit/commit_if[3].ready
  Impl Port       i:/WORK/VX_commit/commit_if[3].ready

  Ref  Port       r:/WORK/VX_commit/commit_sched_if.committed_warps[0]
  Impl Port       i:/WORK/VX_commit/commit_sched_if.committed_warps[0]

  Ref  Port       r:/WORK/VX_commit/commit_sched_if.committed_warps[1]
  Impl Port       i:/WORK/VX_commit/commit_sched_if.committed_warps[1]

  Ref  Port       r:/WORK/VX_commit/commit_sched_if.committed_warps[2]
  Impl Port       i:/WORK/VX_commit/commit_sched_if.committed_warps[2]

  Ref  Port       r:/WORK/VX_commit/commit_sched_if.committed_warps[3]
  Impl Port       i:/WORK/VX_commit/commit_sched_if.committed_warps[3]

  Ref  Port       r:/WORK/VX_commit/writeback_if[0].data\[PC][0]
  Impl Port       i:/WORK/VX_commit/writeback_if[0].data[136]

  Ref  Port       r:/WORK/VX_commit/writeback_if[0].data\[PC][10]
  Impl Port       i:/WORK/VX_commit/writeback_if[0].data[146]

  Ref  Port       r:/WORK/VX_commit/writeback_if[0].data\[PC][11]
  Impl Port       i:/WORK/VX_commit/writeback_if[0].data[147]

  Ref  Port       r:/WORK/VX_commit/writeback_if[0].data\[PC][12]
  Impl Port       i:/WORK/VX_commit/writeback_if[0].data[148]

  Ref  Port       r:/WORK/VX_commit/writeback_if[0].data\[PC][13]
  Impl Port       i:/WORK/VX_commit/writeback_if[0].data[149]

  Ref  Port       r:/WORK/VX_commit/writeback_if[0].data\[PC][14]
  Impl Port       i:/WORK/VX_commit/writeback_if[0].data[150]

  Ref  Port       r:/WORK/VX_commit/writeback_if[0].data\[PC][15]
  Impl Port       i:/WORK/VX_commit/writeback_if[0].data[151]

  Ref  Port       r:/WORK/VX_commit/writeback_if[0].data\[PC][16]
  Impl Port       i:/WORK/VX_commit/writeback_if[0].data[152]

  Ref  Port       r:/WORK/VX_commit/writeback_if[0].data\[PC][17]
  Impl Port       i:/WORK/VX_commit/writeback_if[0].data[153]

  Ref  Port       r:/WORK/VX_commit/writeback_if[0].data\[PC][18]
  Impl Port       i:/WORK/VX_commit/writeback_if[0].data[154]

  Ref  Port       r:/WORK/VX_commit/writeback_if[0].data\[PC][19]
  Impl Port       i:/WORK/VX_commit/writeback_if[0].data[155]

  Ref  Port       r:/WORK/VX_commit/writeback_if[0].data\[PC][1]
  Impl Port       i:/WORK/VX_commit/writeback_if[0].data[137]

  Ref  Port       r:/WORK/VX_commit/writeback_if[0].data\[PC][20]
  Impl Port       i:/WORK/VX_commit/writeback_if[0].data[156]

  Ref  Port       r:/WORK/VX_commit/writeback_if[0].data\[PC][21]
  Impl Port       i:/WORK/VX_commit/writeback_if[0].data[157]

  Ref  Port       r:/WORK/VX_commit/writeback_if[0].data\[PC][22]
  Impl Port       i:/WORK/VX_commit/writeback_if[0].data[158]

  Ref  Port       r:/WORK/VX_commit/writeback_if[0].data\[PC][23]
  Impl Port       i:/WORK/VX_commit/writeback_if[0].data[159]

  Ref  Port       r:/WORK/VX_commit/writeback_if[0].data\[PC][24]
  Impl Port       i:/WORK/VX_commit/writeback_if[0].data[160]

  Ref  Port       r:/WORK/VX_commit/writeback_if[0].data\[PC][25]
  Impl Port       i:/WORK/VX_commit/writeback_if[0].data[161]

  Ref  Port       r:/WORK/VX_commit/writeback_if[0].data\[PC][26]
  Impl Port       i:/WORK/VX_commit/writeback_if[0].data[162]

  Ref  Port       r:/WORK/VX_commit/writeback_if[0].data\[PC][27]
  Impl Port       i:/WORK/VX_commit/writeback_if[0].data[163]

  Ref  Port       r:/WORK/VX_commit/writeback_if[0].data\[PC][28]
  Impl Port       i:/WORK/VX_commit/writeback_if[0].data[164]

  Ref  Port       r:/WORK/VX_commit/writeback_if[0].data\[PC][29]
  Impl Port       i:/WORK/VX_commit/writeback_if[0].data[165]

  Ref  Port       r:/WORK/VX_commit/writeback_if[0].data\[PC][2]
  Impl Port       i:/WORK/VX_commit/writeback_if[0].data[138]

  Ref  Port       r:/WORK/VX_commit/writeback_if[0].data\[PC][3]
  Impl Port       i:/WORK/VX_commit/writeback_if[0].data[139]

  Ref  Port       r:/WORK/VX_commit/writeback_if[0].data\[PC][4]
  Impl Port       i:/WORK/VX_commit/writeback_if[0].data[140]

  Ref  Port       r:/WORK/VX_commit/writeback_if[0].data\[PC][5]
  Impl Port       i:/WORK/VX_commit/writeback_if[0].data[141]

  Ref  Port       r:/WORK/VX_commit/writeback_if[0].data\[PC][6]
  Impl Port       i:/WORK/VX_commit/writeback_if[0].data[142]

  Ref  Port       r:/WORK/VX_commit/writeback_if[0].data\[PC][7]
  Impl Port       i:/WORK/VX_commit/writeback_if[0].data[143]

  Ref  Port       r:/WORK/VX_commit/writeback_if[0].data\[PC][8]
  Impl Port       i:/WORK/VX_commit/writeback_if[0].data[144]

  Ref  Port       r:/WORK/VX_commit/writeback_if[0].data\[PC][9]
  Impl Port       i:/WORK/VX_commit/writeback_if[0].data[145]

  Ref  Port       r:/WORK/VX_commit/writeback_if[0].data\[data][0][0]
  Impl Port       i:/WORK/VX_commit/writeback_if[0].data[2]

  Ref  Port       r:/WORK/VX_commit/writeback_if[0].data\[data][0][10]
  Impl Port       i:/WORK/VX_commit/writeback_if[0].data[12]

  Ref  Port       r:/WORK/VX_commit/writeback_if[0].data\[data][0][11]
  Impl Port       i:/WORK/VX_commit/writeback_if[0].data[13]

  Ref  Port       r:/WORK/VX_commit/writeback_if[0].data\[data][0][12]
  Impl Port       i:/WORK/VX_commit/writeback_if[0].data[14]

  Ref  Port       r:/WORK/VX_commit/writeback_if[0].data\[data][0][13]
  Impl Port       i:/WORK/VX_commit/writeback_if[0].data[15]

  Ref  Port       r:/WORK/VX_commit/writeback_if[0].data\[data][0][14]
  Impl Port       i:/WORK/VX_commit/writeback_if[0].data[16]

  Ref  Port       r:/WORK/VX_commit/writeback_if[0].data\[data][0][15]
  Impl Port       i:/WORK/VX_commit/writeback_if[0].data[17]

  Ref  Port       r:/WORK/VX_commit/writeback_if[0].data\[data][0][16]
  Impl Port       i:/WORK/VX_commit/writeback_if[0].data[18]

  Ref  Port       r:/WORK/VX_commit/writeback_if[0].data\[data][0][17]
  Impl Port       i:/WORK/VX_commit/writeback_if[0].data[19]

  Ref  Port       r:/WORK/VX_commit/writeback_if[0].data\[data][0][18]
  Impl Port       i:/WORK/VX_commit/writeback_if[0].data[20]

  Ref  Port       r:/WORK/VX_commit/writeback_if[0].data\[data][0][19]
  Impl Port       i:/WORK/VX_commit/writeback_if[0].data[21]

  Ref  Port       r:/WORK/VX_commit/writeback_if[0].data\[data][0][1]
  Impl Port       i:/WORK/VX_commit/writeback_if[0].data[3]

  Ref  Port       r:/WORK/VX_commit/writeback_if[0].data\[data][0][20]
  Impl Port       i:/WORK/VX_commit/writeback_if[0].data[22]

  Ref  Port       r:/WORK/VX_commit/writeback_if[0].data\[data][0][21]
  Impl Port       i:/WORK/VX_commit/writeback_if[0].data[23]

  Ref  Port       r:/WORK/VX_commit/writeback_if[0].data\[data][0][22]
  Impl Port       i:/WORK/VX_commit/writeback_if[0].data[24]

  Ref  Port       r:/WORK/VX_commit/writeback_if[0].data\[data][0][23]
  Impl Port       i:/WORK/VX_commit/writeback_if[0].data[25]

  Ref  Port       r:/WORK/VX_commit/writeback_if[0].data\[data][0][24]
  Impl Port       i:/WORK/VX_commit/writeback_if[0].data[26]

  Ref  Port       r:/WORK/VX_commit/writeback_if[0].data\[data][0][25]
  Impl Port       i:/WORK/VX_commit/writeback_if[0].data[27]

  Ref  Port       r:/WORK/VX_commit/writeback_if[0].data\[data][0][26]
  Impl Port       i:/WORK/VX_commit/writeback_if[0].data[28]

  Ref  Port       r:/WORK/VX_commit/writeback_if[0].data\[data][0][27]
  Impl Port       i:/WORK/VX_commit/writeback_if[0].data[29]

  Ref  Port       r:/WORK/VX_commit/writeback_if[0].data\[data][0][28]
  Impl Port       i:/WORK/VX_commit/writeback_if[0].data[30]

  Ref  Port       r:/WORK/VX_commit/writeback_if[0].data\[data][0][29]
  Impl Port       i:/WORK/VX_commit/writeback_if[0].data[31]

  Ref  Port       r:/WORK/VX_commit/writeback_if[0].data\[data][0][2]
  Impl Port       i:/WORK/VX_commit/writeback_if[0].data[4]

  Ref  Port       r:/WORK/VX_commit/writeback_if[0].data\[data][0][30]
  Impl Port       i:/WORK/VX_commit/writeback_if[0].data[32]

  Ref  Port       r:/WORK/VX_commit/writeback_if[0].data\[data][0][31]
  Impl Port       i:/WORK/VX_commit/writeback_if[0].data[33]

  Ref  Port       r:/WORK/VX_commit/writeback_if[0].data\[data][0][3]
  Impl Port       i:/WORK/VX_commit/writeback_if[0].data[5]

  Ref  Port       r:/WORK/VX_commit/writeback_if[0].data\[data][0][4]
  Impl Port       i:/WORK/VX_commit/writeback_if[0].data[6]

  Ref  Port       r:/WORK/VX_commit/writeback_if[0].data\[data][0][5]
  Impl Port       i:/WORK/VX_commit/writeback_if[0].data[7]

  Ref  Port       r:/WORK/VX_commit/writeback_if[0].data\[data][0][6]
  Impl Port       i:/WORK/VX_commit/writeback_if[0].data[8]

  Ref  Port       r:/WORK/VX_commit/writeback_if[0].data\[data][0][7]
  Impl Port       i:/WORK/VX_commit/writeback_if[0].data[9]

  Ref  Port       r:/WORK/VX_commit/writeback_if[0].data\[data][0][8]
  Impl Port       i:/WORK/VX_commit/writeback_if[0].data[10]

  Ref  Port       r:/WORK/VX_commit/writeback_if[0].data\[data][0][9]
  Impl Port       i:/WORK/VX_commit/writeback_if[0].data[11]

  Ref  Port       r:/WORK/VX_commit/writeback_if[0].data\[data][1][0]
  Impl Port       i:/WORK/VX_commit/writeback_if[0].data[34]

  Ref  Port       r:/WORK/VX_commit/writeback_if[0].data\[data][1][10]
  Impl Port       i:/WORK/VX_commit/writeback_if[0].data[44]

  Ref  Port       r:/WORK/VX_commit/writeback_if[0].data\[data][1][11]
  Impl Port       i:/WORK/VX_commit/writeback_if[0].data[45]

  Ref  Port       r:/WORK/VX_commit/writeback_if[0].data\[data][1][12]
  Impl Port       i:/WORK/VX_commit/writeback_if[0].data[46]

  Ref  Port       r:/WORK/VX_commit/writeback_if[0].data\[data][1][13]
  Impl Port       i:/WORK/VX_commit/writeback_if[0].data[47]

  Ref  Port       r:/WORK/VX_commit/writeback_if[0].data\[data][1][14]
  Impl Port       i:/WORK/VX_commit/writeback_if[0].data[48]

  Ref  Port       r:/WORK/VX_commit/writeback_if[0].data\[data][1][15]
  Impl Port       i:/WORK/VX_commit/writeback_if[0].data[49]

  Ref  Port       r:/WORK/VX_commit/writeback_if[0].data\[data][1][16]
  Impl Port       i:/WORK/VX_commit/writeback_if[0].data[50]

  Ref  Port       r:/WORK/VX_commit/writeback_if[0].data\[data][1][17]
  Impl Port       i:/WORK/VX_commit/writeback_if[0].data[51]

  Ref  Port       r:/WORK/VX_commit/writeback_if[0].data\[data][1][18]
  Impl Port       i:/WORK/VX_commit/writeback_if[0].data[52]

  Ref  Port       r:/WORK/VX_commit/writeback_if[0].data\[data][1][19]
  Impl Port       i:/WORK/VX_commit/writeback_if[0].data[53]

  Ref  Port       r:/WORK/VX_commit/writeback_if[0].data\[data][1][1]
  Impl Port       i:/WORK/VX_commit/writeback_if[0].data[35]

  Ref  Port       r:/WORK/VX_commit/writeback_if[0].data\[data][1][20]
  Impl Port       i:/WORK/VX_commit/writeback_if[0].data[54]

  Ref  Port       r:/WORK/VX_commit/writeback_if[0].data\[data][1][21]
  Impl Port       i:/WORK/VX_commit/writeback_if[0].data[55]

  Ref  Port       r:/WORK/VX_commit/writeback_if[0].data\[data][1][22]
  Impl Port       i:/WORK/VX_commit/writeback_if[0].data[56]

  Ref  Port       r:/WORK/VX_commit/writeback_if[0].data\[data][1][23]
  Impl Port       i:/WORK/VX_commit/writeback_if[0].data[57]

  Ref  Port       r:/WORK/VX_commit/writeback_if[0].data\[data][1][24]
  Impl Port       i:/WORK/VX_commit/writeback_if[0].data[58]

  Ref  Port       r:/WORK/VX_commit/writeback_if[0].data\[data][1][25]
  Impl Port       i:/WORK/VX_commit/writeback_if[0].data[59]

  Ref  Port       r:/WORK/VX_commit/writeback_if[0].data\[data][1][26]
  Impl Port       i:/WORK/VX_commit/writeback_if[0].data[60]

  Ref  Port       r:/WORK/VX_commit/writeback_if[0].data\[data][1][27]
  Impl Port       i:/WORK/VX_commit/writeback_if[0].data[61]

  Ref  Port       r:/WORK/VX_commit/writeback_if[0].data\[data][1][28]
  Impl Port       i:/WORK/VX_commit/writeback_if[0].data[62]

  Ref  Port       r:/WORK/VX_commit/writeback_if[0].data\[data][1][29]
  Impl Port       i:/WORK/VX_commit/writeback_if[0].data[63]

  Ref  Port       r:/WORK/VX_commit/writeback_if[0].data\[data][1][2]
  Impl Port       i:/WORK/VX_commit/writeback_if[0].data[36]

  Ref  Port       r:/WORK/VX_commit/writeback_if[0].data\[data][1][30]
  Impl Port       i:/WORK/VX_commit/writeback_if[0].data[64]

  Ref  Port       r:/WORK/VX_commit/writeback_if[0].data\[data][1][31]
  Impl Port       i:/WORK/VX_commit/writeback_if[0].data[65]

  Ref  Port       r:/WORK/VX_commit/writeback_if[0].data\[data][1][3]
  Impl Port       i:/WORK/VX_commit/writeback_if[0].data[37]

  Ref  Port       r:/WORK/VX_commit/writeback_if[0].data\[data][1][4]
  Impl Port       i:/WORK/VX_commit/writeback_if[0].data[38]

  Ref  Port       r:/WORK/VX_commit/writeback_if[0].data\[data][1][5]
  Impl Port       i:/WORK/VX_commit/writeback_if[0].data[39]

  Ref  Port       r:/WORK/VX_commit/writeback_if[0].data\[data][1][6]
  Impl Port       i:/WORK/VX_commit/writeback_if[0].data[40]

  Ref  Port       r:/WORK/VX_commit/writeback_if[0].data\[data][1][7]
  Impl Port       i:/WORK/VX_commit/writeback_if[0].data[41]

  Ref  Port       r:/WORK/VX_commit/writeback_if[0].data\[data][1][8]
  Impl Port       i:/WORK/VX_commit/writeback_if[0].data[42]

  Ref  Port       r:/WORK/VX_commit/writeback_if[0].data\[data][1][9]
  Impl Port       i:/WORK/VX_commit/writeback_if[0].data[43]

  Ref  Port       r:/WORK/VX_commit/writeback_if[0].data\[data][2][0]
  Impl Port       i:/WORK/VX_commit/writeback_if[0].data[66]

  Ref  Port       r:/WORK/VX_commit/writeback_if[0].data\[data][2][10]
  Impl Port       i:/WORK/VX_commit/writeback_if[0].data[76]

  Ref  Port       r:/WORK/VX_commit/writeback_if[0].data\[data][2][11]
  Impl Port       i:/WORK/VX_commit/writeback_if[0].data[77]

  Ref  Port       r:/WORK/VX_commit/writeback_if[0].data\[data][2][12]
  Impl Port       i:/WORK/VX_commit/writeback_if[0].data[78]

  Ref  Port       r:/WORK/VX_commit/writeback_if[0].data\[data][2][13]
  Impl Port       i:/WORK/VX_commit/writeback_if[0].data[79]

  Ref  Port       r:/WORK/VX_commit/writeback_if[0].data\[data][2][14]
  Impl Port       i:/WORK/VX_commit/writeback_if[0].data[80]

  Ref  Port       r:/WORK/VX_commit/writeback_if[0].data\[data][2][15]
  Impl Port       i:/WORK/VX_commit/writeback_if[0].data[81]

  Ref  Port       r:/WORK/VX_commit/writeback_if[0].data\[data][2][16]
  Impl Port       i:/WORK/VX_commit/writeback_if[0].data[82]

  Ref  Port       r:/WORK/VX_commit/writeback_if[0].data\[data][2][17]
  Impl Port       i:/WORK/VX_commit/writeback_if[0].data[83]

  Ref  Port       r:/WORK/VX_commit/writeback_if[0].data\[data][2][18]
  Impl Port       i:/WORK/VX_commit/writeback_if[0].data[84]

  Ref  Port       r:/WORK/VX_commit/writeback_if[0].data\[data][2][19]
  Impl Port       i:/WORK/VX_commit/writeback_if[0].data[85]

  Ref  Port       r:/WORK/VX_commit/writeback_if[0].data\[data][2][1]
  Impl Port       i:/WORK/VX_commit/writeback_if[0].data[67]

  Ref  Port       r:/WORK/VX_commit/writeback_if[0].data\[data][2][20]
  Impl Port       i:/WORK/VX_commit/writeback_if[0].data[86]

  Ref  Port       r:/WORK/VX_commit/writeback_if[0].data\[data][2][21]
  Impl Port       i:/WORK/VX_commit/writeback_if[0].data[87]

  Ref  Port       r:/WORK/VX_commit/writeback_if[0].data\[data][2][22]
  Impl Port       i:/WORK/VX_commit/writeback_if[0].data[88]

  Ref  Port       r:/WORK/VX_commit/writeback_if[0].data\[data][2][23]
  Impl Port       i:/WORK/VX_commit/writeback_if[0].data[89]

  Ref  Port       r:/WORK/VX_commit/writeback_if[0].data\[data][2][24]
  Impl Port       i:/WORK/VX_commit/writeback_if[0].data[90]

  Ref  Port       r:/WORK/VX_commit/writeback_if[0].data\[data][2][25]
  Impl Port       i:/WORK/VX_commit/writeback_if[0].data[91]

  Ref  Port       r:/WORK/VX_commit/writeback_if[0].data\[data][2][26]
  Impl Port       i:/WORK/VX_commit/writeback_if[0].data[92]

  Ref  Port       r:/WORK/VX_commit/writeback_if[0].data\[data][2][27]
  Impl Port       i:/WORK/VX_commit/writeback_if[0].data[93]

  Ref  Port       r:/WORK/VX_commit/writeback_if[0].data\[data][2][28]
  Impl Port       i:/WORK/VX_commit/writeback_if[0].data[94]

  Ref  Port       r:/WORK/VX_commit/writeback_if[0].data\[data][2][29]
  Impl Port       i:/WORK/VX_commit/writeback_if[0].data[95]

  Ref  Port       r:/WORK/VX_commit/writeback_if[0].data\[data][2][2]
  Impl Port       i:/WORK/VX_commit/writeback_if[0].data[68]

  Ref  Port       r:/WORK/VX_commit/writeback_if[0].data\[data][2][30]
  Impl Port       i:/WORK/VX_commit/writeback_if[0].data[96]

  Ref  Port       r:/WORK/VX_commit/writeback_if[0].data\[data][2][31]
  Impl Port       i:/WORK/VX_commit/writeback_if[0].data[97]

  Ref  Port       r:/WORK/VX_commit/writeback_if[0].data\[data][2][3]
  Impl Port       i:/WORK/VX_commit/writeback_if[0].data[69]

  Ref  Port       r:/WORK/VX_commit/writeback_if[0].data\[data][2][4]
  Impl Port       i:/WORK/VX_commit/writeback_if[0].data[70]

  Ref  Port       r:/WORK/VX_commit/writeback_if[0].data\[data][2][5]
  Impl Port       i:/WORK/VX_commit/writeback_if[0].data[71]

  Ref  Port       r:/WORK/VX_commit/writeback_if[0].data\[data][2][6]
  Impl Port       i:/WORK/VX_commit/writeback_if[0].data[72]

  Ref  Port       r:/WORK/VX_commit/writeback_if[0].data\[data][2][7]
  Impl Port       i:/WORK/VX_commit/writeback_if[0].data[73]

  Ref  Port       r:/WORK/VX_commit/writeback_if[0].data\[data][2][8]
  Impl Port       i:/WORK/VX_commit/writeback_if[0].data[74]

  Ref  Port       r:/WORK/VX_commit/writeback_if[0].data\[data][2][9]
  Impl Port       i:/WORK/VX_commit/writeback_if[0].data[75]

  Ref  Port       r:/WORK/VX_commit/writeback_if[0].data\[data][3][0]
  Impl Port       i:/WORK/VX_commit/writeback_if[0].data[98]

  Ref  Port       r:/WORK/VX_commit/writeback_if[0].data\[data][3][10]
  Impl Port       i:/WORK/VX_commit/writeback_if[0].data[108]

  Ref  Port       r:/WORK/VX_commit/writeback_if[0].data\[data][3][11]
  Impl Port       i:/WORK/VX_commit/writeback_if[0].data[109]

  Ref  Port       r:/WORK/VX_commit/writeback_if[0].data\[data][3][12]
  Impl Port       i:/WORK/VX_commit/writeback_if[0].data[110]

  Ref  Port       r:/WORK/VX_commit/writeback_if[0].data\[data][3][13]
  Impl Port       i:/WORK/VX_commit/writeback_if[0].data[111]

  Ref  Port       r:/WORK/VX_commit/writeback_if[0].data\[data][3][14]
  Impl Port       i:/WORK/VX_commit/writeback_if[0].data[112]

  Ref  Port       r:/WORK/VX_commit/writeback_if[0].data\[data][3][15]
  Impl Port       i:/WORK/VX_commit/writeback_if[0].data[113]

  Ref  Port       r:/WORK/VX_commit/writeback_if[0].data\[data][3][16]
  Impl Port       i:/WORK/VX_commit/writeback_if[0].data[114]

  Ref  Port       r:/WORK/VX_commit/writeback_if[0].data\[data][3][17]
  Impl Port       i:/WORK/VX_commit/writeback_if[0].data[115]

  Ref  Port       r:/WORK/VX_commit/writeback_if[0].data\[data][3][18]
  Impl Port       i:/WORK/VX_commit/writeback_if[0].data[116]

  Ref  Port       r:/WORK/VX_commit/writeback_if[0].data\[data][3][19]
  Impl Port       i:/WORK/VX_commit/writeback_if[0].data[117]

  Ref  Port       r:/WORK/VX_commit/writeback_if[0].data\[data][3][1]
  Impl Port       i:/WORK/VX_commit/writeback_if[0].data[99]

  Ref  Port       r:/WORK/VX_commit/writeback_if[0].data\[data][3][20]
  Impl Port       i:/WORK/VX_commit/writeback_if[0].data[118]

  Ref  Port       r:/WORK/VX_commit/writeback_if[0].data\[data][3][21]
  Impl Port       i:/WORK/VX_commit/writeback_if[0].data[119]

  Ref  Port       r:/WORK/VX_commit/writeback_if[0].data\[data][3][22]
  Impl Port       i:/WORK/VX_commit/writeback_if[0].data[120]

  Ref  Port       r:/WORK/VX_commit/writeback_if[0].data\[data][3][23]
  Impl Port       i:/WORK/VX_commit/writeback_if[0].data[121]

  Ref  Port       r:/WORK/VX_commit/writeback_if[0].data\[data][3][24]
  Impl Port       i:/WORK/VX_commit/writeback_if[0].data[122]

  Ref  Port       r:/WORK/VX_commit/writeback_if[0].data\[data][3][25]
  Impl Port       i:/WORK/VX_commit/writeback_if[0].data[123]

  Ref  Port       r:/WORK/VX_commit/writeback_if[0].data\[data][3][26]
  Impl Port       i:/WORK/VX_commit/writeback_if[0].data[124]

  Ref  Port       r:/WORK/VX_commit/writeback_if[0].data\[data][3][27]
  Impl Port       i:/WORK/VX_commit/writeback_if[0].data[125]

  Ref  Port       r:/WORK/VX_commit/writeback_if[0].data\[data][3][28]
  Impl Port       i:/WORK/VX_commit/writeback_if[0].data[126]

  Ref  Port       r:/WORK/VX_commit/writeback_if[0].data\[data][3][29]
  Impl Port       i:/WORK/VX_commit/writeback_if[0].data[127]

  Ref  Port       r:/WORK/VX_commit/writeback_if[0].data\[data][3][2]
  Impl Port       i:/WORK/VX_commit/writeback_if[0].data[100]

  Ref  Port       r:/WORK/VX_commit/writeback_if[0].data\[data][3][30]
  Impl Port       i:/WORK/VX_commit/writeback_if[0].data[128]

  Ref  Port       r:/WORK/VX_commit/writeback_if[0].data\[data][3][31]
  Impl Port       i:/WORK/VX_commit/writeback_if[0].data[129]

  Ref  Port       r:/WORK/VX_commit/writeback_if[0].data\[data][3][3]
  Impl Port       i:/WORK/VX_commit/writeback_if[0].data[101]

  Ref  Port       r:/WORK/VX_commit/writeback_if[0].data\[data][3][4]
  Impl Port       i:/WORK/VX_commit/writeback_if[0].data[102]

  Ref  Port       r:/WORK/VX_commit/writeback_if[0].data\[data][3][5]
  Impl Port       i:/WORK/VX_commit/writeback_if[0].data[103]

  Ref  Port       r:/WORK/VX_commit/writeback_if[0].data\[data][3][6]
  Impl Port       i:/WORK/VX_commit/writeback_if[0].data[104]

  Ref  Port       r:/WORK/VX_commit/writeback_if[0].data\[data][3][7]
  Impl Port       i:/WORK/VX_commit/writeback_if[0].data[105]

  Ref  Port       r:/WORK/VX_commit/writeback_if[0].data\[data][3][8]
  Impl Port       i:/WORK/VX_commit/writeback_if[0].data[106]

  Ref  Port       r:/WORK/VX_commit/writeback_if[0].data\[data][3][9]
  Impl Port       i:/WORK/VX_commit/writeback_if[0].data[107]

  Ref  Port       r:/WORK/VX_commit/writeback_if[0].data\[eop]
  Impl Port       i:/WORK/VX_commit/writeback_if[0].data[0]

  Ref  Port       r:/WORK/VX_commit/writeback_if[0].data\[rd][0]
  Impl Port       i:/WORK/VX_commit/writeback_if[0].data[130]

  Ref  Port       r:/WORK/VX_commit/writeback_if[0].data\[rd][1]
  Impl Port       i:/WORK/VX_commit/writeback_if[0].data[131]

  Ref  Port       r:/WORK/VX_commit/writeback_if[0].data\[rd][2]
  Impl Port       i:/WORK/VX_commit/writeback_if[0].data[132]

  Ref  Port       r:/WORK/VX_commit/writeback_if[0].data\[rd][3]
  Impl Port       i:/WORK/VX_commit/writeback_if[0].data[133]

  Ref  Port       r:/WORK/VX_commit/writeback_if[0].data\[rd][4]
  Impl Port       i:/WORK/VX_commit/writeback_if[0].data[134]

  Ref  Port       r:/WORK/VX_commit/writeback_if[0].data\[rd][5]
  Impl Port       i:/WORK/VX_commit/writeback_if[0].data[135]

  Ref  Port       r:/WORK/VX_commit/writeback_if[0].data\[sid][0]
  Impl Port       i:/WORK/VX_commit/writeback_if[0].data[170]

  Ref  Port       r:/WORK/VX_commit/writeback_if[0].data\[sop]
  Impl Port       i:/WORK/VX_commit/writeback_if[0].data[1]

  Ref  Port       r:/WORK/VX_commit/writeback_if[0].data\[tmask][0]
  Impl Port       i:/WORK/VX_commit/writeback_if[0].data[166]

  Ref  Port       r:/WORK/VX_commit/writeback_if[0].data\[tmask][1]
  Impl Port       i:/WORK/VX_commit/writeback_if[0].data[167]

  Ref  Port       r:/WORK/VX_commit/writeback_if[0].data\[tmask][2]
  Impl Port       i:/WORK/VX_commit/writeback_if[0].data[168]

  Ref  Port       r:/WORK/VX_commit/writeback_if[0].data\[tmask][3]
  Impl Port       i:/WORK/VX_commit/writeback_if[0].data[169]

  Ref  Port       r:/WORK/VX_commit/writeback_if[0].data\[uuid][0]
  Impl Port       i:/WORK/VX_commit/writeback_if[0].data[173]

  Ref  Port       r:/WORK/VX_commit/writeback_if[0].data\[wis][0]
  Impl Port       i:/WORK/VX_commit/writeback_if[0].data[171]

  Ref  Port       r:/WORK/VX_commit/writeback_if[0].data\[wis][1]
  Impl Port       i:/WORK/VX_commit/writeback_if[0].data[172]

  Ref  Port       r:/WORK/VX_commit/writeback_if[0].valid
  Impl Port       i:/WORK/VX_commit/writeback_if[0].valid

 [BBNet: multiply-driven net
  BBPin: black-box pin
  Cut:   cut-point
  DFF:   non-constant DFF register
  DFF0:  constant 0 DFF register
  DFF1:  constant 1 DFF register
  DFFX:  constant X DFF register
  DFF0X: constrained 0X DFF register
  DFF1X: constrained 1X DFF register
  LAT:   non-constant latch register
  LAT0:  constant 0 latch register
  LAT1:  constant 1 latch register
  LATX:  constant X latch register
  LAT0X: constrained 0X latch register
  LAT1X: constrained 1X latch register
  LATCG: clock-gating latch register
  TLA:   transparent latch register
  TLA0X: transparent constrained 0X latch register
  TLA1X: transparent constrained 1X latch register
  Loop:  cycle break point
  Port:  primary (top-level) port
  Und:   undriven signal cut-point
  Unk:   unknown signal cut-point]

1
